Date;Set point(ºc);Temp. Fornalha(ºc);Vel. Soprador(%);Vel. Material(%);SP Depressão(mmca);Depressão(mmca);Exaustor
18/03/2026 00:00;450,0;458,7;20,8;0,0;-8,0;-8,0;30,3
18/03/2026 00:01;450,0;468,4;10,0;0,0;-8,0;-9,0;30,0
18/03/2026 00:02;450,0;467,2;10,0;0,0;-8,0;-9,0;30,0
18/03/2026 00:03;450,0;462,5;10,0;0,0;-8,0;-9,0;30,0
18/03/2026 00:04;450,0;459,3;10,0;0,0;-8,0;-9,0;30,0
18/03/2026 00:05;450,0;455,5;10,0;0,0;-8,0;-9,0;30,0
18/03/2026 00:06;450,0;453,1;10,0;0,0;-8,0;-9,0;30,0
18/03/2026 00:07;450,0;453,4;10,0;0,0;-8,0;-9,0;30,0
18/03/2026 00:08;450,0;452,5;10,0;0,0;-8,0;-9,0;30,0
18/03/2026 00:09;450,0;450,5;10,0;0,0;-8,0;-9,0;30,0
18/03/2026 00:10;450,0;448,4;10,3;1,4;-8,0;-9,0;30,0
18/03/2026 00:11;450,0;445,5;14,3;4,3;-8,0;-9,0;30,0
18/03/2026 00:12;450,0;442,6;21,1;7,7;-8,0;-8,0;30,0
18/03/2026 00:13;450,0;445,2;25,9;6,0;-8,0;-7,0;30,4
18/03/2026 00:14;450,0;456,9;21,3;0,0;-8,0;-8,0;30,2
18/03/2026 00:15;450,0;467,2;10,0;0,0;-8,0;-9,0;30,0
18/03/2026 00:16;450,0;469,5;10,0;0,0;-8,0;-9,0;30,0
18/03/2026 00:17;450,0;466,3;10,0;0,0;-8,0;-9,0;30,0
18/03/2026 00:18;450,0;462,2;10,0;0,0;-8,0;-9,0;30,0
18/03/2026 00:19;450,0;457,8;10,0;0,0;-8,0;-9,0;30,0
18/03/2026 00:20;450,0;456,1;10,0;0,0;-8,0;-9,0;30,0
18/03/2026 00:21;450,0;454,6;10,0;0,0;-8,0;-9,0;30,0
18/03/2026 00:22;450,0;452,2;10,0;0,0;-8,0;-9,0;30,0
18/03/2026 00:23;450,0;448,4;10,4;1,4;-8,0;-9,0;30,0
18/03/2026 00:24;450,0;444,3;15,4;5,5;-8,0;-9,0;30,0
18/03/2026 00:25;450,0;440,5;24,0;10,0;-8,0;-8,0;30,0
18/03/2026 00:26;450,0;445,2;30,0;6,7;-8,0;-6,0;31,0
18/03/2026 00:27;450,0;465,1;17,0;0,0;-8,0;-9,0;30,1
18/03/2026 00:28;450,0;474,2;10,0;0,0;-8,0;-9,0;30,0
18/03/2026 00:29;450,0;471,9;10,0;0,0;-8,0;-9,0;30,0
18/03/2026 00:30;450,0;466,0;10,0;0,0;-8,0;-9,0;30,0
18/03/2026 00:31;450,0;461,3;10,0;0,0;-8,0;-9,0;30,0
18/03/2026 00:32;450,0;458,4;10,0;0,0;-8,0;-9,0;30,0
18/03/2026 00:33;450,0;455,2;10,0;0,0;-8,0;-9,0;30,0
18/03/2026 00:34;450,0;454,9;10,0;0,0;-8,0;-9,0;30,0
18/03/2026 00:35;450,0;454,6;10,0;0,0;-8,0;-9,0;30,0
18/03/2026 00:36;450,0;456,4;10,0;0,0;-8,0;-9,0;30,0
18/03/2026 00:37;450,0;457,2;10,0;0,0;-8,0;-9,0;30,0
18/03/2026 00:38;450,0;454,9;10,0;0,0;-8,0;-9,0;30,0
18/03/2026 00:39;450,0;449,3;10,0;0,2;-8,0;-9,0;30,0
18/03/2026 00:40;450,0;444,0;14,6;5,8;-8,0;-8,0;30,0
18/03/2026 00:41;450,0;439,4;23,0;10,7;-8,0;-8,0;30,0
18/03/2026 00:42;450,0;447,3;27,6;4,5;-8,0;-8,0;30,2
18/03/2026 00:43;450,0;466,9;14,7;0,0;-8,0;-9,0;30,0
18/03/2026 00:44;450,0;475,4;10,0;0,0;-8,0;-9,0;30,0
18/03/2026 00:45;450,0;473,9;10,0;0,0;-8,0;-9,0;30,0
18/03/2026 00:46;450,0;470,1;10,0;0,0;-8,0;-9,0;30,0
18/03/2026 00:47;450,0;465,1;10,0;0,0;-8,0;-9,0;30,0
18/03/2026 00:48;450,0;461,3;10,0;0,0;-8,0;-9,0;30,0
18/03/2026 00:49;450,0;456,6;10,0;0,0;-8,0;-9,0;30,0
18/03/2026 00:50;450,0;453,1;10,0;0,0;-8,0;-9,0;30,0
18/03/2026 00:51;450,0;450,2;10,0;0,0;-8,0;-10,0;30,0
18/03/2026 00:52;450,0;448,4;10,5;1,4;-8,0;-9,0;30,0
18/03/2026 00:53;450,0;447,9;12,6;2,0;-8,0;-9,0;30,0
18/03/2026 00:54;450,0;445,8;15,7;4,3;-8,0;-9,0;30,0
18/03/2026 00:55;450,0;445,2;20,0;5,4;-8,0;-8,0;30,0
18/03/2026 00:56;450,0;452,0;19,0;0,0;-8,0;-8,0;30,0
18/03/2026 00:57;450,0;461,9;10,0;0,0;-8,0;-9,0;30,0
18/03/2026 00:58;450,0;463,7;10,0;0,0;-8,0;-9,0;30,0
18/03/2026 00:59;450,0;461,6;10,0;0,0;-8,0;-10,0;30,0
18/03/2026 01:00;450,0;459,0;10,0;0,0;-8,0;-10,0;30,0
18/03/2026 01:01;450,0;456,1;10,0;0,0;-8,0;-9,0;30,0
18/03/2026 01:02;450,0;454,6;10,0;0,0;-8,0;-9,0;30,0
18/03/2026 01:03;450,0;453,1;10,0;0,0;-8,0;-9,0;30,0
18/03/2026 01:04;450,0;451,7;10,0;0,0;-8,0;-9,0;30,0
18/03/2026 01:05;450,0;449,9;10,0;0,0;-8,0;-9,0;30,0
18/03/2026 01:06;450,0;447,6;11,6;2,2;-8,0;-10,0;30,0
18/03/2026 01:07;450,0;447,0;14,2;3,1;-8,0;-9,0;30,0
18/03/2026 01:08;450,0;443,8;18,9;6,4;-8,0;-8,0;30,0
18/03/2026 01:09;450,0;447,0;23,7;4,3;-8,0;-7,0;30,3
18/03/2026 01:10;450,0;456,1;18,3;0,0;-8,0;-8,0;30,0
18/03/2026 01:11;450,0;464,0;10,0;0,0;-8,0;-9,0;30,0
18/03/2026 01:12;450,0;466,3;10,0;0,0;-8,0;-9,0;30,0
18/03/2026 01:13;450,0;465,7;10,0;0,0;-8,0;-9,0;30,0
18/03/2026 01:14;450,0;465,7;10,0;0,0;-8,0;-9,0;30,0
18/03/2026 01:15;450,0;465,7;10,0;0,0;-8,0;-9,0;30,0
18/03/2026 01:16;450,0;465,7;10,0;0,0;-8,0;-9,0;30,0
18/03/2026 01:17;450,0;459,3;10,0;0,0;-8,0;-9,0;30,0
18/03/2026 01:18;450,0;454,3;10,0;0,0;-8,0;-9,0;30,0
18/03/2026 01:19;450,0;450,5;10,0;0,0;-8,0;-9,0;30,0
18/03/2026 01:20;450,0;447,6;11,9;2,3;-8,0;-9,0;30,0
18/03/2026 01:21;450,0;444,3;16,6;5,7;-8,0;-8,0;30,0
18/03/2026 01:22;450,0;446,7;20,1;3,9;-8,0;-8,0;30,0
18/03/2026 01:23;450,0;454,6;17,1;0,0;-8,0;-8,0;30,0
18/03/2026 01:24;450,0;462,5;10,0;0,0;-8,0;-9,0;30,0
18/03/2026 01:25;450,0;464,3;10,0;0,0;-8,0;-9,0;30,0
18/03/2026 01:26;450,0;462,5;10,0;0,0;-8,0;-9,0;30,0
18/03/2026 01:27;450,0;456,6;10,0;0,0;-8,0;-9,0;30,0
18/03/2026 01:28;450,0;453,4;10,0;0,0;-8,0;-9,0;30,0
18/03/2026 01:29;450,0;451,1;10,0;0,0;-8,0;-9,0;30,0
18/03/2026 01:30;450,0;450,5;10,0;0,0;-8,0;-9,0;30,0
18/03/2026 01:31;450,0;447,9;10,9;1,8;-8,0;-9,0;30,0
18/03/2026 01:32;450,0;446,7;14,4;3,3;-8,0;-9,0;30,0
18/03/2026 01:33;450,0;443,5;19,8;6,8;-8,0;-8,0;30,0
18/03/2026 01:34;450,0;444,9;25,3;6,2;-8,0;-8,0;30,1
18/03/2026 01:35;450,0;457,5;18,5;0,0;-8,0;-8,0;30,1
18/03/2026 01:36;450,0;465,7;10,0;0,0;-8,0;-9,0;30,0
18/03/2026 01:37;450,0;465,1;10,0;0,0;-8,0;-9,0;30,0
18/03/2026 01:38;450,0;464,0;10,0;0,0;-8,0;-9,0;30,0
18/03/2026 01:39;450,0;462,8;10,0;0,0;-8,0;-9,0;30,0
18/03/2026 01:40;450,0;459,3;10,0;0,0;-8,0;-9,0;30,0
18/03/2026 01:41;450,0;456,1;10,0;0,0;-8,0;-9,0;30,0
18/03/2026 01:42;450,0;456,1;10,0;0,0;-8,0;-9,0;30,0
18/03/2026 01:43;450,0;452,2;10,0;0,0;-8,0;-9,0;30,0
18/03/2026 01:44;450,0;450,2;10,0;0,0;-8,0;-9,0;30,0
18/03/2026 01:45;450,0;448,4;11,0;1,5;-8,0;-9,0;30,0
18/03/2026 01:46;450,0;448,4;12,4;1,6;-8,0;-9,0;30,0
18/03/2026 01:47;450,0;447,9;13,7;2,2;-8,0;-9,0;30,0
18/03/2026 01:48;450,0;447,0;16,5;3,3;-8,0;-8,0;30,0
18/03/2026 01:49;450,0;444,3;21,5;6,3;-8,0;-8,0;30,0
18/03/2026 01:50;450,0;449,6;22,8;1,7;-8,0;-8,0;30,1
18/03/2026 01:51;450,0;460,5;14,2;0,0;-8,0;-9,0;30,0
18/03/2026 01:52;450,0;465,1;10,0;0,0;-8,0;-9,0;30,0
18/03/2026 01:53;450,0;464,0;10,0;0,0;-8,0;-9,0;30,0
18/03/2026 01:54;450,0;460,7;10,0;0,0;-8,0;-9,0;30,0
18/03/2026 01:55;450,0;456,1;10,0;0,0;-8,0;-9,0;30,0
18/03/2026 01:56;450,0;455,5;10,0;0,0;-8,0;-9,0;30,0
18/03/2026 01:57;450,0;456,1;10,0;0,0;-8,0;-9,0;30,0
18/03/2026 01:58;450,0;459,6;10,0;0,0;-8,0;-9,0;30,0
18/03/2026 01:59;450,0;457,8;10,0;0,0;-8,0;-9,0;30,0
18/03/2026 02:00;450,0;456,4;10,0;0,0;-8,0;-9,0;30,0
18/03/2026 02:01;450,0;451,4;10,0;0,0;-8,0;-9,0;30,0
18/03/2026 02:02;450,0;447,6;12,0;2,3;-8,0;-9,0;30,0
18/03/2026 02:03;450,0;442,3;18,3;7,6;-8,0;-9,0;30,0
18/03/2026 02:04;450,0;439,1;28,4;11,7;-8,0;-8,0;30,0
18/03/2026 02:05;450,0;447,0;32,3;5,3;-8,0;-7,0;30,7
18/03/2026 02:06;450,0;470,1;14,7;0,0;-8,0;-8,0;30,5
18/03/2026 02:07;450,0;479,8;10,0;0,0;-8,0;-9,0;30,0
18/03/2026 02:08;450,0;477,2;10,0;0,0;-8,0;-9,0;30,0
18/03/2026 02:09;450,0;473,6;10,0;0,0;-8,0;-9,0;30,0
18/03/2026 02:10;450,0;470,4;10,0;0,0;-8,0;-9,0;30,0
18/03/2026 02:11;450,0;466,9;10,0;0,0;-8,0;-9,0;30,0
18/03/2026 02:12;450,0;463,4;10,0;0,0;-8,0;-10,0;30,0
18/03/2026 02:13;450,0;459,0;10,0;0,0;-8,0;-9,0;30,0
18/03/2026 02:14;450,0;453,4;10,0;0,0;-8,0;-9,0;30,0
18/03/2026 02:15;450,0;450,5;10,0;0,0;-8,0;-9,0;30,0
18/03/2026 02:16;450,0;446,7;12,2;3,0;-8,0;-9,0;30,0
18/03/2026 02:17;450,0;443,2;18,5;6,9;-8,0;-8,0;30,0
18/03/2026 02:18;450,0;444,9;23,1;5,9;-8,0;-8,0;30,0
18/03/2026 02:19;450,0;453,7;21,3;0,0;-8,0;-8,0;30,0
18/03/2026 02:20;450,0;464,3;10,0;0,0;-8,0;-9,0;30,0
18/03/2026 02:21;450,0;466,0;10,0;0,0;-8,0;-10,0;30,0
18/03/2026 02:22;450,0;464,6;10,0;0,0;-8,0;-9,0;30,0
18/03/2026 02:23;450,0;461,3;10,0;0,0;-8,0;-9,0;30,0
18/03/2026 02:24;450,0;459,3;10,0;0,0;-8,0;-10,0;30,0
18/03/2026 02:25;450,0;456,6;10,0;0,0;-8,0;-9,0;30,0
18/03/2026 02:26;450,0;452,2;10,0;0,0;-8,0;-9,0;30,0
18/03/2026 02:27;450,0;448,4;10,4;1,1;-8,0;-9,0;30,0
18/03/2026 02:28;450,0;447,0;13,2;3,0;-8,0;-9,0;30,0
18/03/2026 02:29;450,0;446,7;16,2;3,5;-8,0;-9,0;30,0
18/03/2026 02:30;450,0;447,0;19,0;3,6;-8,0;-8,0;30,0
18/03/2026 02:31;450,0;451,1;18,5;0,1;-8,0;-8,0;30,0
18/03/2026 02:32;450,0;458,7;10,3;0,0;-8,0;-9,0;30,0
18/03/2026 02:33;450,0;462,2;10,0;0,0;-8,0;-9,0;30,0
18/03/2026 02:34;450,0;461,6;10,0;0,0;-8,0;-9,0;30,0
18/03/2026 02:35;450,0;460,2;10,0;0,0;-8,0;-9,0;30,0
18/03/2026 02:36;450,0;454,9;10,0;0,0;-8,0;-9,0;30,0
18/03/2026 02:37;450,0;451,1;10,0;0,0;-8,0;-9,0;30,0
18/03/2026 02:38;450,0;446,7;12,1;3,0;-8,0;-9,0;30,0
18/03/2026 02:39;450,0;448,4;14,0;1,8;-8,0;-9,0;30,0
18/03/2026 02:40;450,0;449,3;14,4;1,0;-8,0;-9,0;30,0
18/03/2026 02:41;450,0;452,2;13,4;0,0;-8,0;-9,0;30,0
18/03/2026 02:42;450,0;455,5;10,0;0,0;-8,0;-9,0;30,0
18/03/2026 02:43;450,0;453,1;10,0;0,0;-8,0;-9,0;30,0
18/03/2026 02:44;450,0;451,7;10,0;0,0;-8,0;-9,0;30,0
18/03/2026 02:45;450,0;449,9;10,0;0,0;-8,0;-9,0;30,0
18/03/2026 02:46;450,0;450,5;10,0;0,0;-8,0;-9,0;30,0
18/03/2026 02:47;450,0;449,3;10,6;0,6;-8,0;-9,0;30,0
18/03/2026 02:48;450,0;448,1;11,6;1,8;-8,0;-9,0;30,0
18/03/2026 02:49;450,0;445,8;15,9;4,3;-8,0;-9,0;30,0
18/03/2026 02:50;450,0;442,9;22,3;7,6;-8,0;-8,0;30,0
18/03/2026 02:51;450,0;449,0;24,4;2,6;-8,0;-8,0;30,2
18/03/2026 02:52;450,0;462,5;12,2;0,0;-8,0;-9,0;30,0
18/03/2026 02:53;450,0;468,7;10,0;0,0;-8,0;-9,0;30,0
18/03/2026 02:54;450,0;467,5;10,0;0,0;-8,0;-10,0;30,0
18/03/2026 02:55;450,0;465,1;10,0;0,0;-8,0;-9,0;30,0
18/03/2026 02:56;450,0;463,1;10,0;0,0;-8,0;-9,0;30,0
18/03/2026 02:57;450,0;459,9;10,0;0,0;-8,0;-9,0;30,0
18/03/2026 02:58;450,0;456,6;10,0;0,0;-8,0;-9,0;30,0
18/03/2026 02:59;450,0;451,7;10,0;0,0;-8,0;-9,0;30,0
18/03/2026 03:00;450,0;451,1;10,0;0,0;-8,0;-9,0;30,0
18/03/2026 03:01;450,0;449,0;10,5;0,9;-8,0;-9,0;30,0
18/03/2026 03:02;450,0;447,3;12,7;2,6;-8,0;-9,0;30,0
18/03/2026 03:03;450,0;445,8;16,2;4,4;-8,0;-8,0;30,0
18/03/2026 03:04;450,0;444,0;21,0;6,5;-8,0;-8,0;30,0
18/03/2026 03:05;450,0;448,1;23,9;3,2;-8,0;-7,0;30,3
18/03/2026 03:06;450,0;459,6;16,1;0,0;-8,0;-9,0;30,0
18/03/2026 03:07;450,0;466,0;10,0;0,0;-8,0;-9,0;30,0
18/03/2026 03:08;450,0;465,7;10,0;0,0;-8,0;-9,0;30,0
18/03/2026 03:09;450,0;466,0;10,0;0,0;-8,0;-9,0;30,0
18/03/2026 03:10;450,0;464,6;10,0;0,0;-8,0;-9,0;30,0
18/03/2026 03:11;450,0;461,3;10,0;0,0;-8,0;-9,0;30,0
18/03/2026 03:12;450,0;459,9;10,0;0,0;-8,0;-9,0;30,0
18/03/2026 03:13;450,0;458,1;10,0;0,0;-8,0;-9,0;30,0
18/03/2026 03:14;450,0;458,4;10,0;0,0;-8,0;-9,0;30,0
18/03/2026 03:15;450,0;456,4;10,0;0,0;-8,0;-9,0;30,0
18/03/2026 03:16;450,0;454,9;10,0;0,0;-8,0;-9,0;30,0
18/03/2026 03:17;450,0;451,4;10,0;0,0;-8,0;-9,0;30,0
18/03/2026 03:18;450,0;448,1;10,8;1,7;-8,0;-9,0;30,0
18/03/2026 03:19;450,0;444,6;16,4;5,4;-8,0;-8,0;30,0
18/03/2026 03:20;450,0;445,8;20,5;4,9;-8,0;-8,0;30,0
18/03/2026 03:21;450,0;450,5;20,7;0,9;-8,0;-8,0;30,0
18/03/2026 03:22;450,0;461,6;10,0;0,0;-8,0;-9,0;30,0
18/03/2026 03:23;450,0;464,3;10,0;0,0;-8,0;-9,0;30,0
18/03/2026 03:24;450,0;461,0;10,0;0,0;-8,0;-9,0;30,0
18/03/2026 03:25;450,0;460,7;10,0;0,0;-8,0;-9,0;30,0
18/03/2026 03:26;450,0;456,6;10,0;0,0;-8,0;-9,0;30,0
18/03/2026 03:27;450,0;454,6;10,0;0,0;-8,0;-9,0;30,0
18/03/2026 03:28;450,0;453,1;10,0;0,0;-8,0;-9,0;30,0
18/03/2026 03:29;450,0;451,4;10,0;0,0;-8,0;-9,0;30,0
18/03/2026 03:30;450,0;448,7;10,4;1,1;-8,0;-9,0;30,0
18/03/2026 03:31;450,0;445,5;13,9;4,3;-8,0;-9,0;30,0
18/03/2026 03:32;450,0;442,3;20,3;7,9;-8,0;-8,0;30,0
18/03/2026 03:33;450,0;444,9;26,3;6,3;-8,0;-7,0;30,4
18/03/2026 03:34;450,0;461,6;17,2;0,0;-8,0;-8,0;30,2
18/03/2026 03:35;450,0;472,8;10,0;0,0;-8,0;-9,0;30,0
18/03/2026 03:36;450,0;472,5;10,0;0,0;-8,0;-9,0;30,0
18/03/2026 03:37;450,0;466,9;10,0;0,0;-8,0;-9,0;30,0
18/03/2026 03:38;450,0;463,7;10,0;0,0;-8,0;-9,0;30,0
18/03/2026 03:39;450,0;460,7;10,0;0,0;-8,0;-9,0;30,0
18/03/2026 03:40;450,0;459,3;10,0;0,0;-8,0;-9,0;30,0
18/03/2026 03:41;450,0;457,5;10,0;0,0;-8,0;-9,0;30,0
18/03/2026 03:42;450,0;457,8;10,0;0,0;-8,0;-9,0;30,0
18/03/2026 03:43;450,0;456,4;10,0;0,0;-8,0;-9,0;30,0
18/03/2026 03:44;450,0;452,0;10,0;0,0;-8,0;-9,0;30,0
18/03/2026 03:45;450,0;445,8;12,4;3,9;-8,0;-9,0;30,0
18/03/2026 03:46;450,0;441,7;19,8;8,3;-8,0;-8,0;30,0
18/03/2026 03:47;450,0;443,2;26,2;7,7;-8,0;-7,0;30,4
18/03/2026 03:48;450,0;454,6;23,1;0,0;-8,0;-8,0;30,4
18/03/2026 03:49;450,0;466,3;10,0;0,0;-8,0;-9,0;30,0
18/03/2026 03:50;450,0;467,8;10,0;0,0;-8,0;-9,0;30,0
18/03/2026 03:51;450,0;466,6;10,0;0,0;-8,0;-9,0;30,0
18/03/2026 03:52;450,0;464,0;10,0;0,0;-8,0;-9,0;30,0
18/03/2026 03:53;450,0;462,5;10,0;0,0;-8,0;-9,0;30,0
18/03/2026 03:54;450,0;459,9;10,0;0,0;-8,0;-9,0;30,0
18/03/2026 03:55;450,0;456,6;10,0;0,0;-8,0;-9,0;30,0
18/03/2026 03:56;450,0;455,2;10,0;0,0;-8,0;-9,0;30,0
18/03/2026 03:57;450,0;452,2;10,0;0,0;-8,0;-9,0;30,0
18/03/2026 03:58;450,0;449,9;10,0;0,0;-8,0;-9,0;30,0
18/03/2026 03:59;450,0;444,6;14,1;5,1;-8,0;-8,0;30,0
18/03/2026 04:00;450,0;441,7;20,7;8,4;-8,0;-7,0;30,3
18/03/2026 04:01;450,0;445,5;26,3;5,8;-8,0;-7,0;30,6
18/03/2026 04:02;450,0;461,9;18,0;0,0;-8,0;-8,0;30,3
18/03/2026 04:03;450,0;471,6;10,0;0,0;-8,0;-9,0;30,0
18/03/2026 04:04;450,0;471,0;10,0;0,0;-8,0;-9,0;30,0
18/03/2026 04:05;450,0;467,5;10,0;0,0;-8,0;-9,0;30,0
18/03/2026 04:06;450,0;463,1;10,0;0,0;-8,0;-9,0;30,0
18/03/2026 04:07;450,0;460,5;10,0;0,0;-8,0;-9,0;30,0
18/03/2026 04:08;450,0;457,5;10,0;0,0;-8,0;-9,0;30,0
18/03/2026 04:09;450,0;455,8;10,0;0,0;-8,0;-9,0;30,0
18/03/2026 04:10;450,0;454,6;10,0;0,0;-8,0;-9,0;30,0
18/03/2026 04:11;450,0;452,0;10,0;0,0;-8,0;-9,0;30,0
18/03/2026 04:12;450,0;447,0;11,9;2,7;-8,0;-9,0;30,0
18/03/2026 04:13;450,0;443,5;17,9;6,5;-8,0;-8,0;30,0
18/03/2026 04:14;450,0;440,8;26,2;9,9;-8,0;-7,0;30,4
18/03/2026 04:15;450,0;450,2;27,4;2,0;-8,0;-7,0;30,7
18/03/2026 04:16;450,0;465,7;12,6;0,0;-8,0;-9,0;30,0
18/03/2026 04:17;450,0;472,5;10,0;0,0;-8,0;-9,0;30,0
18/03/2026 04:18;450,0;473,1;10,0;0,0;-8,0;-9,0;30,0
18/03/2026 04:19;450,0;469,5;10,0;0,0;-8,0;-9,0;30,0
18/03/2026 04:20;450,0;465,1;10,0;0,0;-8,0;-9,0;30,0
18/03/2026 04:21;450,0;464,0;10,0;0,0;-8,0;-9,0;30,0
18/03/2026 04:22;450,0;459,6;10,0;0,0;-8,0;-9,0;30,0
18/03/2026 04:23;450,0;457,5;10,0;0,0;-8,0;-9,0;30,0
18/03/2026 04:24;450,0;455,8;10,0;0,0;-8,0;-9,0;30,0
18/03/2026 04:25;450,0;452,8;10,0;0,0;-8,0;-9,0;30,0
18/03/2026 04:26;450,0;448,7;10,4;1,2;-8,0;-9,0;30,0
18/03/2026 04:27;450,0;445,5;13,9;4,3;-8,0;-9,0;30,0
18/03/2026 04:28;450,0;442,0;20,5;8,2;-8,0;-8,0;30,0
18/03/2026 04:29;450,0;442,9;28,4;8,4;-8,0;-7,0;30,5
18/03/2026 04:30;450,0;456,1;23,5;0,0;-8,0;-7,0;30,8
18/03/2026 04:31;450,0;469,5;10,0;0,0;-8,0;-9,0;30,0
18/03/2026 04:32;450,0;471,6;10,0;0,0;-8,0;-9,0;30,0
18/03/2026 04:33;450,0;470,1;10,0;0,0;-8,0;-9,0;30,0
18/03/2026 04:34;450,0;468,4;10,0;0,0;-8,0;-9,0;30,0
18/03/2026 04:35;450,0;465,7;10,0;0,0;-8,0;-9,0;30,0
18/03/2026 04:36;450,0;461,3;10,0;0,0;-8,0;-9,0;30,0
18/03/2026 04:37;450,0;456,4;10,0;0,0;-8,0;-9,0;30,0
18/03/2026 04:38;450,0;456,4;10,0;0,0;-8,0;-9,0;30,0
18/03/2026 04:39;450,0;456,9;10,0;0,0;-8,0;-9,0;30,0
18/03/2026 04:40;450,0;456,1;10,0;0,0;-8,0;-9,0;30,0
18/03/2026 04:41;450,0;454,0;10,0;0,0;-8,0;-9,0;30,0
18/03/2026 04:42;450,0;449,6;10,0;0,3;-8,0;-9,0;30,0
18/03/2026 04:43;450,0;444,6;14,4;5,2;-8,0;-9,0;30,0
18/03/2026 04:44;450,0;442,3;20,9;8,0;-8,0;-8,0;30,0
18/03/2026 04:45;450,0;443,2;26,9;7,8;-8,0;-7,0;30,3
18/03/2026 04:46;450,0;454,6;24,7;0,0;-8,0;-8,0;30,3
18/03/2026 04:47;450,0;467,2;10,0;0,0;-8,0;-9,0;30,0
18/03/2026 04:48;450,0;471,0;10,0;0,0;-8,0;-9,0;30,0
18/03/2026 04:49;450,0;469,2;10,0;0,0;-8,0;-9,0;30,0
18/03/2026 04:50;450,0;466,0;10,0;0,0;-8,0;-9,0;30,0
18/03/2026 04:51;450,0;461,9;10,0;0,0;-8,0;-9,0;30,0
18/03/2026 04:52;450,0;458,7;10,0;0,0;-8,0;-9,0;30,0
18/03/2026 04:53;450,0;458,1;10,0;0,0;-8,0;-9,0;30,0
18/03/2026 04:54;450,0;457,8;10,0;0,0;-8,0;-9,0;30,0
18/03/2026 04:55;450,0;458,4;10,0;0,0;-8,0;-9,0;30,0
18/03/2026 04:56;450,0;457,5;10,0;0,0;-8,0;-9,0;30,0
18/03/2026 04:57;450,0;454,0;10,0;0,0;-8,0;-9,0;30,0
18/03/2026 04:58;450,0;450,2;10,0;0,0;-8,0;-9,0;30,0
18/03/2026 04:59;450,0;445,5;14,1;4,4;-8,0;-9,0;30,0
18/03/2026 05:00;450,0;442,0;21,2;8,3;-8,0;-8,0;30,0
18/03/2026 05:01;450,0;441,1;29,9;10,1;-8,0;-7,0;30,5
18/03/2026 05:02;450,0;453,1;28,4;0,0;-8,0;-7,0;30,9
18/03/2026 05:03;450,0;472,2;10,0;0,0;-8,0;-9,0;30,0
18/03/2026 05:04;450,0;476,6;10,0;0,0;-8,0;-9,0;30,0
18/03/2026 05:05;450,0;472,5;10,0;0,0;-8,0;-9,0;30,0
18/03/2026 05:06;450,0;468,1;10,0;0,0;-8,0;-10,0;30,0
18/03/2026 05:07;450,0;463,1;10,0;0,0;-8,0;-9,0;30,0
18/03/2026 05:08;450,0;459,0;10,0;0,0;-8,0;-9,0;30,0
18/03/2026 05:09;450,0;457,5;10,0;0,0;-8,0;-9,0;30,0
18/03/2026 05:10;450,0;457,5;10,0;0,0;-8,0;-9,0;30,0
18/03/2026 05:11;450,0;459,0;10,0;0,0;-8,0;-9,0;30,0
18/03/2026 05:12;450,0;455,8;10,0;0,0;-8,0;-9,0;30,0
18/03/2026 05:13;450,0;452,2;10,0;0,0;-8,0;-9,0;30,0
18/03/2026 05:14;450,0;447,6;11,1;2,1;-8,0;-9,0;30,0
18/03/2026 05:15;450,0;444,0;16,7;6,0;-8,0;-9,0;30,0
18/03/2026 05:16;450,0;441,7;23,8;8,8;-8,0;-8,0;30,0
18/03/2026 05:17;450,0;451,4;24,5;0,6;-8,0;-8,0;30,2
18/03/2026 05:18;450,0;466,0;10,7;0,0;-8,0;-9,0;30,0
18/03/2026 05:19;450,0;470,4;10,0;0,0;-8,0;-9,0;30,0
18/03/2026 05:20;450,0;469,2;10,0;0,0;-8,0;-9,0;30,0
18/03/2026 05:21;450,0;466,9;10,0;0,0;-8,0;-9,0;30,0
18/03/2026 05:22;450,0;462,5;10,0;0,0;-8,0;-9,0;30,0
18/03/2026 05:23;450,0;456,6;10,0;0,0;-8,0;-9,0;30,0
18/03/2026 05:24;450,0;453,4;10,0;0,0;-8,0;-9,0;30,0
18/03/2026 05:25;450,0;451,1;10,0;0,0;-8,0;-9,0;30,0
18/03/2026 05:26;450,0;449,0;10,0;0,8;-8,0;-9,0;30,0
18/03/2026 05:27;450,0;447,6;12,2;2,3;-8,0;-9,0;30,0
18/03/2026 05:28;450,0;443,5;18,0;6,6;-8,0;-9,0;30,0
18/03/2026 05:29;450,0;441,4;25,9;9,3;-8,0;-8,0;30,0
18/03/2026 05:30;450,0;448,7;28,0;3,3;-8,0;-7,0;30,6
18/03/2026 05:31;450,0;463,4;15,6;0,0;-8,0;-8,0;30,4
18/03/2026 05:32;450,0;471,0;10,0;0,0;-8,0;-9,0;30,0
18/03/2026 05:33;450,0;469,5;10,0;0,0;-8,0;-9,0;30,0
18/03/2026 05:34;450,0;466,3;10,0;0,0;-8,0;-9,0;30,0
18/03/2026 05:35;450,0;465,1;10,0;0,0;-8,0;-9,0;30,0
18/03/2026 05:36;450,0;463,4;10,0;0,0;-8,0;-9,0;30,0
18/03/2026 05:37;450,0;461,9;10,0;0,0;-8,0;-9,0;30,0
18/03/2026 05:38;450,0;460,5;10,0;0,0;-8,0;-9,0;30,0
18/03/2026 05:39;450,0;461,9;10,0;0,0;-8,0;-9,0;30,0
18/03/2026 05:40;450,0;461,0;10,0;0,0;-8,0;-9,0;30,0
18/03/2026 05:41;450,0;456,4;10,0;0,0;-8,0;-9,0;30,0
18/03/2026 05:42;450,0;452,5;10,0;0,0;-8,0;-9,0;30,0
18/03/2026 05:43;450,0;449,6;10,0;0,3;-8,0;-9,0;30,0
18/03/2026 05:44;450,0;446,7;12,4;3,0;-8,0;-8,0;30,0
18/03/2026 05:45;450,0;441,7;19,4;8,3;-8,0;-8,0;30,0
18/03/2026 05:46;450,0;443,2;25,8;7,7;-8,0;-7,0;30,4
18/03/2026 05:47;450,0;453,7;24,7;0,0;-8,0;-7,0;30,7
18/03/2026 05:48;450,0;466,6;10,2;0,0;-8,0;-9,0;30,1
18/03/2026 05:49;450,0;470,4;10,0;0,0;-8,0;-9,0;30,0
18/03/2026 05:50;450,0;468,1;10,0;0,0;-8,0;-9,0;30,0
18/03/2026 05:51;450,0;463,1;10,0;0,0;-8,0;-9,0;30,0
18/03/2026 05:52;450,0;456,4;10,0;0,0;-8,0;-9,0;30,0
18/03/2026 05:53;450,0;452,2;10,0;0,0;-8,0;-9,0;30,0
18/03/2026 05:54;450,0;450,2;10,0;0,0;-8,0;-9,0;30,0
18/03/2026 05:55;450,0;451,4;10,0;0,0;-8,0;-9,0;30,0
18/03/2026 05:56;450,0;452,2;10,0;0,0;-8,0;-9,0;30,0
18/03/2026 05:57;450,0;452,8;10,0;0,0;-8,0;-9,0;30,0
18/03/2026 05:58;450,0;451,4;10,0;0,0;-8,0;-9,0;30,0
18/03/2026 05:59;450,0;447,6;10,9;2,1;-8,0;-9,0;30,0
18/03/2026 06:00;450,0;443,2;17,3;6,7;-8,0;-8,0;30,0
18/03/2026 06:01;450,0;442,3;24,2;8,4;-8,0;-7,0;30,5
18/03/2026 06:02;450,0;447,3;27,3;4,4;-8,0;-7,0;30,8
18/03/2026 06:03;450,0;460,7;18,4;0,0;-8,0;-8,0;30,7
18/03/2026 06:04;450,0;469,2;10,0;0,0;-8,0;-8,0;30,5
18/03/2026 06:05;450,0;470,4;10,0;0,0;-8,0;-8,0;30,2
18/03/2026 06:06;450,0;469,5;10,0;0,0;-8,0;-9,0;30,0
18/03/2026 06:07;450,0;466,9;10,0;0,0;-8,0;-9,0;30,0
18/03/2026 06:08;450,0;463,4;10,0;0,0;-8,0;-8,0;30,0
18/03/2026 06:09;450,0;460,2;10,0;0,0;-8,0;-9,0;30,0
18/03/2026 06:10;450,0;456,1;10,0;0,0;-8,0;-9,0;30,0
18/03/2026 06:11;450,0;453,1;10,0;0,0;-8,0;-9,0;30,0
18/03/2026 06:12;450,0;450,8;10,0;0,0;-8,0;-8,0;30,0
18/03/2026 06:13;450,0;448,4;10,9;1,5;-8,0;-8,0;30,0
18/03/2026 06:14;450,0;446,4;14,1;3,5;-8,0;-8,0;30,0
18/03/2026 06:15;450,0;445,2;18,0;5,1;-8,0;-8,0;30,0
18/03/2026 06:16;450,0;447,0;21,2;3,9;-8,0;-8,0;30,0
18/03/2026 06:17;450,0;454,3;17,4;0,0;-8,0;-8,0;30,1
18/03/2026 06:18;450,0;458,4;10,0;0,0;-8,0;-9,0;30,0
18/03/2026 06:19;450,0;456,9;10,0;0,0;-8,0;-9,0;30,0
18/03/2026 06:20;450,0;454,0;10,0;0,0;-8,0;-9,0;30,0
18/03/2026 06:21;450,0;452,5;10,0;0,0;-8,0;-9,0;30,0
18/03/2026 06:22;450,0;450,2;10,0;0,0;-8,0;-8,0;30,0
18/03/2026 06:23;450,0;448,1;11,9;1,8;-8,0;-8,0;30,0
18/03/2026 06:24;450,0;447,0;14,0;3,0;-8,0;-8,0;30,0
18/03/2026 06:25;450,0;444,9;18,8;5,4;-8,0;-8,0;30,0
18/03/2026 06:26;450,0;447,6;21,9;3,4;-8,0;-7,0;30,4
18/03/2026 06:27;450,0;455,8;16,7;0,0;-8,0;-8,0;30,3
18/03/2026 06:28;450,0;461,3;10,0;0,0;-8,0;-8,0;30,3
18/03/2026 06:29;450,0;462,2;10,0;0,0;-8,0;-8,0;30,0
18/03/2026 06:30;450,0;461,0;10,0;0,0;-8,0;-9,0;30,0
18/03/2026 06:31;450,0;461,0;10,0;0,0;-8,0;-8,0;30,0
18/03/2026 06:32;450,0;458,7;10,0;0,0;-8,0;-9,0;30,0
18/03/2026 06:33;450,0;455,8;10,0;0,0;-8,0;-9,0;30,0
18/03/2026 06:34;450,0;452,5;10,0;0,0;-8,0;-9,0;30,0
18/03/2026 06:35;450,0;449,6;10,0;0,3;-8,0;-9,0;30,0
18/03/2026 06:36;450,0;449,9;10,2;0,0;-8,0;-8,0;30,0
18/03/2026 06:37;450,0;448,4;11,4;1,5;-8,0;-8,0;30,0
18/03/2026 06:38;450,0;447,3;13,8;2,8;-8,0;-8,0;30,0
18/03/2026 06:39;450,0;444,9;18,0;5,3;-8,0;-8,0;30,0
18/03/2026 06:40;450,0;446,7;21,8;4,2;-8,0;-7,0;30,5
18/03/2026 06:41;450,0;453,7;18,5;0,0;-8,0;-8,0;30,3
18/03/2026 06:42;450,0;460,5;10,0;0,0;-8,0;-8,0;30,3
18/03/2026 06:43;450,0;462,2;10,0;0,0;-8,0;-8,0;30,1
18/03/2026 06:44;450,0;460,7;10,0;0,0;-8,0;-8,0;30,0
18/03/2026 06:45;450,0;457,5;10,0;0,0;-8,0;-9,0;30,0
18/03/2026 06:46;450,0;452,8;10,0;0,0;-8,0;-9,0;30,0
18/03/2026 06:47;450,0;449,3;10,4;0,6;-8,0;-9,0;30,0
18/03/2026 06:48;450,0;446,4;13,3;3,5;-8,0;-8,0;30,0
18/03/2026 06:49;450,0;444,6;17,9;5,6;-8,0;-8,0;30,0
18/03/2026 06:50;450,0;446,4;21,5;4,4;-8,0;-7,0;30,5
18/03/2026 06:51;450,0;454,0;18,7;0,0;-8,0;-8,0;30,4
18/03/2026 06:52;450,0;463,7;10,0;0,0;-8,0;-9,0;30,0
18/03/2026 06:53;450,0;463,7;10,0;0,0;-8,0;-9,0;30,0
18/03/2026 06:54;450,0;459,9;10,0;0,0;-8,0;-9,0;30,0
18/03/2026 06:55;450,0;454,9;10,0;0,0;-8,0;-9,0;30,0
18/03/2026 06:56;450,0;450,5;10,0;0,0;-8,0;-9,0;30,0
18/03/2026 06:57;450,0;446,1;12,9;3,7;-8,0;-8,0;30,0
18/03/2026 06:58;450,0;443,2;18,6;6,8;-8,0;-7,0;30,3
18/03/2026 06:59;450,0;448,1;21,5;3,0;-8,0;-7,0;30,5
18/03/2026 07:00;450,0;458,7;14,0;0,0;-8,0;-8,0;30,4
18/03/2026 07:01;450,0;465,7;10,0;0,0;-8,0;-9,0;30,0
18/03/2026 07:02;450,0;466,6;10,0;0,0;-8,0;-8,0;30,1
18/03/2026 07:03;450,0;465,1;10,0;0,0;-8,0;-8,0;30,2
18/03/2026 07:04;450,0;462,5;10,0;0,0;-8,0;-9,0;30,0
18/03/2026 07:05;450,0;459,6;10,0;0,0;-8,0;-9,0;30,0
18/03/2026 07:06;450,0;457,5;10,0;0,0;-8,0;-8,0;30,0
18/03/2026 07:07;450,0;456,1;10,0;0,0;-8,0;-8,0;30,0
18/03/2026 07:08;450,0;456,4;10,0;0,0;-8,0;-8,0;30,0
18/03/2026 07:09;450,0;454,0;10,0;0,0;-8,0;-8,0;30,0
18/03/2026 07:10;450,0;450,8;10,0;0,0;-8,0;-9,0;30,0
18/03/2026 07:11;450,0;448,1;11,6;1,7;-8,0;-8,0;30,0
18/03/2026 07:12;450,0;447,9;12,5;2,0;-8,0;-9,0;30,0
18/03/2026 07:13;450,0;446,1;16,4;4,1;-8,0;-8,0;30,1
18/03/2026 07:14;450,0;447,3;19,4;3,4;-8,0;-7,0;30,6
18/03/2026 07:15;450,0;456,6;14,4;0,0;-8,0;-8,0;30,4
18/03/2026 07:16;450,0;466,3;10,0;0,0;-8,0;-9,0;30,0
18/03/2026 07:17;450,0;471,0;10,0;0,0;-8,0;-9,0;30,0
18/03/2026 07:18;450,0;471,0;10,0;0,0;-8,0;-9,0;30,0
18/03/2026 07:19;450,0;466,9;10,0;0,0;-8,0;-8,0;30,0
18/03/2026 07:20;450,0;463,1;10,0;0,0;-8,0;-9,0;30,0
18/03/2026 07:21;450,0;459,9;10,0;0,0;-8,0;-8,0;30,0
18/03/2026 07:22;450,0;458,4;10,0;0,0;-8,0;-9,0;30,0
18/03/2026 07:23;450,0;455,8;10,0;0,0;-8,0;-9,0;30,0
18/03/2026 07:24;450,0;453,7;10,0;0,0;-8,0;-8,0;30,0
18/03/2026 07:25;450,0;450,8;10,0;0,0;-8,0;-9,0;30,0
18/03/2026 07:26;450,0;447,9;11,0;1,8;-8,0;-8,0;30,0
18/03/2026 07:27;450,0;446,4;13,5;3,4;-8,0;-9,0;30,0
18/03/2026 07:28;450,0;443,2;20,5;7,1;-8,0;-8,0;30,0
18/03/2026 07:29;450,0;446,7;23,4;4,3;-8,0;-7,0;30,5
18/03/2026 07:30;450,0;457,8;16,7;0,0;-8,0;-8,0;30,2
18/03/2026 07:31;450,0;466,3;10,0;0,0;-8,0;-8,0;30,2
18/03/2026 07:32;450,0;471,0;10,0;0,0;-8,0;-9,0;30,0
18/03/2026 07:33;450,0;471,0;10,0;0,0;-8,0;-9,0;30,0
18/03/2026 07:34;450,0;471,3;10,0;0,0;-8,0;-8,0;30,0
18/03/2026 07:35;450,0;471,0;10,0;0,0;-8,0;-9,0;30,0
18/03/2026 07:36;450,0;468,4;10,0;0,0;-8,0;-9,0;30,0
18/03/2026 07:37;450,0;464,0;10,0;0,0;-8,0;-9,0;30,0
18/03/2026 07:38;450,0;461,6;10,0;0,0;-8,0;-9,0;30,0
18/03/2026 07:39;450,0;459,3;10,0;0,0;-8,0;-8,0;30,0
18/03/2026 07:40;450,0;455,2;10,0;0,0;-8,0;-9,0;30,0
18/03/2026 07:41;450,0;451,4;10,0;0,0;-8,0;-8,0;30,0
18/03/2026 07:42;450,0;448,4;11,0;1,5;-8,0;-9,0;30,0
18/03/2026 07:43;450,0;446,1;14,3;3,9;-8,0;-8,0;30,0
18/03/2026 07:44;450,0;444,9;19,0;5,4;-8,0;-8,0;30,0
18/03/2026 07:45;450,0;446,4;22,9;4,6;-8,0;-7,0;30,4
18/03/2026 07:46;450,0;455,2;19,1;0,0;-8,0;-8,0;30,2
18/03/2026 07:47;450,0;465,4;10,0;0,0;-8,0;-9,0;30,0
18/03/2026 07:48;450,0;466,3;10,0;0,0;-8,0;-9,0;30,0
18/03/2026 07:49;450,0;464,8;10,0;0,0;-8,0;-9,0;30,0
18/03/2026 07:50;450,0;461,9;10,0;0,0;-8,0;-9,0;30,0
18/03/2026 07:51;450,0;458,4;10,0;0,0;-8,0;-8,0;30,0
18/03/2026 07:52;450,0;453,7;10,0;0,0;-8,0;-9,0;30,0
18/03/2026 07:53;450,0;451,1;10,0;0,0;-8,0;-9,0;30,0
18/03/2026 07:54;450,0;449,3;10,6;0,6;-8,0;-9,0;30,0
18/03/2026 07:55;450,0;448,1;12,5;1,8;-8,0;-9,0;30,0
18/03/2026 07:56;450,0;446,1;16,1;4,0;-8,0;-8,0;30,0
18/03/2026 07:57;450,0;446,1;19,2;4,4;-8,0;-8,0;30,0
18/03/2026 07:58;450,0;452,5;18,5;0,0;-8,0;-7,0;30,5
18/03/2026 07:59;450,0;461,0;10,0;0,0;-8,0;-9,0;30,0
18/03/2026 08:00;450,0;463,7;10,0;0,0;-8,0;-9,0;30,0
18/03/2026 08:01;450,0;461,3;10,0;0,0;-8,0;-8,0;30,0
18/03/2026 08:02;450,0;460,2;10,0;0,0;-8,0;-9,0;30,0
18/03/2026 08:03;450,0;457,8;10,0;0,0;-8,0;-8,0;30,0
18/03/2026 08:04;450,0;455,2;10,0;0,0;-8,0;-9,0;30,0
18/03/2026 08:05;450,0;452,8;10,0;0,0;-8,0;-9,0;30,0
18/03/2026 08:06;450,0;450,8;10,0;0,0;-8,0;-9,0;30,0
18/03/2026 08:07;450,0;449,9;10,0;0,0;-8,0;-9,0;30,0
18/03/2026 08:08;450,0;447,0;12,1;2,8;-8,0;-9,0;30,0
18/03/2026 08:09;450,0;445,2;16,7;5,0;-8,0;-8,0;30,0
18/03/2026 08:10;450,0;445,5;20,6;5,1;-8,0;-8,0;30,0
18/03/2026 08:11;450,0;448,1;22,7;3,1;-8,0;-7,0;30,4
18/03/2026 08:12;450,0;456,9;17,0;0,0;-8,0;-8,0;30,2
18/03/2026 08:13;450,0;464,8;10,0;0,0;-8,0;-9,0;30,0
18/03/2026 08:14;450,0;466,0;10,0;0,0;-8,0;-9,0;30,0
18/03/2026 08:15;450,0;464,8;10,0;0,0;-8,0;-9,0;30,0
18/03/2026 08:16;450,0;461,9;10,0;0,0;-8,0;-9,0;30,0
18/03/2026 08:17;450,0;460,2;10,0;0,0;-8,0;-9,0;30,0
18/03/2026 08:18;450,0;458,4;10,0;0,0;-8,0;-9,0;30,0
18/03/2026 08:19;450,0;454,3;10,0;0,0;-8,0;-9,0;30,0
18/03/2026 08:20;450,0;452,2;10,0;0,0;-8,0;-9,0;30,0
18/03/2026 08:21;450,0;452,0;10,0;0,0;-8,0;-9,0;30,0
18/03/2026 08:22;450,0;448,7;11,0;1,2;-8,0;-9,0;30,0
18/03/2026 08:23;450,0;445,5;14,8;4,5;-8,0;-8,0;30,0
18/03/2026 08:24;450,0;443,2;21,0;7,2;-8,0;-8,0;30,0
18/03/2026 08:25;450,0;444,9;25,6;6,2;-8,0;-7,0;30,5
18/03/2026 08:26;450,0;456,4;20,8;0,0;-8,0;-8,0;30,3
18/03/2026 08:27;450,0;469,0;10,0;0,0;-8,0;-9,0;30,0
18/03/2026 08:28;450,0;471,9;10,0;0,0;-8,0;-9,0;30,0
18/03/2026 08:29;450,0;469,5;10,0;0,0;-8,0;-9,0;30,0
18/03/2026 08:30;450,0;465,4;10,0;0,0;-8,0;-9,0;30,0
18/03/2026 08:31;450,0;461,6;10,0;0,0;-8,0;-9,0;30,0
18/03/2026 08:32;450,0;461,0;10,0;0,0;-8,0;-9,0;30,0
18/03/2026 08:33;450,0;461,3;10,0;0,0;-8,0;-9,0;30,0
18/03/2026 08:34;450,0;459,6;10,0;0,0;-8,0;-9,0;30,0
18/03/2026 08:35;450,0;456,1;10,0;0,0;-8,0;-9,0;30,0
18/03/2026 08:36;450,0;451,4;10,0;0,0;-8,0;-9,0;30,0
18/03/2026 08:37;450,0;446,1;12,7;3,7;-8,0;-9,0;30,0
18/03/2026 08:38;450,0;443,2;18,3;6,9;-8,0;-9,0;30,0
18/03/2026 08:39;450,0;441,4;26,3;9,4;-8,0;-6,0;30,9
18/03/2026 08:40;450,0;451,4;26,8;0,8;-8,0;-7,0;30,9
18/03/2026 08:41;450,0;465,1;13,8;0,0;-8,0;-8,0;30,6
18/03/2026 08:42;450,0;470,4;10,0;0,0;-8,0;-9,0;30,0
18/03/2026 08:43;450,0;471,3;10,0;0,0;-8,0;-9,0;30,0
18/03/2026 08:44;450,0;469,0;10,0;0,0;-8,0;-9,0;30,0
18/03/2026 08:45;450,0;466,0;10,0;0,0;-8,0;-9,0;30,0
18/03/2026 08:46;450,0;462,2;10,0;0,0;-8,0;-9,0;30,0
18/03/2026 08:47;450,0;460,2;10,0;0,0;-8,0;-9,0;30,0
18/03/2026 08:48;450,0;455,5;10,0;0,0;-8,0;-9,0;30,0
18/03/2026 08:49;450,0;449,9;10,0;0,0;-8,0;-9,0;30,0
18/03/2026 08:50;450,0;445,8;13,2;4,0;-8,0;-9,0;30,0
18/03/2026 08:51;450,0;444,6;18,6;5,7;-8,0;-8,0;30,0
18/03/2026 08:52;450,0;449,0;19,9;2,0;-8,0;-8,0;30,0
18/03/2026 08:53;450,0;457,5;13,1;0,0;-8,0;-8,0;30,0
18/03/2026 08:54;450,0;462,5;10,0;0,0;-8,0;-9,0;30,0
18/03/2026 08:55;450,0;461,9;10,0;0,0;-8,0;-9,0;30,0
18/03/2026 08:56;450,0;459,6;10,0;0,0;-8,0;-9,0;30,0
18/03/2026 08:57;450,0;459,6;10,0;0,0;-8,0;-9,0;30,0
18/03/2026 08:58;450,0;458,1;10,0;0,0;-8,0;-9,0;30,0
18/03/2026 08:59;450,0;456,4;10,0;0,0;-8,0;-9,0;30,0
18/03/2026 09:00;450,0;454,6;10,0;0,0;-8,0;-9,0;30,0
18/03/2026 09:01;450,0;452,0;10,0;0,0;-8,0;-9,0;30,0
18/03/2026 09:02;450,0;449,6;10,0;0,0;-8,0;-9,0;30,0
18/03/2026 09:03;450,0;447,0;13,1;2,9;-8,0;-9,0;30,0
18/03/2026 09:04;450,0;445,8;16,2;4,4;-8,0;-8,0;30,0
18/03/2026 09:05;450,0;446,1;19,6;4,5;-8,0;-8,0;30,0
18/03/2026 09:06;450,0;452,2;19,1;0,0;-8,0;-7,0;30,4
18/03/2026 09:07;450,0;459,0;10,0;0,0;-8,0;-9,0;30,0
18/03/2026 09:08;450,0;460,2;10,0;0,0;-8,0;-9,0;30,0
18/03/2026 09:09;450,0;459,3;10,0;0,0;-8,0;-9,0;30,0
18/03/2026 09:10;450,0;456,1;10,0;0,0;-8,0;-9,0;30,0
18/03/2026 09:11;450,0;452,5;10,0;0,0;-8,0;-9,0;30,0
18/03/2026 09:12;450,0;448,4;10,4;1,4;-8,0;-9,0;30,0
18/03/2026 09:13;450,0;445,5;14,8;4,5;-8,0;-9,0;30,0
18/03/2026 09:14;450,0;443,8;20,6;6,6;-8,0;-8,0;30,0
18/03/2026 09:15;450,0;449,9;22,0;1,4;-8,0;-7,0;30,0
18/03/2026 09:16;450,0;461,9;11,4;0,0;-8,0;-9,0;30,0
18/03/2026 09:17;450,0;468,4;10,0;0,0;-8,0;-9,0;30,0
18/03/2026 09:18;450,0;469,2;10,0;0,0;-8,0;-9,0;30,0
18/03/2026 09:19;450,0;466,3;10,0;0,0;-8,0;-9,0;30,0
18/03/2026 09:20;450,0;463,4;10,0;0,0;-8,0;-9,0;30,0
18/03/2026 09:21;450,0;460,5;10,0;0,0;-8,0;-9,0;30,0
18/03/2026 09:22;450,0;457,8;10,0;0,0;-8,0;-9,0;30,0
18/03/2026 09:23;450,0;456,4;10,0;0,0;-8,0;-8,0;30,0
18/03/2026 09:24;450,0;454,6;10,0;0,0;-8,0;-9,0;30,0
18/03/2026 09:25;450,0;453,4;10,0;0,0;-8,0;-9,0;30,0
18/03/2026 09:26;450,0;452,5;10,0;0,0;-8,0;-9,0;30,0
18/03/2026 09:27;450,0;450,8;10,0;0,0;-8,0;-9,0;30,0
18/03/2026 09:28;450,0;449,0;10,5;0,9;-8,0;-9,0;30,0
18/03/2026 09:29;450,0;445,2;14,4;4,7;-8,0;-8,0;30,0
18/03/2026 09:30;450,0;441,4;21,1;8,7;-8,0;-8,0;30,0
18/03/2026 09:31;450,0;445,2;27,1;6,2;-8,0;-7,0;30,6
18/03/2026 09:32;450,0;456,6;21,6;0,0;-8,0;-8,0;30,6
18/03/2026 09:33;450,0;464,6;10,0;0,0;-8,0;-9,0;30,1
18/03/2026 09:34;450,0;466,3;10,0;0,0;-8,0;-9,0;30,0
18/03/2026 09:35;450,0;464,3;10,0;0,0;-8,0;-9,0;30,0
18/03/2026 09:36;450,0;461,0;10,0;0,0;-8,0;-9,0;30,0
18/03/2026 09:37;450,0;459,9;10,0;0,0;-8,0;-9,0;30,0
18/03/2026 09:38;450,0;458,4;10,0;0,0;-8,0;-9,0;30,0
18/03/2026 09:39;450,0;455,5;10,0;0,0;-8,0;-9,0;30,0
18/03/2026 09:40;450,0;452,5;10,0;0,0;-8,0;-8,0;30,0
18/03/2026 09:41;450,0;451,1;10,0;0,0;-8,0;-9,0;30,0
18/03/2026 09:42;450,0;449,6;10,0;0,3;-8,0;-9,0;30,0
18/03/2026 09:43;450,0;446,1;13,3;3,8;-8,0;-8,0;30,0
18/03/2026 09:44;450,0;442,3;20,0;7,9;-8,0;-8,0;30,0
18/03/2026 09:45;450,0;441,7;27,2;9,2;-8,0;-7,0;30,5
18/03/2026 09:46;450,0;452,2;27,0;0,2;-8,0;-7,0;30,8
18/03/2026 09:47;450,0;465,4;14,1;0,0;-8,0;-9,0;30,2
18/03/2026 09:48;450,0;469,8;10,0;0,0;-8,0;-9,0;30,0
18/03/2026 09:49;450,0;469,8;10,0;0,0;-8,0;-9,0;30,0
18/03/2026 09:50;450,0;466,0;10,0;0,0;-8,0;-9,0;30,0
18/03/2026 09:51;450,0;466,9;10,0;0,0;-8,0;-9,0;30,0
18/03/2026 09:52;450,0;467,2;10,0;0,0;-8,0;-9,0;30,0
18/03/2026 09:53;450,0;464,3;10,0;0,0;-8,0;-9,0;30,0
18/03/2026 09:54;450,0;462,8;10,0;0,0;-8,0;-9,0;30,0
18/03/2026 09:55;450,0;464,6;10,0;0,0;-8,0;-9,0;30,0
18/03/2026 09:56;450,0;465,4;10,0;0,0;-8,0;-9,0;30,0
18/03/2026 09:57;450,0;463,1;10,0;0,0;-8,0;-9,0;30,0
18/03/2026 09:58;450,0;458,4;10,0;0,0;-8,0;-9,0;30,0
18/03/2026 09:59;450,0;455,2;10,0;0,0;-8,0;-9,0;30,0
18/03/2026 10:00;450,0;450,8;10,0;0,0;-8,0;-9,0;30,0
18/03/2026 10:01;450,0;444,6;14,1;5,1;-8,0;-8,0;30,0
18/03/2026 10:02;450,0;440,8;22,4;9,5;-8,0;-8,0;30,0
18/03/2026 10:03;450,0;442,0;30,0;9,3;-8,0;-7,0;30,5
18/03/2026 10:04;450,0;453,7;27,9;0,0;-8,0;-7,0;30,9
18/03/2026 10:05;450,0;468,1;12,2;0,0;-8,0;-9,0;30,3
18/03/2026 10:06;450,0;473,6;10,0;0,0;-8,0;-9,0;30,0
18/03/2026 10:07;450,0;470,1;10,0;0,0;-8,0;-9,0;30,0
18/03/2026 10:08;450,0;464,8;10,0;0,0;-8,0;-9,0;30,0
18/03/2026 10:09;450,0;461,0;10,0;0,0;-8,0;-9,0;30,0
18/03/2026 10:10;450,0;456,9;10,0;0,0;-8,0;-9,0;30,0
18/03/2026 10:11;450,0;454,9;10,0;0,0;-8,0;-9,0;30,0
18/03/2026 10:12;450,0;454,6;10,0;0,0;-8,0;-9,0;30,0
18/03/2026 10:13;450,0;453,7;10,0;0,0;-8,0;-8,0;30,0
18/03/2026 10:14;450,0;452,2;10,0;0,0;-8,0;-9,0;30,0
18/03/2026 10:15;450,0;450,2;10,0;0,0;-8,0;-9,0;30,0
18/03/2026 10:16;450,0;446,7;12,5;3,1;-8,0;-9,0;30,0
18/03/2026 10:17;450,0;442,9;19,0;7,2;-8,0;-8,0;30,0
18/03/2026 10:18;450,0;441,1;26,9;9,7;-8,0;-7,0;30,3
18/03/2026 10:19;450,0;448,1;29,7;4,0;-8,0;-7,0;30,8
18/03/2026 10:20;450,0;464,3;16,6;0,0;-8,0;-8,0;30,7
18/03/2026 10:21;450,0;473,3;10,0;0,0;-8,0;-9,0;30,0
18/03/2026 10:22;450,0;475,7;10,0;0,0;-8,0;-9,0;30,0
18/03/2026 10:23;450,0;474,8;10,0;0,0;-8,0;-9,0;30,0
18/03/2026 10:24;450,0;473,6;10,0;0,0;-8,0;-9,0;30,0
18/03/2026 10:25;450,0;471,6;10,0;0,0;-8,0;-9,0;30,0
18/03/2026 10:26;450,0;468,7;10,0;0,0;-8,0;-9,0;30,0
18/03/2026 10:27;450,0;466,9;10,0;0,0;-8,0;-9,0;30,0
18/03/2026 10:28;450,0;463,4;10,0;0,0;-8,0;-9,0;30,0
18/03/2026 10:29;450,0;461,0;10,0;0,0;-8,0;-8,0;30,0
18/03/2026 10:30;450,0;457,8;10,0;0,0;-8,0;-9,0;30,0
18/03/2026 10:31;450,0;455,2;10,0;0,0;-8,0;-9,0;30,0
18/03/2026 10:32;450,0;454,6;10,0;0,0;-8,0;-9,0;30,0
18/03/2026 10:33;450,0;452,5;10,0;0,0;-8,0;-9,0;30,0
18/03/2026 10:34;450,0;448,4;10,6;1,5;-8,0;-9,0;30,0
18/03/2026 10:35;450,0;445,2;13,8;4,5;-8,0;-9,0;30,0
18/03/2026 10:36;450,0;442,0;21,6;8,4;-8,0;-8,0;30,0
18/03/2026 10:37;450,0;447,0;25,1;4,4;-8,0;-7,0;30,4
18/03/2026 10:38;450,0;454,9;21,4;0,0;-8,0;-7,0;30,7
18/03/2026 10:39;450,0;464,3;10,0;0,0;-8,0;-9,0;30,0
18/03/2026 10:40;450,0;466,0;10,0;0,0;-8,0;-9,0;30,0
18/03/2026 10:41;450,0;464,3;10,0;0,0;-8,0;-9,0;30,0
18/03/2026 10:42;450,0;464,3;10,0;0,0;-8,0;-9,0;30,0
18/03/2026 10:43;450,0;463,1;10,0;0,0;-8,0;-9,0;30,0
18/03/2026 10:44;450,0;462,8;10,0;0,0;-8,0;-9,0;30,0
18/03/2026 10:45;450,0;459,9;10,0;0,0;-8,0;-9,0;30,0
18/03/2026 10:46;450,0;458,4;10,0;0,0;-8,0;-9,0;30,0
18/03/2026 10:47;450,0;456,6;10,0;0,0;-8,0;-9,0;30,0
18/03/2026 10:48;450,0;455,2;10,0;0,0;-8,0;-9,0;30,0
18/03/2026 10:49;450,0;453,7;10,0;0,0;-8,0;-9,0;30,0
18/03/2026 10:50;450,0;449,0;10,0;0,8;-8,0;-9,0;30,0
18/03/2026 10:51;450,0;446,4;13,0;3,4;-8,0;-8,0;30,0
18/03/2026 10:52;450,0;443,5;18,4;6,6;-8,0;-8,0;30,0
18/03/2026 10:53;450,0;444,3;23,8;6,5;-8,0;-7,0;30,3
18/03/2026 10:54;450,0;453,4;21,6;0,0;-8,0;-8,0;30,2
18/03/2026 10:55;450,0;463,1;10,1;0,0;-8,0;-9,0;30,0
18/03/2026 10:56;450,0;466,0;10,0;0,0;-8,0;-9,0;30,0
18/03/2026 10:57;450,0;464,8;10,0;0,0;-8,0;-9,0;30,0
18/03/2026 10:58;450,0;466,6;10,0;0,0;-8,0;-9,0;30,0
18/03/2026 10:59;450,0;467,2;10,0;0,0;-8,0;-9,0;30,0
18/03/2026 11:00;450,0;466,0;10,0;0,0;-8,0;-9,0;30,0
18/03/2026 11:01;450,0;464,6;10,0;0,0;-8,0;-9,0;30,0
18/03/2026 11:02;450,0;462,8;10,0;0,0;-8,0;-9,0;30,0
18/03/2026 11:03;450,0;461,6;10,0;0,0;-8,0;-9,0;30,0
18/03/2026 11:04;450,0;459,3;10,0;0,0;-8,0;-9,0;30,0
18/03/2026 11:05;450,0;456,6;10,0;0,0;-8,0;-9,0;30,0
18/03/2026 11:06;450,0;452,8;10,0;0,0;-8,0;-8,0;30,0
18/03/2026 11:07;450,0;449,9;10,0;0,0;-8,0;-9,0;30,0
18/03/2026 11:08;450,0;446,1;13,7;3,8;-8,0;-8,0;30,0
18/03/2026 11:09;450,0;446,1;17,1;4,2;-8,0;-9,0;30,0
18/03/2026 11:10;450,0;446,1;20,3;4,5;-8,0;-8,0;30,0
18/03/2026 11:11;450,0;449,3;21,4;1,9;-8,0;-8,0;30,0
18/03/2026 11:12;450,0;456,9;15,2;0,0;-8,0;-8,0;30,0
18/03/2026 11:13;450,0;464,6;10,0;0,0;-8,0;-9,0;30,0
18/03/2026 11:14;450,0;465,1;10,0;0,0;-8,0;-9,0;30,0
18/03/2026 11:15;450,0;465,1;10,0;0,0;-8,0;-9,0;30,0
18/03/2026 11:16;450,0;463,7;10,0;0,0;-8,0;-10,0;30,0
18/03/2026 11:17;450,0;462,2;10,0;0,0;-8,0;-9,0;30,0
18/03/2026 11:18;450,0;460,2;10,0;0,0;-8,0;-9,0;30,0
18/03/2026 11:19;450,0;459,6;10,0;0,0;-8,0;-9,0;30,0
18/03/2026 11:20;450,0;458,1;10,0;0,0;-8,0;-9,0;30,0
18/03/2026 11:21;450,0;452,2;10,0;0,0;-8,0;-9,0;30,0
18/03/2026 11:22;450,0;448,4;10,7;1,5;-8,0;-9,0;30,0
18/03/2026 11:23;450,0;444,6;15,1;5,3;-8,0;-9,0;30,0
18/03/2026 11:24;450,0;444,6;20,4;5,8;-8,0;-8,0;30,0
18/03/2026 11:25;450,0;450,8;20,3;0,5;-8,0;-8,0;30,0
18/03/2026 11:26;450,0;461,3;10,0;0,0;-8,0;-9,0;30,0
18/03/2026 11:27;450,0;464,8;10,0;0,0;-8,0;-9,0;30,0
18/03/2026 11:28;450,0;466,0;10,0;0,0;-8,0;-9,0;30,0
18/03/2026 11:29;450,0;464,8;10,0;0,0;-8,0;-9,0;30,0
18/03/2026 11:30;450,0;464,3;10,0;0,0;-8,0;-9,0;30,0
18/03/2026 11:31;450,0;462,8;10,0;0,0;-8,0;-9,0;30,0
18/03/2026 11:32;450,0;461,0;10,0;0,0;-8,0;-9,0;30,0
18/03/2026 11:33;450,0;458,4;10,0;0,0;-8,0;-9,0;30,0
18/03/2026 11:34;450,0;456,1;10,0;0,0;-8,0;-9,0;30,0
18/03/2026 11:35;450,0;452,2;10,0;0,0;-8,0;-9,0;30,0
18/03/2026 11:36;450,0;447,6;11,1;2,1;-8,0;-9,0;30,0
18/03/2026 11:37;450,0;444,0;16,6;6,0;-8,0;-9,0;30,0
18/03/2026 11:38;450,0;441,4;24,1;9,1;-8,0;-8,0;30,0
18/03/2026 11:39;450,0;447,6;26,9;4,1;-8,0;-7,0;30,5
18/03/2026 11:40;450,0;460,7;18,1;0,0;-8,0;-8,0;30,2
18/03/2026 11:41;450,0;470,4;10,0;0,0;-8,0;-9,0;30,0
18/03/2026 11:42;450,0;472,2;10,0;0,0;-8,0;-9,0;30,0
18/03/2026 11:43;450,0;470,1;10,0;0,0;-8,0;-8,0;30,0
18/03/2026 11:44;450,0;466,6;10,0;0,0;-8,0;-9,0;30,0
18/03/2026 11:45;450,0;460,2;10,0;0,0;-8,0;-9,0;30,0
18/03/2026 11:46;450,0;457,5;10,0;0,0;-8,0;-9,0;30,0
18/03/2026 11:47;450,0;457,5;10,0;0,0;-8,0;-9,0;30,0
18/03/2026 11:48;450,0;455,2;10,0;0,0;-8,0;-9,0;30,0
18/03/2026 11:49;450,0;452,0;10,0;0,0;-8,0;-9,0;30,0
18/03/2026 11:50;450,0;451,7;10,0;0,0;-8,0;-9,0;30,0
18/03/2026 11:51;450,0;449,3;10,4;0,6;-8,0;-9,0;30,0
18/03/2026 11:52;450,0;446,1;13,8;3,8;-8,0;-9,0;30,0
18/03/2026 11:53;450,0;444,9;19,1;5,4;-8,0;-8,0;30,0
18/03/2026 11:54;450,0;447,9;21,4;3,1;-8,0;-8,0;30,0
18/03/2026 11:55;450,0;456,4;16,3;0,0;-8,0;-8,0;30,0
18/03/2026 11:56;450,0;464,3;10,0;0,0;-8,0;-9,0;30,0
18/03/2026 11:57;450,0;463,4;10,0;0,0;-8,0;-9,0;30,0
18/03/2026 11:58;450,0;462,2;10,0;0,0;-8,0;-9,0;30,0
18/03/2026 11:59;450,0;460,5;10,0;0,0;-8,0;-9,0;30,0
18/03/2026 12:00;450,0;461,0;10,0;0,0;-8,0;-9,0;30,0
18/03/2026 12:01;450,0;461,6;10,0;0,0;-8,0;-9,0;30,0
18/03/2026 12:02;450,0;461,6;10,0;0,0;-8,0;-9,0;30,0
18/03/2026 12:03;450,0;460,7;10,0;0,0;-8,0;-9,0;30,0
18/03/2026 12:04;450,0;458,7;10,0;0,0;-8,0;-9,0;30,0
18/03/2026 12:05;450,0;455,5;10,0;0,0;-8,0;-9,0;30,0
18/03/2026 12:06;450,0;451,1;10,0;0,0;-8,0;-9,0;30,0
18/03/2026 12:07;450,0;446,1;12,4;3,6;-8,0;-9,0;30,0
18/03/2026 12:08;450,0;439,9;21,0;10,0;-8,0;-7,0;30,3
18/03/2026 12:09;450,0;441,4;29,2;9,7;-8,0;-7,0;30,5
18/03/2026 12:10;450,0;456,9;25,3;0,0;-8,0;-7,0;30,8
18/03/2026 12:11;450,0;471,9;10,0;0,0;-8,0;-9,0;30,0
18/03/2026 12:12;450,0;475,7;10,0;0,0;-8,0;-9,0;30,0
18/03/2026 12:13;450,0;473,6;10,0;0,0;-8,0;-9,0;30,0
18/03/2026 12:14;450,0;469,5;10,0;0,0;-8,0;-9,0;30,0
18/03/2026 12:15;450,0;464,6;10,0;0,0;-8,0;-9,0;30,0
18/03/2026 12:16;450,0;460,7;10,0;0,0;-8,0;-9,0;30,0
18/03/2026 12:17;450,0;456,4;10,0;0,0;-8,0;-9,0;30,0
18/03/2026 12:18;450,0;453,1;10,0;0,0;-8,0;-9,0;30,0
18/03/2026 12:19;450,0;450,2;10,0;0,0;-8,0;-10,0;30,0
18/03/2026 12:20;450,0;447,0;12,5;2,9;-8,0;-9,0;30,0
18/03/2026 12:21;450,0;447,0;15,2;3,2;-8,0;-9,0;30,0
18/03/2026 12:22;450,0;450,8;14,5;0,0;-8,0;-9,0;30,0
18/03/2026 12:23;450,0;454,0;10,7;0,0;-8,0;-9,0;30,0
18/03/2026 12:24;450,0;454,0;10,0;0,0;-8,0;-10,0;30,0
18/03/2026 12:25;450,0;452,2;10,0;0,0;-8,0;-9,0;30,0
18/03/2026 12:26;450,0;450,2;10,0;0,0;-8,0;-9,0;30,0
18/03/2026 12:27;450,0;449,9;10,4;0,0;-8,0;-9,0;30,0
18/03/2026 12:28;450,0;451,4;10,0;0,0;-8,0;-9,0;30,0
18/03/2026 12:29;450,0;451,4;10,0;0,0;-8,0;-9,0;30,0
18/03/2026 12:30;450,0;451,1;10,0;0,0;-8,0;-9,0;30,0
18/03/2026 12:31;450,0;450,8;10,0;0,0;-8,0;-9,0;30,0
18/03/2026 12:32;450,0;449,3;10,2;0,6;-8,0;-9,0;30,0
18/03/2026 12:33;450,0;446,4;12,7;3,4;-8,0;-9,0;30,0
18/03/2026 12:34;450,0;442,6;19,2;7,2;-8,0;-8,0;30,0
18/03/2026 12:35;450,0;442,0;26,3;8,9;-8,0;-7,0;30,3
18/03/2026 12:36;450,0;453,1;25,6;0,0;-8,0;-8,0;30,2
18/03/2026 12:37;450,0;467,2;10,4;0,0;-8,0;-9,0;30,0
18/03/2026 12:38;450,0;471,6;10,0;0,0;-8,0;-9,0;30,0
18/03/2026 12:39;450,0;470,7;10,0;0,0;-8,0;-9,0;30,0
18/03/2026 12:40;450,0;467,8;10,0;0,0;-8,0;-9,0;30,0
18/03/2026 12:41;450,0;464,6;10,0;0,0;-8,0;-9,0;30,0
18/03/2026 12:42;450,0;462,5;10,0;0,0;-8,0;-10,0;30,0
18/03/2026 12:43;450,0;461,0;10,0;0,0;-8,0;-9,0;30,0
18/03/2026 12:44;450,0;457,5;10,0;0,0;-8,0;-9,0;30,0
18/03/2026 12:45;450,0;456,6;10,0;0,0;-8,0;-8,0;30,0
18/03/2026 12:46;450,0;452,5;10,0;0,0;-8,0;-9,0;30,0
18/03/2026 12:47;450,0;449,3;10,3;0,6;-8,0;-9,0;30,0
18/03/2026 12:48;450,0;446,7;13,2;3,2;-8,0;-9,0;30,0
18/03/2026 12:49;450,0;445,2;18,1;5,2;-8,0;-9,0;30,0
18/03/2026 12:50;450,0;447,6;20,9;3,4;-8,0;-8,0;30,0
18/03/2026 12:51;450,0;456,1;15,6;0,0;-8,0;-8,0;30,0
18/03/2026 12:52;450,0;460,7;10,0;0,0;-8,0;-9,0;30,0
18/03/2026 12:53;450,0;461,0;10,0;0,0;-8,0;-9,0;30,0
18/03/2026 12:54;450,0;461,3;10,0;0,0;-8,0;-10,0;30,0
18/03/2026 12:55;450,0;461,3;10,0;0,0;-8,0;-9,0;30,0
18/03/2026 12:56;450,0;461,0;10,0;0,0;-8,0;-9,0;30,0
18/03/2026 12:57;450,0;463,1;10,0;0,0;-8,0;-9,0;30,0
18/03/2026 12:58;450,0;463,4;10,0;0,0;-8,0;-9,0;30,0
18/03/2026 12:59;450,0;463,1;10,0;0,0;-8,0;-9,0;30,0
18/03/2026 13:00;450,0;460,2;10,0;0,0;-8,0;-9,0;30,0
18/03/2026 13:01;450,0;458,4;10,0;0,0;-8,0;-9,0;30,0
18/03/2026 13:02;450,0;454,0;10,0;0,0;-8,0;-9,0;30,0
18/03/2026 13:03;450,0;448,7;10,0;1,0;-8,0;-9,0;30,0
18/03/2026 13:04;450,0;443,5;15,8;6,2;-8,0;-9,0;30,0
18/03/2026 13:05;450,0;442,3;22,9;8,2;-8,0;-8,0;30,0
18/03/2026 13:06;450,0;451,7;23,7;0,3;-8,0;-8,0;30,0
18/03/2026 13:07;450,0;466,6;10,0;0,0;-8,0;-9,0;30,0
18/03/2026 13:08;450,0;471,6;10,0;0,0;-8,0;-10,0;30,0
18/03/2026 13:09;450,0;470,1;10,0;0,0;-8,0;-9,0;30,0
18/03/2026 13:10;450,0;466,9;10,0;0,0;-8,0;-10,0;30,0
18/03/2026 13:11;450,0;462,5;10,0;0,0;-8,0;-10,0;30,0
18/03/2026 13:12;450,0;457,2;10,0;0,0;-8,0;-9,0;30,0
18/03/2026 13:13;450,0;456,4;10,0;0,0;-8,0;-9,0;30,0
18/03/2026 13:14;450,0;458,7;10,0;0,0;-8,0;-9,0;30,0
18/03/2026 13:15;450,0;460,7;10,0;0,0;-8,0;-9,0;30,0
18/03/2026 13:16;450,0;459,3;10,0;0,0;-8,0;-9,0;30,0
18/03/2026 13:17;450,0;457,8;10,0;0,0;-8,0;-9,0;30,0
18/03/2026 13:18;450,0;455,2;10,0;0,0;-8,0;-9,0;30,0
18/03/2026 13:19;450,0;448,7;10,2;1,1;-8,0;-9,0;30,0
18/03/2026 13:20;450,0;444,0;15,3;5,8;-8,0;-9,0;30,0
18/03/2026 13:21;450,0;447,0;18,9;3,7;-8,0;-9,0;30,0
18/03/2026 13:22;450,0;451,4;17,6;0,0;-8,0;-8,0;30,0
18/03/2026 13:23;450,0;456,1;12,5;0,0;-8,0;-9,0;30,0
18/03/2026 13:24;450,0;455,2;10,0;0,0;-8,0;-10,0;30,0
18/03/2026 13:25;450,0;451,1;10,0;0,0;-8,0;-9,0;30,0
18/03/2026 13:26;450,0;447,9;11,4;1,9;-8,0;-9,0;30,0
18/03/2026 13:27;450,0;449,3;11,9;0,7;-8,0;-9,0;30,0
18/03/2026 13:28;450,0;446,1;15,0;3,9;-8,0;-9,0;30,0
18/03/2026 13:29;450,0;444,6;20,3;5,8;-8,0;-8,0;30,0
18/03/2026 13:30;450,0;449,3;21,7;1,9;-8,0;-8,0;30,0
18/03/2026 13:31;450,0;456,6;16,7;0,0;-8,0;-9,0;30,0
18/03/2026 13:32;450,0;460,5;10,0;0,0;-8,0;-9,0;30,0
18/03/2026 13:33;450,0;460,2;10,0;0,0;-8,0;-10,0;30,0
18/03/2026 13:34;450,0;456,6;10,0;0,0;-8,0;-9,0;30,0
18/03/2026 13:35;450,0;451,7;10,0;0,0;-8,0;-10,0;30,0
18/03/2026 13:36;450,0;445,8;12,9;3,9;-8,0;-9,0;30,0
18/03/2026 13:37;450,0;444,0;18,9;6,3;-8,0;-8,0;30,0
18/03/2026 13:38;450,0;446,4;22,9;4,9;-8,0;-8,0;30,0
18/03/2026 13:39;450,0;451,7;20,9;0,0;-8,0;-8,0;30,0
18/03/2026 13:40;450,0;454,9;16,1;0,0;-8,0;-9,0;30,0
18/03/2026 13:41;450,0;454,0;13,0;0,0;-8,0;-9,0;30,0
18/03/2026 13:42;450,0;450,8;13,3;0,0;-8,0;-9,0;30,0
18/03/2026 13:43;450,0;447,9;14,5;2,2;-8,0;-9,0;30,0
18/03/2026 13:44;450,0;446,7;18,0;3,7;-8,0;-8,0;30,0
18/03/2026 13:45;450,0;444,6;22,6;6,1;-8,0;-8,0;30,0
18/03/2026 13:46;450,0;446,4;25,1;4,8;-8,0;-8,0;30,0
18/03/2026 13:47;450,0;447,9;26,6;3,7;-8,0;-7,0;30,6
18/03/2026 13:48;450,0;447,9;28,3;3,9;-8,0;-8,0;30,5
18/03/2026 13:49;450,0;446,4;31,6;5,5;-8,0;-7,0;31,2
18/03/2026 13:50;450,0;446,4;34,6;5,9;-8,0;-7,0;31,5
18/03/2026 13:51;450,0;446,4;37,5;6,2;-8,0;-7,0;31,8
18/03/2026 13:52;450,0;446,4;40,4;6,5;-8,0;-7,0;32,3
18/03/2026 13:53;450,0;444,6;45,1;8,7;-8,0;-6,0;33,3
18/03/2026 13:54;450,0;442,6;51,2;11,2;-8,0;-6,0;34,0
18/03/2026 13:55;450,0;439,7;59,0;12,0;-8,0;-5,0;35,3
18/03/2026 13:56;450,0;435,3;72,8;12,0;-8,0;-4,0;37,2
18/03/2026 13:57;450,0;430,6;89,2;12,0;-8,0;-3,0;39,2
18/03/2026 13:58;450,0;426,2;100,0;12,0;-8,0;-2,0;41,4
18/03/2026 13:59;450,0;419,7;100,0;12,0;-8,0;-2,0;43,8
18/03/2026 14:00;450,0;411,2;100,0;12,0;-8,0;-3,0;44,9
18/03/2026 14:01;450,0;401,6;100,0;12,0;-8,0;-3,0;46,5
18/03/2026 14:02;450,0;391,0;100,0;12,0;-8,0;-4,0;47,3
18/03/2026 14:03;450,0;380,8;100,0;12,0;-8,0;-5,0;48,0
18/03/2026 14:04;450,0;370,5;100,0;12,0;-8,0;-5,0;49,0
18/03/2026 14:05;450,0;362,0;100,0;12,0;-8,0;-5,0;50,0
18/03/2026 14:06;450,0;353,5;100,0;12,0;-8,0;-5,0;50,9
18/03/2026 14:18;450,0;341,8;0,0;0,0;-8,0;0,0;0,0
18/03/2026 14:19;450,0;342,4;60,4;12,0;-8,0;0,0;33,8
18/03/2026 14:20;450,0;342,1;100,0;12,0;-8,0;0,0;36,5
18/03/2026 14:21;450,0;335,3;100,0;12,0;-8,0;-1,0;38,4
18/03/2026 14:22;450,0;328,9;100,0;12,0;-8,0;-1,0;40,8
18/03/2026 14:23;450,0;323,9;100,0;12,0;-8,0;1,0;43,9
18/03/2026 14:24;450,0;357,3;100,0;12,0;-8,0;-1,0;45,3
18/03/2026 14:25;450,0;431,7;100,0;12,0;-8,0;-1,0;47,6
18/03/2026 14:26;450,0;516,7;56,2;0,0;-8,0;-9,0;46,4
18/03/2026 14:27;450,0;544,5;0,0;0,0;-8,0;-15,0;41,3
18/03/2026 14:28;450,0;520,5;0,0;0,0;-8,0;-14,0;39,6
18/03/2026 14:29;450,0;495,0;5,0;0,0;-8,0;-12,0;38,9
18/03/2026 14:30;450,0;474,5;5,0;0,0;-8,0;-13,0;36,9
18/03/2026 14:31;450,0;458,7;5,0;0,0;-8,0;-12,0;36,1
18/03/2026 14:32;450,0;442,9;8,1;6,4;-8,0;-11,0;35,4
18/03/2026 14:33;450,0;432,9;22,8;12,0;-8,0;-10,0;35,0
18/03/2026 14:34;450,0;433,2;37,5;12,0;-8,0;-7,0;36,1
18/03/2026 14:35;450,0;459,3;33,0;0,0;-8,0;-7,0;36,4
18/03/2026 14:36;450,0;473,3;8,1;0,0;-8,0;-11,0;34,2
18/03/2026 14:37;450,0;468,4;5,0;0,0;-8,0;-11,0;33,3
18/03/2026 14:38;450,0;459,0;5,0;0,0;-8,0;-11,0;32,3
18/03/2026 14:39;450,0;449,0;5,0;0,7;-8,0;-10,0;32,1
18/03/2026 14:40;450,0;440,8;13,6;8,9;-8,0;-10,0;31,4
18/03/2026 14:41;450,0;439,1;25,3;12,0;-8,0;-8,0;32,0
18/03/2026 14:42;450,0;448,1;26,9;4,2;-8,0;-7,0;32,7
18/03/2026 14:43;450,0;465,7;13,0;0,0;-8,0;-9,0;31,8
18/03/2026 14:44;450,0;473,6;5,0;0,0;-8,0;-10,0;30,8
18/03/2026 14:45;450,0;471,6;5,0;0,0;-8,0;-10,0;30,1
18/03/2026 14:46;450,0;465,7;5,0;0,0;-8,0;-9,0;30,3
18/03/2026 14:47;450,0;459,9;5,0;0,0;-8,0;-9,0;30,0
18/03/2026 14:48;450,0;453,7;5,0;0,0;-8,0;-10,0;30,0
18/03/2026 14:49;450,0;448,7;5,3;1,1;-8,0;-10,0;30,0
18/03/2026 14:50;450,0;443,5;11,4;6,4;-8,0;-9,0;30,0
18/03/2026 14:51;450,0;442,0;18,6;8,6;-8,0;-8,0;30,0
18/03/2026 14:52;450,0;450,2;19,3;1,6;-8,0;-8,0;30,0
18/03/2026 14:53;450,0;462,2;9,2;0,0;-8,0;-9,0;30,0
18/03/2026 14:54;450,0;465,7;5,0;0,0;-8,0;-9,0;30,0
18/03/2026 14:55;450,0;465,7;5,0;0,0;-8,0;-10,0;30,0
18/03/2026 14:56;450,0;463,1;5,0;0,0;-8,0;-10,0;30,0
18/03/2026 14:57;450,0;461,3;5,0;0,0;-8,0;-10,0;30,0
18/03/2026 14:58;450,0;460,5;5,0;0,0;-8,0;-9,0;30,0
18/03/2026 14:59;450,0;460,2;5,0;0,0;-8,0;-9,0;30,0
18/03/2026 15:00;450,0;455,8;5,0;0,0;-8,0;-10,0;30,0
18/03/2026 15:01;450,0;452,5;5,0;0,0;-8,0;-10,0;30,0
18/03/2026 15:02;450,0;450,8;5,0;0,0;-8,0;-9,0;30,0
18/03/2026 15:03;450,0;447,3;6,4;2,4;-8,0;-10,0;30,0
18/03/2026 15:04;450,0;445,8;11,2;4,4;-8,0;-9,0;30,0
18/03/2026 15:05;450,0;447,3;13,4;3,3;-8,0;-9,0;30,0
18/03/2026 15:06;450,0;452,0;11,7;0,0;-8,0;-9,0;30,0
18/03/2026 15:07;450,0;458,1;5,0;0,0;-8,0;-10,0;30,0
18/03/2026 15:08;450,0;462,5;5,0;0,0;-8,0;-10,0;30,0
18/03/2026 15:09;450,0;463,4;5,0;0,0;-8,0;-10,0;30,0
18/03/2026 15:10;450,0;463,1;5,0;0,0;-8,0;-10,0;30,0
18/03/2026 15:11;450,0;461,6;5,0;0,0;-8,0;-9,0;30,0
18/03/2026 15:12;450,0;460,2;5,0;0,0;-8,0;-10,0;30,0
18/03/2026 15:13;450,0;460,2;5,0;0,0;-8,0;-10,0;30,0
18/03/2026 15:14;450,0;461,0;5,0;0,0;-8,0;-10,0;30,0
18/03/2026 15:15;450,0;458,1;5,0;0,0;-8,0;-10,0;30,0
18/03/2026 15:16;450,0;454,6;5,0;0,0;-8,0;-10,0;30,0
18/03/2026 15:17;450,0;450,2;5,0;0,0;-8,0;-10,0;30,0
18/03/2026 15:18;450,0;445,8;7,6;3,8;-8,0;-10,0;30,0
18/03/2026 15:19;450,0;442,9;14,4;7,3;-8,0;-8,0;30,0
18/03/2026 15:20;450,0;449,0;16,4;2,2;-8,0;-9,0;30,0
18/03/2026 15:21;450,0;460,7;6,7;0,0;-8,0;-10,0;30,0
18/03/2026 15:22;450,0;465,7;5,0;0,0;-8,0;-10,0;30,0
18/03/2026 15:23;450,0;462,5;5,0;0,0;-8,0;-10,0;30,0
18/03/2026 15:24;450,0;458,4;5,0;0,0;-8,0;-10,0;30,0
18/03/2026 15:25;450,0;455,2;5,0;0,0;-8,0;-10,0;30,0
18/03/2026 15:26;450,0;451,4;5,0;0,0;-8,0;-10,0;30,0
18/03/2026 15:27;450,0;447,6;6,3;2,1;-8,0;-10,0;30,0
18/03/2026 15:28;450,0;444,9;11,5;5,1;-8,0;-9,0;30,0
18/03/2026 15:29;450,0;448,7;13,2;2,1;-8,0;-9,0;30,0
18/03/2026 15:30;450,0;456,6;7,2;0,0;-8,0;-9,0;30,0
18/03/2026 15:31;450,0;461,3;5,0;0,0;-8,0;-9,0;30,0
18/03/2026 15:32;450,0;461,3;5,0;0,0;-8,0;-10,0;30,0
18/03/2026 15:33;450,0;458,4;5,0;0,0;-8,0;-10,0;30,0
18/03/2026 15:34;450,0;456,4;5,0;0,0;-8,0;-10,0;30,0
18/03/2026 15:35;450,0;453,1;5,0;0,0;-8,0;-10,0;30,0
18/03/2026 15:36;450,0;448,7;5,2;1,1;-8,0;-10,0;30,0
18/03/2026 15:37;450,0;445,5;10,0;4,5;-8,0;-9,0;30,0
18/03/2026 15:38;450,0;445,8;14,3;4,8;-8,0;-9,0;30,0
18/03/2026 15:39;450,0;452,0;13,3;0,0;-8,0;-9,0;30,0
18/03/2026 15:40;450,0;458,1;6,1;0,0;-8,0;-9,0;30,0
18/03/2026 15:41;450,0;460,2;5,0;0,0;-8,0;-10,0;30,0
18/03/2026 15:42;450,0;459,6;5,0;0,0;-8,0;-10,0;30,0
18/03/2026 15:43;450,0;459,6;5,0;0,0;-8,0;-9,0;30,0
18/03/2026 15:44;450,0;459,3;5,0;0,0;-8,0;-10,0;30,0
18/03/2026 15:45;450,0;457,8;5,0;0,0;-8,0;-10,0;30,0
18/03/2026 15:46;450,0;457,2;5,0;0,0;-8,0;-10,0;30,0
18/03/2026 15:47;450,0;457,8;5,0;0,0;-8,0;-10,0;30,0
18/03/2026 15:48;450,0;456,1;5,0;0,0;-8,0;-10,0;30,0
18/03/2026 15:49;450,0;454,3;5,0;0,0;-8,0;-10,0;30,0
18/03/2026 15:50;450,0;449,0;5,0;0,8;-8,0;-10,0;30,0
18/03/2026 15:51;450,0;444,9;9,6;4,9;-8,0;-9,0;30,0
18/03/2026 15:52;450,0;445,2;15,0;5,3;-8,0;-9,0;30,0
18/03/2026 15:53;450,0;448,4;17,0;2,8;-8,0;-9,0;30,0
18/03/2026 15:54;450,0;456,6;11,9;0,0;-8,0;-9,0;30,0
18/03/2026 15:55;450,0;461,0;5,0;0,0;-8,0;-10,0;30,0
18/03/2026 15:56;450,0;461,9;5,0;0,0;-8,0;-10,0;30,0
18/03/2026 15:57;450,0;461,0;5,0;0,0;-8,0;-10,0;30,0
18/03/2026 15:58;450,0;460,2;5,0;0,0;-8,0;-10,0;30,0
18/03/2026 15:59;450,0;457,2;5,0;0,0;-8,0;-10,0;30,0
18/03/2026 16:00;450,0;454,3;5,0;0,0;-8,0;-9,0;30,0
18/03/2026 16:01;450,0;453,4;5,0;0,0;-8,0;-10,0;30,0
18/03/2026 16:02;450,0;450,2;5,0;0,0;-8,0;-10,0;30,0
18/03/2026 16:03;450,0;450,2;5,0;0,0;-8,0;-10,0;30,0
18/03/2026 16:04;450,0;452,5;5,0;0,0;-8,0;-9,0;30,0
18/03/2026 16:05;450,0;452,2;5,0;0,0;-8,0;-9,0;30,0
18/03/2026 16:06;450,0;448,7;5,2;1,1;-8,0;-9,0;30,0
18/03/2026 16:07;450,0;446,7;9,1;3,3;-8,0;-10,0;30,0
18/03/2026 16:08;450,0;446,4;12,1;3,9;-8,0;-8,0;30,0
18/03/2026 16:09;450,0;448,7;13,3;2,0;-8,0;-9,0;30,0
18/03/2026 16:10;450,0;452,0;11,4;0,0;-8,0;-9,0;30,0
18/03/2026 16:11;450,0;456,4;6,3;0,0;-8,0;-9,0;30,0
18/03/2026 16:12;450,0;455,8;5,0;0,0;-8,0;-10,0;30,0
18/03/2026 16:13;450,0;458,1;5,0;0,0;-8,0;-10,0;30,0
18/03/2026 16:14;450,0;461,0;5,0;0,0;-8,0;-9,0;30,0
18/03/2026 16:15;450,0;467,5;5,0;0,0;-8,0;-9,0;30,0
18/03/2026 16:16;450,0;468,7;5,0;0,0;-8,0;-9,0;30,0
18/03/2026 16:17;450,0;462,8;5,0;0,0;-8,0;-9,0;30,0
18/03/2026 16:18;450,0;455,8;5,0;0,0;-8,0;-10,0;30,0
18/03/2026 16:19;450,0;450,8;5,0;0,0;-8,0;-9,0;30,0
18/03/2026 16:20;450,0;446,4;7,8;3,4;-8,0;-9,0;30,0
18/03/2026 16:21;450,0;446,1;12,6;4,2;-8,0;-9,0;30,0
18/03/2026 16:22;450,0;449,9;13,5;1,0;-8,0;-8,0;30,0
18/03/2026 16:23;450,0;457,8;5,9;0,0;-8,0;-9,0;30,0
18/03/2026 16:24;450,0;460,2;5,0;0,0;-8,0;-10,0;30,0
18/03/2026 16:25;450,0;458,4;5,0;0,0;-8,0;-10,0;30,0
18/03/2026 16:26;450,0;454,9;5,0;0,0;-8,0;-10,0;30,0
18/03/2026 16:27;450,0;450,8;5,0;0,0;-8,0;-9,0;30,0
18/03/2026 16:28;450,0;450,5;5,0;0,0;-8,0;-10,0;30,0
18/03/2026 16:29;450,0;452,0;5,0;0,0;-8,0;-9,0;30,0
18/03/2026 16:30;450,0;452,0;5,0;0,0;-8,0;-9,0;30,0
18/03/2026 16:31;450,0;448,4;5,9;1,5;-8,0;-9,0;30,0
18/03/2026 16:32;450,0;444,3;10,6;5,6;-8,0;-9,0;30,0
18/03/2026 16:33;450,0;444,3;15,7;6,2;-8,0;-8,0;30,0
18/03/2026 16:34;450,0;451,1;15,9;0,4;-8,0;-9,0;30,0
18/03/2026 16:35;450,0;462,2;5,4;0,0;-8,0;-10,0;30,0
18/03/2026 16:36;450,0;466,0;5,0;0,0;-8,0;-10,0;30,0
18/03/2026 16:37;450,0;465,7;5,0;0,0;-8,0;-9,0;30,0
18/03/2026 16:38;450,0;464,6;5,0;0,0;-8,0;-9,0;30,0
18/03/2026 16:39;450,0;464,0;5,0;0,0;-8,0;-9,0;30,0
18/03/2026 16:40;450,0;467,2;5,0;0,0;-8,0;-9,0;30,0
18/03/2026 16:41;450,0;467,2;5,0;0,0;-8,0;-9,0;30,0
18/03/2026 16:42;450,0;466,0;5,0;0,0;-8,0;-9,0;30,0
18/03/2026 16:43;450,0;462,8;5,0;0,0;-8,0;-9,0;30,0
18/03/2026 16:44;450,0;456,1;5,0;0,0;-8,0;-9,0;30,0
18/03/2026 16:45;450,0;449,0;5,1;0,8;-8,0;-9,0;30,0
18/03/2026 16:46;450,0;443,5;10,8;6,2;-8,0;-10,0;30,0
18/03/2026 16:47;450,0;442,3;19,1;8,4;-8,0;-8,0;30,0
18/03/2026 16:48;450,0;449,6;19,2;1,9;-8,0;-8,0;30,0
18/03/2026 16:49;450,0;461,0;9,0;0,0;-8,0;-9,0;30,0
18/03/2026 16:50;450,0;465,7;5,0;0,0;-8,0;-10,0;30,0
18/03/2026 16:52;450,0;457,8;5,0;0,0;-8,0;-10,0;30,0
18/03/2026 16:53;450,0;451,7;5,0;0,0;-8,0;-10,0;30,0
18/03/2026 16:54;450,0;447,3;6,8;2,6;-8,0;-9,0;30,0
18/03/2026 16:55;450,0;445,8;10,8;4,3;-8,0;-9,0;30,0
18/03/2026 16:56;450,0;447,6;13,5;3,1;-8,0;-9,0;30,0
18/03/2026 16:57;450,0;454,3;9,7;0,0;-8,0;-8,0;30,0
18/03/2026 16:58;450,0;458,4;5,0;0,0;-8,0;-10,0;30,0
18/03/2026 16:59;450,0;459,6;5,0;0,0;-8,0;-10,0;30,0
18/03/2026 17:00;450,0;459,6;5,0;0,0;-8,0;-9,0;30,0
18/03/2026 17:01;450,0;455,8;5,0;0,0;-8,0;-9,0;30,0
18/03/2026 17:02;450,0;454,6;5,0;0,0;-8,0;-9,0;30,0
18/03/2026 17:03;450,0;454,3;5,0;0,0;-8,0;-9,0;30,0
18/03/2026 17:04;450,0;457,2;5,0;0,0;-8,0;-9,0;30,0
18/03/2026 17:05;450,0;461,6;5,0;0,0;-8,0;-9,0;30,0
18/03/2026 17:06;450,0;461,9;5,0;0,0;-8,0;-9,0;30,0
18/03/2026 17:07;450,0;460,5;5,0;0,0;-8,0;-9,0;30,0
18/03/2026 17:08;450,0;457,5;5,0;0,0;-8,0;-9,0;30,0
18/03/2026 17:09;450,0;454,0;5,0;0,0;-8,0;-9,0;30,0
18/03/2026 17:10;450,0;450,2;5,0;0,0;-8,0;-9,0;30,0
18/03/2026 17:11;450,0;446,7;7,2;3,1;-8,0;-9,0;30,0
18/03/2026 17:12;450,0;442,3;14,8;7,9;-8,0;-8,0;30,0
18/03/2026 17:13;450,0;445,2;18,4;5,7;-8,0;-8,0;30,0
18/03/2026 17:14;450,0;453,7;15,7;0,0;-8,0;-8,0;30,0
18/03/2026 17:15;450,0;461,9;5,0;0,0;-8,0;-9,0;30,0
18/03/2026 17:16;450,0;461,6;5,0;0,0;-8,0;-10,0;30,0
18/03/2026 17:17;450,0;460,2;5,0;0,0;-8,0;-9,0;30,0
18/03/2026 17:18;450,0;461,9;5,0;0,0;-8,0;-9,0;30,0
18/03/2026 17:19;450,0;463,4;5,0;0,0;-8,0;-9,0;30,0
18/03/2026 17:20;450,0;461,9;5,0;0,0;-8,0;-9,0;30,0
18/03/2026 17:21;450,0;458,4;5,0;0,0;-8,0;-9,0;30,0
18/03/2026 17:22;450,0;454,0;5,0;0,0;-8,0;-8,0;30,0
18/03/2026 17:23;450,0;448,7;5,4;1,2;-8,0;-9,0;30,0
18/03/2026 17:24;450,0;443,5;11,3;6,3;-8,0;-9,0;30,0
18/03/2026 17:25;450,0;443,8;17,6;6,9;-8,0;-9,0;30,0
18/03/2026 17:26;450,0;445,5;21,2;5,8;-8,0;-8,0;30,0
18/03/2026 17:27;450,0;448,4;22,1;3,3;-8,0;-8,0;30,0
18/03/2026 17:28;450,0;449,9;22,1;1,9;-8,0;-8,0;30,1
18/03/2026 17:29;450,0;448,7;22,8;3,1;-8,0;-8,0;30,0
18/03/2026 17:30;450,0;450,2;23,6;2,0;-8,0;-8,0;30,3
18/03/2026 17:31;450,0;450,8;22,2;1,3;-8,0;-8,0;30,3
18/03/2026 17:32;450,0;451,7;20,6;0,3;-8,0;-8,0;30,3
18/03/2026 17:33;450,0;452,0;19,9;0,0;-8,0;-8,0;30,3
18/03/2026 17:34;450,0;450,5;18,4;1,1;-8,0;-8,0;30,3
18/03/2026 17:35;450,0;447,6;20,6;3,7;-8,0;-8,0;30,4
18/03/2026 17:36;450,0;448,7;22,5;3,1;-8,0;-8,0;30,4
18/03/2026 17:37;450,0;453,4;19,9;0,0;-8,0;-8,0;30,4
18/03/2026 17:38;450,0;456,6;14,5;0,0;-8,0;-9,0;30,0
18/03/2026 17:39;450,0;456,6;7,1;0,0;-8,0;-9,0;30,0
18/03/2026 17:40;450,0;455,2;5,0;0,0;-8,0;-10,0;30,0
18/03/2026 17:41;450,0;453,4;5,0;0,0;-8,0;-9,0;30,0
18/03/2026 17:42;450,0;451,7;5,0;0,0;-8,0;-9,0;30,0
18/03/2026 17:43;450,0;449,3;5,0;0,5;-8,0;-10,0;30,0
18/03/2026 17:44;450,0;445,2;9,0;4,6;-8,0;-9,0;30,0
18/03/2026 17:45;450,0;442,3;16,6;8,1;-8,0;-8,0;30,0
18/03/2026 17:46;450,0;443,2;22,8;7,9;-8,0;-8,0;30,0
18/03/2026 17:47;450,0;452,5;21,5;0,0;-8,0;-8,0;30,3
18/03/2026 17:48;450,0;463,1;9,3;0,0;-8,0;-9,0;30,0
18/03/2026 17:49;450,0;466,3;5,0;0,0;-8,0;-10,0;30,0
18/03/2026 17:50;450,0;461,9;5,0;0,0;-8,0;-9,0;30,0
18/03/2026 17:51;450,0;458,1;5,0;0,0;-8,0;-9,0;30,0
18/03/2026 17:52;450,0;454,0;5,0;0,0;-8,0;-10,0;30,0
18/03/2026 17:53;450,0;451,4;5,0;0,0;-8,0;-9,0;30,0
18/03/2026 17:54;450,0;448,4;5,9;1,5;-8,0;-9,0;30,0
18/03/2026 17:55;450,0;445,8;9,7;4,2;-8,0;-9,0;30,0
18/03/2026 17:56;450,0;443,5;15,1;6,8;-8,0;-9,0;30,0
18/03/2026 17:57;450,0;447,0;19,3;4,4;-8,0;-8,0;30,0
18/03/2026 17:58;450,0;460,7;11,3;0,0;-8,0;-9,0;30,0
18/03/2026 17:59;450,0;470,7;5,0;0,0;-8,0;-9,0;30,0
18/03/2026 18:00;450,0;471,3;5,0;0,0;-8,0;-10,0;30,0
18/03/2026 18:01;450,0;468,4;5,0;0,0;-8,0;-10,0;30,0
18/03/2026 18:02;450,0;465,4;5,0;0,0;-8,0;-10,0;30,0
18/03/2026 18:03;450,0;460,7;5,0;0,0;-8,0;-10,0;30,0
18/03/2026 18:04;450,0;456,9;5,0;0,0;-8,0;-10,0;30,0
18/03/2026 18:05;450,0;455,2;5,0;0,0;-8,0;-9,0;30,0
18/03/2026 18:06;450,0;454,0;5,0;0,0;-8,0;-9,0;30,0
18/03/2026 18:07;450,0;453,7;5,0;0,0;-8,0;-9,0;30,0
18/03/2026 18:08;450,0;452,5;5,0;0,0;-8,0;-10,0;30,0
18/03/2026 18:09;450,0;451,7;5,0;0,0;-8,0;-9,0;30,0
18/03/2026 18:10;450,0;451,1;5,0;0,0;-8,0;-9,0;30,0
18/03/2026 18:11;450,0;446,4;7,4;3,3;-8,0;-9,0;30,0
18/03/2026 18:12;450,0;443,8;13,5;6,4;-8,0;-9,0;30,0
18/03/2026 18:13;450,0;446,4;17,0;4,5;-8,0;-9,0;30,0
18/03/2026 18:14;450,0;454,9;13,3;0,0;-8,0;-9,0;30,0
18/03/2026 18:15;450,0;464,6;5,0;0,0;-8,0;-10,0;30,0
18/03/2026 18:16;450,0;464,8;5,0;0,0;-8,0;-9,0;30,0
18/03/2026 18:17;450,0;464,6;5,0;0,0;-8,0;-10,0;30,0
18/03/2026 18:18;450,0;464,3;5,0;0,0;-8,0;-9,0;30,0
18/03/2026 18:19;450,0;462,2;5,0;0,0;-8,0;-9,0;30,0
18/03/2026 18:20;450,0;462,5;5,0;0,0;-8,0;-9,0;30,0
18/03/2026 18:21;450,0;460,7;5,0;0,0;-8,0;-9,0;30,0
18/03/2026 18:22;450,0;456,4;5,0;0,0;-8,0;-9,0;30,0
18/03/2026 18:23;450,0;453,4;5,0;0,0;-8,0;-10,0;30,0
18/03/2026 18:24;450,0;450,5;5,0;0,0;-8,0;-9,0;30,0
18/03/2026 18:25;450,0;446,1;7,8;3,7;-8,0;-9,0;30,0
18/03/2026 18:26;450,0;444,9;12,5;5,2;-8,0;-9,0;30,0
18/03/2026 18:27;450,0;449,0;13,9;1,9;-8,0;-9,0;30,0
18/03/2026 18:28;450,0;454,9;10,3;0,0;-8,0;-9,0;30,0
18/03/2026 18:29;450,0;457,8;5,0;0,0;-8,0;-9,0;30,0
18/03/2026 18:30;450,0;455,2;5,0;0,0;-8,0;-10,0;30,0
18/03/2026 18:31;450,0;450,5;5,0;0,0;-8,0;-10,0;30,0
18/03/2026 18:32;450,0;445,8;8,1;4,0;-8,0;-9,0;30,0
18/03/2026 18:33;450,0;446,1;12,2;4,2;-8,0;-9,0;30,0
18/03/2026 18:34;450,0;451,7;10,8;0,0;-8,0;-9,0;30,0
18/03/2026 18:35;450,0;458,1;5,0;0,0;-8,0;-10,0;30,0
18/03/2026 18:36;450,0;459,3;5,0;0,0;-8,0;-9,0;30,0
18/03/2026 18:37;450,0;459,6;5,0;0,0;-8,0;-9,0;30,0
18/03/2026 18:38;450,0;456,9;5,0;0,0;-8,0;-9,0;30,0
18/03/2026 18:39;450,0;455,5;5,0;0,0;-8,0;-9,0;30,0
18/03/2026 18:40;450,0;450,8;5,0;0,0;-8,0;-9,0;30,0
18/03/2026 18:41;450,0;448,7;5,6;1,2;-8,0;-9,0;30,0
18/03/2026 18:42;450,0;448,7;6,9;1,3;-8,0;-9,0;30,0
18/03/2026 18:43;450,0;448,7;8,0;1,4;-8,0;-9,0;30,0
18/03/2026 18:44;450,0;449,9;8,0;0,3;-8,0;-9,0;30,0
18/03/2026 18:45;450,0;448,4;9,3;1,9;-8,0;-9,0;30,0
18/03/2026 18:46;450,0;445,5;13,3;4,9;-8,0;-9,0;30,0
18/03/2026 18:47;450,0;445,5;17,0;5,3;-8,0;-9,0;30,0
18/03/2026 18:48;450,0;448,7;18,8;2,7;-8,0;-8,0;30,0
18/03/2026 18:49;450,0;456,9;13,4;0,0;-8,0;-9,0;30,0
18/03/2026 18:50;450,0;459,9;5,0;0,0;-8,0;-9,0;30,0
18/03/2026 18:51;450,0;460,7;5,0;0,0;-8,0;-10,0;30,0
18/03/2026 18:52;450,0;459,0;5,0;0,0;-8,0;-10,0;30,0
18/03/2026 18:53;450,0;456,6;5,0;0,0;-8,0;-9,0;30,0
18/03/2026 18:54;450,0;456,1;5,0;0,0;-8,0;-9,0;30,0
18/03/2026 18:55;450,0;456,1;5,0;0,0;-8,0;-9,0;30,0
18/03/2026 18:56;450,0;456,4;5,0;0,0;-8,0;-9,0;30,0
18/03/2026 18:57;450,0;454,6;5,0;0,0;-8,0;-10,0;30,0
18/03/2026 18:58;450,0;451,7;5,0;0,0;-8,0;-9,0;30,0
18/03/2026 18:59;450,0;447,9;6,2;1,9;-8,0;-9,0;30,0
18/03/2026 19:00;450,0;442,6;12,6;7,3;-8,0;-9,0;30,0
18/03/2026 19:01;450,0;444,0;18,0;6,7;-8,0;-8,0;30,0
18/03/2026 19:02;450,0;444,3;22,7;7,0;-8,0;-8,0;30,0
18/03/2026 19:03;450,0;445,5;26,6;6,4;-8,0;-7,0;30,5
18/03/2026 19:04;450,0;448,1;28,2;4,3;-8,0;-7,0;30,7
18/03/2026 19:05;450,0;448,7;28,7;3,8;-8,0;-7,0;31,0
18/03/2026 19:06;450,0;450,2;28,6;2,6;-8,0;-7,0;31,4
18/03/2026 19:07;450,0;454,6;25,2;0,0;-8,0;-8,0;31,1
18/03/2026 19:08;450,0;456,4;18,9;0,0;-8,0;-9,0;30,8
18/03/2026 19:09;450,0;450,5;17,9;1,0;-8,0;-9,0;30,3
18/03/2026 19:10;450,0;445,5;22,0;5,9;-8,0;-8,0;30,7
18/03/2026 19:11;450,0;447,9;24,7;4,0;-8,0;-8,0;30,7
18/03/2026 19:12;450,0;457,5;19,4;0,0;-8,0;-8,0;30,8
18/03/2026 19:13;450,0;464,8;5,7;0,0;-8,0;-9,0;30,2
18/03/2026 19:14;450,0;463,1;5,0;0,0;-8,0;-9,0;30,0
18/03/2026 19:15;450,0;455,5;5,0;0,0;-8,0;-10,0;30,0
18/03/2026 19:16;450,0;448,7;5,0;1,0;-8,0;-9,0;30,0
18/03/2026 19:17;450,0;443,5;10,4;6,2;-8,0;-9,0;30,0
18/03/2026 19:18;450,0;440,8;18,9;9,7;-8,0;-8,0;30,0
18/03/2026 19:19;450,0;448,1;22,6;3,7;-8,0;-8,0;30,1
18/03/2026 19:20;450,0;464,6;9,1;0,0;-8,0;-9,0;30,0
18/03/2026 19:21;450,0;469,5;5,0;0,0;-8,0;-9,0;30,0
18/03/2026 19:22;450,0;469,8;5,0;0,0;-8,0;-10,0;30,0
18/03/2026 19:23;450,0;464,8;5,0;0,0;-8,0;-10,0;30,0
18/03/2026 19:24;450,0;461,6;5,0;0,0;-8,0;-10,0;30,0
18/03/2026 19:25;450,0;457,2;5,0;0,0;-8,0;-9,0;30,0
18/03/2026 19:26;450,0;456,1;5,0;0,0;-8,0;-10,0;30,0
18/03/2026 19:27;450,0;453,4;5,0;0,0;-8,0;-10,0;30,0
18/03/2026 19:28;450,0;452,5;5,0;0,0;-8,0;-9,0;30,0
18/03/2026 19:29;450,0;452,0;5,0;0,0;-8,0;-10,0;30,0
18/03/2026 19:30;450,0;449,3;5,5;0,6;-8,0;-10,0;30,0
18/03/2026 19:31;450,0;446,1;8,8;3,8;-8,0;-9,0;30,0
18/03/2026 19:32;450,0;443,5;14,8;6,7;-8,0;-9,0;30,0
18/03/2026 19:33;450,0;445,8;19,3;5,3;-8,0;-9,0;30,0
18/03/2026 19:34;450,0;456,4;14,6;0,0;-8,0;-9,0;30,0
18/03/2026 19:35;450,0;468,1;5,0;0,0;-8,0;-10,0;30,0
18/03/2026 19:36;450,0;469,2;5,0;0,0;-8,0;-10,0;30,0
18/03/2026 19:37;450,0;467,2;5,0;0,0;-8,0;-10,0;30,0
18/03/2026 19:38;450,0;463,4;5,0;0,0;-8,0;-10,0;30,0
18/03/2026 19:39;450,0;461,0;5,0;0,0;-8,0;-10,0;30,0
18/03/2026 19:40;450,0;456,4;5,0;0,0;-8,0;-10,0;30,0
18/03/2026 19:41;450,0;453,4;5,0;0,0;-8,0;-10,0;30,0
18/03/2026 19:42;450,0;451,4;5,0;0,0;-8,0;-10,0;30,0
18/03/2026 19:43;450,0;450,2;5,0;0,0;-8,0;-10,0;30,0
18/03/2026 19:44;450,0;447,0;7,3;2,9;-8,0;-10,0;30,0
18/03/2026 19:45;450,0;444,0;11,9;6,0;-8,0;-10,0;30,0
18/03/2026 19:46;450,0;444,3;18,5;6,6;-8,0;-9,0;30,0
18/03/2026 19:47;450,0;454,6;15,1;0,0;-8,0;-9,0;30,0
18/03/2026 19:48;450,0;463,4;5,0;0,0;-8,0;-10,0;30,0
18/03/2026 19:49;450,0;462,8;5,0;0,0;-8,0;-10,0;30,0
18/03/2026 19:50;450,0;461,0;5,0;0,0;-8,0;-9,0;30,0
18/03/2026 19:51;450,0;456,6;5,0;0,0;-8,0;-10,0;30,0
18/03/2026 19:52;450,0;452,2;5,0;0,0;-8,0;-10,0;30,0
18/03/2026 19:53;450,0;449,0;5,7;0,9;-8,0;-10,0;30,0
18/03/2026 19:54;450,0;446,1;9,5;3,9;-8,0;-10,0;30,0
18/03/2026 19:55;450,0;444,9;14,4;5,5;-8,0;-9,0;30,0
18/03/2026 19:56;450,0;451,4;13,9;0,0;-8,0;-9,0;30,0
18/03/2026 19:57;450,0;459,9;5,0;0,0;-8,0;-10,0;30,0
18/03/2026 19:58;450,0;461,3;5,0;0,0;-8,0;-10,0;30,0
18/03/2026 19:59;450,0;458,7;5,0;0,0;-8,0;-10,0;30,0
18/03/2026 20:00;450,0;456,9;5,0;0,0;-8,0;-10,0;30,0
18/03/2026 20:01;450,0;454,6;5,0;0,0;-8,0;-10,0;30,0
18/03/2026 20:02;450,0;452,2;5,0;0,0;-8,0;-10,0;30,0
18/03/2026 20:03;450,0;450,8;5,0;0,0;-8,0;-10,0;30,0
18/03/2026 20:04;450,0;449,3;5,7;0,6;-8,0;-10,0;30,0
18/03/2026 20:05;450,0;449,3;6,3;0,7;-8,0;-10,0;30,0
18/03/2026 20:06;450,0;451,7;5,4;0,0;-8,0;-10,0;30,0
18/03/2026 20:07;450,0;452,8;5,0;0,0;-8,0;-10,0;30,0
18/03/2026 20:08;450,0;452,0;5,0;0,0;-8,0;-10,0;30,0
18/03/2026 20:09;450,0;449,0;5,0;0,8;-8,0;-10,0;30,0
18/03/2026 20:10;450,0;445,2;9,5;4,7;-8,0;-9,0;30,0
18/03/2026 20:11;450,0;445,2;14,0;5,2;-8,0;-9,0;30,0
18/03/2026 20:12;450,0;449,6;15,4;1,7;-8,0;-9,0;30,0
18/03/2026 20:13;450,0;456,9;9,5;0,0;-8,0;-10,0;30,0
18/03/2026 20:14;450,0;458,4;5,0;0,0;-8,0;-10,0;30,0
18/03/2026 20:15;450,0;456,9;5,0;0,0;-8,0;-10,0;30,0
18/03/2026 20:16;450,0;454,6;5,0;0,0;-8,0;-10,0;30,0
18/03/2026 20:17;450,0;452,0;5,0;0,0;-8,0;-10,0;30,0
18/03/2026 20:18;450,0;450,5;5,0;0,0;-8,0;-10,0;30,0
18/03/2026 20:19;450,0;449,9;5,0;0,0;-8,0;-10,0;30,0
18/03/2026 20:20;450,0;448,7;6,6;1,3;-8,0;-10,0;30,0
18/03/2026 20:21;450,0;447,3;8,6;2,7;-8,0;-9,0;30,0
18/03/2026 20:22;450,0;447,3;11,0;3,0;-8,0;-9,0;30,0
18/03/2026 20:23;450,0;445,8;15,0;4,8;-8,0;-9,0;30,0
18/03/2026 20:24;450,0;450,2;15,6;1,1;-8,0;-9,0;30,0
18/03/2026 20:25;450,0;458,1;8,6;0,0;-8,0;-10,0;30,0
18/03/2026 20:26;450,0;460,7;5,0;0,0;-8,0;-10,0;30,0
18/03/2026 20:27;450,0;457,8;5,0;0,0;-8,0;-9,0;30,0
18/03/2026 20:28;450,0;454,6;5,0;0,0;-8,0;-10,0;30,0
18/03/2026 20:29;450,0;452,5;5,0;0,0;-8,0;-10,0;30,0
18/03/2026 20:30;450,0;450,5;5,0;0,0;-8,0;-9,0;30,0
18/03/2026 20:31;450,0;450,5;5,0;0,0;-8,0;-9,0;30,0
18/03/2026 20:32;450,0;448,4;6,1;1,5;-8,0;-10,0;30,0
18/03/2026 20:33;450,0;447,6;8,7;2,4;-8,0;-9,0;30,0
18/03/2026 20:34;450,0;447,3;10,8;3,0;-8,0;-9,0;30,0
18/03/2026 20:35;450,0;449,3;12,0;1,3;-8,0;-9,0;30,0
18/03/2026 20:36;450,0;456,4;7,4;0,0;-8,0;-10,0;30,0
18/03/2026 20:37;450,0;459,9;5,0;0,0;-8,0;-10,0;30,0
18/03/2026 20:38;450,0;459,6;5,0;0,0;-8,0;-10,0;30,0
18/03/2026 20:39;450,0;456,6;5,0;0,0;-8,0;-9,0;30,0
18/03/2026 20:40;450,0;452,0;5,0;0,0;-8,0;-10,0;30,0
18/03/2026 20:41;450,0;450,8;5,0;0,0;-8,0;-10,0;30,0
18/03/2026 20:42;450,0;449,0;6,0;0,9;-8,0;-10,0;30,0
18/03/2026 20:43;450,0;450,5;5,0;0,0;-8,0;-10,0;30,0
18/03/2026 20:44;450,0;450,5;5,0;0,0;-8,0;-10,0;30,0
18/03/2026 20:45;450,0;448,7;6,4;1,2;-8,0;-9,0;30,0
18/03/2026 20:46;450,0;447,6;7,8;2,3;-8,0;-10,0;30,0
18/03/2026 20:47;450,0;445,8;11,8;4,4;-8,0;-9,0;30,0
18/03/2026 20:48;450,0;443,5;18,0;7,1;-8,0;-8,0;30,0
18/03/2026 20:49;450,0;452,5;16,7;0,0;-8,0;-9,0;30,0
18/03/2026 20:50;450,0;462,8;5,0;0,0;-8,0;-9,0;30,0
18/03/2026 20:51;450,0;463,4;5,0;0,0;-8,0;-10,0;30,0
18/03/2026 20:52;450,0;461,3;5,0;0,0;-8,0;-10,0;30,0
18/03/2026 20:53;450,0;459,6;5,0;0,0;-8,0;-10,0;30,0
18/03/2026 20:54;450,0;454,6;5,0;0,0;-8,0;-10,0;30,0
18/03/2026 20:55;450,0;448,7;5,3;1,1;-8,0;-10,0;30,0
18/03/2026 20:56;450,0;444,3;10,5;5,6;-8,0;-9,0;30,0
18/03/2026 20:57;450,0;443,2;16,9;7,3;-8,0;-9,0;30,0
18/03/2026 20:58;450,0;445,8;20,0;5,4;-8,0;-8,0;30,0
18/03/2026 20:59;450,0;447,6;22,2;4,0;-8,0;-8,0;30,0
18/03/2026 21:00;450,0;447,9;23,9;3,9;-8,0;-8,0;30,0
18/03/2026 21:01;450,0;446,7;26,2;5,2;-8,0;-8,0;30,0
18/03/2026 21:02;450,0;447,6;29,3;4,9;-8,0;-7,0;30,5
18/03/2026 21:03;450,0;449,3;29,5;3,3;-8,0;-7,0;30,8
18/03/2026 21:04;450,0;450,8;28,6;2,0;-8,0;-7,0;30,8
18/03/2026 21:05;450,0;450,5;27,8;2,2;-8,0;-8,0;30,7
18/03/2026 21:06;450,0;448,7;29,1;3,9;-8,0;-8,0;30,8
18/03/2026 21:07;450,0;446,1;32,6;6,5;-8,0;-8,0;31,1
18/03/2026 21:08;450,0;444,3;36,9;8,6;-8,0;-7,0;31,6
18/03/2026 21:09;450,0;442,0;43,4;11,4;-8,0;-7,0;32,1
18/03/2026 21:10;450,0;439,7;53,3;12,0;-8,0;-6,0;33,5
18/03/2026 21:11;450,0;436,7;64,4;12,0;-8,0;-4,0;35,3
18/03/2026 21:12;450,0;430,6;80,7;12,0;-8,0;-3,0;37,3
18/03/2026 21:13;450,0;423,2;100,0;12,0;-8,0;-1,0;40,1
18/03/2026 21:14;450,0;415,3;100,0;12,0;-8,0;-2,0;41,7
18/03/2026 21:15;450,0;407,4;100,0;12,0;-8,0;-2,0;43,6
18/03/2026 21:16;450,0;398,0;100,0;12,0;-8,0;-2,0;45,3
18/03/2026 21:17;450,0;390,7;100,0;12,0;-8,0;-3,0;46,5
18/03/2026 21:18;450,0;381,1;100,0;12,0;-8,0;-4,0;47,4
18/03/2026 21:19;450,0;372,3;100,0;12,0;-8,0;-4,0;48,7
18/03/2026 21:20;450,0;364,1;100,0;12,0;-8,0;-5,0;49,2
18/03/2026 21:21;450,0;355,3;100,0;12,0;-8,0;-5,0;50,1
18/03/2026 21:22;450,0;348,2;100,0;12,0;-8,0;-6,0;50,4
18/03/2026 21:23;450,0;341,8;100,0;12,0;-8,0;-6,0;51,2
18/03/2026 21:24;450,0;336,5;100,0;12,0;-8,0;-6,0;51,8
18/03/2026 21:25;450,0;329,8;100,0;12,0;-8,0;-6,0;52,5
18/03/2026 21:26;450,0;323,9;100,0;12,0;-8,0;-7,0;52,3
18/03/2026 21:27;450,0;318,1;100,0;12,0;-8,0;-7,0;52,8
18/03/2026 21:28;450,0;312,8;100,0;12,0;-8,0;-7,0;53,1
18/03/2026 21:29;450,0;307,8;100,0;12,0;-8,0;-7,0;53,5
18/03/2026 21:30;450,0;303,1;100,0;12,0;-8,0;-7,0;53,7
18/03/2026 21:31;450,0;299,6;100,0;12,0;-8,0;-7,0;53,8
18/03/2026 21:32;450,0;295,5;100,0;12,0;-8,0;-7,0;53,9
18/03/2026 21:33;450,0;291,7;100,0;12,0;-8,0;-8,0;53,6
18/03/2026 21:34;450,0;288,2;100,0;12,0;-8,0;-8,0;53,6
18/03/2026 21:35;450,0;285,2;100,0;12,0;-8,0;-8,0;53,6
18/03/2026 21:36;450,0;282,3;100,0;12,0;-8,0;-8,0;53,6
18/03/2026 21:37;450,0;280,0;100,0;12,0;-8,0;-8,0;53,6
18/03/2026 21:38;450,0;278,2;100,0;12,0;-8,0;-8,0;53,6
18/03/2026 21:39;450,0;275,3;100,0;12,0;-8,0;-8,0;53,6
18/03/2026 21:40;450,0;272,6;100,0;12,0;-8,0;-8,0;53,6
18/03/2026 21:41;450,0;270,6;100,0;12,0;-8,0;-7,0;54,2
18/03/2026 21:42;450,0;268,2;100,0;12,0;-8,0;-8,0;53,7
18/03/2026 21:43;450,0;265,6;100,0;12,0;-8,0;-8,0;53,7
18/03/2026 21:44;450,0;263,9;100,0;12,0;-8,0;-8,0;53,7
18/03/2026 21:45;450,0;263,0;100,0;12,0;-8,0;-8,0;53,7
18/03/2026 21:46;450,0;260,6;100,0;12,0;-8,0;-8,0;53,7
18/03/2026 21:47;450,0;258,9;100,0;12,0;-8,0;-8,0;53,5
18/03/2026 21:48;450,0;258,0;100,0;12,0;-8,0;-8,0;53,6
18/03/2026 21:49;450,0;254,8;100,0;12,0;-8,0;-8,0;53,6
18/03/2026 21:50;450,0;252,7;100,0;12,0;-8,0;-8,0;53,5
18/03/2026 21:51;450,0;252,1;100,0;12,0;-8,0;-8,0;53,5
18/03/2026 21:52;450,0;249,5;100,0;12,0;-8,0;-8,0;53,4
18/03/2026 21:53;450,0;248,3;100,0;12,0;-8,0;-8,0;53,4
18/03/2026 21:54;450,0;246,6;100,0;12,0;-8,0;-8,0;53,5
18/03/2026 21:55;450,0;246,0;100,0;12,0;-8,0;-8,0;53,3
18/03/2026 21:56;450,0;243,3;100,0;12,0;-8,0;-8,0;53,3
18/03/2026 21:57;450,0;241,6;100,0;12,0;-8,0;-8,0;53,2
18/03/2026 21:58;450,0;241,0;100,0;12,0;-8,0;-8,0;53,1
18/03/2026 21:59;450,0;239,2;100,0;12,0;-8,0;-8,0;53,2
18/03/2026 22:00;450,0;238,4;100,0;12,0;-8,0;-8,0;53,1
18/03/2026 22:01;450,0;236,6;100,0;12,0;-8,0;-8,0;53,0
18/03/2026 22:02;450,0;235,7;100,0;12,0;-8,0;-8,0;52,9
18/03/2026 22:03;450,0;235,4;100,0;12,0;-8,0;-8,0;52,9
18/03/2026 22:04;450,0;233,4;100,0;12,0;-8,0;-8,0;52,7
18/03/2026 22:05;450,0;232,8;100,0;12,0;-8,0;-8,0;52,7
18/03/2026 22:06;450,0;231,0;100,0;12,0;-8,0;-8,0;52,9
18/03/2026 22:07;450,0;230,4;100,0;12,0;-8,0;-8,0;52,7
18/03/2026 22:08;450,0;229,0;100,0;12,0;-8,0;-8,0;52,5
18/03/2026 22:09;450,0;227,8;100,0;12,0;-8,0;-9,0;52,3
18/03/2026 22:10;450,0;227,2;100,0;12,0;-8,0;-8,0;52,6
18/03/2026 22:11;450,0;225,5;100,0;12,0;-8,0;-8,0;52,4
18/03/2026 22:12;450,0;225,2;100,0;12,0;-8,0;-8,0;52,3
18/03/2026 22:13;450,0;223,7;100,0;12,0;-8,0;-9,0;51,9
18/03/2026 22:14;450,0;222,8;100,0;12,0;-8,0;-8,0;52,2
18/03/2026 22:15;450,0;222,5;100,0;12,0;-8,0;-8,0;52,2
18/03/2026 22:16;450,0;220,2;100,0;12,0;-8,0;-8,0;52,1
18/03/2026 22:17;450,0;219,6;100,0;12,0;-8,0;-8,0;52,1
18/03/2026 22:18;450,0;218,7;100,0;12,0;-8,0;-8,0;52,0
18/03/2026 22:19;450,0;217,0;100,0;12,0;-8,0;-8,0;52,1
18/03/2026 22:20;450,0;216,1;100,0;12,0;-8,0;-9,0;51,6
18/03/2026 22:21;450,0;215,8;100,0;12,0;-8,0;-8,0;52,0
18/03/2026 22:22;450,0;214,0;100,0;12,0;-8,0;-9,0;51,5
18/03/2026 22:23;450,0;213,2;100,0;12,0;-8,0;-8,0;51,7
18/03/2026 22:24;450,0;212,0;100,0;12,0;-8,0;-8,0;51,8
18/03/2026 22:25;450,0;210,8;100,0;12,0;-8,0;-9,0;51,3
18/03/2026 22:26;450,0;210,5;100,0;12,0;-8,0;-8,0;51,7
18/03/2026 22:27;450,0;208,5;100,0;12,0;-8,0;-8,0;51,6
18/03/2026 22:28;450,0;208,5;100,0;12,0;-8,0;-8,0;51,6
18/03/2026 22:29;450,0;207,9;100,0;12,0;-8,0;-8,0;51,4
18/03/2026 22:30;450,0;206,7;100,0;12,0;-8,0;-8,0;51,5
18/03/2026 22:31;450,0;206,4;100,0;12,0;-8,0;-8,0;51,6
18/03/2026 22:32;450,0;206,1;100,0;12,0;-8,0;-8,0;51,6
18/03/2026 22:33;450,0;204,7;100,0;12,0;-8,0;-8,0;51,6
18/03/2026 22:34;450,0;204,1;100,0;12,0;-8,0;-8,0;51,3
18/03/2026 22:35;450,0;204,1;100,0;12,0;-8,0;-8,0;51,4
18/03/2026 22:36;450,0;202,9;100,0;12,0;-8,0;-8,0;51,4
18/03/2026 22:37;450,0;202,0;100,0;12,0;-8,0;-9,0;51,0
18/03/2026 22:38;450,0;201,7;100,0;12,0;-8,0;-8,0;51,3
18/03/2026 22:39;450,0;201,1;100,0;12,0;-8,0;-8,0;51,3
18/03/2026 22:40;450,0;199,7;100,0;12,0;-8,0;-8,0;51,2
18/03/2026 22:41;450,0;199,4;100,0;12,0;-8,0;-9,0;50,7
18/03/2026 22:42;450,0;199,7;100,0;12,0;-8,0;-9,0;50,7
18/03/2026 22:43;450,0;198,2;100,0;12,0;-8,0;-8,0;51,1
18/03/2026 22:44;450,0;197,6;100,0;12,0;-8,0;-9,0;50,8
18/03/2026 22:45;450,0;197,0;100,0;12,0;-8,0;-8,0;51,2
18/03/2026 22:46;450,0;197,0;100,0;12,0;-8,0;-8,0;51,1
18/03/2026 22:47;450,0;195,6;100,0;12,0;-8,0;-8,0;51,2
18/03/2026 22:48;450,0;195,3;100,0;12,0;-8,0;-8,0;51,0
18/03/2026 22:49;450,0;194,7;100,0;12,0;-8,0;-8,0;50,9
18/03/2026 22:50;450,0;194,4;100,0;12,0;-8,0;-8,0;50,9
18/03/2026 22:51;450,0;193,5;100,0;12,0;-8,0;-8,0;51,0
18/03/2026 22:52;450,0;192,7;100,0;12,0;-8,0;-8,0;50,9
18/03/2026 22:53;450,0;192,4;100,0;12,0;-8,0;-8,0;50,9
18/03/2026 22:54;450,0;192,4;100,0;12,0;-8,0;-8,0;50,9
18/03/2026 22:55;450,0;191,5;100,0;12,0;-8,0;-7,0;51,4
18/03/2026 22:56;450,0;190,3;100,0;12,0;-8,0;-8,0;51,0
18/03/2026 22:57;450,0;190,0;100,0;12,0;-8,0;-8,0;50,9
18/03/2026 22:58;450,0;189,4;100,0;12,0;-8,0;-8,0;50,9
18/03/2026 22:59;450,0;189,1;100,0;12,0;-8,0;-8,0;50,9
18/03/2026 23:00;450,0;188,3;100,0;12,0;-8,0;-8,0;50,9
18/03/2026 23:01;450,0;187,7;100,0;12,0;-8,0;-8,0;50,8
18/03/2026 23:02;450,0;187,7;100,0;12,0;-8,0;-8,0;50,8
18/03/2026 23:03;450,0;187,1;100,0;12,0;-8,0;-8,0;50,8
18/03/2026 23:04;450,0;186,8;100,0;12,0;-8,0;-8,0;50,7
18/03/2026 23:05;450,0;185,6;100,0;12,0;-8,0;-8,0;50,6
18/03/2026 23:06;450,0;185,0;100,0;12,0;-8,0;-8,0;50,5
18/03/2026 23:07;450,0;185,0;100,0;12,0;-8,0;-8,0;50,5
18/03/2026 23:08;450,0;185,0;100,0;12,0;-8,0;-8,0;50,6
18/03/2026 23:09;450,0;184,7;100,0;12,0;-8,0;-8,0;50,6
18/03/2026 23:10;450,0;183,3;100,0;12,0;-8,0;-9,0;50,1
18/03/2026 23:11;450,0;182,7;100,0;12,0;-8,0;-8,0;50,5
18/03/2026 23:12;450,0;182,7;100,0;12,0;-8,0;-8,0;50,6
18/03/2026 23:13;450,0;182,4;100,0;12,0;-8,0;-8,0;50,5
18/03/2026 23:14;450,0;181,5;100,0;12,0;-8,0;-8,0;50,5
18/03/2026 23:15;450,0;181,2;100,0;12,0;-8,0;-8,0;50,4
18/03/2026 23:16;450,0;180,6;100,0;12,0;-8,0;-8,0;50,4
18/03/2026 23:17;450,0;180,6;100,0;12,0;-8,0;-9,0;50,0
18/03/2026 23:18;450,0;179,5;100,0;12,0;-8,0;-8,0;50,4
18/03/2026 23:19;450,0;178,9;100,0;12,0;-8,0;-8,0;50,3
18/03/2026 23:20;450,0;178,6;100,0;12,0;-8,0;-7,0;50,8
18/03/2026 23:21;450,0;178,6;100,0;12,0;-8,0;-8,0;50,4
18/03/2026 23:22;450,0;177,1;100,0;12,0;-8,0;-9,0;50,0
18/03/2026 23:23;450,0;177,1;100,0;12,0;-8,0;-8,0;50,2
18/03/2026 23:24;450,0;176,8;100,0;12,0;-8,0;-8,0;50,2
18/03/2026 23:25;450,0;176,5;100,0;12,0;-8,0;-9,0;49,8
18/03/2026 23:26;450,0;175,7;100,0;12,0;-8,0;-8,0;50,2
18/03/2026 23:27;450,0;175,4;100,0;12,0;-8,0;-8,0;50,0
18/03/2026 23:28;450,0;175,1;100,0;12,0;-8,0;-8,0;50,0
18/03/2026 23:29;450,0;174,5;100,0;12,0;-8,0;-8,0;50,0
18/03/2026 23:30;450,0;174,8;100,0;12,0;-8,0;-8,0;49,9
18/03/2026 23:31;450,0;173,3;100,0;12,0;-8,0;-8,0;49,9
18/03/2026 23:32;450,0;173,3;100,0;12,0;-8,0;-7,0;50,2
18/03/2026 23:33;450,0;172,7;100,0;12,0;-8,0;-8,0;49,9
18/03/2026 23:34;450,0;172,4;100,0;12,0;-8,0;-8,0;49,7
18/03/2026 23:35;450,0;172,1;100,0;12,0;-8,0;-8,0;49,8
18/03/2026 23:36;450,0;171,6;100,0;12,0;-8,0;-8,0;49,8
18/03/2026 23:37;450,0;171,0;100,0;12,0;-8,0;-8,0;49,8
18/03/2026 23:38;450,0;171,0;100,0;12,0;-8,0;-8,0;49,8
18/03/2026 23:39;450,0;170,7;100,0;12,0;-8,0;-8,0;49,9
18/03/2026 23:40;450,0;170,7;100,0;12,0;-8,0;-8,0;49,8
18/03/2026 23:41;450,0;169,2;100,0;12,0;-8,0;-8,0;49,8
18/03/2026 23:42;450,0;169,2;100,0;12,0;-8,0;-8,0;49,8
18/03/2026 23:43;450,0;168,9;100,0;12,0;-8,0;-8,0;49,7
18/03/2026 23:44;450,0;168,9;100,0;12,0;-8,0;-8,0;49,7
18/03/2026 23:45;450,0;167,5;100,0;12,0;-8,0;-8,0;49,8
18/03/2026 23:46;450,0;166,9;100,0;12,0;-8,0;-8,0;49,8
18/03/2026 23:47;450,0;166,6;100,0;12,0;-8,0;-8,0;49,8
18/03/2026 23:48;450,0;166,3;100,0;12,0;-8,0;-8,0;49,8
18/03/2026 23:49;450,0;166,6;100,0;12,0;-8,0;-8,0;49,8
18/03/2026 23:50;450,0;166,6;100,0;12,0;-8,0;-8,0;49,8
18/03/2026 23:51;450,0;166,6;100,0;12,0;-8,0;-8,0;49,7
18/03/2026 23:52;450,0;165,4;100,0;12,0;-8,0;-8,0;49,7
18/03/2026 23:53;450,0;164,5;100,0;12,0;-8,0;-8,0;49,6
18/03/2026 23:54;450,0;164,5;100,0;12,0;-8,0;-8,0;49,6
18/03/2026 23:55;450,0;164,5;100,0;12,0;-8,0;-8,0;49,6
18/03/2026 23:56;450,0;164,5;100,0;12,0;-8,0;-8,0;49,6
18/03/2026 23:57;450,0;163,9;100,0;12,0;-8,0;-8,0;49,7
18/03/2026 23:58;450,0;163,1;100,0;12,0;-8,0;-8,0;49,8
18/03/2026 23:59;450,0;162,5;100,0;12,0;-8,0;-8,0;49,5
19/03/2026 00:00;450,0;161,9;100,0;12,0;-8,0;-8,0;49,6
19/03/2026 00:01;450,0;162,5;100,0;12,0;-8,0;-8,0;49,6
19/03/2026 00:02;450,0;161,9;100,0;12,0;-8,0;-8,0;49,6
19/03/2026 00:03;450,0;161,6;100,0;12,0;-8,0;-8,0;49,6
19/03/2026 00:04;450,0;160,7;100,0;12,0;-8,0;-8,0;49,6
19/03/2026 00:05;450,0;160,4;100,0;12,0;-8,0;-9,0;49,2
19/03/2026 00:06;450,0;160,4;100,0;12,0;-8,0;-8,0;49,5
19/03/2026 00:07;450,0;159,8;100,0;12,0;-8,0;-8,0;49,5
19/03/2026 00:08;450,0;159,8;100,0;12,0;-8,0;-8,0;49,5
19/03/2026 00:09;450,0;159,8;100,0;12,0;-8,0;-8,0;49,5
19/03/2026 00:10;450,0;158,4;100,0;12,0;-8,0;-8,0;49,7
19/03/2026 00:11;450,0;158,1;100,0;12,0;-8,0;-9,0;49,2
19/03/2026 00:12;450,0;158,1;100,0;12,0;-8,0;-8,0;49,6
19/03/2026 00:13;450,0;158,1;100,0;12,0;-8,0;-8,0;49,5
19/03/2026 00:14;450,0;158,1;100,0;12,0;-8,0;-8,0;49,5
19/03/2026 00:15;450,0;157,8;100,0;12,0;-8,0;-8,0;49,4
19/03/2026 00:16;450,0;156,6;100,0;12,0;-8,0;-8,0;49,4
19/03/2026 00:17;450,0;156,3;100,0;12,0;-8,0;-8,0;49,4
19/03/2026 00:18;450,0;156,3;100,0;12,0;-8,0;-8,0;49,3
19/03/2026 00:19;450,0;156,3;100,0;12,0;-8,0;-8,0;49,2
19/03/2026 00:20;450,0;156,3;100,0;12,0;-8,0;-8,0;49,3
19/03/2026 00:21;450,0;154,9;100,0;12,0;-8,0;-8,0;49,3
19/03/2026 00:22;450,0;154,6;100,0;12,0;-8,0;-8,0;49,4
19/03/2026 00:23;450,0;154,6;100,0;12,0;-8,0;-8,0;49,4
19/03/2026 00:24;450,0;154,3;100,0;12,0;-8,0;-9,0;49,0
19/03/2026 00:25;450,0;154,6;100,0;12,0;-8,0;-8,0;49,3
19/03/2026 00:26;450,0;154,3;100,0;12,0;-8,0;-8,0;49,3
19/03/2026 00:27;450,0;154,0;100,0;12,0;-8,0;-8,0;49,2
19/03/2026 00:28;450,0;152,8;100,0;12,0;-8,0;-8,0;49,2
19/03/2026 00:29;450,0;152,5;100,0;12,0;-8,0;-8,0;49,2
19/03/2026 00:30;450,0;152,5;100,0;12,0;-8,0;-8,0;49,1
19/03/2026 00:31;450,0;152,5;100,0;12,0;-8,0;-8,0;49,1
19/03/2026 00:32;450,0;152,5;100,0;12,0;-8,0;-8,0;49,1
19/03/2026 00:33;450,0;152,8;100,0;12,0;-8,0;-8,0;49,1
19/03/2026 00:34;450,0;152,2;100,0;12,0;-8,0;-8,0;49,2
19/03/2026 00:35;450,0;151,9;100,0;12,0;-8,0;-8,0;49,1
19/03/2026 00:36;450,0;151,0;100,0;12,0;-8,0;-8,0;49,1
19/03/2026 00:37;450,0;150,8;100,0;12,0;-8,0;-8,0;49,1
19/03/2026 00:38;450,0;150,5;100,0;12,0;-8,0;-8,0;49,1
19/03/2026 00:39;450,0;150,2;100,0;12,0;-8,0;-8,0;49,1
19/03/2026 00:40;450,0;150,8;100,0;12,0;-8,0;-8,0;49,1
19/03/2026 00:41;450,0;150,8;100,0;12,0;-8,0;-8,0;49,1
19/03/2026 00:42;450,0;150,2;100,0;12,0;-8,0;-8,0;49,0
19/03/2026 00:43;450,0;149,0;100,0;12,0;-8,0;-8,0;49,0
19/03/2026 00:44;450,0;149,0;100,0;12,0;-8,0;-8,0;49,0
19/03/2026 00:45;450,0;149,0;100,0;12,0;-8,0;-8,0;49,0
19/03/2026 00:46;450,0;148,4;100,0;12,0;-8,0;-7,0;49,6
19/03/2026 00:47;450,0;148,4;100,0;12,0;-8,0;-8,0;49,2
19/03/2026 00:48;450,0;148,4;100,0;12,0;-8,0;-8,0;49,2
19/03/2026 00:49;450,0;148,1;100,0;12,0;-8,0;-8,0;49,2
19/03/2026 00:50;450,0;148,1;100,0;12,0;-8,0;-8,0;49,2
19/03/2026 00:51;450,0;147,8;100,0;12,0;-8,0;-8,0;49,2
19/03/2026 00:52;450,0;146,9;100,0;12,0;-8,0;-8,0;49,1
19/03/2026 00:53;450,0;146,7;100,0;12,0;-8,0;-8,0;49,1
19/03/2026 00:54;450,0;146,7;100,0;12,0;-8,0;-8,0;49,1
19/03/2026 00:55;450,0;146,4;100,0;12,0;-8,0;-8,0;49,0
19/03/2026 00:56;450,0;146,1;100,0;12,0;-8,0;-8,0;48,9
19/03/2026 00:57;450,0;146,1;100,0;12,0;-8,0;-8,0;49,0
19/03/2026 00:58;450,0;146,4;100,0;12,0;-8,0;-8,0;49,0
19/03/2026 00:59;450,0;146,4;100,0;12,0;-8,0;-8,0;49,1
19/03/2026 01:00;450,0;145,8;100,0;12,0;-8,0;-8,0;49,1
19/03/2026 01:01;450,0;144,6;100,0;12,0;-8,0;-9,0;48,7
19/03/2026 01:02;450,0;144,6;100,0;12,0;-8,0;-8,0;48,9
19/03/2026 01:03;450,0;144,3;100,0;12,0;-8,0;-8,0;49,0
19/03/2026 01:04;450,0;144,3;100,0;12,0;-8,0;-8,0;48,9
19/03/2026 01:05;450,0;144,0;100,0;12,0;-8,0;-8,0;48,9
19/03/2026 01:06;450,0;144,3;100,0;12,0;-8,0;-8,0;48,8
19/03/2026 01:07;450,0;144,3;100,0;12,0;-8,0;-8,0;48,9
19/03/2026 01:08;450,0;144,3;100,0;12,0;-8,0;-8,0;48,9
19/03/2026 01:09;450,0;143,4;100,0;12,0;-8,0;-9,0;48,5
19/03/2026 01:10;450,0;142,8;100,0;12,0;-8,0;-8,0;48,8
19/03/2026 01:11;450,0;142,5;100,0;12,0;-8,0;-8,0;48,9
19/03/2026 01:12;450,0;142,5;100,0;12,0;-8,0;-8,0;48,9
19/03/2026 01:13;450,0;142,5;100,0;12,0;-8,0;-8,0;48,8
19/03/2026 01:14;450,0;142,5;100,0;12,0;-8,0;-8,0;48,8
19/03/2026 01:15;450,0;142,5;100,0;12,0;-8,0;-8,0;48,8
19/03/2026 01:16;450,0;142,5;100,0;12,0;-8,0;-8,0;48,8
19/03/2026 01:17;450,0;141,4;100,0;12,0;-8,0;-8,0;48,8
19/03/2026 01:18;450,0;141,1;100,0;12,0;-8,0;-8,0;48,8
19/03/2026 01:19;450,0;140,8;100,0;12,0;-8,0;-8,0;48,8
19/03/2026 01:20;450,0;140,8;100,0;12,0;-8,0;-8,0;48,7
19/03/2026 01:21;450,0;140,8;100,0;12,0;-8,0;-8,0;48,7
19/03/2026 01:22;450,0;140,8;100,0;12,0;-8,0;-8,0;48,7
19/03/2026 01:23;450,0;140,8;100,0;12,0;-8,0;-7,0;49,0
19/03/2026 01:24;450,0;140,8;100,0;12,0;-8,0;-8,0;48,8
19/03/2026 01:25;450,0;139,6;100,0;12,0;-8,0;-8,0;48,7
19/03/2026 01:26;450,0;139,3;100,0;12,0;-8,0;-8,0;48,7
19/03/2026 01:27;450,0;139,3;100,0;12,0;-8,0;-8,0;48,7
19/03/2026 01:28;450,0;139,3;100,0;12,0;-8,0;-8,0;48,7
19/03/2026 01:29;450,0;139,3;100,0;12,0;-8,0;-8,0;48,7
19/03/2026 01:30;450,0;139,3;100,0;12,0;-8,0;-8,0;48,7
19/03/2026 01:31;450,0;139,0;100,0;12,0;-8,0;-8,0;48,6
19/03/2026 01:32;450,0;138,2;100,0;12,0;-8,0;-8,0;48,6
19/03/2026 01:33;450,0;137,6;100,0;12,0;-8,0;-8,0;48,6
19/03/2026 01:34;450,0;137,6;100,0;12,0;-8,0;-8,0;48,6
19/03/2026 01:35;450,0;137,6;100,0;12,0;-8,0;-9,0;48,2
19/03/2026 01:36;450,0;137,9;100,0;12,0;-8,0;-8,0;48,7
19/03/2026 01:37;450,0;137,9;100,0;12,0;-8,0;-9,0;48,3
19/03/2026 01:38;450,0;137,6;100,0;12,0;-8,0;-9,0;48,3
19/03/2026 01:39;450,0;137,3;100,0;12,0;-8,0;-8,0;48,7
19/03/2026 01:40;450,0;137,3;100,0;12,0;-8,0;-9,0;48,3
19/03/2026 01:41;450,0;137,6;100,0;12,0;-8,0;-8,0;48,6
19/03/2026 01:42;450,0;137,3;100,0;12,0;-8,0;-8,0;48,6
19/03/2026 01:43;450,0;136,1;100,0;12,0;-8,0;-8,0;48,6
19/03/2026 01:44;450,0;135,8;100,0;12,0;-8,0;-8,0;48,6
19/03/2026 01:45;450,0;135,8;100,0;12,0;-8,0;-8,0;48,6
19/03/2026 01:46;450,0;135,8;100,0;12,0;-8,0;-8,0;48,6
19/03/2026 01:47;450,0;135,8;100,0;12,0;-8,0;-8,0;48,6
19/03/2026 01:48;450,0;135,8;100,0;12,0;-8,0;-8,0;48,6
19/03/2026 01:49;450,0;135,8;100,0;12,0;-8,0;-8,0;48,6
19/03/2026 01:50;450,0;135,8;100,0;12,0;-8,0;-8,0;48,6
19/03/2026 01:51;450,0;136,1;100,0;12,0;-8,0;-8,0;48,6
19/03/2026 01:52;450,0;135,5;100,0;12,0;-8,0;-8,0;48,5
19/03/2026 01:53;450,0;134,6;100,0;12,0;-8,0;-8,0;48,5
19/03/2026 01:54;450,0;134,6;100,0;12,0;-8,0;-8,0;48,5
19/03/2026 01:55;450,0;134,6;100,0;12,0;-8,0;-8,0;48,5
19/03/2026 01:56;450,0;134,1;100,0;12,0;-8,0;-8,0;48,5
19/03/2026 01:57;450,0;134,3;100,0;12,0;-8,0;-8,0;48,4
19/03/2026 01:58;450,0;134,3;100,0;12,0;-8,0;-8,0;48,4
19/03/2026 01:59;450,0;134,1;100,0;12,0;-8,0;-8,0;48,4
19/03/2026 02:00;450,0;134,1;100,0;12,0;-8,0;-7,0;48,8
19/03/2026 02:01;450,0;132,9;100,0;12,0;-8,0;-8,0;48,5
19/03/2026 02:02;450,0;132,6;100,0;12,0;-8,0;-8,0;48,5
19/03/2026 02:03;450,0;132,6;100,0;12,0;-8,0;-9,0;48,1
19/03/2026 02:04;450,0;132,6;100,0;12,0;-8,0;-8,0;48,4
19/03/2026 02:05;450,0;132,3;100,0;12,0;-8,0;-8,0;48,4
19/03/2026 02:06;450,0;132,3;100,0;12,0;-8,0;-8,0;48,4
19/03/2026 02:07;450,0;132,3;100,0;12,0;-8,0;-8,0;48,4
19/03/2026 02:08;450,0;132,3;100,0;12,0;-8,0;-8,0;48,3
19/03/2026 02:09;450,0;132,3;100,0;12,0;-8,0;-8,0;48,3
19/03/2026 02:10;450,0;132,3;100,0;12,0;-8,0;-8,0;48,3
19/03/2026 02:11;450,0;132,3;100,0;12,0;-8,0;-8,0;48,3
19/03/2026 02:12;450,0;131,4;100,0;12,0;-8,0;-8,0;48,3
19/03/2026 02:13;450,0;131,4;100,0;12,0;-8,0;-9,0;48,1
19/03/2026 02:14;450,0;130,8;100,0;12,0;-8,0;-8,0;48,4
19/03/2026 02:15;450,0;130,8;100,0;12,0;-8,0;-8,0;48,4
19/03/2026 02:16;450,0;131,1;100,0;12,0;-8,0;-8,0;48,4
19/03/2026 02:17;450,0;131,1;100,0;12,0;-8,0;-8,0;48,3
19/03/2026 02:18;450,0;130,8;100,0;12,0;-8,0;-8,0;48,4
19/03/2026 02:19;450,0;130,8;100,0;12,0;-8,0;-8,0;48,4
19/03/2026 02:20;450,0;129,9;100,0;12,0;-8,0;-8,0;48,2
19/03/2026 02:21;450,0;129,1;100,0;12,0;-8,0;-8,0;48,3
19/03/2026 02:22;450,0;129,1;100,0;12,0;-8,0;-8,0;48,3
19/03/2026 02:23;450,0;129,1;100,0;12,0;-8,0;-8,0;48,3
19/03/2026 02:24;450,0;129,1;100,0;12,0;-8,0;-8,0;48,3
19/03/2026 02:25;450,0;129,4;100,0;12,0;-8,0;-7,0;48,8
19/03/2026 02:26;450,0;129,4;100,0;12,0;-8,0;-8,0;48,3
19/03/2026 02:27;450,0;129,4;100,0;12,0;-8,0;-8,0;48,2
19/03/2026 02:28;450,0;129,4;100,0;12,0;-8,0;-8,0;48,3
19/03/2026 02:29;450,0;128,8;100,0;12,0;-8,0;-8,0;48,1
19/03/2026 02:30;450,0;127,9;100,0;12,0;-8,0;-8,0;48,2
19/03/2026 02:31;450,0;127,6;100,0;12,0;-8,0;-8,0;48,1
19/03/2026 02:32;450,0;127,9;100,0;12,0;-8,0;-8,0;48,1
19/03/2026 02:33;450,0;127,9;100,0;12,0;-8,0;-8,0;48,1
19/03/2026 02:34;450,0;127,6;100,0;12,0;-8,0;-8,0;48,1
19/03/2026 02:35;450,0;127,6;100,0;12,0;-8,0;-8,0;48,1
19/03/2026 02:36;450,0;127,6;100,0;12,0;-8,0;-8,0;48,1
19/03/2026 02:37;450,0;127,6;100,0;12,0;-8,0;-7,0;48,5
19/03/2026 02:38;450,0;127,3;100,0;12,0;-8,0;-8,0;48,2
19/03/2026 02:39;450,0;127,6;100,0;12,0;-8,0;-8,0;48,2
19/03/2026 02:40;450,0;127,3;100,0;12,0;-8,0;-9,0;47,8
19/03/2026 02:41;450,0;127,3;100,0;12,0;-8,0;-8,0;48,2
19/03/2026 02:42;450,0;126,4;100,0;12,0;-8,0;-8,0;48,2
19/03/2026 02:43;450,0;125,8;100,0;12,0;-8,0;-8,0;48,2
19/03/2026 02:44;450,0;125,8;100,0;12,0;-8,0;-8,0;48,1
19/03/2026 02:45;450,0;125,8;100,0;12,0;-8,0;-8,0;48,0
19/03/2026 02:46;450,0;126,1;100,0;12,0;-8,0;-8,0;48,1
19/03/2026 02:47;450,0;125,8;100,0;12,0;-8,0;-8,0;47,9
19/03/2026 02:48;450,0;125,6;100,0;12,0;-8,0;-8,0;48,0
19/03/2026 02:49;450,0;125,6;100,0;12,0;-8,0;-8,0;48,0
19/03/2026 02:50;450,0;125,6;100,0;12,0;-8,0;-8,0;48,1
19/03/2026 02:51;450,0;125,6;100,0;12,0;-8,0;-8,0;48,1
19/03/2026 02:52;450,0;125,6;100,0;12,0;-8,0;-8,0;48,1
19/03/2026 02:53;450,0;125,6;100,0;12,0;-8,0;-8,0;48,1
19/03/2026 02:54;450,0;124,7;100,0;12,0;-8,0;-8,0;48,1
19/03/2026 02:55;450,0;124,1;100,0;12,0;-8,0;-8,0;48,1
19/03/2026 02:56;450,0;124,1;100,0;12,0;-8,0;-8,0;48,1
19/03/2026 02:57;450,0;124,1;100,0;12,0;-8,0;-8,0;48,1
19/03/2026 02:58;450,0;124,1;100,0;12,0;-8,0;-8,0;48,0
19/03/2026 02:59;450,0;123,8;100,0;12,0;-8,0;-8,0;48,0
19/03/2026 03:00;450,0;123,8;100,0;12,0;-8,0;-8,0;48,0
19/03/2026 03:01;450,0;123,8;100,0;12,0;-8,0;-8,0;48,0
19/03/2026 03:02;450,0;123,8;100,0;12,0;-8,0;-8,0;48,2
19/03/2026 03:03;450,0;123,8;100,0;12,0;-8,0;-8,0;48,1
19/03/2026 03:04;450,0;123,8;100,0;12,0;-8,0;-8,0;48,1
19/03/2026 03:05;450,0;123,5;100,0;12,0;-8,0;-8,0;48,0
19/03/2026 03:06;450,0;123,5;100,0;12,0;-8,0;-8,0;48,0
19/03/2026 03:07;450,0;123,8;100,0;12,0;-8,0;-8,0;48,0
19/03/2026 03:08;450,0;123,5;100,0;12,0;-8,0;-8,0;48,0
19/03/2026 03:09;450,0;122,9;100,0;12,0;-8,0;-8,0;48,0
19/03/2026 03:10;450,0;122,6;100,0;12,0;-8,0;-8,0;48,0
19/03/2026 03:11;450,0;122,0;100,0;12,0;-8,0;-8,0;48,0
19/03/2026 03:12;450,0;122,0;100,0;12,0;-8,0;-8,0;48,0
19/03/2026 03:13;450,0;122,0;100,0;12,0;-8,0;-8,0;48,0
19/03/2026 03:14;450,0;122,0;100,0;12,0;-8,0;-7,0;48,3
19/03/2026 03:15;450,0;122,0;100,0;12,0;-8,0;-8,0;48,1
19/03/2026 03:16;450,0;122,0;100,0;12,0;-8,0;-8,0;48,1
19/03/2026 03:17;450,0;122,0;100,0;12,0;-8,0;-9,0;47,6
19/03/2026 03:18;450,0;122,0;100,0;12,0;-8,0;-8,0;48,0
19/03/2026 03:19;450,0;122,0;100,0;12,0;-8,0;-8,0;48,0
19/03/2026 03:20;450,0;122,0;100,0;12,0;-8,0;-8,0;48,0
19/03/2026 03:21;450,0;122,0;100,0;12,0;-8,0;-8,0;47,9
19/03/2026 03:22;450,0;122,0;100,0;12,0;-8,0;-8,0;47,9
19/03/2026 03:23;450,0;121,5;100,0;12,0;-8,0;-8,0;47,9
19/03/2026 03:24;450,0;120,6;100,0;12,0;-8,0;-8,0;47,9
19/03/2026 03:25;450,0;120,3;100,0;12,0;-8,0;-8,0;47,9
19/03/2026 03:26;450,0;120,3;100,0;12,0;-8,0;-8,0;47,9
19/03/2026 03:27;450,0;120,6;100,0;12,0;-8,0;-8,0;48,1
19/03/2026 03:28;450,0;120,3;100,0;12,0;-8,0;-8,0;48,1
19/03/2026 03:29;450,0;120,3;100,0;12,0;-8,0;-8,0;48,0
19/03/2026 03:30;450,0;120,0;100,0;12,0;-8,0;-8,0;48,0
19/03/2026 03:31;450,0;120,0;100,0;12,0;-8,0;-8,0;48,0
19/03/2026 03:32;450,0;120,0;100,0;12,0;-8,0;-9,0;47,6
19/03/2026 03:33;450,0;119,7;100,0;12,0;-8,0;-8,0;47,9
19/03/2026 03:34;450,0;120,0;100,0;12,0;-8,0;-8,0;47,9
19/03/2026 03:35;450,0;120,0;100,0;12,0;-8,0;-8,0;47,9
19/03/2026 03:36;450,0;120,0;100,0;12,0;-8,0;-8,0;47,9
19/03/2026 03:37;450,0;119,4;100,0;12,0;-8,0;-8,0;47,9
19/03/2026 03:38;450,0;119,1;100,0;12,0;-8,0;-8,0;47,9
19/03/2026 03:39;450,0;118,8;100,0;12,0;-8,0;-7,0;48,3
19/03/2026 03:40;450,0;118,5;100,0;12,0;-8,0;-8,0;47,9
19/03/2026 03:41;450,0;118,5;100,0;12,0;-8,0;-8,0;47,9
19/03/2026 03:42;450,0;118,5;100,0;12,0;-8,0;-8,0;47,9
19/03/2026 03:43;450,0;118,2;100,0;12,0;-8,0;-8,0;47,9
19/03/2026 03:44;450,0;118,2;100,0;12,0;-8,0;-8,0;47,9
19/03/2026 03:45;450,0;118,2;100,0;12,0;-8,0;-8,0;47,8
19/03/2026 03:46;450,0;117,9;100,0;12,0;-8,0;-8,0;47,8
19/03/2026 03:47;450,0;117,9;100,0;12,0;-8,0;-8,0;47,8
19/03/2026 03:48;450,0;118,2;100,0;12,0;-8,0;-8,0;47,8
19/03/2026 03:49;450,0;117,9;100,0;12,0;-8,0;-8,0;47,8
19/03/2026 03:50;450,0;118,2;100,0;12,0;-8,0;-8,0;47,8
19/03/2026 03:51;450,0;117,9;100,0;12,0;-8,0;-7,0;48,2
19/03/2026 03:52;450,0;118,2;100,0;12,0;-8,0;-8,0;47,8
19/03/2026 03:53;450,0;118,2;100,0;12,0;-8,0;-8,0;47,9
19/03/2026 03:54;450,0;117,9;100,0;12,0;-8,0;-8,0;47,9
19/03/2026 03:55;450,0;117,6;100,0;12,0;-8,0;-8,0;47,8
19/03/2026 03:56;450,0;117,6;100,0;12,0;-8,0;-8,0;47,8
19/03/2026 03:57;450,0;116,8;100,0;12,0;-8,0;-8,0;47,8
19/03/2026 03:58;450,0;116,5;100,0;12,0;-8,0;-8,0;47,7
19/03/2026 03:59;450,0;116,5;100,0;12,0;-8,0;-8,0;47,7
19/03/2026 04:00;450,0;116,5;100,0;12,0;-8,0;-8,0;47,7
19/03/2026 04:01;450,0;116,5;100,0;12,0;-8,0;-8,0;47,7
19/03/2026 04:02;450,0;116,2;100,0;12,0;-8,0;-8,0;47,6
19/03/2026 04:03;450,0;116,5;100,0;12,0;-8,0;-8,0;47,7
19/03/2026 04:04;450,0;116,2;100,0;12,0;-8,0;-8,0;47,8
19/03/2026 04:05;450,0;116,5;100,0;12,0;-8,0;-8,0;47,8
19/03/2026 04:06;450,0;116,2;100,0;12,0;-8,0;-8,0;47,8
19/03/2026 04:07;450,0;116,5;100,0;12,0;-8,0;-8,0;47,8
19/03/2026 04:08;450,0;116,5;100,0;12,0;-8,0;-8,0;47,8
19/03/2026 04:09;450,0;115,9;100,0;12,0;-8,0;-8,0;47,7
19/03/2026 04:10;450,0;115,9;100,0;12,0;-8,0;-8,0;47,7
19/03/2026 04:11;450,0;115,6;100,0;12,0;-8,0;-8,0;47,7
19/03/2026 04:12;450,0;115,3;100,0;12,0;-8,0;-8,0;47,7
19/03/2026 04:13;450,0;114,4;100,0;12,0;-8,0;-8,0;47,7
19/03/2026 04:14;450,0;114,7;100,0;12,0;-8,0;-8,0;47,7
19/03/2026 04:15;450,0;114,7;100,0;12,0;-8,0;-8,0;47,7
19/03/2026 04:16;450,0;114,7;100,0;12,0;-8,0;-7,0;48,3
19/03/2026 04:17;450,0;114,7;100,0;12,0;-8,0;-8,0;47,8
19/03/2026 04:18;450,0;114,4;100,0;12,0;-8,0;-8,0;47,8
19/03/2026 04:19;450,0;114,4;100,0;12,0;-8,0;-9,0;47,5
19/03/2026 04:20;450,0;114,1;100,0;12,0;-8,0;-8,0;47,7
19/03/2026 04:21;450,0;114,4;100,0;12,0;-8,0;-8,0;47,6
19/03/2026 04:22;450,0;114,1;100,0;12,0;-8,0;-8,0;47,6
19/03/2026 04:23;450,0;114,1;100,0;12,0;-8,0;-8,0;47,6
19/03/2026 04:24;450,0;114,1;100,0;12,0;-8,0;-8,0;47,6
19/03/2026 04:25;450,0;114,1;100,0;12,0;-8,0;-8,0;47,6
19/03/2026 04:26;450,0;113,8;100,0;12,0;-8,0;-8,0;47,6
19/03/2026 04:27;450,0;113,8;100,0;12,0;-8,0;-8,0;47,6
19/03/2026 04:28;450,0;113,8;100,0;12,0;-8,0;-7,0;48,0
19/03/2026 04:29;450,0;113,8;100,0;12,0;-8,0;-8,0;47,7
19/03/2026 04:30;450,0;113,5;100,0;12,0;-8,0;-8,0;47,8
19/03/2026 04:31;450,0;113,5;100,0;12,0;-8,0;-8,0;47,7
19/03/2026 04:32;450,0;113,5;100,0;12,0;-8,0;-8,0;47,7
19/03/2026 04:33;450,0;113,2;100,0;12,0;-8,0;-8,0;47,6
19/03/2026 04:34;450,0;113,8;100,0;12,0;-8,0;-8,0;47,6
19/03/2026 04:35;450,0;113,2;100,0;12,0;-8,0;-8,0;47,6
19/03/2026 04:36;450,0;113,2;100,0;12,0;-8,0;-8,0;47,6
19/03/2026 04:37;450,0;113,0;100,0;12,0;-8,0;-8,0;47,6
19/03/2026 04:38;450,0;113,2;100,0;12,0;-8,0;-8,0;47,6
19/03/2026 04:39;450,0;113,0;100,0;12,0;-8,0;-8,0;47,6
19/03/2026 04:40;450,0;112,7;100,0;12,0;-8,0;-8,0;47,6
19/03/2026 04:41;450,0;112,4;100,0;12,0;-8,0;-8,0;47,8
19/03/2026 04:42;450,0;111,8;100,0;12,0;-8,0;-8,0;47,7
19/03/2026 04:43;450,0;111,8;100,0;12,0;-8,0;-9,0;47,3
19/03/2026 04:44;450,0;111,2;100,0;12,0;-8,0;-8,0;47,5
19/03/2026 04:45;450,0;111,2;100,0;12,0;-8,0;-8,0;47,6
19/03/2026 04:46;450,0;111,2;100,0;12,0;-8,0;-8,0;47,6
19/03/2026 04:47;450,0;110,9;100,0;12,0;-8,0;-8,0;47,6
19/03/2026 04:48;450,0;111,2;100,0;12,0;-8,0;-8,0;47,6
19/03/2026 04:49;450,0;110,9;100,0;12,0;-8,0;-8,0;47,6
19/03/2026 04:50;450,0;111,2;100,0;12,0;-8,0;-8,0;47,6
19/03/2026 04:51;450,0;110,6;100,0;12,0;-8,0;-9,0;47,2
19/03/2026 04:52;450,0;110,6;100,0;12,0;-8,0;-8,0;47,6
19/03/2026 04:53;450,0;110,9;100,0;12,0;-8,0;-8,0;47,8
19/03/2026 04:54;450,0;110,6;100,0;12,0;-8,0;-8,0;47,7
19/03/2026 04:55;450,0;110,6;100,0;12,0;-8,0;-8,0;47,5
19/03/2026 04:56;450,0;110,6;100,0;12,0;-8,0;-8,0;47,6
19/03/2026 04:57;450,0;110,6;100,0;12,0;-8,0;-8,0;47,6
19/03/2026 04:58;450,0;110,3;100,0;12,0;-8,0;-8,0;47,6
19/03/2026 04:59;450,0;110,6;100,0;12,0;-8,0;-8,0;47,6
19/03/2026 05:00;450,0;110,0;100,0;12,0;-8,0;-8,0;47,6
19/03/2026 05:01;450,0;109,7;100,0;12,0;-8,0;-8,0;47,6
19/03/2026 05:02;450,0;109,7;100,0;12,0;-8,0;-8,0;47,6
19/03/2026 05:03;450,0;109,1;100,0;12,0;-8,0;-8,0;47,6
19/03/2026 05:04;450,0;109,4;100,0;12,0;-8,0;-8,0;47,6
19/03/2026 05:05;450,0;108,9;100,0;12,0;-8,0;-7,0;48,0
19/03/2026 05:06;450,0;108,9;100,0;12,0;-8,0;-8,0;47,6
19/03/2026 05:07;450,0;108,9;100,0;12,0;-8,0;-8,0;47,7
19/03/2026 05:08;450,0;108,6;100,0;12,0;-8,0;-8,0;47,7
19/03/2026 05:09;450,0;108,6;100,0;12,0;-8,0;-8,0;47,5
19/03/2026 05:10;450,0;108,6;100,0;12,0;-8,0;-8,0;47,6
19/03/2026 05:11;450,0;108,3;100,0;12,0;-8,0;-8,0;47,6
19/03/2026 05:12;450,0;108,3;100,0;12,0;-8,0;-8,0;47,6
19/03/2026 05:13;450,0;108,3;100,0;12,0;-8,0;-8,0;47,6
19/03/2026 05:14;450,0;108,0;100,0;12,0;-8,0;-8,0;47,6
19/03/2026 05:15;450,0;108,0;100,0;12,0;-8,0;-8,0;47,6
19/03/2026 05:16;450,0;108,0;100,0;12,0;-8,0;-8,0;47,6
19/03/2026 05:17;450,0;107,7;100,0;12,0;-8,0;-8,0;47,5
19/03/2026 05:18;450,0;107,7;100,0;12,0;-8,0;-8,0;47,6
19/03/2026 05:19;450,0;107,7;100,0;12,0;-8,0;-8,0;47,6
19/03/2026 05:20;450,0;107,7;100,0;12,0;-8,0;-9,0;47,3
19/03/2026 05:21;450,0;107,4;100,0;12,0;-8,0;-8,0;47,5
19/03/2026 05:22;450,0;107,4;100,0;12,0;-8,0;-8,0;47,5
19/03/2026 05:23;450,0;107,4;100,0;12,0;-8,0;-8,0;47,5
19/03/2026 05:24;450,0;107,7;100,0;12,0;-8,0;-8,0;47,5
19/03/2026 05:25;450,0;107,4;100,0;12,0;-8,0;-8,0;47,5
19/03/2026 05:26;450,0;107,4;100,0;12,0;-8,0;-8,0;47,5
19/03/2026 05:27;450,0;107,4;100,0;12,0;-8,0;-8,0;47,5
19/03/2026 05:28;450,0;107,4;100,0;12,0;-8,0;-8,0;47,5
19/03/2026 05:29;450,0;106,8;100,0;12,0;-8,0;-8,0;47,5
19/03/2026 05:30;450,0;106,5;100,0;12,0;-8,0;-7,0;48,0
19/03/2026 05:31;450,0;105,9;100,0;12,0;-8,0;-8,0;47,6
19/03/2026 05:32;450,0;105,9;100,0;12,0;-8,0;-8,0;47,6
19/03/2026 05:33;450,0;105,9;100,0;12,0;-8,0;-8,0;47,6
19/03/2026 05:34;450,0;105,3;100,0;12,0;-8,0;-9,0;47,0
19/03/2026 05:35;450,0;105,6;100,0;12,0;-8,0;-8,0;47,4
19/03/2026 05:36;450,0;105,9;100,0;12,0;-8,0;-8,0;47,2
19/03/2026 05:37;450,0;106,5;100,0;12,0;-8,0;-8,0;47,3
19/03/2026 05:38;450,0;106,5;100,0;12,0;-8,0;-8,0;47,3
19/03/2026 05:39;450,0;106,5;100,0;12,0;-8,0;-8,0;47,3
19/03/2026 05:40;450,0;107,1;100,0;12,0;-8,0;8,0;54,1
19/03/2026 05:41;450,0;139,3;100,0;12,0;-8,0;-6,0;49,2
19/03/2026 05:42;450,0;208,2;100,0;12,0;-8,0;-2,0;53,4
19/03/2026 05:43;450,0;343,5;100,0;12,0;-8,0;-3,0;54,9
19/03/2026 05:44;450,0;449,0;100,0;12,0;-8,0;-2,0;56,4
19/03/2026 05:45;450,0;516,4;40,0;0,0;-8,0;-16,0;50,4
19/03/2026 05:46;450,0;490,3;5,0;0,0;-8,0;-19,0;45,4
19/03/2026 05:47;450,0;442,6;8,5;7,4;-8,0;-17,0;43,3
19/03/2026 05:48;450,0;404,5;50,1;12,0;-8,0;-11,0;44,2
19/03/2026 05:49;450,0;413,9;91,4;12,0;-8,0;-2,0;49,5
19/03/2026 05:50;450,0;482,7;64,3;0,0;-8,0;-7,0;49,0
19/03/2026 05:51;450,0;503,5;7,1;0,0;-8,0;-16,0;42,8
19/03/2026 05:52;450,0;469,0;5,0;0,0;-8,0;-15,0;40,7
19/03/2026 05:53;450,0;431,7;14,6;12,0;-8,0;-14,0;39,1
19/03/2026 05:54;450,0;401,6;55,4;12,0;-8,0;-7,0;40,9
19/03/2026 05:55;450,0;390,7;100,0;12,0;-8,0;-2,0;45,2
19/03/2026 05:56;450,0;395,1;100,0;12,0;-8,0;-2,0;47,0
19/03/2026 05:57;450,0;388,7;100,0;12,0;-8,0;-3,0;48,2
19/03/2026 05:58;450,0;373,7;100,0;12,0;-8,0;-4,0;49,2
19/03/2026 05:59;450,0;357,9;100,0;12,0;-8,0;-4,0;50,5
19/03/2026 06:00;450,0;343,5;100,0;12,0;-8,0;-5,0;51,0
19/03/2026 06:01;450,0;330,4;100,0;12,0;-8,0;-5,0;52,1
19/03/2026 06:02;450,0;317,2;100,0;12,0;-8,0;-6,0;52,5
19/03/2026 06:03;450,0;304,9;100,0;12,0;-8,0;-6,0;53,0
19/03/2026 06:04;450,0;294,3;100,0;12,0;-8,0;-6,0;53,5
19/03/2026 06:05;450,0;283,2;100,0;12,0;-8,0;-7,0;53,3
19/03/2026 06:06;450,0;273,5;100,0;12,0;-8,0;-7,0;53,7
19/03/2026 06:07;450,0;264,4;100,0;12,0;-8,0;-6,0;54,6
19/03/2026 06:08;450,0;255,9;100,0;12,0;-8,0;-8,0;54,1
19/03/2026 06:09;450,0;249,5;100,0;12,0;-8,0;-8,0;54,1
19/03/2026 06:10;450,0;243,0;100,0;12,0;-8,0;-8,0;54,2
19/03/2026 06:11;450,0;236,9;100,0;12,0;-8,0;-8,0;54,2
19/03/2026 06:12;450,0;231,9;100,0;12,0;-8,0;-8,0;54,2
19/03/2026 06:13;450,0;226,9;100,0;12,0;-8,0;-8,0;54,2
19/03/2026 06:14;450,0;221,1;100,0;12,0;-8,0;-9,0;53,9
19/03/2026 06:15;450,0;216,4;100,0;12,0;-8,0;-8,0;54,0
19/03/2026 06:16;450,0;212,0;100,0;12,0;-8,0;-8,0;54,1
19/03/2026 06:17;450,0;208,5;100,0;12,0;-8,0;-9,0;53,5
19/03/2026 06:18;450,0;204,4;100,0;12,0;-8,0;-8,0;53,6
19/03/2026 06:19;450,0;199,1;100,0;12,0;-8,0;-7,0;54,0
19/03/2026 06:20;450,0;193,8;100,0;12,0;-8,0;-8,0;53,6
19/03/2026 06:21;450,0;189,4;100,0;12,0;-8,0;-9,0;52,9
19/03/2026 06:22;450,0;185,0;100,0;12,0;-8,0;-9,0;52,6
19/03/2026 06:23;450,0;181,8;100,0;12,0;-8,0;-8,0;52,9
19/03/2026 06:24;450,0;178,3;100,0;12,0;-8,0;-8,0;52,8
19/03/2026 06:25;450,0;175,4;100,0;12,0;-8,0;-8,0;52,5
19/03/2026 06:26;450,0;171,8;100,0;12,0;-8,0;-8,0;52,4
19/03/2026 06:27;450,0;169,8;100,0;12,0;-8,0;-9,0;51,9
19/03/2026 06:28;450,0;167,7;100,0;12,0;-8,0;-8,0;52,2
19/03/2026 06:29;450,0;165,4;100,0;12,0;-8,0;-9,0;51,7
19/03/2026 06:30;450,0;163,6;100,0;12,0;-8,0;-9,0;51,6
19/03/2026 06:31;450,0;161,3;100,0;12,0;-8,0;-8,0;51,8
19/03/2026 06:32;450,0;159,0;100,0;12,0;-8,0;-9,0;51,6
19/03/2026 06:33;450,0;157,2;100,0;12,0;-8,0;-9,0;51,5
19/03/2026 06:34;450,0;155,7;100,0;12,0;-8,0;-9,0;51,3
19/03/2026 06:35;450,0;153,7;100,0;12,0;-8,0;-9,0;51,1
19/03/2026 06:36;450,0;152,8;100,0;12,0;-8,0;-9,0;51,1
19/03/2026 06:37;450,0;150,8;100,0;12,0;-8,0;-8,0;51,2
19/03/2026 06:38;450,0;150,2;100,0;12,0;-8,0;-8,0;51,1
19/03/2026 06:39;450,0;148,1;100,0;12,0;-8,0;-9,0;50,6
19/03/2026 06:40;450,0;147,8;100,0;12,0;-8,0;-8,0;50,9
19/03/2026 06:41;450,0;147,5;100,0;12,0;-8,0;-8,0;50,8
19/03/2026 06:42;450,0;145,5;100,0;12,0;-8,0;-8,0;50,6
19/03/2026 06:43;450,0;145,2;100,0;12,0;-8,0;-8,0;50,5
19/03/2026 06:44;450,0;144,0;100,0;12,0;-8,0;-7,0;51,1
19/03/2026 06:45;450,0;142,5;100,0;12,0;-8,0;-9,0;50,2
19/03/2026 06:46;450,0;142,5;100,0;12,0;-8,0;-8,0;50,5
19/03/2026 06:47;450,0;140,8;100,0;12,0;-8,0;-8,0;50,4
19/03/2026 06:48;450,0;140,8;100,0;12,0;-8,0;-8,0;50,4
19/03/2026 06:49;450,0;138,7;100,0;12,0;-8,0;-9,0;49,9
19/03/2026 06:50;450,0;138,7;100,0;12,0;-8,0;-8,0;50,2
19/03/2026 06:51;450,0;138,4;100,0;12,0;-8,0;-8,0;50,2
19/03/2026 06:52;450,0;137,0;100,0;12,0;-8,0;-8,0;50,0
19/03/2026 06:53;450,0;136,7;100,0;12,0;-8,0;-8,0;50,0
19/03/2026 06:54;450,0;136,1;100,0;12,0;-8,0;-8,0;50,0
19/03/2026 06:55;450,0;134,6;100,0;12,0;-8,0;-8,0;49,9
19/03/2026 06:56;450,0;134,3;100,0;12,0;-8,0;-7,0;50,3
19/03/2026 06:57;450,0;133,8;100,0;12,0;-8,0;-8,0;50,0
19/03/2026 06:58;450,0;132,3;100,0;12,0;-8,0;-8,0;49,9
19/03/2026 06:59;450,0;132,3;100,0;12,0;-8,0;-8,0;49,8
19/03/2026 07:00;450,0;131,7;100,0;12,0;-8,0;-8,0;49,7
19/03/2026 07:01;450,0;130,5;100,0;12,0;-8,0;-8,0;49,7
19/03/2026 07:02;450,0;129,9;100,0;12,0;-8,0;-9,0;49,2
19/03/2026 07:03;450,0;129,9;100,0;12,0;-8,0;-8,0;49,6
19/03/2026 07:04;450,0;129,7;100,0;12,0;-8,0;-8,0;49,7
19/03/2026 07:05;450,0;128,2;100,0;12,0;-8,0;-8,0;49,5
19/03/2026 07:06;450,0;127,9;100,0;12,0;-8,0;-8,0;49,5
19/03/2026 07:07;450,0;128,2;100,0;12,0;-8,0;-9,0;48,9
19/03/2026 07:08;450,0;127,6;100,0;12,0;-8,0;-8,0;49,3
19/03/2026 07:09;450,0;126,1;100,0;12,0;-8,0;-8,0;49,4
19/03/2026 07:10;450,0;125,6;100,0;12,0;-8,0;-8,0;49,4
19/03/2026 07:11;450,0;125,6;100,0;12,0;-8,0;-8,0;49,4
19/03/2026 07:12;450,0;125,6;100,0;12,0;-8,0;-8,0;49,3
19/03/2026 07:13;450,0;125,6;100,0;12,0;-8,0;-8,0;49,3
19/03/2026 07:14;450,0;124,1;100,0;12,0;-8,0;-8,0;49,1
19/03/2026 07:15;450,0;123,8;100,0;12,0;-8,0;-8,0;49,2
19/03/2026 07:16;450,0;123,2;100,0;12,0;-8,0;-8,0;49,2
19/03/2026 07:17;450,0;123,2;100,0;12,0;-8,0;-8,0;49,0
19/03/2026 07:18;450,0;123,2;100,0;12,0;-8,0;-8,0;49,0
19/03/2026 07:19;450,0;123,2;100,0;12,0;-8,0;-9,0;48,6
19/03/2026 07:20;450,0;122,6;100,0;12,0;-8,0;-8,0;48,9
19/03/2026 07:21;450,0;122,0;100,0;12,0;-8,0;-7,0;49,4
19/03/2026 07:22;450,0;121,2;100,0;12,0;-8,0;-8,0;48,9
19/03/2026 07:23;450,0;120,9;100,0;12,0;-8,0;-8,0;48,9
19/03/2026 07:24;450,0;120,9;100,0;12,0;-8,0;-8,0;48,9
19/03/2026 07:25;450,0;120,6;100,0;12,0;-8,0;-8,0;48,9
19/03/2026 07:26;450,0;120,6;100,0;12,0;-8,0;-8,0;48,8
19/03/2026 07:27;450,0;120,3;100,0;12,0;-8,0;-8,0;48,9
19/03/2026 07:28;450,0;119,4;100,0;12,0;-8,0;-9,0;48,4
19/03/2026 07:29;450,0;118,8;100,0;12,0;-8,0;-8,0;48,8
19/03/2026 07:30;450,0;118,8;100,0;12,0;-8,0;-8,0;48,8
19/03/2026 07:31;450,0;118,2;100,0;12,0;-8,0;-8,0;48,8
19/03/2026 07:32;450,0;118,2;100,0;12,0;-8,0;-8,0;48,8
19/03/2026 07:33;450,0;118,2;100,0;12,0;-8,0;-7,0;49,2
19/03/2026 07:34;450,0;118,2;100,0;12,0;-8,0;-8,0;48,9
19/03/2026 07:35;450,0;117,4;100,0;12,0;-8,0;-8,0;48,9
19/03/2026 07:36;450,0;116,8;100,0;12,0;-8,0;-9,0;48,3
19/03/2026 07:37;450,0;116,8;100,0;12,0;-8,0;-8,0;48,7
19/03/2026 07:38;450,0;116,8;100,0;12,0;-8,0;-9,0;48,1
19/03/2026 07:39;450,0;126,1;100,0;12,0;-8,0;-3,0;51,8
19/03/2026 07:40;450,0;218,1;100,0;12,0;-8,0;-3,0;53,2
19/03/2026 07:41;450,0;326,6;100,0;12,0;-8,0;-5,0;53,1
19/03/2026 07:42;450,0;401,0;100,0;12,0;-8,0;-4,0;54,7
19/03/2026 07:43;450,0;452,8;100,0;10,5;-8,0;-5,0;56,1
19/03/2026 07:44;450,0;491,5;65,0;0,0;-8,0;-14,0;52,3
19/03/2026 07:45;450,0;468,1;37,9;0,0;-8,0;-16,0;48,2
19/03/2026 07:46;450,0;425,0;64,2;12,0;-8,0;-12,0;48,6
19/03/2026 07:47;450,0;408,3;100,0;12,0;-8,0;-5,0;52,7
19/03/2026 07:48;450,0;457,8;100,0;5,9;-8,0;-3,0;54,8
19/03/2026 07:49;450,0;499,4;45,2;0,0;-8,0;-13,0;50,1
19/03/2026 07:50;450,0;471,6;23,5;0,0;-8,0;-16,0;45,8
19/03/2026 07:51;450,0;429,1;46,2;12,0;-8,0;-13,0;45,2
19/03/2026 07:52;450,0;407,7;89,5;12,0;-8,0;-5,0;49,3
19/03/2026 07:53;450,0;451,7;92,1;10,3;-8,0;-5,0;51,1
19/03/2026 07:54;450,0;493,0;46,1;0,0;-8,0;-13,0;47,7
19/03/2026 07:55;450,0;471,9;22,3;0,0;-8,0;-15,0;44,5
19/03/2026 07:56;450,0;434,1;38,2;12,0;-8,0;-13,0;43,4
19/03/2026 07:57;450,0;408,0;78,9;12,0;-8,0;-1,0;48,4
19/03/2026 07:58;450,0;439,9;93,5;12,0;-8,0;-3,0;50,0
19/03/2026 07:59;450,0;479,8;64,9;0,0;-8,0;-8,0;48,5
19/03/2026 08:00;450,0;482,1;31,3;0,0;-8,0;-13,0;45,2
19/03/2026 08:01;450,0;455,5;26,4;0,0;-8,0;-14,0;42,9
19/03/2026 08:02;450,0;424,4;48,4;12,0;-8,0;-10,0;43,3
19/03/2026 08:03;450,0;416,5;81,9;12,0;-8,0;-5,0;45,9
19/03/2026 08:04;450,0;456,6;80,8;4,6;-8,0;-5,0;47,7
19/03/2026 08:05;450,0;492,1;41,4;0,0;-8,0;-11,0;45,5
19/03/2026 08:06;450,0;480,4;10,1;0,0;-8,0;-15,0;41,7
19/03/2026 08:07;450,0;447,3;12,4;4,0;-8,0;-14,0;40,0
19/03/2026 08:08;450,0;417,1;40,7;12,0;-8,0;-10,0;40,5
19/03/2026 08:09;450,0;414,2;75,8;12,0;-8,0;-5,0;43,1
19/03/2026 08:10;450,0;430,6;91,4;12,0;-8,0;-1,0;46,3
19/03/2026 08:11;450,0;438,5;100,0;12,0;-8,0;-3,0;47,6
19/03/2026 08:12;450,0;430,0;100,0;12,0;-8,0;-4,0;48,4
19/03/2026 08:13;450,0;412,1;100,0;12,0;-8,0;-4,0;49,8
19/03/2026 08:14;450,0;389,3;100,0;12,0;-8,0;-5,0;50,6
19/03/2026 08:15;450,0;368,7;100,0;12,0;-8,0;-5,0;51,6
19/03/2026 08:16;450,0;352,0;100,0;12,0;-8,0;-6,0;51,9
19/03/2026 08:17;450,0;338,3;100,0;12,0;-8,0;-6,0;52,6
19/03/2026 08:18;450,0;327,1;100,0;12,0;-8,0;-6,0;53,2
19/03/2026 08:19;450,0;318,1;100,0;12,0;-8,0;-7,0;53,4
19/03/2026 08:20;450,0;308,7;100,0;12,0;-8,0;-7,0;53,7
19/03/2026 08:21;450,0;298,1;100,0;12,0;-8,0;-7,0;54,0
19/03/2026 08:22;450,0;287,3;100,0;12,0;-8,0;-7,0;54,1
19/03/2026 08:23;450,0;275,9;100,0;12,0;-8,0;-8,0;54,2
19/03/2026 08:24;450,0;267,1;100,0;12,0;-8,0;-8,0;54,1
19/03/2026 08:25;450,0;258,6;100,0;12,0;-8,0;-8,0;54,1
19/03/2026 08:26;450,0;250,1;100,0;12,0;-8,0;-8,0;54,1
19/03/2026 08:27;450,0;242,2;100,0;12,0;-8,0;-8,0;54,0
19/03/2026 08:28;450,0;234,8;100,0;12,0;-8,0;-8,0;53,8
19/03/2026 08:29;450,0;227,2;100,0;12,0;-8,0;-8,0;53,3
19/03/2026 08:30;450,0;221,4;100,0;12,0;-8,0;-8,0;53,6
19/03/2026 08:31;450,0;214,9;100,0;12,0;-8,0;-8,0;53,3
19/03/2026 08:32;450,0;210,2;100,0;12,0;-8,0;-8,0;53,1
19/03/2026 08:33;450,0;205,3;100,0;12,0;-8,0;-9,0;52,6
19/03/2026 08:34;450,0;201,4;100,0;12,0;-8,0;-8,0;52,8
19/03/2026 08:35;450,0;197,6;100,0;12,0;-8,0;-8,0;52,8
19/03/2026 08:36;450,0;193,8;100,0;12,0;-8,0;-8,0;52,6
19/03/2026 08:37;450,0;191,5;100,0;12,0;-8,0;-9,0;52,0
19/03/2026 08:38;450,0;188,3;100,0;12,0;-8,0;-9,0;51,7
19/03/2026 08:39;450,0;185,3;100,0;12,0;-8,0;-8,0;52,0
19/03/2026 08:40;450,0;188,3;100,0;12,0;-8,0;-8,0;52,5
19/03/2026 08:41;450,0;221,1;100,0;12,0;-8,0;-7,0;53,7
19/03/2026 08:42;450,0;301,9;100,0;12,0;-8,0;-6,0;54,5
19/03/2026 08:43;450,0;381,3;100,0;12,0;-8,0;-6,0;55,8
19/03/2026 08:44;450,0;453,1;100,0;10,6;-8,0;-6,0;57,0
19/03/2026 08:45;450,0;500,9;51,1;0,0;-8,0;-15,0;52,3
19/03/2026 08:46;450,0;478,0;21,6;0,0;-8,0;-19,0;47,2
19/03/2026 08:47;450,0;432,6;39,0;12,0;-8,0;-14,0;46,6
19/03/2026 08:48;450,0;405,7;83,1;12,0;-8,0;-7,0;49,1
19/03/2026 08:49;450,0;443,8;95,9;12,0;-8,0;-2,0;53,5
19/03/2026 08:50;450,0;507,0;40,0;0,0;-8,0;-13,0;48,6
19/03/2026 08:51;450,0;485,9;5,0;0,0;-8,0;-17,0;43,8
19/03/2026 08:52;450,0;444,9;8,3;5,4;-8,0;-16,0;41,6
19/03/2026 08:53;450,0;411,8;42,3;12,0;-8,0;-11,0;42,1
19/03/2026 08:54;450,0;410,1;82,9;12,0;-8,0;-3,0;46,3
19/03/2026 08:55;450,0;474,5;70,1;0,0;-8,0;-6,0;47,0
19/03/2026 08:56;450,0;502,9;13,0;0,0;-8,0;-14,0;42,1
19/03/2026 08:57;450,0;474,5;5,0;0,0;-8,0;-14,0;39,8
19/03/2026 08:58;450,0;442,0;6,5;6,7;-8,0;-14,0;38,0
19/03/2026 08:59;450,0;418,0;34,7;12,0;-8,0;-10,0;38,6
19/03/2026 09:00;450,0;420,0;64,7;12,0;-8,0;-5,0;41,2
19/03/2026 09:01;450,0;460,7;60,3;0,0;-8,0;-6,0;42,2
19/03/2026 09:02;450,0;488,6;16,7;0,0;-8,0;-12,0;39,1
19/03/2026 09:03;450,0;475,4;5,0;0,0;-8,0;-13,0;37,1
19/03/2026 09:04;450,0;449,9;5,0;0,0;-8,0;-12,0;36,1
19/03/2026 09:05;450,0;429,1;23,7;12,0;-8,0;-10,0;35,7
19/03/2026 09:06;450,0;420,9;52,0;12,0;-8,0;-6,0;37,5
19/03/2026 09:07;450,0;440,8;61,8;12,0;-8,0;-4,0;39,5
19/03/2026 09:08;450,0;460,5;48,4;0,0;-8,0;-7,0;38,8
19/03/2026 09:09;450,0;462,5;36,4;0,0;-8,0;-9,0;38,1
19/03/2026 09:10;450,0;456,1;31,7;0,0;-8,0;-10,0;37,0
19/03/2026 09:11;450,0;447,6;33,6;5,2;-8,0;-10,0;36,6
19/03/2026 09:12;450,0;435,0;46,2;12,0;-8,0;-7,0;37,7
19/03/2026 09:13;450,0;422,9;70,6;12,0;-8,0;-5,0;39,2
19/03/2026 09:14;450,0;418,6;97,5;12,0;-8,0;-2,0;42,1
19/03/2026 09:15;450,0;412,7;100,0;12,0;-8,0;-2,0;44,1
19/03/2026 09:16;450,0;401,9;100,0;12,0;-8,0;-3,0;45,4
19/03/2026 09:17;450,0;389,0;100,0;12,0;-8,0;-3,0;47,0
19/03/2026 09:18;450,0;375,8;100,0;12,0;-8,0;-4,0;47,8
19/03/2026 09:19;450,0;362,6;100,0;12,0;-8,0;-4,0;48,9
19/03/2026 09:20;450,0;350,0;100,0;12,0;-8,0;-5,0;49,5
19/03/2026 09:21;450,0;337,7;100,0;12,0;-8,0;-5,0;50,5
19/03/2026 09:22;450,0;326,0;100,0;12,0;-8,0;-6,0;50,7
19/03/2026 09:23;450,0;314,0;100,0;12,0;-8,0;-6,0;51,3
19/03/2026 09:24;450,0;302,5;100,0;12,0;-8,0;-5,0;52,3
19/03/2026 09:25;450,0;292,3;100,0;12,0;-8,0;-7,0;51,9
19/03/2026 09:26;450,0;283,5;100,0;12,0;-8,0;-7,0;52,2
19/03/2026 09:27;450,0;276,4;100,0;12,0;-8,0;-7,0;52,7
19/03/2026 09:28;450,0;286,1;100,0;12,0;-8,0;-5,0;54,1
19/03/2026 09:29;450,0;339,4;100,0;12,0;-8,0;-6,0;54,8
19/03/2026 09:30;450,0;415,3;100,0;12,0;-8,0;-4,0;56,4
19/03/2026 09:31;450,0;482,4;81,2;0,0;-8,0;-9,0;55,9
19/03/2026 09:33;450,0;467,2;8,4;0,0;-8,0;-18,0;45,5
19/03/2026 09:34;450,0;431,4;28,3;12,0;-8,0;-16,0;43,6
19/03/2026 09:35;450,0;411,2;65,4;12,0;-8,0;-7,0;46,3
19/03/2026 09:36;450,0;455,8;70,7;4,5;-8,0;-5,0;48,7
19/03/2026 09:37;450,0;511,4;6,2;0,0;-8,0;-16,0;42,8
19/03/2026 09:38;450,0;489,8;5,0;0,0;-8,0;-15,0;40,5
19/03/2026 09:39;450,0;457,8;5,0;0,0;-8,0;-15,0;38,5
19/03/2026 09:40;450,0;432,9;16,2;12,0;-8,0;-13,0;37,6
19/03/2026 09:41;450,0;415,9;47,2;12,0;-8,0;-8,0;39,1
19/03/2026 09:42;450,0;436,1;64,8;12,0;-8,0;-5,0;41,4
19/03/2026 09:43;450,0;486,8;33,0;0,0;-8,0;-10,0;39,5
19/03/2026 09:44;450,0;490,0;5,0;0,0;-8,0;-13,0;36,5
19/03/2026 09:45;450,0;469,2;5,0;0,0;-8,0;-12,0;35,7
19/03/2026 09:46;450,0;447,9;5,0;1,4;-8,0;-12,0;34,3
19/03/2026 09:47;450,0;430,3;21,5;12,0;-8,0;-10,0;34,3
19/03/2026 09:48;450,0;422,9;46,2;12,0;-8,0;-6,0;36,0
19/03/2026 09:49;450,0;449,0;52,6;6,8;-8,0;-5,0;37,5
19/03/2026 09:50;450,0;481,0;24,6;0,0;-8,0;-10,0;35,5
19/03/2026 09:51;450,0;482,7;5,0;0,0;-8,0;-11,0;34,0
19/03/2026 09:52;450,0;469,5;5,0;0,0;-8,0;-11,0;32,9
19/03/2026 09:53;450,0;455,5;5,0;0,0;-8,0;-11,0;31,9
19/03/2026 09:54;450,0;441,7;9,8;7,7;-8,0;-10,0;31,8
19/03/2026 09:55;450,0;427,6;28,1;12,0;-8,0;-8,0;32,2
19/03/2026 09:56;450,0;429,7;50,7;12,0;-8,0;-6,0;33,8
19/03/2026 09:57;450,0;456,4;46,1;0,0;-8,0;-5,0;35,2
19/03/2026 09:58;450,0;473,3;21,6;0,0;-8,0;-9,0;33,6
19/03/2026 09:59;450,0;469,5;5,0;0,0;-8,0;-10,0;32,3
19/03/2026 10:00;450,0;456,6;5,0;0,0;-8,0;-10,0;31,7
19/03/2026 10:01;450,0;443,2;8,5;6,1;-8,0;-9,0;31,5
19/03/2026 10:02;450,0;431,7;25,1;12,0;-8,0;-8,0;31,7
19/03/2026 10:03;450,0;427,3;45,0;12,0;-8,0;-6,0;32,8
19/03/2026 10:04;450,0;430,6;62,0;12,0;-8,0;-4,0;34,7
19/03/2026 10:05;450,0;444,3;66,9;12,0;-8,0;-4,0;36,3
19/03/2026 10:06;450,0;456,4;60,0;0,7;-8,0;-5,0;36,9
19/03/2026 10:07;450,0;455,8;52,9;0,3;-8,0;-6,0;37,1
19/03/2026 10:08;450,0;445,8;56,4;9,4;-8,0;-7,0;36,9
19/03/2026 10:09;450,0;435,3;68,8;12,0;-8,0;-5,0;38,7
19/03/2026 10:10;450,0;427,1;87,9;12,0;-8,0;-3,0;40,7
19/03/2026 10:11;450,0;418,3;100,0;12,0;-8,0;-2,0;43,2
19/03/2026 10:12;450,0;411,2;100,0;12,0;-8,0;-3,0;44,5
19/03/2026 10:13;450,0;402,7;100,0;12,0;-8,0;-3,0;46,2
19/03/2026 10:14;450,0;396,9;100,0;12,0;-8,0;-4,0;47,4
19/03/2026 10:15;450,0;389,0;100,0;12,0;-8,0;-4,0;48,9
19/03/2026 10:16;450,0;395,7;100,0;12,0;-8,0;-3,0;50,7
19/03/2026 10:17;450,0;444,0;100,0;12,0;-8,0;-4,0;52,2
19/03/2026 10:18;450,0;524,3;41,1;0,0;-8,0;-13,0;48,8
19/03/2026 10:19;450,0;522,0;5,0;0,0;-8,0;-17,0;44,1
19/03/2026 10:20;450,0;482,7;5,0;0,0;-8,0;-16,0;41,5
19/03/2026 10:21;450,0;451,1;5,0;0,0;-8,0;-15,0;39,6
19/03/2026 10:22;450,0;427,1;24,6;12,0;-8,0;-13,0;38,7
19/03/2026 10:23;450,0;414,5;57,7;12,0;-8,0;-6,0;41,4
19/03/2026 10:24;450,0;453,7;61,0;4,0;-8,0;-5,0;42,9
19/03/2026 10:25;450,0;497,1;10,4;0,0;-8,0;-13,0;38,7
19/03/2026 10:26;450,0;482,4;5,0;0,0;-8,0;-12,0;37,8
19/03/2026 10:27;450,0;460,7;5,0;0,0;-8,0;-13,0;35,9
19/03/2026 10:28;450,0;442,3;8,9;7,0;-8,0;-12,0;35,1
19/03/2026 10:29;450,0;429,4;27,3;12,0;-8,0;-10,0;35,3
19/03/2026 10:30;450,0;431,4;46,3;12,0;-8,0;-6,0;36,8
19/03/2026 10:31;450,0;458,1;40,7;0,0;-8,0;-7,0;37,2
19/03/2026 10:32;450,0;476,0;15,7;0,0;-8,0;-10,0;35,5
19/03/2026 10:33;450,0;470,4;5,0;0,0;-8,0;-11,0;34,0
19/03/2026 10:34;450,0;457,5;5,0;0,0;-8,0;-11,0;33,0
19/03/2026 10:35;450,0;444,9;7,3;4,5;-8,0;-10,0;32,6
19/03/2026 10:36;450,0;436,4;19,2;12,0;-8,0;-9,0;32,5
19/03/2026 10:37;450,0;437,6;31,1;12,0;-8,0;-8,0;33,0
19/03/2026 10:38;450,0;448,7;33,3;4,5;-8,0;-6,0;33,9
19/03/2026 10:39;450,0;463,4;21,5;0,0;-8,0;-9,0;33,0
19/03/2026 10:40;450,0;465,4;6,4;0,0;-8,0;-10,0;31,9
19/03/2026 10:41;450,0;460,5;5,0;0,0;-8,0;-10,0;31,3
19/03/2026 10:42;450,0;453,4;5,0;0,0;-8,0;-10,0;30,6
19/03/2026 10:43;450,0;445,2;7,1;4,3;-8,0;-9,0;30,5
19/03/2026 10:44;450,0;437,6;19,3;12,0;-8,0;-9,0;30,2
19/03/2026 10:45;450,0;436,7;31,6;12,0;-8,0;-7,0;31,2
19/03/2026 10:46;450,0;447,0;34,3;6,0;-8,0;-7,0;31,7
19/03/2026 10:47;450,0;461,6;23,0;0,0;-8,0;-8,0;31,6
19/03/2026 10:48;450,0;465,1;8,6;0,0;-8,0;-9,0;30,8
19/03/2026 10:49;450,0;457,8;5,0;0,0;-8,0;-9,0;30,4
19/03/2026 10:50;450,0;449,9;5,0;0,0;-8,0;-9,0;30,0
19/03/2026 10:51;450,0;441,7;11,7;7,9;-8,0;-9,0;30,0
19/03/2026 10:52;450,0;436,4;24,7;12,0;-8,0;-7,0;30,3
19/03/2026 10:53;450,0;434,1;38,3;12,0;-8,0;-6,0;31,3
19/03/2026 10:54;450,0;438,8;48,2;12,0;-8,0;-5,0;32,4
19/03/2026 10:55;450,0;448,4;49,1;6,5;-8,0;-5,0;33,5
19/03/2026 10:56;450,0;456,6;42,8;0,0;-8,0;-6,0;33,6
19/03/2026 10:57;450,0;455,2;37,0;0,0;-8,0;-8,0;33,1
19/03/2026 10:58;450,0;450,5;36,7;3,2;-8,0;-7,0;33,8
19/03/2026 10:59;450,0;445,8;40,3;7,6;-8,0;-7,0;33,9
19/03/2026 11:00;450,0;442,9;47,2;11,0;-8,0;-7,0;34,3
19/03/2026 11:01;450,0;442,9;53,0;11,7;-8,0;-6,0;35,4
19/03/2026 11:02;450,0;442,6;58,9;12,0;-8,0;-5,0;36,5
19/03/2026 11:03;450,0;442,3;65,3;12,0;-8,0;-4,0;38,1
19/03/2026 11:04;450,0;442,3;71,1;12,0;-8,0;-4,0;39,3
19/03/2026 11:05;450,0;437,3;80,6;12,0;-8,0;-4,0;40,6
19/03/2026 11:06;450,0;427,9;98,3;12,0;-8,0;-2,0;43,0
19/03/2026 11:07;450,0;415,3;100,0;12,0;-8,0;-3,0;44,4
19/03/2026 11:08;450,0;402,7;100,0;12,0;-8,0;-3,0;46,2
19/03/2026 11:09;450,0;391,9;100,0;12,0;-8,0;-4,0;47,2
19/03/2026 11:10;450,0;380,2;100,0;12,0;-8,0;-4,0;48,5
19/03/2026 11:11;450,0;369,0;100,0;12,0;-8,0;-5,0;49,2
19/03/2026 11:12;450,0;357,0;100,0;12,0;-8,0;-6,0;49,6
19/03/2026 11:13;450,0;345,3;100,0;12,0;-8,0;-6,0;50,4
19/03/2026 11:14;450,0;334,8;100,0;12,0;-8,0;-6,0;51,0
19/03/2026 11:15;450,0;323,9;100,0;12,0;-8,0;-4,0;52,6
19/03/2026 11:16;450,0;316,9;100,0;12,0;-8,0;-7,0;52,0
19/03/2026 11:17;450,0;313,1;100,0;12,0;-8,0;-7,0;52,3
19/03/2026 11:18;450,0;311,3;100,0;12,0;-8,0;-7,0;52,7
19/03/2026 11:19;450,0;312,5;100,0;12,0;-8,0;-7,0;53,0
19/03/2026 11:20;450,0;319,8;100,0;12,0;-8,0;-7,0;53,5
19/03/2026 11:21;450,0;328,6;100,0;12,0;-8,0;-7,0;53,9
19/03/2026 11:22;450,0;336,8;100,0;12,0;-8,0;-7,0;54,2
19/03/2026 11:23;450,0;342,7;100,0;12,0;-8,0;-7,0;54,5
19/03/2026 11:24;450,0;361,7;100,0;12,0;-8,0;-3,0;57,2
19/03/2026 11:25;450,0;424,1;100,0;12,0;-8,0;0,0;60,0
19/03/2026 11:26;450,0;498,8;71,6;0,0;-8,0;-11,0;56,2
19/03/2026 11:27;450,0;514,7;5,0;0,0;-8,0;-21,0;48,2
19/03/2026 11:28;450,0;477,4;5,0;0,0;-8,0;-19,0;45,6
19/03/2026 11:29;450,0;442,0;6,6;6,8;-8,0;-17,0;43,5
19/03/2026 11:30;450,0;417,4;34,2;12,0;-8,0;-13,0;43,0
19/03/2026 11:31;450,0;418,0;67,5;12,0;-8,0;-6,0;45,8
19/03/2026 11:32;450,0;472,8;55,9;0,0;-8,0;-8,0;45,9
19/03/2026 11:33;450,0;503,2;5,0;0,0;-8,0;-15,0;41,2
19/03/2026 11:34;450,0;481,5;5,0;0,0;-8,0;-14,0;39,5
19/03/2026 11:35;450,0;454,6;5,0;0,0;-8,0;-14,0;37,4
19/03/2026 11:36;450,0;435,0;15,7;12,0;-8,0;-12,0;36,9
19/03/2026 11:37;450,0;422,9;41,4;12,0;-8,0;-9,0;37,7
19/03/2026 11:38;450,0;437,6;55,7;12,0;-8,0;-6,0;39,3
19/03/2026 11:39;450,0;479,5;28,5;0,0;-8,0;-10,0;37,9
19/03/2026 11:40;450,0;490,6;5,0;0,0;-8,0;-11,0;36,4
19/03/2026 11:41;450,0;474,2;5,0;0,0;-8,0;-12,0;34,6
19/03/2026 11:42;450,0;461,6;5,0;0,0;-8,0;-11,0;34,0
19/03/2026 11:43;450,0;449,9;5,0;0,0;-8,0;-11,0;33,0
19/03/2026 11:44;450,0;439,9;13,8;9,8;-8,0;-10,0;32,7
19/03/2026 11:45;450,0;432,9;29,0;12,0;-8,0;-8,0;33,1
19/03/2026 11:46;450,0;442,0;37,6;10,9;-8,0;-7,0;33,8
19/03/2026 11:47;450,0;462,8;27,4;0,0;-8,0;-8,0;33,7
19/03/2026 11:48;450,0;472,2;6,3;0,0;-8,0;-10,0;32,4
19/03/2026 11:49;450,0;468,1;5,0;0,0;-8,0;-10,0;31,7
19/03/2026 11:50;450,0;459,6;5,0;0,0;-8,0;-10,0;31,1
19/03/2026 11:51;450,0;452,8;5,0;0,0;-8,0;-10,0;30,5
19/03/2026 11:52;450,0;446,1;7,3;3,6;-8,0;-8,0;30,8
19/03/2026 11:53;450,0;440,5;15,5;9,6;-8,0;-9,0;30,2
19/03/2026 11:54;450,0;441,4;23,1;9,5;-8,0;-8,0;30,5
19/03/2026 11:55;450,0;448,1;25,4;3,9;-8,0;-8,0;30,5
19/03/2026 11:56;450,0;461,6;15,8;0,0;-8,0;-8,0;30,6
19/03/2026 11:57;450,0;463,7;5,0;0,0;-8,0;-9,0;30,0
19/03/2026 11:58;450,0;460,5;5,0;0,0;-8,0;-9,0;30,0
19/03/2026 11:59;450,0;455,5;5,0;0,0;-8,0;-9,0;30,0
19/03/2026 12:00;450,0;449,6;5,0;0,2;-8,0;-10,0;30,0
19/03/2026 12:01;450,0;444,9;9,4;4,8;-8,0;-10,0;30,0
19/03/2026 12:02;450,0;440,8;17,7;9,5;-8,0;-9,0;30,0
19/03/2026 12:03;450,0;441,1;26,8;10,3;-8,0;-7,0;30,3
19/03/2026 12:04;450,0;445,2;30,1;7,1;-8,0;-7,0;30,7
19/03/2026 12:05;450,0;449,9;29,5;2,7;-8,0;-7,0;31,1
19/03/2026 12:06;450,0;453,1;26,4;0,0;-8,0;-8,0;31,1
19/03/2026 12:07;450,0;452,8;23,7;0,0;-8,0;-8,0;31,0
19/03/2026 12:08;450,0;451,1;22,7;1,0;-8,0;-8,0;31,0
19/03/2026 12:09;450,0;443,8;27,6;7,9;-8,0;-8,0;31,0
19/03/2026 12:10;450,0;439,7;37,4;12,0;-8,0;-7,0;31,5
19/03/2026 12:11;450,0;438,2;47,5;12,0;-8,0;-6,0;32,6
19/03/2026 12:12;450,0;441,4;54,7;12,0;-8,0;-5,0;34,0
19/03/2026 12:13;450,0;445,5;58,6;10,1;-8,0;-5,0;34,9
19/03/2026 12:14;450,0;448,7;59,4;7,4;-8,0;-5,0;35,9
19/03/2026 12:15;450,0;447,3;60,4;8,6;-8,0;-5,0;36,7
19/03/2026 12:16;450,0;444,9;64,9;11,2;-8,0;-5,0;37,7
19/03/2026 12:17;450,0;446,4;67,5;10,2;-8,0;-4,0;39,2
19/03/2026 12:18;450,0;441,7;73,8;12,0;-8,0;-5,0;39,9
19/03/2026 12:19;450,0;432,0;88,4;12,0;-8,0;-3,0;42,0
19/03/2026 12:20;450,0;420,3;100,0;12,0;-8,0;-2,0;44,2
19/03/2026 12:21;450,0;407,4;100,0;12,0;-8,0;-3,0;45,4
19/03/2026 12:22;450,0;394,5;100,0;12,0;-8,0;-3,0;47,0
19/03/2026 12:23;450,0;384,6;100,0;12,0;-8,0;-4,0;47,9
19/03/2026 12:24;450,0;374,3;100,0;12,0;-8,0;-4,0;49,2
19/03/2026 12:25;450,0;363,8;100,0;12,0;-8,0;-5,0;49,8
19/03/2026 12:26;450,0;355,3;100,0;12,0;-8,0;-5,0;50,8
19/03/2026 12:27;450,0;345,3;100,0;12,0;-8,0;-5,0;51,5
19/03/2026 12:28;450,0;336,8;100,0;12,0;-8,0;-6,0;51,7
19/03/2026 12:29;450,0;327,4;100,0;12,0;-8,0;-6,0;52,2
19/03/2026 12:30;450,0;318,6;100,0;12,0;-8,0;-6,0;52,8
19/03/2026 12:31;450,0;310,1;100,0;12,0;-8,0;-7,0;52,8
19/03/2026 12:32;450,0;302,5;100,0;12,0;-8,0;-7,0;53,1
19/03/2026 12:33;450,0;295,5;100,0;12,0;-8,0;-8,0;53,0
19/03/2026 12:34;450,0;289,3;100,0;12,0;-8,0;-8,0;53,2
19/03/2026 12:35;450,0;282,9;100,0;12,0;-8,0;-8,0;53,1
19/03/2026 12:36;450,0;277,6;100,0;12,0;-8,0;-7,0;53,6
19/03/2026 12:37;450,0;272,9;100,0;12,0;-8,0;-8,0;53,3
19/03/2026 12:38;450,0;268,0;100,0;12,0;-8,0;-8,0;53,3
19/03/2026 12:39;450,0;263,6;100,0;12,0;-8,0;-8,0;53,3
19/03/2026 12:40;450,0;259,7;100,0;12,0;-8,0;-8,0;53,3
19/03/2026 12:41;450,0;255,9;100,0;12,0;-8,0;-8,0;53,3
19/03/2026 12:42;450,0;253,9;100,0;12,0;-8,0;-8,0;53,4
19/03/2026 12:43;450,0;249,8;100,0;12,0;-8,0;-8,0;53,4
19/03/2026 12:44;450,0;247,1;100,0;12,0;-8,0;-7,0;53,6
19/03/2026 12:45;450,0;254,2;100,0;12,0;-8,0;-6,0;54,3
19/03/2026 12:46;450,0;275,3;100,0;12,0;-8,0;-7,0;54,2
19/03/2026 12:47;450,0;349,7;100,0;12,0;-8,0;-7,0;55,8
19/03/2026 12:48;450,0;448,7;100,0;12,0;-8,0;-4,0;58,1
19/03/2026 12:49;450,0;518,5;42,5;0,0;-8,0;-17,0;52,1
19/03/2026 12:50;450,0;500,0;5,0;0,0;-8,0;-20,0;45,8
19/03/2026 12:51;450,0;461,3;5,0;0,0;-8,0;-18,0;44,0
19/03/2026 12:52;450,0;429,4;16,5;12,0;-8,0;-16,0;41,9
19/03/2026 12:53;450,0;408,0;52,1;12,0;-8,0;-10,0;43,1
19/03/2026 12:54;450,0;439,7;73,7;12,0;-8,0;-3,0;47,4
19/03/2026 12:55;450,0;512,0;10,8;0,0;-8,0;-14,0;42,5
19/03/2026 12:56;450,0;502,1;5,0;0,0;-8,0;-14,0;39,7
19/03/2026 12:57;450,0;475,1;5,0;0,0;-8,0;-13,0;38,4
19/03/2026 12:58;450,0;451,1;5,0;0,0;-8,0;-13,0;36,6
19/03/2026 12:59;450,0;432,9;18,9;12,0;-8,0;-12,0;35,7
19/03/2026 13:00;450,0;424,1;43,4;12,0;-8,0;-8,0;37,1
19/03/2026 13:01;450,0;445,2;51,1;10,0;-8,0;-6,0;38,5
19/03/2026 13:02;450,0;486,8;17,4;0,0;-8,0;-10,0;36,9
19/03/2026 13:03;450,0;491,8;5,0;0,0;-8,0;-12,0;34,5
19/03/2026 13:04;450,0;479,2;5,0;0,0;-8,0;-11,0;34,1
19/03/2026 13:05;450,0;467,5;5,0;0,0;-8,0;-11,0;33,1
19/03/2026 13:06;450,0;458,4;5,0;0,0;-8,0;-10,0;32,7
19/03/2026 13:07;450,0;447,6;5,3;2,0;-8,0;-11,0;31,6
19/03/2026 13:08;450,0;437,9;15,7;11,8;-8,0;-9,0;32,0
19/03/2026 13:09;450,0;434,1;30,4;12,0;-8,0;-8,0;32,3
19/03/2026 13:10;450,0;445,8;35,8;7,4;-8,0;-7,0;32,9
19/03/2026 13:11;450,0;462,8;23,1;0,0;-8,0;-8,0;32,6
19/03/2026 13:12;450,0;468,7;6,0;0,0;-8,0;-10,0;31,3
19/03/2026 13:13;450,0;465,1;5,0;0,0;-8,0;-9,0;31,3
19/03/2026 13:14;450,0;460,7;5,0;0,0;-8,0;-9,0;30,8
19/03/2026 13:15;450,0;457,2;5,0;0,0;-8,0;-10,0;30,0
19/03/2026 13:16;450,0;454,9;5,0;0,0;-8,0;-9,0;30,0
19/03/2026 13:17;450,0;450,5;5,0;0,0;-8,0;-10,0;30,0
19/03/2026 13:18;450,0;444,9;9,3;4,9;-8,0;-9,0;30,0
19/03/2026 13:19;450,0;442,6;15,6;7,7;-8,0;-8,0;30,0
19/03/2026 13:20;450,0;444,3;21,5;6,9;-8,0;-8,0;30,0
19/03/2026 13:21;450,0;454,9;16,7;0,0;-8,0;-8,0;30,0
19/03/2026 13:22;450,0;462,8;5,0;0,0;-8,0;-9,0;30,0
19/03/2026 13:23;450,0;465,7;5,0;0,0;-8,0;-9,0;30,0
19/03/2026 13:24;450,0;463,4;5,0;0,0;-8,0;-9,0;30,0
19/03/2026 13:25;450,0;458,4;5,0;0,0;-8,0;-9,0;30,0
19/03/2026 13:26;450,0;455,8;5,0;0,0;-8,0;-9,0;30,0
19/03/2026 13:27;450,0;452,5;5,0;0,0;-8,0;-10,0;30,0
19/03/2026 13:28;450,0;448,7;5,3;0,9;-8,0;-9,0;30,0
19/03/2026 13:29;450,0;445,8;9,7;4,2;-8,0;-9,0;30,0
19/03/2026 13:30;450,0;443,2;14,9;7,0;-8,0;-9,0;30,0
19/03/2026 13:31;450,0;447,0;18,4;4,1;-8,0;-9,0;30,0
19/03/2026 13:32;450,0;454,3;14,5;0,0;-8,0;-8,0;30,0
19/03/2026 13:33;450,0;460,5;6,2;0,0;-8,0;-10,0;30,0
19/03/2026 13:34;450,0;461,9;5,0;0,0;-8,0;-10,0;30,0
19/03/2026 13:35;450,0;460,7;5,0;0,0;-8,0;-10,0;30,0
19/03/2026 13:36;450,0;459,9;5,0;0,0;-8,0;-10,0;30,0
19/03/2026 13:37;450,0;456,9;5,0;0,0;-8,0;-10,0;30,0
19/03/2026 13:38;450,0;455,2;5,0;0,0;-8,0;-10,0;30,0
19/03/2026 13:39;450,0;451,7;5,0;0,0;-8,0;-9,0;30,0
19/03/2026 13:40;450,0;449,9;5,0;0,0;-8,0;-10,0;30,0
19/03/2026 13:41;450,0;447,9;6,9;2,0;-8,0;-9,0;30,0
19/03/2026 13:42;450,0;445,8;10,1;4,2;-8,0;-9,0;30,0
19/03/2026 13:43;450,0;446,4;13,4;4,0;-8,0;-9,0;30,0
19/03/2026 13:44;450,0;451,7;12,7;0,0;-8,0;-9,0;30,0
19/03/2026 13:45;450,0;459,0;5,0;0,0;-8,0;-9,0;30,0
19/03/2026 13:46;450,0;461,9;5,0;0,0;-8,0;-10,0;30,0
19/03/2026 13:47;450,0;463,4;5,0;0,0;-8,0;-10,0;30,0
19/03/2026 13:48;450,0;462,5;5,0;0,0;-8,0;-10,0;30,0
19/03/2026 13:49;450,0;460,5;5,0;0,0;-8,0;-10,0;30,0
19/03/2026 13:50;450,0;459,0;5,0;0,0;-8,0;-10,0;30,0
19/03/2026 13:51;450,0;455,8;5,0;0,0;-8,0;-10,0;30,0
19/03/2026 13:52;450,0;453,4;5,0;0,0;-8,0;-9,0;30,0
19/03/2026 13:53;450,0;450,2;5,0;0,0;-8,0;-10,0;30,0
19/03/2026 13:54;450,0;446,4;7,0;3,2;-8,0;-10,0;30,0
19/03/2026 13:55;450,0;442,0;13,8;7,9;-8,0;-9,0;30,0
19/03/2026 13:56;450,0;446,1;19,1;5,1;-8,0;-8,0;30,0
19/03/2026 13:57;450,0;456,4;13,4;0,0;-8,0;-9,0;30,0
19/03/2026 13:58;450,0;463,1;5,0;0,0;-8,0;-9,0;30,0
19/03/2026 13:59;450,0;464,3;5,0;0,0;-8,0;-10,0;30,0
19/03/2026 14:00;450,0;462,8;5,0;0,0;-8,0;-10,0;30,0
19/03/2026 14:01;450,0;462,2;5,0;0,0;-8,0;-10,0;30,0
19/03/2026 14:02;450,0;459,9;5,0;0,0;-8,0;-10,0;30,0
19/03/2026 14:03;450,0;455,8;5,0;0,0;-8,0;-10,0;30,0
19/03/2026 14:04;450,0;452,8;5,0;0,0;-8,0;-10,0;30,0
19/03/2026 14:05;450,0;448,4;5,6;1,5;-8,0;-9,0;30,0
19/03/2026 14:06;450,0;445,8;9,5;4,2;-8,0;-9,0;30,0
19/03/2026 14:07;450,0;445,8;13,6;4,6;-8,0;-9,0;30,0
19/03/2026 14:08;450,0;453,1;11,7;0,0;-8,0;-8,0;30,0
19/03/2026 14:09;450,0;461,9;5,0;0,0;-8,0;-10,0;30,0
19/03/2026 14:10;450,0;463,7;5,0;0,0;-8,0;-10,0;30,0
19/03/2026 14:11;450,0;463,4;5,0;0,0;-8,0;-9,0;30,0
19/03/2026 14:12;450,0;461,9;5,0;0,0;-8,0;-9,0;30,0
19/03/2026 14:13;450,0;459,0;5,0;0,0;-8,0;-9,0;30,0
19/03/2026 14:14;450,0;453,4;5,0;0,0;-8,0;-9,0;30,0
19/03/2026 14:15;450,0;449,6;5,0;0,3;-8,0;-10,0;30,0
19/03/2026 14:16;450,0;447,0;8,5;3,0;-8,0;-9,0;30,0
19/03/2026 14:17;450,0;447,0;11,1;3,3;-8,0;-9,0;30,0
19/03/2026 14:18;450,0;449,6;10,7;0,9;-8,0;-8,0;30,0
19/03/2026 14:19;450,0;452,0;9,1;0,0;-8,0;-10,0;30,0
19/03/2026 14:20;450,0;452,8;6,3;0,0;-8,0;-9,0;30,0
19/03/2026 14:21;450,0;451,1;5,9;0,0;-8,0;-10,0;30,0
19/03/2026 14:22;450,0;448,1;7,0;1,7;-8,0;-9,0;30,0
19/03/2026 14:23;450,0;445,2;11,8;5,0;-8,0;-9,0;30,0
19/03/2026 14:24;450,0;446,7;15,5;4,0;-8,0;-8,0;30,0
19/03/2026 14:25;450,0;454,0;12,7;0,0;-8,0;-9,0;30,0
19/03/2026 14:26;450,0;461,0;5,0;0,0;-8,0;-10,0;30,0
19/03/2026 14:27;450,0;465,4;5,0;0,0;-8,0;-9,0;30,0
19/03/2026 14:28;450,0;466,3;5,0;0,0;-8,0;-9,0;30,0
19/03/2026 14:29;450,0;465,7;5,0;0,0;-8,0;-10,0;30,0
19/03/2026 14:30;450,0;461,0;5,0;0,0;-8,0;-10,0;30,0
19/03/2026 14:31;450,0;456,9;5,0;0,0;-8,0;-9,0;30,0
19/03/2026 14:32;450,0;453,7;5,0;0,0;-8,0;-10,0;30,0
19/03/2026 14:33;450,0;448,7;5,4;1,2;-8,0;-9,0;30,0
19/03/2026 14:34;450,0;445,2;9,3;4,7;-8,0;-9,0;30,0
19/03/2026 14:35;450,0;442,9;16,5;7,5;-8,0;-9,0;30,0
19/03/2026 14:36;450,0;452,0;15,0;0,0;-8,0;-9,0;30,0
19/03/2026 14:37;450,0;459,6;5,4;0,0;-8,0;-9,0;30,0
19/03/2026 14:38;450,0;464,6;5,0;0,0;-8,0;-10,0;30,0
19/03/2026 14:39;450,0;465,1;5,0;0,0;-8,0;-10,0;30,0
19/03/2026 14:40;450,0;464,3;5,0;0,0;-8,0;-10,0;30,0
19/03/2026 14:41;450,0;461,0;5,0;0,0;-8,0;-10,0;30,0
19/03/2026 14:42;450,0;458,4;5,0;0,0;-8,0;-9,0;30,0
19/03/2026 14:43;450,0;456,6;5,0;0,0;-8,0;-10,0;30,0
19/03/2026 14:44;450,0;455,2;5,0;0,0;-8,0;-9,0;30,0
19/03/2026 14:45;450,0;454,9;5,0;0,0;-8,0;-10,0;30,0
19/03/2026 14:46;450,0;453,7;5,0;0,0;-8,0;-9,0;30,0
19/03/2026 14:47;450,0;450,2;5,0;0,0;-8,0;-9,0;30,0
19/03/2026 14:48;450,0;445,5;9,0;4,4;-8,0;-9,0;30,0
19/03/2026 14:49;450,0;442,9;15,4;7,4;-8,0;-9,0;30,0
19/03/2026 14:50;450,0;446,1;19,6;5,1;-8,0;-8,0;30,0
19/03/2026 14:51;450,0;456,1;14,5;0,0;-8,0;-8,0;30,0
19/03/2026 14:52;450,0;463,4;5,0;0,0;-8,0;-10,0;30,0
19/03/2026 14:53;450,0;464,0;5,0;0,0;-8,0;-9,0;30,0
19/03/2026 14:54;450,0;461,0;5,0;0,0;-8,0;-9,0;30,0
19/03/2026 14:55;450,0;459,3;5,0;0,0;-8,0;-9,0;30,0
19/03/2026 14:56;450,0;454,6;5,0;0,0;-8,0;-10,0;30,0
19/03/2026 14:57;450,0;453,1;5,0;0,0;-8,0;-9,0;30,0
19/03/2026 14:58;450,0;449,9;5,0;0,0;-8,0;-10,0;30,0
19/03/2026 14:59;450,0;448,1;6,2;1,7;-8,0;-10,0;30,0
19/03/2026 15:00;450,0;449,0;7,5;1,1;-8,0;-10,0;30,0
19/03/2026 15:01;450,0;447,0;10,2;3,2;-8,0;-9,0;30,0
19/03/2026 15:02;450,0;447,0;12,8;3,5;-8,0;-9,0;30,0
19/03/2026 15:03;450,0;450,8;12,8;0,2;-8,0;-9,0;30,0
19/03/2026 15:04;450,0;456,9;6,9;0,0;-8,0;-9,0;30,0
19/03/2026 15:05;450,0;460,5;5,0;0,0;-8,0;-9,0;30,0
19/03/2026 15:06;450,0;460,2;5,0;0,0;-8,0;-10,0;30,0
19/03/2026 15:07;450,0;458,7;5,0;0,0;-8,0;-10,0;30,0
19/03/2026 15:08;450,0;455,5;5,0;0,0;-8,0;-10,0;30,0
19/03/2026 15:09;450,0;451,1;5,0;0,0;-8,0;-10,0;30,0
19/03/2026 15:10;450,0;449,6;5,0;0,3;-8,0;-9,0;30,0
19/03/2026 15:11;450,0;447,9;6,9;2,0;-8,0;-9,0;30,0
19/03/2026 15:12;450,0;446,7;9,8;3,3;-8,0;-10,0;30,0
19/03/2026 15:13;450,0;445,2;14,5;5,3;-8,0;-9,0;30,0
19/03/2026 15:14;450,0;449,9;15,2;1,2;-8,0;-9,0;30,0
19/03/2026 15:15;450,0;456,4;10,1;0,0;-8,0;-9,0;30,0
19/03/2026 15:16;450,0;462,2;5,0;0,0;-8,0;-10,0;30,0
19/03/2026 15:17;450,0;463,4;5,0;0,0;-8,0;-10,0;30,0
19/03/2026 15:18;450,0;461,9;5,0;0,0;-8,0;-10,0;30,0
19/03/2026 15:19;450,0;458,1;5,0;0,0;-8,0;-10,0;30,0
19/03/2026 15:20;450,0;454,3;5,0;0,0;-8,0;-9,0;30,0
19/03/2026 15:21;450,0;451,1;5,0;0,0;-8,0;-10,0;30,0
19/03/2026 15:22;450,0;446,4;7,2;3,3;-8,0;-10,0;30,0
19/03/2026 15:23;450,0;442,3;13,6;7,7;-8,0;-8,0;30,0
19/03/2026 15:24;450,0;444,0;19,0;6,8;-8,0;-9,0;30,0
19/03/2026 15:25;450,0;449,6;20,4;2,1;-8,0;-8,0;30,0
19/03/2026 15:26;450,0;461,3;10,0;0,0;-8,0;-9,0;30,0
19/03/2026 15:27;450,0;466,3;5,0;0,0;-8,0;-10,0;30,0
19/03/2026 15:28;450,0;465,7;5,0;0,0;-8,0;-9,0;30,0
19/03/2026 15:29;450,0;464,3;5,0;0,0;-8,0;-10,0;30,0
19/03/2026 15:30;450,0;461,3;5,0;0,0;-8,0;-10,0;30,0
19/03/2026 15:31;450,0;456,4;5,0;0,0;-8,0;-10,0;30,0
19/03/2026 15:32;450,0;452,8;5,0;0,0;-8,0;-10,0;30,0
19/03/2026 15:33;450,0;450,2;5,0;0,0;-8,0;-10,0;30,0
19/03/2026 15:34;450,0;448,1;6,3;1,7;-8,0;-10,0;30,0
19/03/2026 15:35;450,0;446,1;9,7;3,9;-8,0;-10,0;30,0
19/03/2026 15:36;450,0;446,1;13,7;4,3;-8,0;-9,0;30,0
19/03/2026 15:37;450,0;451,1;12,9;0,0;-8,0;-9,0;30,0
19/03/2026 15:38;450,0;458,4;5,4;0,0;-8,0;-10,0;30,0
19/03/2026 15:39;450,0;461,6;5,0;0,0;-8,0;-10,0;30,0
19/03/2026 15:40;450,0;457,2;5,0;0,0;-8,0;-10,0;30,0
19/03/2026 15:41;450,0;452,5;5,0;0,0;-8,0;-10,0;30,0
19/03/2026 15:42;450,0;448,1;5,6;1,6;-8,0;-10,0;30,0
19/03/2026 15:43;450,0;444,6;10,5;5,3;-8,0;-10,0;30,0
19/03/2026 15:44;450,0;446,4;14,3;4,2;-8,0;-9,0;30,0
19/03/2026 15:45;450,0;454,9;10,9;0,0;-8,0;-9,0;30,0
19/03/2026 15:46;450,0;464,8;5,0;0,0;-8,0;-10,0;30,0
19/03/2026 15:47;450,0;467,8;5,0;0,0;-8,0;-10,0;30,0
19/03/2026 15:48;450,0;465,1;5,0;0,0;-8,0;-10,0;30,0
19/03/2026 15:49;450,0;463,4;5,0;0,0;-8,0;-9,0;30,0
19/03/2026 15:50;450,0;461,6;5,0;0,0;-8,0;-10,0;30,0
19/03/2026 15:51;450,0;459,3;5,0;0,0;-8,0;-10,0;30,0
19/03/2026 15:52;450,0;456,4;5,0;0,0;-8,0;-10,0;30,0
19/03/2026 15:53;450,0;452,5;5,0;0,0;-8,0;-10,0;30,0
19/03/2026 15:54;450,0;448,4;5,8;1,4;-8,0;-10,0;30,0
19/03/2026 15:55;450,0;444,0;11,3;6,0;-8,0;-9,0;30,0
19/03/2026 15:56;450,0;443,5;17,6;7,0;-8,0;-9,0;30,0
19/03/2026 15:57;450,0;451,7;17,0;0,2;-8,0;-8,0;30,0
19/03/2026 15:58;450,0;459,9;7,4;0,0;-8,0;-10,0;30,0
19/03/2026 15:59;450,0;463,7;5,0;0,0;-8,0;-9,0;30,0
19/03/2026 16:00;450,0;463,1;5,0;0,0;-8,0;-10,0;30,0
19/03/2026 16:01;450,0;461,6;5,0;0,0;-8,0;-10,0;30,0
19/03/2026 16:02;450,0;459,9;5,0;0,0;-8,0;-9,0;30,0
19/03/2026 16:03;450,0;457,2;5,0;0,0;-8,0;-10,0;30,0
19/03/2026 16:04;450,0;455,8;5,0;0,0;-8,0;-10,0;30,0
19/03/2026 16:05;450,0;454,0;5,0;0,0;-8,0;-10,0;30,0
19/03/2026 16:06;450,0;452,2;5,0;0,0;-8,0;-10,0;30,0
19/03/2026 16:07;450,0;452,2;5,0;0,0;-8,0;-10,0;30,0
19/03/2026 16:08;450,0;450,8;5,0;0,0;-8,0;-10,0;30,0
19/03/2026 16:09;450,0;446,4;7,3;3,3;-8,0;-10,0;30,0
19/03/2026 16:10;450,0;443,2;13,6;6,9;-8,0;-9,0;30,0
19/03/2026 16:11;450,0;444,6;18,8;6,2;-8,0;-8,0;30,0
19/03/2026 16:12;450,0;451,1;18,9;0,7;-8,0;-8,0;30,0
19/03/2026 16:13;450,0;461,0;9,9;0,0;-8,0;-9,0;30,0
19/03/2026 16:14;450,0;469,0;5,0;0,0;-8,0;-10,0;30,0
19/03/2026 16:15;450,0;471,0;5,0;0,0;-8,0;-9,0;30,0
19/03/2026 16:16;450,0;468,7;5,0;0,0;-8,0;-10,0;30,0
19/03/2026 16:17;450,0;466,6;5,0;0,0;-8,0;-10,0;30,0
19/03/2026 16:18;450,0;463,1;5,0;0,0;-8,0;-10,0;30,0
19/03/2026 16:19;450,0;458,7;5,0;0,0;-8,0;-10,0;30,0
19/03/2026 16:20;450,0;455,5;5,0;0,0;-8,0;-10,0;30,0
19/03/2026 16:21;450,0;453,7;5,0;0,0;-8,0;-10,0;30,0
19/03/2026 16:22;450,0;450,8;5,0;0,0;-8,0;-10,0;30,0
19/03/2026 16:23;450,0;447,0;7,3;2,9;-8,0;-10,0;30,0
19/03/2026 16:24;450,0;446,4;10,7;3,7;-8,0;-9,0;30,0
19/03/2026 16:25;450,0;447,9;13,1;2,7;-8,0;-9,0;30,0
19/03/2026 16:26;450,0;454,3;9,2;0,0;-8,0;-9,0;30,0
19/03/2026 16:27;450,0;460,2;5,0;0,0;-8,0;-10,0;30,0
19/03/2026 16:28;450,0;459,6;5,0;0,0;-8,0;-9,0;30,0
19/03/2026 16:29;450,0;458,7;5,0;0,0;-8,0;-10,0;30,0
19/03/2026 16:30;450,0;457,2;5,0;0,0;-8,0;-10,0;30,0
19/03/2026 16:31;450,0;454,3;5,0;0,0;-8,0;-10,0;30,0
19/03/2026 16:32;450,0;452,2;5,0;0,0;-8,0;-10,0;30,0
19/03/2026 16:33;450,0;449,9;5,0;0,0;-8,0;-10,0;30,0
19/03/2026 16:34;450,0;447,0;7,7;2,9;-8,0;-9,0;30,0
19/03/2026 16:35;450,0;445,2;12,0;5,0;-8,0;-9,0;30,0
19/03/2026 16:36;450,0;447,3;15,5;3,6;-8,0;-9,0;30,0
19/03/2026 16:37;450,0;457,2;9,6;0,0;-8,0;-9,0;30,0
19/03/2026 16:38;450,0;463,7;5,0;0,0;-8,0;-9,0;30,0
19/03/2026 16:39;450,0;462,5;5,0;0,0;-8,0;-9,0;30,0
19/03/2026 16:40;450,0;459,9;5,0;0,0;-8,0;-10,0;30,0
19/03/2026 16:41;450,0;457,5;5,0;0,0;-8,0;-9,0;30,0
19/03/2026 16:42;450,0;453,7;5,0;0,0;-8,0;-10,0;30,0
19/03/2026 16:43;450,0;450,5;5,0;0,0;-8,0;-10,0;30,0
19/03/2026 16:44;450,0;448,1;6,5;1,7;-8,0;-10,0;30,0
19/03/2026 16:45;450,0;446,4;9,7;3,6;-8,0;-10,0;30,0
19/03/2026 16:46;450,0;443,8;15,9;6,7;-8,0;-9,0;30,0
19/03/2026 16:47;450,0;449,6;16,6;1,7;-8,0;-8,0;30,0
19/03/2026 16:48;450,0;457,5;9,5;0,0;-8,0;-9,0;30,0
19/03/2026 16:49;450,0;461,9;5,0;0,0;-8,0;-10,0;30,0
19/03/2026 16:50;450,0;464,3;5,0;0,0;-8,0;-10,0;30,0
19/03/2026 16:51;450,0;462,8;5,0;0,0;-8,0;-10,0;30,0
19/03/2026 16:52;450,0;459,9;5,0;0,0;-8,0;-10,0;30,0
19/03/2026 16:53;450,0;457,2;5,0;0,0;-8,0;-10,0;30,0
19/03/2026 16:54;450,0;455,2;5,0;0,0;-8,0;-9,0;30,0
19/03/2026 16:55;450,0;453,7;5,0;0,0;-8,0;-10,0;30,0
19/03/2026 16:56;450,0;450,2;5,0;0,0;-8,0;-10,0;30,0
19/03/2026 16:57;450,0;449,9;5,0;0,0;-8,0;-10,0;30,0
19/03/2026 16:58;450,0;448,4;6,7;1,6;-8,0;-9,0;30,0
19/03/2026 16:59;450,0;448,4;8,1;1,7;-8,0;-9,0;30,0
19/03/2026 17:00;450,0;447,9;9,5;2,3;-8,0;-9,0;30,0
19/03/2026 17:01;450,0;448,7;11,1;1,8;-8,0;-9,0;30,0
19/03/2026 17:02;450,0;454,0;8,7;0,0;-8,0;-9,0;30,0
19/03/2026 17:03;450,0;461,9;5,0;0,0;-8,0;-10,0;30,0
19/03/2026 17:04;450,0;464,3;5,0;0,0;-8,0;-10,0;30,0
19/03/2026 17:05;450,0;464,3;5,0;0,0;-8,0;-10,0;30,0
19/03/2026 17:06;450,0;460,2;5,0;0,0;-8,0;-10,0;30,0
19/03/2026 17:07;450,0;457,8;5,0;0,0;-8,0;-9,0;30,0
19/03/2026 17:08;450,0;455,2;5,0;0,0;-8,0;-10,0;30,0
19/03/2026 17:09;450,0;452,2;5,0;0,0;-8,0;-10,0;30,0
19/03/2026 17:10;450,0;449,0;5,0;0,8;-8,0;-10,0;30,0
19/03/2026 17:11;450,0;446,4;8,9;3,5;-8,0;-10,0;30,0
19/03/2026 17:12;450,0;443,8;14,2;6,5;-8,0;-9,0;30,0
19/03/2026 17:13;450,0;444,6;19,0;6,3;-8,0;-9,0;30,0
19/03/2026 17:14;450,0;454,9;15,6;0,0;-8,0;-9,0;30,0
19/03/2026 17:15;450,0;464,6;5,0;0,0;-8,0;-9,0;30,0
19/03/2026 17:16;450,0;466,9;5,0;0,0;-8,0;-10,0;30,0
19/03/2026 17:17;450,0;465,1;5,0;0,0;-8,0;-9,0;30,0
19/03/2026 17:18;450,0;463,7;5,0;0,0;-8,0;-9,0;30,0
19/03/2026 17:19;450,0;462,5;5,0;0,0;-8,0;-9,0;30,0
19/03/2026 17:20;450,0;460,2;5,0;0,0;-8,0;-9,0;30,0
19/03/2026 17:21;450,0;456,1;5,0;0,0;-8,0;-10,0;30,0
19/03/2026 17:22;450,0;451,7;5,0;0,0;-8,0;-10,0;30,0
19/03/2026 17:23;450,0;448,1;6,2;1,7;-8,0;-9,0;30,0
19/03/2026 17:24;450,0;444,0;12,0;6,0;-8,0;-9,0;30,0
19/03/2026 17:25;450,0;443,8;17,2;6,8;-8,0;-9,0;30,0
19/03/2026 17:26;450,0;451,1;16,8;0,4;-8,0;-8,0;30,0
19/03/2026 17:27;450,0;462,8;6,3;0,0;-8,0;-9,0;30,0
19/03/2026 17:28;450,0;468,7;5,0;0,0;-8,0;-9,0;30,0
19/03/2026 17:29;450,0;469,0;5,0;0,0;-8,0;-10,0;30,0
19/03/2026 17:30;450,0;467,2;5,0;0,0;-8,0;-9,0;30,0
19/03/2026 17:31;450,0;466,6;5,0;0,0;-8,0;-9,0;30,0
19/03/2026 17:32;450,0;466,6;5,0;0,0;-8,0;-9,0;30,0
19/03/2026 17:33;450,0;466,3;5,0;0,0;-8,0;-9,0;30,0
19/03/2026 17:34;450,0;463,7;5,0;0,0;-8,0;-9,0;30,0
19/03/2026 17:35;450,0;460,5;5,0;0,0;-8,0;-10,0;30,0
19/03/2026 17:36;450,0;459,6;5,0;0,0;-8,0;-9,0;30,0
19/03/2026 17:37;450,0;457,8;5,0;0,0;-8,0;-9,0;30,0
19/03/2026 17:38;450,0;453,7;5,0;0,0;-8,0;-9,0;30,0
19/03/2026 17:39;450,0;450,8;5,0;0,0;-8,0;-9,0;30,0
19/03/2026 17:40;450,0;449,0;5,5;0,9;-8,0;-9,0;30,0
19/03/2026 17:41;450,0;449,0;7,6;1,2;-8,0;-9,0;30,0
19/03/2026 17:42;450,0;448,1;8,8;2,0;-8,0;-9,0;30,0
19/03/2026 17:43;450,0;447,0;11,0;3,3;-8,0;-9,0;30,0
19/03/2026 17:44;450,0;449,0;12,6;1,7;-8,0;-9,0;30,0
19/03/2026 17:45;450,0;455,8;6,5;0,0;-8,0;-9,0;30,0
19/03/2026 17:46;450,0;459,3;5,0;0,0;-8,0;-9,0;30,0
19/03/2026 17:47;450,0;458,7;5,0;0,0;-8,0;-9,0;30,0
19/03/2026 17:48;450,0;459,6;5,0;0,0;-8,0;-9,0;30,0
19/03/2026 17:49;450,0;459,3;5,0;0,0;-8,0;-9,0;30,0
19/03/2026 17:50;450,0;458,4;5,0;0,0;-8,0;-9,0;30,0
19/03/2026 17:51;450,0;456,6;5,0;0,0;-8,0;-9,0;30,0
19/03/2026 17:52;450,0;454,0;5,0;0,0;-8,0;-9,0;30,0
19/03/2026 17:53;450,0;453,7;5,0;0,0;-8,0;-9,0;30,0
19/03/2026 17:54;450,0;452,0;5,0;0,0;-8,0;-9,0;30,0
19/03/2026 17:55;450,0;449,0;5,7;0,9;-8,0;-9,0;30,0
19/03/2026 17:56;450,0;444,0;10,6;5,8;-8,0;-9,0;30,0
19/03/2026 17:57;450,0;439,9;19,3;10,5;-8,0;-8,0;30,0
19/03/2026 17:58;450,0;441,7;27,6;9,8;-8,0;-6,0;31,1
19/03/2026 17:59;450,0;458,7;22,8;0,0;-8,0;-8,0;30,6
19/03/2026 18:00;450,0;473,9;5,0;0,0;-8,0;-9,0;30,0
19/03/2026 18:01;450,0;477,2;5,0;0,0;-8,0;-9,0;30,0
19/03/2026 18:02;450,0;472,5;5,0;0,0;-8,0;-9,0;30,0
19/03/2026 18:03;450,0;469,0;5,0;0,0;-8,0;-9,0;30,0
19/03/2026 18:04;450,0;465,1;5,0;0,0;-8,0;-9,0;30,0
19/03/2026 18:05;450,0;460,2;5,0;0,0;-8,0;-9,0;30,0
19/03/2026 18:06;450,0;458,1;5,0;0,0;-8,0;-9,0;30,0
19/03/2026 18:07;450,0;454,9;5,0;0,0;-8,0;-9,0;30,0
19/03/2026 18:08;450,0;452,0;5,0;0,0;-8,0;-9,0;30,0
19/03/2026 18:09;450,0;447,3;6,5;2,4;-8,0;-9,0;30,0
19/03/2026 18:10;450,0;447,0;9,9;3,1;-8,0;-9,0;30,0
19/03/2026 18:11;450,0;444,0;15,1;6,4;-8,0;-9,0;30,0
19/03/2026 18:12;450,0;448,7;16,8;2,5;-8,0;-8,0;30,0
19/03/2026 18:13;450,0;457,8;9,9;0,0;-8,0;-9,0;30,0
19/03/2026 18:14;450,0;464,0;5,0;0,0;-8,0;-9,0;30,0
19/03/2026 18:15;450,0;465,7;5,0;0,0;-8,0;-9,0;30,0
19/03/2026 18:16;450,0;464,3;5,0;0,0;-8,0;-9,0;30,0
19/03/2026 18:17;450,0;463,1;5,0;0,0;-8,0;-9,0;30,0
19/03/2026 18:18;450,0;461,3;5,0;0,0;-8,0;-9,0;30,0
19/03/2026 18:19;450,0;459,9;5,0;0,0;-8,0;-9,0;30,0
19/03/2026 18:20;450,0;458,1;5,0;0,0;-8,0;-9,0;30,0
19/03/2026 18:21;450,0;457,8;5,0;0,0;-8,0;-9,0;30,0
19/03/2026 18:22;450,0;454,3;5,0;0,0;-8,0;-9,0;30,0
19/03/2026 18:23;450,0;449,6;5,0;0,3;-8,0;-9,0;30,0
19/03/2026 18:24;450,0;444,3;9,2;5,4;-8,0;-9,0;30,0
19/03/2026 18:25;450,0;440,2;17,8;10,0;-8,0;-8,0;30,0
19/03/2026 18:26;450,0;439,9;26,3;11,3;-8,0;-8,0;30,1
19/03/2026 18:27;450,0;446,4;30,9;6,2;-8,0;-7,0;30,7
19/03/2026 18:28;450,0;453,1;27,8;0,0;-8,0;-7,0;31,0
19/03/2026 18:29;450,0;457,2;21,1;0,0;-8,0;-7,0;31,0
19/03/2026 18:30;450,0;458,1;13,1;0,0;-8,0;-9,0;30,3
19/03/2026 18:31;450,0;455,2;8,8;0,0;-8,0;-9,0;30,0
19/03/2026 18:32;450,0;451,4;8,8;0,0;-8,0;-9,0;30,0
19/03/2026 18:33;450,0;448,1;9,6;2,1;-8,0;-9,0;30,0
19/03/2026 18:34;450,0;444,3;14,5;6,0;-8,0;-9,0;30,0
19/03/2026 18:35;450,0;439,1;24,6;11,8;-8,0;-8,0;30,0
19/03/2026 18:36;450,0;435,8;36,7;12,0;-8,0;-6,0;31,1
19/03/2026 18:37;450,0;437,3;47,2;12,0;-8,0;-5,0;32,3
19/03/2026 18:38;450,0;439,1;56,3;12,0;-8,0;-5,0;33,3
19/03/2026 18:39;450,0;437,3;66,9;12,0;-8,0;-4,0;35,1
19/03/2026 18:40;450,0;432,9;80,9;12,0;-8,0;-3,0;37,1
19/03/2026 18:41;450,0;426,8;100,0;12,0;-8,0;-1,0;40,1
19/03/2026 18:42;450,0;417,4;100,0;12,0;-8,0;-2,0;41,8
19/03/2026 18:43;450,0;408,0;100,0;12,0;-8,0;-2,0;43,6
19/03/2026 18:44;450,0;397,8;100,0;12,0;-8,0;-3,0;44,7
19/03/2026 18:45;450,0;387,8;100,0;12,0;-8,0;-3,0;46,2
19/03/2026 18:46;450,0;379,3;100,0;12,0;-8,0;-4,0;47,2
19/03/2026 18:47;450,0;370,8;100,0;12,0;-8,0;-4,0;48,5
19/03/2026 18:48;450,0;363,5;100,0;12,0;-8,0;-5,0;49,0
19/03/2026 18:49;450,0;355,0;100,0;12,0;-8,0;-5,0;50,0
19/03/2026 18:50;450,0;348,2;100,0;12,0;-8,0;-6,0;50,4
19/03/2026 18:51;450,0;340,6;100,0;12,0;-8,0;-6,0;51,3
19/03/2026 18:52;450,0;335,0;100,0;12,0;-8,0;-6,0;51,8
19/03/2026 18:53;450,0;327,1;100,0;12,0;-8,0;-6,0;52,4
19/03/2026 18:54;450,0;320,7;100,0;12,0;-8,0;-7,0;52,5
19/03/2026 18:55;450,0;315,1;100,0;12,0;-8,0;-7,0;52,7
19/03/2026 18:56;450,0;310,1;100,0;12,0;-8,0;-7,0;53,1
19/03/2026 18:57;450,0;306,0;100,0;12,0;-8,0;-7,0;53,3
19/03/2026 18:58;450,0;301,6;100,0;12,0;-8,0;-7,0;53,7
19/03/2026 18:59;450,0;296,1;100,0;12,0;-8,0;-8,0;53,5
19/03/2026 19:00;450,0;291,7;100,0;12,0;-8,0;-8,0;53,6
19/03/2026 19:01;450,0;287,9;100,0;12,0;-8,0;-8,0;53,7
19/03/2026 19:02;450,0;284,9;100,0;12,0;-8,0;-8,0;53,8
19/03/2026 19:03;450,0;280,8;100,0;12,0;-8,0;-8,0;53,8
19/03/2026 19:04;450,0;277,6;100,0;12,0;-8,0;-8,0;53,8
19/03/2026 19:05;450,0;274,4;100,0;12,0;-8,0;-9,0;53,4
19/03/2026 19:06;450,0;271,8;100,0;12,0;-8,0;-8,0;53,7
19/03/2026 19:07;450,0;268,5;100,0;12,0;-8,0;-8,0;53,7
19/03/2026 19:08;450,0;265,9;100,0;12,0;-8,0;-8,0;53,7
19/03/2026 19:09;450,0;263,6;100,0;12,0;-8,0;-8,0;53,7
19/03/2026 19:10;450,0;260,9;100,0;12,0;-8,0;-8,0;53,7
19/03/2026 19:11;450,0;258,9;100,0;12,0;-8,0;-9,0;53,3
19/03/2026 19:12;450,0;255,9;100,0;12,0;-8,0;-8,0;53,6
19/03/2026 19:13;450,0;254,2;100,0;12,0;-8,0;-8,0;53,7
19/03/2026 19:14;450,0;252,4;100,0;12,0;-8,0;-8,0;53,6
19/03/2026 19:15;450,0;249,5;100,0;12,0;-8,0;-8,0;53,6
19/03/2026 19:16;450,0;247,4;100,0;12,0;-8,0;-8,0;53,6
19/03/2026 19:17;450,0;244,5;100,0;12,0;-8,0;-8,0;53,6
19/03/2026 19:18;450,0;242,8;100,0;12,0;-8,0;-8,0;53,5
19/03/2026 19:19;450,0;241,3;100,0;12,0;-8,0;-8,0;53,5
19/03/2026 19:20;450,0;239,5;100,0;12,0;-8,0;-8,0;53,3
19/03/2026 19:21;450,0;236,9;100,0;12,0;-8,0;-8,0;53,4
19/03/2026 19:22;450,0;236,3;100,0;12,0;-8,0;-8,0;53,3
19/03/2026 19:23;450,0;234,6;100,0;12,0;-8,0;-8,0;53,2
19/03/2026 19:24;450,0;233,1;100,0;12,0;-8,0;-8,0;53,1
19/03/2026 19:25;450,0;231,6;100,0;12,0;-8,0;-8,0;53,1
19/03/2026 19:26;450,0;229,9;100,0;12,0;-8,0;-8,0;52,9
19/03/2026 19:27;450,0;229,3;100,0;12,0;-8,0;-9,0;52,5
19/03/2026 19:28;450,0;227,2;100,0;12,0;-8,0;-8,0;52,7
19/03/2026 19:29;450,0;226,3;100,0;12,0;-8,0;-8,0;52,7
19/03/2026 19:30;450,0;224,6;100,0;12,0;-8,0;-8,0;52,7
19/03/2026 19:31;450,0;224,0;100,0;12,0;-8,0;-8,0;52,7
19/03/2026 19:32;450,0;222,2;100,0;12,0;-8,0;-8,0;52,8
19/03/2026 19:33;450,0;221,1;100,0;12,0;-8,0;-8,0;52,7
19/03/2026 19:34;450,0;219,6;100,0;12,0;-8,0;-8,0;52,6
19/03/2026 19:35;450,0;218,4;100,0;12,0;-8,0;-8,0;52,6
19/03/2026 19:36;450,0;217,0;100,0;12,0;-8,0;-8,0;52,6
19/03/2026 19:37;450,0;216,1;100,0;12,0;-8,0;-9,0;52,1
19/03/2026 19:38;450,0;215,8;100,0;12,0;-8,0;-8,0;52,5
19/03/2026 19:39;450,0;214,6;100,0;12,0;-8,0;-8,0;52,4
19/03/2026 19:40;450,0;212,6;100,0;12,0;-8,0;-8,0;52,4
19/03/2026 19:41;450,0;212,0;100,0;12,0;-8,0;-8,0;52,3
19/03/2026 19:42;450,0;211,4;100,0;12,0;-8,0;-8,0;52,3
19/03/2026 19:43;450,0;209,4;100,0;12,0;-8,0;-9,0;52,0
19/03/2026 19:44;450,0;208,8;100,0;12,0;-8,0;-8,0;52,2
19/03/2026 19:45;450,0;207,0;100,0;12,0;-8,0;-9,0;51,8
19/03/2026 19:46;450,0;206,7;100,0;12,0;-8,0;-8,0;51,9
19/03/2026 19:47;450,0;205,0;100,0;12,0;-8,0;-8,0;51,8
19/03/2026 19:48;450,0;204,7;100,0;12,0;-8,0;-8,0;51,8
19/03/2026 19:49;450,0;204,4;100,0;12,0;-8,0;-8,0;51,8
19/03/2026 19:50;450,0;202,6;100,0;12,0;-8,0;-9,0;51,4
19/03/2026 19:51;450,0;202,3;100,0;12,0;-8,0;-8,0;51,7
19/03/2026 19:52;450,0;201,1;100,0;12,0;-8,0;-8,0;51,7
19/03/2026 19:53;450,0;200,3;100,0;12,0;-8,0;-8,0;51,7
19/03/2026 19:54;450,0;200,0;100,0;12,0;-8,0;-8,0;51,5
19/03/2026 19:55;450,0;198,8;100,0;12,0;-8,0;-8,0;51,5
19/03/2026 19:56;450,0;197,9;100,0;12,0;-8,0;-8,0;51,6
19/03/2026 19:57;450,0;197,6;100,0;12,0;-8,0;-8,0;51,5
19/03/2026 19:58;450,0;195,9;100,0;12,0;-8,0;-8,0;51,5
19/03/2026 19:59;450,0;195,6;100,0;12,0;-8,0;-8,0;51,3
19/03/2026 20:00;450,0;195,3;100,0;12,0;-8,0;-9,0;51,0
19/03/2026 20:01;450,0;193,8;100,0;12,0;-8,0;-8,0;51,4
19/03/2026 20:02;450,0;193,5;100,0;12,0;-8,0;-8,0;51,3
19/03/2026 20:03;450,0;193,2;100,0;12,0;-8,0;-7,0;51,7
19/03/2026 20:04;450,0;192,1;100,0;12,0;-8,0;-8,0;51,3
19/03/2026 20:05;450,0;191,2;100,0;12,0;-8,0;-8,0;51,2
19/03/2026 20:06;450,0;191,2;100,0;12,0;-8,0;-8,0;51,2
19/03/2026 20:07;450,0;190,3;100,0;12,0;-8,0;-8,0;51,2
19/03/2026 20:08;450,0;189,4;100,0;12,0;-8,0;-8,0;51,1
19/03/2026 20:09;450,0;188,8;100,0;12,0;-8,0;-8,0;51,1
19/03/2026 20:10;450,0;188,8;100,0;12,0;-8,0;-8,0;51,0
19/03/2026 20:11;450,0;187,7;100,0;12,0;-8,0;-9,0;50,6
19/03/2026 20:12;450,0;187,1;100,0;12,0;-8,0;-8,0;51,0
19/03/2026 20:13;450,0;186,2;100,0;12,0;-8,0;-8,0;50,9
19/03/2026 20:14;450,0;186,2;100,0;12,0;-8,0;-8,0;50,9
19/03/2026 20:15;450,0;184,7;100,0;12,0;-8,0;-8,0;50,9
19/03/2026 20:16;450,0;184,4;100,0;12,0;-8,0;-8,0;50,7
19/03/2026 20:17;450,0;184,2;100,0;12,0;-8,0;-8,0;50,8
19/03/2026 20:18;450,0;182,7;100,0;12,0;-8,0;-8,0;50,8
19/03/2026 20:19;450,0;182,1;100,0;12,0;-8,0;-8,0;50,8
19/03/2026 20:20;450,0;181,8;100,0;12,0;-8,0;-8,0;50,7
19/03/2026 20:21;450,0;181,5;100,0;12,0;-8,0;-8,0;50,7
19/03/2026 20:22;450,0;180,3;100,0;12,0;-8,0;-8,0;50,7
19/03/2026 20:23;450,0;180,1;100,0;12,0;-8,0;-8,0;50,7
19/03/2026 20:24;450,0;179,8;100,0;12,0;-8,0;-8,0;50,7
19/03/2026 20:25;450,0;179,5;100,0;12,0;-8,0;-8,0;50,7
19/03/2026 20:26;450,0;178,3;100,0;12,0;-8,0;-8,0;50,7
19/03/2026 20:27;450,0;177,4;100,0;12,0;-8,0;-8,0;50,6
19/03/2026 20:28;450,0;177,4;100,0;12,0;-8,0;-8,0;50,6
19/03/2026 20:29;450,0;176,0;100,0;12,0;-8,0;-8,0;50,6
19/03/2026 20:30;450,0;176,0;100,0;12,0;-8,0;-8,0;50,6
19/03/2026 20:31;450,0;175,4;100,0;12,0;-8,0;-8,0;50,6
19/03/2026 20:32;450,0;175,7;100,0;12,0;-8,0;-8,0;50,6
19/03/2026 20:33;450,0;174,5;100,0;12,0;-8,0;-8,0;50,6
19/03/2026 20:34;450,0;173,6;100,0;12,0;-8,0;-8,0;50,6
19/03/2026 20:35;450,0;173,3;100,0;12,0;-8,0;-8,0;50,6
19/03/2026 20:36;450,0;173,3;100,0;12,0;-8,0;-9,0;50,2
19/03/2026 20:37;450,0;172,1;100,0;12,0;-8,0;-8,0;50,6
19/03/2026 20:38;450,0;171,8;100,0;12,0;-8,0;-8,0;50,5
19/03/2026 20:39;450,0;171,6;100,0;12,0;-8,0;-9,0;50,1
19/03/2026 20:40;450,0;170,4;100,0;12,0;-8,0;-8,0;50,5
19/03/2026 20:41;450,0;169,5;100,0;12,0;-8,0;-8,0;50,6
19/03/2026 20:42;450,0;169,8;100,0;12,0;-8,0;-8,0;50,3
19/03/2026 20:43;450,0;169,5;100,0;12,0;-8,0;-8,0;50,4
19/03/2026 20:44;450,0;168,0;100,0;12,0;-8,0;-9,0;49,9
19/03/2026 20:45;450,0;168,0;100,0;12,0;-8,0;-8,0;50,2
19/03/2026 20:46;450,0;167,7;100,0;12,0;-8,0;-8,0;50,2
19/03/2026 20:47;450,0;167,2;100,0;12,0;-8,0;-8,0;50,2
19/03/2026 20:48;450,0;167,5;100,0;12,0;-8,0;-8,0;50,2
19/03/2026 20:49;450,0;166,0;100,0;12,0;-8,0;-8,0;50,2
19/03/2026 20:50;450,0;165,4;100,0;12,0;-8,0;-8,0;50,2
19/03/2026 20:51;450,0;165,4;100,0;12,0;-8,0;-8,0;50,3
19/03/2026 20:52;450,0;165,4;100,0;12,0;-8,0;-8,0;50,2
19/03/2026 20:53;450,0;163,9;100,0;12,0;-8,0;-8,0;50,2
19/03/2026 20:54;450,0;163,6;100,0;12,0;-8,0;-8,0;50,1
19/03/2026 20:55;450,0;163,4;100,0;12,0;-8,0;-8,0;49,9
19/03/2026 20:56;450,0;163,6;100,0;12,0;-8,0;-8,0;50,0
19/03/2026 20:57;450,0;162,5;100,0;12,0;-8,0;-8,0;49,9
19/03/2026 20:58;450,0;161,6;100,0;12,0;-8,0;-8,0;50,0
19/03/2026 20:59;450,0;161,0;100,0;12,0;-8,0;-8,0;49,9
19/03/2026 21:00;450,0;161,3;100,0;12,0;-8,0;-8,0;49,9
19/03/2026 21:01;450,0;161,0;100,0;12,0;-8,0;-8,0;49,9
19/03/2026 21:02;450,0;160,1;100,0;12,0;-8,0;-8,0;49,8
19/03/2026 21:03;450,0;158,7;100,0;12,0;-8,0;-8,0;49,8
19/03/2026 21:04;450,0;159,5;100,0;12,0;-8,0;-8,0;49,8
19/03/2026 21:05;450,0;158,7;100,0;12,0;-8,0;-8,0;49,8
19/03/2026 21:06;450,0;158,4;100,0;12,0;-8,0;-8,0;49,8
19/03/2026 21:07;450,0;157,2;100,0;12,0;-8,0;-8,0;49,7
19/03/2026 21:08;450,0;156,6;100,0;12,0;-8,0;-8,0;49,8
19/03/2026 21:09;450,0;156,3;100,0;12,0;-8,0;-8,0;49,8
19/03/2026 21:10;450,0;156,3;100,0;12,0;-8,0;-8,0;49,9
19/03/2026 21:11;450,0;156,0;100,0;12,0;-8,0;-8,0;49,7
19/03/2026 21:12;450,0;154,9;100,0;12,0;-8,0;-9,0;49,4
19/03/2026 21:13;450,0;154,6;100,0;12,0;-8,0;-8,0;49,7
19/03/2026 21:14;450,0;154,3;100,0;12,0;-8,0;-8,0;49,7
19/03/2026 21:15;450,0;154,6;100,0;12,0;-8,0;-8,0;49,7
19/03/2026 21:16;450,0;154,0;100,0;12,0;-8,0;-8,0;49,7
19/03/2026 21:17;450,0;152,8;100,0;12,0;-8,0;-8,0;49,5
19/03/2026 21:18;450,0;152,5;100,0;12,0;-8,0;-8,0;49,6
19/03/2026 21:19;450,0;152,2;100,0;12,0;-8,0;-8,0;49,6
19/03/2026 21:20;450,0;152,2;100,0;12,0;-8,0;-9,0;49,2
19/03/2026 21:21;450,0;152,2;100,0;12,0;-8,0;-8,0;49,6
19/03/2026 21:22;450,0;151,3;100,0;12,0;-8,0;-8,0;49,8
19/03/2026 21:23;450,0;150,8;100,0;12,0;-8,0;-8,0;49,7
19/03/2026 21:24;450,0;150,8;100,0;12,0;-8,0;-8,0;49,7
19/03/2026 21:25;450,0;150,2;100,0;12,0;-8,0;-8,0;49,8
19/03/2026 21:26;450,0;150,2;100,0;12,0;-8,0;-8,0;49,7
19/03/2026 21:27;450,0;150,5;100,0;12,0;-8,0;-9,0;49,1
19/03/2026 21:28;450,0;148,7;100,0;12,0;-8,0;-9,0;49,1
19/03/2026 21:29;450,0;148,4;100,0;12,0;-8,0;-8,0;49,5
19/03/2026 21:30;450,0;148,7;100,0;12,0;-8,0;-8,0;49,5
19/03/2026 21:31;450,0;147,8;100,0;12,0;-8,0;-8,0;49,4
19/03/2026 21:32;450,0;148,1;100,0;12,0;-8,0;-8,0;49,4
19/03/2026 21:33;450,0;147,8;100,0;12,0;-8,0;-8,0;49,4
19/03/2026 21:34;450,0;148,4;100,0;12,0;-8,0;-8,0;49,4
19/03/2026 21:35;450,0;146,9;100,0;12,0;-8,0;-8,0;49,4
19/03/2026 21:36;450,0;146,4;100,0;12,0;-8,0;-8,0;49,4
19/03/2026 21:37;450,0;146,1;100,0;12,0;-8,0;-7,0;49,7
19/03/2026 21:38;450,0;146,4;100,0;12,0;-8,0;-8,0;49,5
19/03/2026 21:39;450,0;146,4;100,0;12,0;-8,0;-8,0;49,4
19/03/2026 21:40;450,0;145,8;100,0;12,0;-8,0;-8,0;49,4
19/03/2026 21:41;450,0;145,8;100,0;12,0;-8,0;-8,0;49,4
19/03/2026 21:42;450,0;144,3;100,0;12,0;-8,0;-8,0;49,4
19/03/2026 21:43;450,0;144,6;100,0;12,0;-8,0;-8,0;49,4
19/03/2026 21:44;450,0;144,6;100,0;12,0;-8,0;-8,0;49,2
19/03/2026 21:45;450,0;144,3;100,0;12,0;-8,0;-8,0;49,3
19/03/2026 21:46;450,0;144,3;100,0;12,0;-8,0;-8,0;49,3
19/03/2026 21:47;450,0;144,3;100,0;12,0;-8,0;-8,0;49,3
19/03/2026 21:48;450,0;143,1;100,0;12,0;-8,0;-8,0;49,2
19/03/2026 21:49;450,0;142,8;100,0;12,0;-8,0;-8,0;49,2
19/03/2026 21:50;450,0;143,1;100,0;12,0;-8,0;-8,0;49,2
19/03/2026 21:51;450,0;142,8;100,0;12,0;-8,0;-8,0;49,2
19/03/2026 21:52;450,0;142,5;100,0;12,0;-8,0;-8,0;49,2
19/03/2026 21:53;450,0;141,4;100,0;12,0;-8,0;-8,0;49,3
19/03/2026 21:54;450,0;141,4;100,0;12,0;-8,0;-8,0;49,3
19/03/2026 21:55;450,0;140,8;100,0;12,0;-8,0;-8,0;49,3
19/03/2026 21:56;450,0;140,8;100,0;12,0;-8,0;-8,0;49,3
19/03/2026 21:57;450,0;140,8;100,0;12,0;-8,0;-8,0;49,3
19/03/2026 21:58;450,0;140,8;100,0;12,0;-8,0;-8,0;49,3
19/03/2026 21:59;450,0;140,8;100,0;12,0;-8,0;-8,0;49,3
19/03/2026 22:00;450,0;139,9;100,0;12,0;-8,0;-9,0;48,9
19/03/2026 22:01;450,0;139,3;100,0;12,0;-8,0;-8,0;49,2
19/03/2026 22:02;450,0;139,0;100,0;12,0;-8,0;-9,0;48,8
19/03/2026 22:03;450,0;139,3;100,0;12,0;-8,0;-8,0;49,2
19/03/2026 22:04;450,0;138,7;100,0;12,0;-8,0;-8,0;49,2
19/03/2026 22:05;450,0;139,0;100,0;12,0;-8,0;-9,0;48,8
19/03/2026 22:06;450,0;139,0;100,0;12,0;-8,0;-8,0;49,1
19/03/2026 22:07;450,0;139,0;100,0;12,0;-8,0;-8,0;49,1
19/03/2026 22:08;450,0;137,6;100,0;12,0;-8,0;-8,0;49,1
19/03/2026 22:09;450,0;137,6;100,0;12,0;-8,0;-8,0;49,4
19/03/2026 22:10;450,0;137,3;100,0;12,0;-8,0;-8,0;49,2
19/03/2026 22:11;450,0;137,3;100,0;12,0;-8,0;-8,0;49,2
19/03/2026 22:12;450,0;137,3;100,0;12,0;-8,0;-8,0;49,2
19/03/2026 22:13;450,0;137,3;100,0;12,0;-8,0;-8,0;49,2
19/03/2026 22:14;450,0;136,1;100,0;12,0;-8,0;-8,0;49,2
19/03/2026 22:15;450,0;135,8;100,0;12,0;-8,0;-8,0;49,0
19/03/2026 22:16;450,0;135,5;100,0;12,0;-8,0;-8,0;48,9
19/03/2026 22:17;450,0;135,5;100,0;12,0;-8,0;-8,0;49,0
19/03/2026 22:18;450,0;135,5;100,0;12,0;-8,0;-8,0;48,9
19/03/2026 22:19;450,0;135,2;100,0;12,0;-8,0;-9,0;48,5
19/03/2026 22:20;450,0;135,2;100,0;12,0;-8,0;-8,0;48,9
19/03/2026 22:21;450,0;135,2;100,0;12,0;-8,0;-8,0;48,9
19/03/2026 22:22;450,0;135,2;100,0;12,0;-8,0;-8,0;48,9
19/03/2026 22:23;450,0;134,1;100,0;12,0;-8,0;-8,0;48,9
19/03/2026 22:24;450,0;134,1;100,0;12,0;-8,0;-7,0;49,3
19/03/2026 22:25;450,0;133,5;100,0;12,0;-8,0;-8,0;49,0
19/03/2026 22:26;450,0;133,8;100,0;12,0;-8,0;-8,0;48,9
19/03/2026 22:27;450,0;133,5;100,0;12,0;-8,0;-8,0;48,9
19/03/2026 22:28;450,0;133,5;100,0;12,0;-8,0;-8,0;48,9
19/03/2026 22:29;450,0;133,2;100,0;12,0;-8,0;-8,0;48,9
19/03/2026 22:30;450,0;132,6;100,0;12,0;-8,0;-8,0;48,9
19/03/2026 22:31;450,0;132,0;100,0;12,0;-8,0;-8,0;48,9
19/03/2026 22:32;450,0;132,3;100,0;12,0;-8,0;-8,0;48,9
19/03/2026 22:33;450,0;132,0;100,0;12,0;-8,0;-8,0;48,8
19/03/2026 22:34;450,0;131,7;100,0;12,0;-8,0;-8,0;48,8
19/03/2026 22:35;450,0;132,0;100,0;12,0;-8,0;-8,0;48,8
19/03/2026 22:36;450,0;131,7;100,0;12,0;-8,0;-8,0;48,8
19/03/2026 22:37;450,0;131,7;100,0;12,0;-8,0;-8,0;48,7
19/03/2026 22:38;450,0;131,7;100,0;12,0;-8,0;-8,0;48,7
19/03/2026 22:39;450,0;130,5;100,0;12,0;-8,0;-8,0;48,7
19/03/2026 22:40;450,0;130,5;100,0;12,0;-8,0;-7,0;49,2
19/03/2026 22:41;450,0;130,5;100,0;12,0;-8,0;-8,0;48,8
19/03/2026 22:42;450,0;130,2;100,0;12,0;-8,0;-8,0;48,8
19/03/2026 22:43;450,0;129,9;100,0;12,0;-8,0;-8,0;48,7
19/03/2026 22:44;450,0;129,9;100,0;12,0;-8,0;-8,0;48,7
19/03/2026 22:45;450,0;129,9;100,0;12,0;-8,0;-8,0;48,7
19/03/2026 22:46;450,0;129,9;100,0;12,0;-8,0;-8,0;48,8
19/03/2026 22:47;450,0;129,9;100,0;12,0;-8,0;-8,0;48,7
19/03/2026 22:48;450,0;129,4;100,0;12,0;-8,0;-9,0;48,2
19/03/2026 22:49;450,0;128,8;100,0;12,0;-8,0;-8,0;48,6
19/03/2026 22:50;450,0;128,8;100,0;12,0;-8,0;-8,0;48,6
19/03/2026 22:51;450,0;128,2;100,0;12,0;-8,0;-8,0;48,6
19/03/2026 22:52;450,0;128,2;100,0;12,0;-8,0;-8,0;48,6
19/03/2026 22:53;450,0;128,2;100,0;12,0;-8,0;-8,0;48,6
19/03/2026 22:54;450,0;127,9;100,0;12,0;-8,0;-8,0;48,6
19/03/2026 22:55;450,0;127,9;100,0;12,0;-8,0;-8,0;48,6
19/03/2026 22:56;450,0;127,9;100,0;12,0;-8,0;-8,0;48,7
19/03/2026 22:57;450,0;127,9;100,0;12,0;-8,0;-8,0;48,7
19/03/2026 22:58;450,0;127,6;100,0;12,0;-8,0;-8,0;48,6
19/03/2026 22:59;450,0;127,0;100,0;12,0;-8,0;-8,0;48,6
19/03/2026 23:00;450,0;126,4;100,0;12,0;-8,0;-8,0;48,6
19/03/2026 23:01;450,0;126,4;100,0;12,0;-8,0;-8,0;48,6
19/03/2026 23:02;450,0;126,4;100,0;12,0;-8,0;-8,0;48,6
19/03/2026 23:03;450,0;126,1;100,0;12,0;-8,0;-8,0;48,6
19/03/2026 23:04;450,0;125,8;100,0;12,0;-8,0;-8,0;48,6
19/03/2026 23:05;450,0;125,8;100,0;12,0;-8,0;-8,0;48,6
19/03/2026 23:06;450,0;125,6;100,0;12,0;-8,0;-8,0;48,6
19/03/2026 23:07;450,0;125,6;100,0;12,0;-8,0;-8,0;48,6
19/03/2026 23:08;450,0;125,6;100,0;12,0;-8,0;-8,0;48,5
19/03/2026 23:09;450,0;125,6;100,0;12,0;-8,0;-8,0;48,5
19/03/2026 23:10;450,0;125,8;100,0;12,0;-8,0;-8,0;48,5
19/03/2026 23:11;450,0;125,0;100,0;12,0;-8,0;-7,0;48,9
19/03/2026 23:12;450,0;124,1;100,0;12,0;-8,0;-8,0;48,7
19/03/2026 23:13;450,0;124,1;100,0;12,0;-8,0;-8,0;48,7
19/03/2026 23:14;450,0;124,1;100,0;12,0;-8,0;-8,0;48,7
19/03/2026 23:15;450,0;123,8;100,0;12,0;-8,0;-8,0;48,7
19/03/2026 23:16;450,0;123,5;100,0;12,0;-8,0;-8,0;48,7
19/03/2026 23:17;450,0;123,8;100,0;12,0;-8,0;-8,0;48,6
19/03/2026 23:18;450,0;123,5;100,0;12,0;-8,0;-8,0;48,6
19/03/2026 23:19;450,0;123,5;100,0;12,0;-8,0;-8,0;48,6
19/03/2026 23:20;450,0;123,5;100,0;12,0;-8,0;-8,0;48,6
19/03/2026 23:21;450,0;123,2;100,0;12,0;-8,0;-8,0;48,6
19/03/2026 23:22;450,0;123,8;100,0;12,0;-8,0;-8,0;48,6
19/03/2026 23:23;450,0;123,2;100,0;12,0;-8,0;-8,0;48,6
19/03/2026 23:24;450,0;122,0;100,0;12,0;-8,0;-8,0;48,6
19/03/2026 23:25;450,0;122,0;100,0;12,0;-8,0;-8,0;48,5
19/03/2026 23:26;450,0;122,0;100,0;12,0;-8,0;-8,0;48,5
19/03/2026 23:27;450,0;122,0;100,0;12,0;-8,0;-8,0;48,7
19/03/2026 23:28;450,0;122,0;100,0;12,0;-8,0;-8,0;48,5
19/03/2026 23:29;450,0;122,0;100,0;12,0;-8,0;-9,0;48,2
19/03/2026 23:30;450,0;121,7;100,0;12,0;-8,0;-8,0;48,6
19/03/2026 23:31;450,0;122,0;100,0;12,0;-8,0;-9,0;48,2
19/03/2026 23:32;450,0;122,0;100,0;12,0;-8,0;-8,0;48,6
19/03/2026 23:33;450,0;121,2;100,0;12,0;-8,0;-8,0;48,5
19/03/2026 23:34;450,0;120,3;100,0;12,0;-8,0;-8,0;48,5
19/03/2026 23:35;450,0;120,3;100,0;12,0;-8,0;-8,0;48,5
19/03/2026 23:36;450,0;120,0;100,0;12,0;-8,0;-8,0;48,5
19/03/2026 23:37;450,0;120,0;100,0;12,0;-8,0;-8,0;48,4
19/03/2026 23:38;450,0;120,0;100,0;12,0;-8,0;-8,0;48,4
19/03/2026 23:39;450,0;120,0;100,0;12,0;-8,0;-8,0;48,4
19/03/2026 23:40;450,0;120,0;100,0;12,0;-8,0;-8,0;48,4
19/03/2026 23:41;450,0;120,0;100,0;12,0;-8,0;-8,0;48,4
19/03/2026 23:42;450,0;119,4;100,0;12,0;-8,0;-8,0;48,4
19/03/2026 23:43;450,0;119,1;100,0;12,0;-8,0;-8,0;48,5
19/03/2026 23:44;450,0;118,8;100,0;12,0;-8,0;-8,0;48,5
19/03/2026 23:45;450,0;118,5;100,0;12,0;-8,0;-8,0;48,3
19/03/2026 23:46;450,0;118,8;100,0;12,0;-8,0;-8,0;48,4
19/03/2026 23:47;450,0;118,5;100,0;12,0;-8,0;-8,0;48,4
19/03/2026 23:48;450,0;118,5;100,0;12,0;-8,0;-8,0;48,4
19/03/2026 23:49;450,0;118,5;100,0;12,0;-8,0;-8,0;48,4
19/03/2026 23:50;450,0;118,2;100,0;12,0;-8,0;-8,0;48,4
19/03/2026 23:51;450,0;118,5;100,0;12,0;-8,0;-8,0;48,4
19/03/2026 23:52;450,0;118,2;100,0;12,0;-8,0;-8,0;48,4
19/03/2026 23:53;450,0;117,6;100,0;12,0;-8,0;-8,0;48,3
19/03/2026 23:54;450,0;117,1;100,0;12,0;-8,0;-8,0;48,3
19/03/2026 23:55;450,0;116,8;100,0;12,0;-8,0;-8,0;48,3
19/03/2026 23:56;450,0;116,8;100,0;12,0;-8,0;-8,0;48,3
19/03/2026 23:57;450,0;116,5;100,0;12,0;-8,0;-8,0;48,3
19/03/2026 23:58;450,0;116,8;100,0;12,0;-8,0;-7,0;48,6
19/03/2026 23:59;450,0;116,5;100,0;12,0;-8,0;-8,0;48,3
20/03/2026 00:00;450,0;116,5;100,0;12,0;-8,0;-8,0;48,3
20/03/2026 00:01;450,0;116,5;100,0;12,0;-8,0;-8,0;48,3
20/03/2026 00:02;450,0;116,5;100,0;12,0;-8,0;-8,0;48,3
20/03/2026 00:03;450,0;116,5;100,0;12,0;-8,0;-8,0;48,3
20/03/2026 00:04;450,0;116,5;100,0;12,0;-8,0;-8,0;48,3
20/03/2026 00:05;450,0;116,5;100,0;12,0;-8,0;-8,0;48,3
20/03/2026 00:06;450,0;116,5;100,0;12,0;-8,0;-8,0;48,4
20/03/2026 00:07;450,0;116,5;100,0;12,0;-8,0;-8,0;48,2
20/03/2026 00:08;450,0;115,6;100,0;12,0;-8,0;-9,0;47,7
20/03/2026 00:09;450,0;115,0;100,0;12,0;-8,0;-8,0;48,1
20/03/2026 00:10;450,0;114,7;100,0;12,0;-8,0;-8,0;48,1
20/03/2026 00:11;450,0;114,7;100,0;12,0;-8,0;-8,0;48,1
20/03/2026 00:12;450,0;114,7;100,0;12,0;-8,0;-8,0;48,1
20/03/2026 00:13;450,0;114,7;100,0;12,0;-8,0;-8,0;48,0
20/03/2026 00:14;450,0;114,7;100,0;12,0;-8,0;-7,0;48,6
20/03/2026 00:15;450,0;114,4;100,0;12,0;-8,0;-8,0;48,1
20/03/2026 00:16;450,0;114,7;100,0;12,0;-8,0;-8,0;48,1
20/03/2026 00:17;450,0;114,7;100,0;12,0;-8,0;-8,0;48,1
20/03/2026 00:18;450,0;114,7;100,0;12,0;-8,0;-9,0;47,7
20/03/2026 00:19;450,0;115,0;100,0;12,0;-8,0;-8,0;48,1
20/03/2026 00:20;450,0;114,7;100,0;12,0;-8,0;-8,0;48,1
20/03/2026 00:21;450,0;114,4;100,0;12,0;-8,0;-8,0;48,1
20/03/2026 00:22;450,0;113,2;100,0;12,0;-8,0;-8,0;48,1
20/03/2026 00:23;450,0;113,2;100,0;12,0;-8,0;-8,0;48,0
20/03/2026 00:24;450,0;113,0;100,0;12,0;-8,0;-9,0;47,7
20/03/2026 00:25;450,0;113,2;100,0;12,0;-8,0;-8,0;48,1
20/03/2026 00:26;450,0;113,2;100,0;12,0;-8,0;-8,0;48,1
20/03/2026 00:27;450,0;113,2;100,0;12,0;-8,0;-8,0;48,1
20/03/2026 00:28;450,0;113,2;100,0;12,0;-8,0;-8,0;48,1
20/03/2026 00:29;450,0;113,0;100,0;12,0;-8,0;-8,0;48,0
20/03/2026 00:30;450,0;113,2;100,0;12,0;-8,0;-8,0;48,3
20/03/2026 00:31;450,0;113,0;100,0;12,0;-8,0;-8,0;48,2
20/03/2026 00:32;450,0;112,4;100,0;12,0;-8,0;-8,0;48,1
20/03/2026 00:33;450,0;111,8;100,0;12,0;-8,0;-8,0;48,0
20/03/2026 00:34;450,0;112,1;100,0;12,0;-8,0;-8,0;48,0
20/03/2026 00:35;450,0;112,1;100,0;12,0;-8,0;-8,0;48,0
20/03/2026 00:36;450,0;111,8;100,0;12,0;-8,0;-8,0;48,0
20/03/2026 00:37;450,0;112,1;100,0;12,0;-8,0;-8,0;48,0
20/03/2026 00:38;450,0;112,1;100,0;12,0;-8,0;-8,0;48,0
20/03/2026 00:39;450,0;112,1;100,0;12,0;-8,0;-8,0;48,0
20/03/2026 00:40;450,0;111,5;100,0;12,0;-8,0;-8,0;47,9
20/03/2026 00:41;450,0;111,5;100,0;12,0;-8,0;-8,0;47,9
20/03/2026 00:42;450,0;110,9;100,0;12,0;-8,0;-8,0;47,9
20/03/2026 00:43;450,0;110,6;100,0;12,0;-8,0;-8,0;47,9
20/03/2026 00:44;450,0;110,0;100,0;12,0;-8,0;-8,0;47,9
20/03/2026 00:45;450,0;110,3;100,0;12,0;-8,0;-7,0;48,3
20/03/2026 00:46;450,0;110,6;100,0;12,0;-8,0;-8,0;48,0
20/03/2026 00:47;450,0;110,0;100,0;12,0;-8,0;-9,0;47,5
20/03/2026 00:48;450,0;110,0;100,0;12,0;-8,0;-8,0;47,9
20/03/2026 00:49;450,0;110,0;100,0;12,0;-8,0;-8,0;47,7
20/03/2026 00:50;450,0;110,0;100,0;12,0;-8,0;-8,0;47,8
20/03/2026 00:51;450,0;110,0;100,0;12,0;-8,0;-8,0;47,8
20/03/2026 00:52;450,0;109,7;100,0;12,0;-8,0;-8,0;47,8
20/03/2026 00:53;450,0;109,7;100,0;12,0;-8,0;-8,0;47,8
20/03/2026 00:54;450,0;109,7;100,0;12,0;-8,0;-8,0;47,8
20/03/2026 00:55;450,0;109,4;100,0;12,0;-8,0;-8,0;47,8
20/03/2026 00:56;450,0;109,7;100,0;12,0;-8,0;-8,0;47,8
20/03/2026 00:57;450,0;109,7;100,0;12,0;-8,0;-8,0;47,8
20/03/2026 00:58;450,0;109,4;100,0;12,0;-8,0;-8,0;47,8
20/03/2026 00:59;450,0;108,9;100,0;12,0;-8,0;-8,0;47,7
20/03/2026 01:00;450,0;108,3;100,0;12,0;-8,0;-8,0;47,8
20/03/2026 01:01;450,0;108,3;100,0;12,0;-8,0;-7,0;48,3
20/03/2026 01:02;450,0;108,3;100,0;12,0;-8,0;-8,0;48,0
20/03/2026 01:03;450,0;108,3;100,0;12,0;-8,0;-8,0;48,0
20/03/2026 01:04;450,0;108,3;100,0;12,0;-8,0;-8,0;48,0
20/03/2026 01:05;450,0;108,0;100,0;12,0;-8,0;-8,0;47,8
20/03/2026 01:06;450,0;108,0;100,0;12,0;-8,0;-8,0;47,9
20/03/2026 01:07;450,0;107,7;100,0;12,0;-8,0;-8,0;47,9
20/03/2026 01:08;450,0;107,7;100,0;12,0;-8,0;-8,0;47,9
20/03/2026 01:09;450,0;107,7;100,0;12,0;-8,0;-8,0;47,7
20/03/2026 01:10;450,0;107,7;100,0;12,0;-8,0;-8,0;47,8
20/03/2026 01:11;450,0;107,7;100,0;12,0;-8,0;-8,0;47,8
20/03/2026 01:12;450,0;107,7;100,0;12,0;-8,0;-8,0;47,8
20/03/2026 01:13;450,0;107,4;100,0;12,0;-8,0;-9,0;47,5
20/03/2026 01:14;450,0;107,1;100,0;12,0;-8,0;-8,0;47,8
20/03/2026 01:15;450,0;107,4;100,0;12,0;-8,0;-8,0;47,8
20/03/2026 01:16;450,0;107,1;100,0;12,0;-8,0;-8,0;47,8
20/03/2026 01:17;450,0;106,8;100,0;12,0;-8,0;-8,0;47,9
20/03/2026 01:18;450,0;106,2;100,0;12,0;-8,0;-8,0;47,8
20/03/2026 01:19;450,0;106,2;100,0;12,0;-8,0;-8,0;47,8
20/03/2026 01:20;450,0;105,9;100,0;12,0;-8,0;-8,0;47,8
20/03/2026 01:21;450,0;105,9;100,0;12,0;-8,0;-8,0;47,8
20/03/2026 01:22;450,0;105,9;100,0;12,0;-8,0;-8,0;47,8
20/03/2026 01:23;450,0;105,9;100,0;12,0;-8,0;-8,0;47,6
20/03/2026 01:24;450,0;105,6;100,0;12,0;-8,0;-8,0;47,6
20/03/2026 01:25;450,0;105,6;100,0;12,0;-8,0;-8,0;47,7
20/03/2026 01:26;450,0;105,6;100,0;12,0;-8,0;-8,0;47,6
20/03/2026 01:27;450,0;105,9;100,0;12,0;-8,0;-8,0;47,6
20/03/2026 01:28;450,0;105,3;100,0;12,0;-8,0;-8,0;47,6
20/03/2026 01:29;450,0;105,6;100,0;12,0;-8,0;-8,0;47,6
20/03/2026 01:30;450,0;105,6;100,0;12,0;-8,0;-8,0;47,6
20/03/2026 01:31;450,0;105,6;100,0;12,0;-8,0;-8,0;47,6
20/03/2026 01:32;450,0;105,3;100,0;12,0;-8,0;-7,0;48,0
20/03/2026 01:33;450,0;105,3;100,0;12,0;-8,0;-8,0;47,7
20/03/2026 01:34;450,0;105,3;100,0;12,0;-8,0;-8,0;47,7
20/03/2026 01:35;450,0;105,3;100,0;12,0;-8,0;-8,0;47,7
20/03/2026 01:36;450,0;105,0;100,0;12,0;-8,0;-8,0;47,7
20/03/2026 01:37;450,0;104,5;100,0;12,0;-8,0;-8,0;47,7
20/03/2026 01:38;450,0;104,5;100,0;12,0;-8,0;-8,0;47,7
20/03/2026 01:39;450,0;104,2;100,0;12,0;-8,0;-8,0;47,7
20/03/2026 01:40;450,0;103,9;100,0;12,0;-8,0;-8,0;47,7
20/03/2026 01:41;450,0;103,9;100,0;12,0;-8,0;-8,0;47,7
20/03/2026 01:42;450,0;103,9;100,0;12,0;-8,0;-8,0;47,7
20/03/2026 01:43;450,0;104,2;100,0;12,0;-8,0;-8,0;47,7
20/03/2026 01:44;450,0;103,9;100,0;12,0;-8,0;-8,0;47,6
20/03/2026 01:45;450,0;103,9;100,0;12,0;-8,0;-8,0;47,6
20/03/2026 01:46;450,0;103,6;100,0;12,0;-8,0;-8,0;47,6
20/03/2026 01:47;450,0;103,6;100,0;12,0;-8,0;-8,0;47,6
20/03/2026 01:48;450,0;103,6;100,0;12,0;-8,0;-7,0;48,1
20/03/2026 01:49;450,0;103,6;100,0;12,0;-8,0;-9,0;47,4
20/03/2026 01:50;450,0;103,3;100,0;12,0;-8,0;-8,0;47,7
20/03/2026 01:51;450,0;103,0;100,0;12,0;-8,0;-8,0;47,7
20/03/2026 01:52;450,0;103,0;100,0;12,0;-8,0;-8,0;47,6
20/03/2026 01:53;450,0;103,0;100,0;12,0;-8,0;-8,0;47,7
20/03/2026 01:54;450,0;102,4;100,0;12,0;-8,0;-8,0;47,6
20/03/2026 01:55;450,0;102,4;100,0;12,0;-8,0;-8,0;47,4
20/03/2026 01:56;450,0;102,4;100,0;12,0;-8,0;-8,0;47,5
20/03/2026 01:57;450,0;102,1;100,0;12,0;-8,0;-8,0;47,5
20/03/2026 01:58;450,0;102,4;100,0;12,0;-8,0;-8,0;47,5
20/03/2026 01:59;450,0;102,4;100,0;12,0;-8,0;-8,0;47,5
20/03/2026 02:00;450,0;102,1;100,0;12,0;-8,0;-8,0;47,5
20/03/2026 02:01;450,0;101,8;100,0;12,0;-8,0;-8,0;47,5
20/03/2026 02:02;450,0;102,1;100,0;12,0;-8,0;-8,0;47,5
20/03/2026 02:03;450,0;102,1;100,0;12,0;-8,0;-8,0;47,5
20/03/2026 02:04;450,0;101,8;100,0;12,0;-8,0;-8,0;47,7
20/03/2026 02:05;450,0;101,8;100,0;12,0;-8,0;-8,0;47,6
20/03/2026 02:06;450,0;102,1;100,0;12,0;-8,0;-8,0;47,5
20/03/2026 02:07;450,0;102,1;100,0;12,0;-8,0;-8,0;47,5
20/03/2026 02:08;450,0;101,8;100,0;12,0;-8,0;-9,0;47,1
20/03/2026 02:09;450,0;101,5;100,0;12,0;-8,0;-8,0;47,5
20/03/2026 02:10;450,0;101,2;100,0;12,0;-8,0;-8,0;47,5
20/03/2026 02:11;450,0;100,9;100,0;12,0;-8,0;-8,0;47,5
20/03/2026 02:12;450,0;100,6;100,0;12,0;-8,0;-8,0;47,5
20/03/2026 02:14;450,0;100,6;100,0;12,0;-8,0;-8,0;47,5
20/03/2026 02:15;450,0;100,4;100,0;12,0;-8,0;-8,0;47,5
20/03/2026 02:16;450,0;100,4;100,0;12,0;-8,0;-8,0;47,5
20/03/2026 02:17;450,0;100,4;100,0;12,0;-8,0;-8,0;47,5
20/03/2026 02:18;450,0;100,4;100,0;12,0;-8,0;-8,0;47,5
20/03/2026 02:19;450,0;100,4;100,0;12,0;-8,0;-7,0;47,8
20/03/2026 02:20;450,0;100,4;100,0;12,0;-8,0;-8,0;47,6
20/03/2026 02:21;450,0;100,6;100,0;12,0;-8,0;-8,0;47,6
20/03/2026 02:22;450,0;100,6;100,0;12,0;-8,0;-8,0;47,6
20/03/2026 02:23;450,0;100,4;100,0;12,0;-8,0;-8,0;47,6
20/03/2026 02:24;450,0;100,4;100,0;12,0;-8,0;-8,0;47,5
20/03/2026 02:25;450,0;99,8;100,0;12,0;-8,0;-8,0;47,6
20/03/2026 02:26;450,0;98,9;100,0;12,0;-8,0;-8,0;47,5
20/03/2026 02:27;450,0;98,9;100,0;12,0;-8,0;-8,0;47,5
20/03/2026 02:28;450,0;98,9;100,0;12,0;-8,0;-8,0;47,5
20/03/2026 02:29;450,0;98,9;100,0;12,0;-8,0;-8,0;47,5
20/03/2026 02:30;450,0;98,9;100,0;12,0;-8,0;-8,0;47,4
20/03/2026 02:31;450,0;98,6;100,0;12,0;-8,0;-8,0;47,5
20/03/2026 02:32;450,0;98,6;100,0;12,0;-8,0;-8,0;47,4
20/03/2026 02:33;450,0;98,6;100,0;12,0;-8,0;-8,0;47,4
20/03/2026 02:34;450,0;98,3;100,0;12,0;-8,0;-9,0;47,0
20/03/2026 02:35;450,0;98,6;100,0;12,0;-8,0;-7,0;47,9
20/03/2026 02:36;450,0;98,6;100,0;12,0;-8,0;-8,0;47,5
20/03/2026 02:37;450,0;98,6;100,0;12,0;-8,0;-8,0;47,5
20/03/2026 02:38;450,0;98,6;100,0;12,0;-8,0;-8,0;47,4
20/03/2026 02:39;450,0;98,6;100,0;12,0;-8,0;-8,0;47,5
20/03/2026 02:40;450,0;98,6;100,0;12,0;-8,0;-8,0;47,4
20/03/2026 02:41;450,0;98,6;100,0;12,0;-8,0;-9,0;47,0
20/03/2026 02:42;450,0;98,6;100,0;12,0;-8,0;-9,0;46,9
20/03/2026 02:43;450,0;98,6;100,0;12,0;-8,0;-8,0;47,3
20/03/2026 02:44;450,0;98,6;100,0;12,0;-8,0;-8,0;47,3
20/03/2026 02:45;450,0;98,9;100,0;12,0;-8,0;-8,0;47,3
20/03/2026 02:46;450,0;98,3;100,0;12,0;-8,0;-8,0;47,3
20/03/2026 02:47;450,0;97,4;100,0;12,0;-8,0;-8,0;47,3
20/03/2026 02:48;450,0;97,4;100,0;12,0;-8,0;-8,0;47,3
20/03/2026 02:49;450,0;97,4;100,0;12,0;-8,0;-8,0;47,3
20/03/2026 02:50;450,0;97,1;100,0;12,0;-8,0;-9,0;46,8
20/03/2026 02:51;450,0;97,1;100,0;12,0;-8,0;-8,0;47,5
20/03/2026 02:52;450,0;97,1;100,0;12,0;-8,0;-8,0;47,4
20/03/2026 02:53;450,0;97,1;100,0;12,0;-8,0;-8,0;47,3
20/03/2026 02:54;450,0;96,8;100,0;12,0;-8,0;-8,0;47,2
20/03/2026 02:55;450,0;97,1;100,0;12,0;-8,0;-8,0;47,2
20/03/2026 02:56;450,0;97,1;100,0;12,0;-8,0;-8,0;47,1
20/03/2026 02:57;450,0;97,1;100,0;12,0;-8,0;-8,0;47,1
20/03/2026 02:58;450,0;96,8;100,0;12,0;-8,0;-8,0;47,1
20/03/2026 02:59;450,0;97,1;100,0;12,0;-8,0;-8,0;47,1
20/03/2026 03:00;450,0;97,1;100,0;12,0;-8,0;-8,0;47,1
20/03/2026 03:01;450,0;96,8;100,0;12,0;-8,0;-8,0;47,1
20/03/2026 03:02;450,0;96,8;100,0;12,0;-8,0;-8,0;47,1
20/03/2026 03:03;450,0;96,8;100,0;12,0;-8,0;-8,0;47,1
20/03/2026 03:04;450,0;96,8;100,0;12,0;-8,0;-8,0;47,1
20/03/2026 03:05;450,0;96,0;100,0;12,0;-8,0;-8,0;47,1
20/03/2026 03:06;450,0;96,0;100,0;12,0;-8,0;-7,0;47,5
20/03/2026 03:07;450,0;96,0;100,0;12,0;-8,0;-8,0;47,3
20/03/2026 03:08;450,0;95,7;100,0;12,0;-8,0;-8,0;47,1
20/03/2026 03:09;450,0;95,7;100,0;12,0;-8,0;-8,0;47,2
20/03/2026 03:10;450,0;95,7;100,0;12,0;-8,0;-8,0;47,2
20/03/2026 03:11;450,0;95,7;100,0;12,0;-8,0;-8,0;47,2
20/03/2026 03:12;450,0;95,7;100,0;12,0;-8,0;-8,0;47,2
20/03/2026 03:13;450,0;95,4;100,0;12,0;-8,0;-8,0;47,2
20/03/2026 03:14;450,0;95,7;100,0;12,0;-8,0;-8,0;47,2
20/03/2026 03:15;450,0;95,4;100,0;12,0;-8,0;-8,0;47,1
20/03/2026 03:16;450,0;95,4;100,0;12,0;-8,0;-8,0;47,1
20/03/2026 03:17;450,0;95,7;100,0;12,0;-8,0;-8,0;47,1
20/03/2026 03:18;450,0;95,7;100,0;12,0;-8,0;-8,0;47,1
20/03/2026 03:19;450,0;95,7;100,0;12,0;-8,0;-8,0;47,1
20/03/2026 03:20;450,0;95,4;100,0;12,0;-8,0;-8,0;47,1
20/03/2026 03:21;450,0;94,5;100,0;12,0;-8,0;-8,0;47,1
20/03/2026 03:22;450,0;94,5;100,0;12,0;-8,0;-7,0;47,7
20/03/2026 03:23;450,0;94,2;100,0;12,0;-8,0;-9,0;46,8
20/03/2026 03:24;450,0;94,2;100,0;12,0;-8,0;-8,0;47,2
20/03/2026 03:25;450,0;94,2;100,0;12,0;-8,0;-8,0;47,2
20/03/2026 03:26;450,0;93,9;100,0;12,0;-8,0;-8,0;47,2
20/03/2026 03:27;450,0;93,9;100,0;12,0;-8,0;-8,0;47,2
20/03/2026 03:28;450,0;93,9;100,0;12,0;-8,0;-8,0;47,1
20/03/2026 03:29;450,0;94,2;100,0;12,0;-8,0;-8,0;47,1
20/03/2026 03:30;450,0;93,9;100,0;12,0;-8,0;-8,0;47,1
20/03/2026 03:31;450,0;93,9;100,0;12,0;-8,0;-8,0;47,1
20/03/2026 03:32;450,0;93,9;100,0;12,0;-8,0;-8,0;47,1
20/03/2026 03:33;450,0;93,9;100,0;12,0;-8,0;-8,0;47,1
20/03/2026 03:34;450,0;93,9;100,0;12,0;-8,0;-8,0;47,1
20/03/2026 03:35;450,0;93,9;100,0;12,0;-8,0;-8,0;47,1
20/03/2026 03:36;450,0;93,9;100,0;12,0;-8,0;-8,0;47,1
20/03/2026 03:37;450,0;93,9;100,0;12,0;-8,0;-8,0;47,1
20/03/2026 03:38;450,0;93,9;100,0;12,0;-8,0;-8,0;47,3
20/03/2026 03:39;450,0;93,9;100,0;12,0;-8,0;-8,0;47,3
20/03/2026 03:40;450,0;93,3;100,0;12,0;-8,0;-9,0;47,0
20/03/2026 03:41;450,0;93,6;100,0;12,0;-8,0;-8,0;47,3
20/03/2026 03:42;450,0;93,9;100,0;12,0;-8,0;-8,0;47,3
20/03/2026 03:43;450,0;93,9;100,0;12,0;-8,0;-8,0;47,2
20/03/2026 03:44;450,0;93,6;100,0;12,0;-8,0;-8,0;47,2
20/03/2026 03:45;450,0;93,9;100,0;12,0;-8,0;-9,0;46,8
20/03/2026 03:46;450,0;93,3;100,0;12,0;-8,0;-8,0;47,1
20/03/2026 03:47;450,0;93,3;100,0;12,0;-8,0;-8,0;47,1
20/03/2026 03:48;450,0;93,6;100,0;12,0;-8,0;-8,0;47,1
20/03/2026 03:49;450,0;93,0;100,0;12,0;-8,0;-8,0;47,1
20/03/2026 03:50;450,0;92,7;100,0;12,0;-8,0;-8,0;47,1
20/03/2026 03:51;450,0;92,4;100,0;12,0;-8,0;-8,0;47,1
20/03/2026 03:52;450,0;92,4;100,0;12,0;-8,0;-8,0;47,1
20/03/2026 03:53;450,0;92,2;100,0;12,0;-8,0;-7,0;47,5
20/03/2026 03:54;450,0;92,7;100,0;12,0;-8,0;-8,0;47,2
20/03/2026 03:55;450,0;92,7;100,0;12,0;-8,0;-8,0;47,3
20/03/2026 03:56;450,0;92,2;100,0;12,0;-8,0;-8,0;47,3
20/03/2026 03:57;450,0;91,9;100,0;12,0;-8,0;-8,0;47,2
20/03/2026 03:58;450,0;91,9;100,0;12,0;-8,0;-8,0;47,2
20/03/2026 03:59;450,0;91,9;100,0;12,0;-8,0;-8,0;47,2
20/03/2026 04:00;450,0;91,9;100,0;12,0;-8,0;-8,0;47,1
20/03/2026 04:01;450,0;91,9;100,0;12,0;-8,0;-8,0;47,1
20/03/2026 04:02;450,0;91,6;100,0;12,0;-8,0;-8,0;46,9
20/03/2026 04:03;450,0;91,9;100,0;12,0;-8,0;-9,0;46,6
20/03/2026 04:04;450,0;91,6;100,0;12,0;-8,0;-8,0;47,0
20/03/2026 04:05;450,0;91,9;100,0;12,0;-8,0;-8,0;47,0
20/03/2026 04:06;450,0;91,9;100,0;12,0;-8,0;-8,0;46,9
20/03/2026 04:07;450,0;91,9;100,0;12,0;-8,0;-8,0;46,9
20/03/2026 04:08;450,0;91,9;100,0;12,0;-8,0;-8,0;46,8
20/03/2026 04:09;450,0;91,9;100,0;12,0;-8,0;-7,0;47,4
20/03/2026 04:10;450,0;91,9;100,0;12,0;-8,0;-8,0;47,0
20/03/2026 04:11;450,0;91,6;100,0;12,0;-8,0;-8,0;47,0
20/03/2026 04:12;450,0;90,7;100,0;12,0;-8,0;-8,0;47,0
20/03/2026 04:13;450,0;90,7;100,0;12,0;-8,0;-8,0;47,0
20/03/2026 04:14;450,0;90,4;100,0;12,0;-8,0;-8,0;47,0
20/03/2026 04:15;450,0;90,1;100,0;12,0;-8,0;-8,0;47,0
20/03/2026 04:16;450,0;90,1;100,0;12,0;-8,0;-8,0;47,0
20/03/2026 04:17;450,0;90,1;100,0;12,0;-8,0;-8,0;47,0
20/03/2026 04:18;450,0;89,8;100,0;12,0;-8,0;-8,0;47,0
20/03/2026 04:19;450,0;90,1;100,0;12,0;-8,0;-8,0;47,0
20/03/2026 04:20;450,0;89,8;100,0;12,0;-8,0;-8,0;47,0
20/03/2026 04:21;450,0;90,1;100,0;12,0;-8,0;-8,0;47,0
20/03/2026 04:22;450,0;90,1;100,0;12,0;-8,0;-8,0;47,0
20/03/2026 04:23;450,0;89,8;100,0;12,0;-8,0;-8,0;47,0
20/03/2026 04:24;450,0;89,8;100,0;12,0;-8,0;-8,0;47,0
20/03/2026 04:25;450,0;89,8;100,0;12,0;-8,0;-8,0;47,2
20/03/2026 04:26;450,0;89,5;100,0;12,0;-8,0;-8,0;47,1
20/03/2026 04:27;450,0;89,8;100,0;12,0;-8,0;-8,0;47,1
20/03/2026 04:28;450,0;89,5;100,0;12,0;-8,0;-8,0;47,1
20/03/2026 04:29;450,0;89,5;100,0;12,0;-8,0;-8,0;47,1
20/03/2026 04:30;450,0;89,5;100,0;12,0;-8,0;-8,0;47,1
20/03/2026 04:31;450,0;89,5;100,0;12,0;-8,0;-8,0;46,9
20/03/2026 04:32;450,0;89,8;100,0;12,0;-8,0;-8,0;47,0
20/03/2026 04:33;450,0;89,5;100,0;12,0;-8,0;-8,0;47,0
20/03/2026 04:34;450,0;89,8;100,0;12,0;-8,0;-8,0;47,0
20/03/2026 04:35;450,0;89,5;100,0;12,0;-8,0;-8,0;47,0
20/03/2026 04:36;450,0;89,5;100,0;12,0;-8,0;-8,0;47,0
20/03/2026 04:37;450,0;89,5;100,0;12,0;-8,0;-8,0;47,0
20/03/2026 04:38;450,0;89,2;100,0;12,0;-8,0;-8,0;47,0
20/03/2026 04:39;450,0;89,5;100,0;12,0;-8,0;-8,0;47,0
20/03/2026 04:40;450,0;88,6;100,0;12,0;-8,0;-7,0;47,4
20/03/2026 04:41;450,0;88,6;100,0;12,0;-8,0;-8,0;47,2
20/03/2026 04:42;450,0;88,6;100,0;12,0;-8,0;-8,0;47,1
20/03/2026 04:43;450,0;88,3;100,0;12,0;-8,0;-8,0;47,1
20/03/2026 04:44;450,0;88,6;100,0;12,0;-8,0;-8,0;47,1
20/03/2026 04:45;450,0;88,1;100,0;12,0;-8,0;-8,0;47,1
20/03/2026 04:46;450,0;88,1;100,0;12,0;-8,0;-8,0;47,1
20/03/2026 04:47;450,0;88,1;100,0;12,0;-8,0;-8,0;47,1
20/03/2026 04:48;450,0;88,1;100,0;12,0;-8,0;-8,0;47,1
20/03/2026 04:49;450,0;87,8;100,0;12,0;-8,0;-8,0;47,1
20/03/2026 04:50;450,0;87,8;100,0;12,0;-8,0;-8,0;47,0
20/03/2026 04:51;450,0;88,1;100,0;12,0;-8,0;-8,0;46,9
20/03/2026 04:52;450,0;87,8;100,0;12,0;-8,0;-8,0;47,0
20/03/2026 04:53;450,0;87,8;100,0;12,0;-8,0;-8,0;46,9
20/03/2026 04:54;450,0;87,8;100,0;12,0;-8,0;-8,0;46,9
20/03/2026 04:55;450,0;87,8;100,0;12,0;-8,0;-8,0;46,9
20/03/2026 04:56;450,0;87,8;100,0;12,0;-8,0;-7,0;47,5
20/03/2026 04:57;450,0;87,5;100,0;12,0;-8,0;-8,0;47,1
20/03/2026 04:58;450,0;87,2;100,0;12,0;-8,0;-8,0;47,1
20/03/2026 04:59;450,0;87,5;100,0;12,0;-8,0;-8,0;46,9
20/03/2026 05:00;450,0;87,2;100,0;12,0;-8,0;-8,0;46,9
20/03/2026 05:01;450,0;86,9;100,0;12,0;-8,0;-8,0;47,0
20/03/2026 05:02;450,0;86,9;100,0;12,0;-8,0;-8,0;46,8
20/03/2026 05:03;450,0;86,9;100,0;12,0;-8,0;-8,0;46,9
20/03/2026 05:04;450,0;87,2;100,0;12,0;-8,0;-8,0;46,9
20/03/2026 05:05;450,0;87,2;100,0;12,0;-8,0;-8,0;47,0
20/03/2026 05:06;450,0;87,2;100,0;12,0;-8,0;-8,0;46,9
20/03/2026 05:07;450,0;87,2;100,0;12,0;-8,0;-8,0;46,9
20/03/2026 05:08;450,0;87,2;100,0;12,0;-8,0;-8,0;46,9
20/03/2026 05:09;450,0;86,9;100,0;12,0;-8,0;-8,0;46,8
20/03/2026 05:10;450,0;86,6;100,0;12,0;-8,0;-8,0;46,8
20/03/2026 05:11;450,0;86,9;100,0;12,0;-8,0;-8,0;46,9
20/03/2026 05:12;450,0;86,9;100,0;12,0;-8,0;-8,0;47,0
20/03/2026 05:13;450,0;86,9;100,0;12,0;-8,0;-8,0;46,9
20/03/2026 05:14;450,0;86,9;100,0;12,0;-8,0;-8,0;46,9
20/03/2026 05:15;450,0;86,9;100,0;12,0;-8,0;-8,0;46,8
20/03/2026 05:16;450,0;86,6;100,0;12,0;-8,0;-8,0;46,9
20/03/2026 05:17;450,0;86,3;100,0;12,0;-8,0;-8,0;46,9
20/03/2026 05:18;450,0;86,0;100,0;12,0;-8,0;-8,0;46,9
20/03/2026 05:19;450,0;85,7;100,0;12,0;-8,0;-8,0;46,9
20/03/2026 05:20;450,0;85,7;100,0;12,0;-8,0;-8,0;46,8
20/03/2026 05:21;450,0;85,7;100,0;12,0;-8,0;-8,0;46,8
20/03/2026 05:22;450,0;85,7;100,0;12,0;-8,0;-8,0;46,8
20/03/2026 05:23;450,0;85,1;100,0;12,0;-8,0;-8,0;46,8
20/03/2026 05:24;450,0;85,1;100,0;12,0;-8,0;-8,0;46,8
20/03/2026 05:25;450,0;85,1;100,0;12,0;-8,0;-8,0;46,8
20/03/2026 05:26;450,0;85,4;100,0;12,0;-8,0;-8,0;46,8
20/03/2026 05:27;450,0;85,1;100,0;12,0;-8,0;-7,0;47,2
20/03/2026 05:28;450,0;85,1;100,0;12,0;-8,0;-9,0;46,6
20/03/2026 05:29;450,0;85,4;100,0;12,0;-8,0;-8,0;47,0
20/03/2026 05:30;450,0;85,1;100,0;12,0;-8,0;-8,0;47,0
20/03/2026 05:31;450,0;85,4;100,0;12,0;-8,0;-8,0;47,0
20/03/2026 05:32;450,0;85,4;100,0;12,0;-8,0;-8,0;47,0
20/03/2026 05:33;450,0;85,1;100,0;12,0;-8,0;-8,0;46,9
20/03/2026 05:34;450,0;84,8;100,0;12,0;-8,0;-8,0;46,8
20/03/2026 05:35;450,0;84,5;100,0;12,0;-8,0;-9,0;46,4
20/03/2026 05:36;450,0;84,5;100,0;12,0;-8,0;-8,0;46,8
20/03/2026 05:37;450,0;84,5;100,0;12,0;-8,0;-8,0;46,6
20/03/2026 05:38;450,0;84,5;100,0;12,0;-8,0;-8,0;46,6
20/03/2026 05:39;450,0;83,9;100,0;12,0;-8,0;-9,0;46,0
20/03/2026 05:40;450,0;83,4;100,0;12,0;-8,0;-8,0;46,5
20/03/2026 05:41;450,0;83,9;100,0;12,0;-8,0;-8,0;46,5
20/03/2026 05:42;450,0;83,4;100,0;12,0;-8,0;-8,0;46,5
20/03/2026 05:43;450,0;84,5;100,0;12,0;-8,0;-8,0;46,7
20/03/2026 05:44;450,0;84,5;100,0;12,0;-8,0;-8,0;46,5
20/03/2026 05:45;450,0;105,9;100,0;12,0;-8,0;-4,0;48,8
20/03/2026 05:46;450,0;223,4;100,0;12,0;-8,0;0,0;52,8
20/03/2026 05:47;450,0;338,6;100,0;12,0;-8,0;-1,0;55,0
20/03/2026 05:48;450,0;416,8;100,0;12,0;-8,0;-2,0;56,2
20/03/2026 05:49;450,0;500,6;69,6;0,0;-8,0;-8,0;55,0
20/03/2026 05:50;450,0;514,4;5,0;0,0;-8,0;-19,0;47,2
20/03/2026 05:51;450,0;474,5;5,0;0,0;-8,0;-17,0;45,2
20/03/2026 05:52;450,0;434,1;12,6;12,0;-8,0;-15,0;43,4
20/03/2026 05:53;450,0;404,2;54,8;12,0;-8,0;-7,0;45,9
20/03/2026 05:54;450,0;425,6;83,1;12,0;-8,0;-3,0;48,9
20/03/2026 05:55;450,0;480,1;56,2;0,0;-8,0;-7,0;48,0
20/03/2026 05:56;450,0;488,9;13,4;0,0;-8,0;-15,0;43,1
20/03/2026 05:57;450,0;454,9;7,1;0,0;-8,0;-14,0;41,4
20/03/2026 05:58;450,0;419,7;34,0;12,0;-8,0;-10,0;41,8
20/03/2026 05:59;450,0;408,3;74,6;12,0;-8,0;-2,0;46,2
20/03/2026 06:00;450,0;457,5;74,6;2,1;-8,0;-4,0;46,8
20/03/2026 06:01;450,0;494,1;28,4;0,0;-8,0;-12,0;43,6
20/03/2026 06:02;450,0;468,1;8,9;0,0;-8,0;-13,0;41,4
20/03/2026 06:03;450,0;433,5;22,6;12,0;-8,0;-12,0;40,3
20/03/2026 06:04;450,0;409,2;58,5;12,0;-8,0;-5,0;43,0
20/03/2026 06:05;450,0;437,0;82,2;12,0;-8,0;-2,0;46,5
20/03/2026 06:06;450,0;489,8;39,6;0,0;-8,0;-10,0;43,9
20/03/2026 06:07;450,0;483,6;8,8;0,0;-8,0;-13,0;40,8
20/03/2026 06:08;450,0;450,2;6,9;0,0;-8,0;-13,0;39,0
20/03/2026 06:09;450,0;422,7;34,1;12,0;-8,0;-10,0;39,4
20/03/2026 06:10;450,0;416,2;68,4;12,0;-8,0;-3,0;43,2
20/03/2026 06:11;450,0;459,6;61,8;0,0;-8,0;-4,0;44,2
20/03/2026 06:12;450,0;491,8;17,9;0,0;-8,0;-11,0;40,7
20/03/2026 06:13;450,0;476,0;5,0;0,0;-8,0;-12,0;39,0
20/03/2026 06:14;450,0;448,4;5,0;0,9;-8,0;-11,0;38,2
20/03/2026 06:15;450,0;423,5;28,8;12,0;-8,0;-10,0;37,8
20/03/2026 06:16;450,0;412,7;63,5;12,0;-8,0;-4,0;41,0
20/03/2026 06:17;450,0;451,4;67,9;6,7;-8,0;-3,0;43,2
20/03/2026 06:18;450,0;493,0;24,2;0,0;-8,0;-10,0;40,4
20/03/2026 06:19;450,0;481,3;5,0;0,0;-8,0;-12,0;38,2
20/03/2026 06:20;450,0;454,0;5,0;0,0;-8,0;-12,0;36,9
20/03/2026 06:21;450,0;427,3;21,9;12,0;-8,0;-10,0;36,9
20/03/2026 06:22;450,0;415,3;53,6;12,0;-8,0;-6,0;38,6
20/03/2026 06:23;450,0;440,8;67,6;12,0;-8,0;-4,0;41,1
20/03/2026 06:24;450,0;490,0;31,3;0,0;-8,0;-9,0;39,7
20/03/2026 06:25;450,0;486,8;5,0;0,0;-8,0;-12,0;37,2
20/03/2026 06:26;450,0;459,3;5,0;0,0;-8,0;-11,0;36,6
20/03/2026 06:27;450,0;434,4;14,3;12,0;-8,0;-11,0;35,6
20/03/2026 06:28;450,0;418,6;41,4;12,0;-8,0;-7,0;37,2
20/03/2026 06:29;450,0;429,7;63,4;12,0;-8,0;-3,0;40,1
20/03/2026 06:30;450,0;474,5;45,0;0,0;-8,0;-6,0;40,1
20/03/2026 06:31;450,0;484,2;8,7;0,0;-8,0;-11,0;37,5
20/03/2026 06:32;450,0;465,1;5,0;0,0;-8,0;-11,0;36,4
20/03/2026 06:33;450,0;441,7;9,0;7,5;-8,0;-11,0;35,3
20/03/2026 06:34;450,0;422,4;34,8;12,0;-8,0;-9,0;35,7
20/03/2026 06:35;450,0;424,4;60,2;12,0;-8,0;-4,0;38,7
20/03/2026 06:36;450,0;463,1;50,1;0,0;-8,0;-6,0;39,0
20/03/2026 06:37;450,0;482,7;14,8;0,0;-8,0;-10,0;37,0
20/03/2026 06:38;450,0;468,7;5,0;0,0;-8,0;-11,0;35,6
20/03/2026 06:39;450,0;448,1;5,0;1,4;-8,0;-11,0;34,7
20/03/2026 06:40;450,0;429,7;23,9;12,0;-8,0;-9,0;35,0
20/03/2026 06:41;450,0;423,5;48,8;12,0;-8,0;-6,0;36,8
20/03/2026 06:42;450,0;443,5;56,7;11,9;-8,0;-4,0;38,8
20/03/2026 06:43;450,0;477,7;30,1;0,0;-8,0;-8,0;37,6
20/03/2026 06:44;450,0;476,6;5,0;0,0;-8,0;-10,0;36,1
20/03/2026 06:45;450,0;458,1;5,0;0,0;-8,0;-11,0;34,7
20/03/2026 06:46;450,0;440,2;10,3;9,0;-8,0;-10,0;34,9
20/03/2026 06:47;450,0;425,3;32,4;12,0;-8,0;-8,0;35,2
20/03/2026 06:48;450,0;428,2;54,9;12,0;-8,0;-5,0;37,2
20/03/2026 06:49;450,0;463,7;46,2;0,0;-8,0;-5,0;38,5
20/03/2026 06:50;450,0;494,4;5,0;0,0;-8,0;-10,0;36,2
20/03/2026 06:51;450,0;483,9;5,0;0,0;-8,0;-10,0;35,4
20/03/2026 06:52;450,0;464,6;5,0;0,0;-8,0;-10,0;34,6
20/03/2026 06:53;450,0;445,2;5,9;4,1;-8,0;-10,0;34,0
20/03/2026 06:54;450,0;431,2;22,5;12,0;-8,0;-9,0;34,0
20/03/2026 06:55;450,0;429,4;42,4;12,0;-8,0;-6,0;35,4
20/03/2026 06:56;450,0;450,8;44,9;4,2;-8,0;-5,0;36,7
20/03/2026 06:57;450,0;472,5;24,1;0,0;-8,0;-9,0;35,5
20/03/2026 06:58;450,0;470,1;5,0;0,0;-8,0;-10,0;34,4
20/03/2026 06:59;450,0;456,4;5,0;0,0;-8,0;-10,0;33,7
20/03/2026 07:00;450,0;441,7;9,8;7,6;-8,0;-10,0;33,1
20/03/2026 07:01;450,0;431,4;27,1;12,0;-8,0;-6,0;34,7
20/03/2026 07:02;450,0;434,4;41,5;12,0;-8,0;-6,0;35,3
20/03/2026 07:03;450,0;455,5;37,1;0,0;-8,0;-6,0;36,0
20/03/2026 07:04;450,0;471,6;15,4;0,0;-8,0;-9,0;34,9
20/03/2026 07:05;450,0;468,4;5,0;0,0;-8,0;-10,0;33,7
20/03/2026 07:06;450,0;455,2;5,0;0,0;-8,0;-10,0;33,1
20/03/2026 07:07;450,0;441,1;10,2;8,2;-8,0;-10,0;32,9
20/03/2026 07:08;450,0;429,7;28,7;12,0;-8,0;-7,0;33,6
20/03/2026 07:09;450,0;436,4;42,4;12,0;-8,0;-5,0;35,2
20/03/2026 07:10;450,0;459,0;35,5;0,0;-8,0;-7,0;34,9
20/03/2026 07:11;450,0;469,0;16,5;0,0;-8,0;-9,0;34,3
20/03/2026 07:12;450,0;463,4;5,0;0,0;-8,0;-10,0;33,2
20/03/2026 07:13;450,0;449,3;5,1;0,4;-8,0;-10,0;32,7
20/03/2026 07:14;450,0;435,5;17,7;12,0;-8,0;-9,0;32,9
20/03/2026 07:15;450,0;429,4;36,0;12,0;-8,0;-7,0;33,7
20/03/2026 07:16;450,0;442,9;44,5;10,9;-8,0;-6,0;34,8
20/03/2026 07:17;450,0;471,9;27,2;0,0;-8,0;-7,0;35,3
20/03/2026 07:18;450,0;478,9;5,0;0,0;-8,0;-10,0;33,6
20/03/2026 07:19;450,0;469,8;5,0;0,0;-8,0;-10,0;33,0
20/03/2026 07:20;450,0;457,5;5,0;0,0;-8,0;-10,0;32,5
20/03/2026 07:21;450,0;445,5;6,8;4,0;-8,0;-9,0;32,6
20/03/2026 07:22;450,0;434,7;21,7;12,0;-8,0;-8,0;32,8
20/03/2026 07:23;450,0;435,5;35,9;12,0;-8,0;-6,0;33,9
20/03/2026 07:24;450,0;449,0;36,6;4,6;-8,0;-6,0;34,6
20/03/2026 07:25;450,0;465,4;21,4;0,0;-8,0;-8,0;34,0
20/03/2026 07:26;450,0;467,8;5,0;0,0;-8,0;-10,0;33,0
20/03/2026 07:27;450,0;456,9;5,0;0,0;-8,0;-9,0;32,9
20/03/2026 07:28;450,0;446,1;6,8;3,4;-8,0;-9,0;32,3
20/03/2026 07:29;450,0;436,4;19,3;12,0;-8,0;-8,0;32,4
20/03/2026 07:30;450,0;434,4;33,0;12,0;-8,0;-7,0;33,1
20/03/2026 07:31;450,0;444,3;38,5;8,9;-8,0;-6,0;34,3
20/03/2026 07:32;450,0;464,3;26,4;0,0;-8,0;-7,0;34,2
20/03/2026 07:33;450,0;473,9;5,0;0,0;-8,0;-9,0;33,4
20/03/2026 07:34;450,0;466,3;5,0;0,0;-8,0;-10,0;32,4
20/03/2026 07:35;450,0;454,3;5,0;0,0;-8,0;-9,0;32,5
20/03/2026 07:36;450,0;444,0;8,5;5,5;-8,0;-9,0;32,1
20/03/2026 07:37;450,0;436,7;20,5;12,0;-8,0;-8,0;32,3
20/03/2026 07:38;450,0;436,1;33,0;12,0;-8,0;-7,0;32,9
20/03/2026 07:39;450,0;452,5;32,0;1,0;-8,0;-6,0;34,1
20/03/2026 07:40;450,0;467,2;17,3;0,0;-8,0;-9,0;32,8
20/03/2026 07:41;450,0;470,7;5,0;0,0;-8,0;-9,0;32,5
20/03/2026 07:42;450,0;466,6;5,0;0,0;-8,0;-9,0;32,2
20/03/2026 07:43;450,0;461,0;5,0;0,0;-8,0;-9,0;31,9
20/03/2026 07:44;450,0;454,0;5,0;0,0;-8,0;-9,0;31,6
20/03/2026 07:45;450,0;445,5;7,6;4,1;-8,0;-9,0;31,2
20/03/2026 07:46;450,0;436,1;20,3;12,0;-8,0;-8,0;31,5
20/03/2026 07:47;450,0;433,8;35,8;12,0;-8,0;-7,0;32,3
20/03/2026 07:48;450,0;447,0;38,3;6,6;-8,0;-5,0;33,9
20/03/2026 07:49;450,0;468,1;21,1;0,0;-8,0;-8,0;33,2
20/03/2026 07:50;450,0;473,9;5,0;0,0;-8,0;-10,0;32,0
20/03/2026 07:51;450,0;464,6;5,0;0,0;-8,0;-9,0;32,0
20/03/2026 07:52;450,0;456,9;5,0;0,0;-8,0;-9,0;31,7
20/03/2026 07:53;450,0;451,4;5,0;0,0;-8,0;-9,0;31,3
20/03/2026 07:54;450,0;446,4;7,2;3,3;-8,0;-9,0;31,0
20/03/2026 07:55;450,0;438,5;17,1;11,4;-8,0;-8,0;31,3
20/03/2026 07:56;450,0;431,7;33,6;12,0;-8,0;-6,0;32,4
20/03/2026 07:57;450,0;439,7;43,6;12,0;-8,0;-5,0;33,5
20/03/2026 07:58;450,0;463,1;33,8;0,0;-8,0;-6,0;33,9
20/03/2026 07:59;450,0;474,2;9,5;0,0;-8,0;-9,0;32,8
20/03/2026 08:00;450,0;469,2;5,0;0,0;-8,0;-9,0;32,3
20/03/2026 08:01;450,0;460,7;5,0;0,0;-8,0;-9,0;31,9
20/03/2026 08:02;450,0;449,6;5,0;0,1;-8,0;-9,0;31,6
20/03/2026 08:03;450,0;438,5;14,4;11,0;-8,0;-9,0;31,2
20/03/2026 08:04;450,0;432,9;29,0;12,0;-8,0;-6,0;32,8
20/03/2026 08:05;450,0;441,4;38,8;11,5;-8,0;-6,0;33,4
20/03/2026 08:06;450,0;459,0;31,0;0,0;-8,0;-7,0;33,4
20/03/2026 08:07;450,0;470,4;12,5;0,0;-8,0;-9,0;32,9
20/03/2026 08:08;450,0;466,9;5,0;0,0;-8,0;-10,0;32,0
20/03/2026 08:09;450,0;457,2;5,0;0,0;-8,0;-9,0;32,0
20/03/2026 08:10;450,0;447,9;5,4;1,8;-8,0;-9,0;31,7
20/03/2026 08:11;450,0;441,1;12,8;8,6;-8,0;-9,0;31,3
20/03/2026 08:12;450,0;435,8;25,3;12,0;-8,0;-7,0;32,0
20/03/2026 08:13;450,0;443,5;33,5;9,0;-8,0;-6,0;33,1
20/03/2026 08:14;450,0;462,8;21,6;0,0;-8,0;-8,0;32,6
20/03/2026 08:15;450,0;470,1;5,0;0,0;-8,0;-9,0;32,0
20/03/2026 08:16;450,0;464,3;5,0;0,0;-8,0;-9,0;31,7
20/03/2026 08:17;450,0;454,9;5,0;0,0;-8,0;-9,0;31,3
20/03/2026 08:18;450,0;446,7;6,7;2,9;-8,0;-9,0;31,0
20/03/2026 08:19;450,0;440,8;14,9;9,1;-8,0;-8,0;31,3
20/03/2026 08:20;450,0;438,2;25,5;12,0;-8,0;-7,0;31,9
20/03/2026 08:21;450,0;449,6;27,3;3,0;-8,0;-7,0;32,3
20/03/2026 08:22;450,0;462,5;15,1;0,0;-8,0;-8,0;32,1
20/03/2026 08:23;450,0;461,9;5,0;0,0;-8,0;-9,0;31,4
20/03/2026 08:24;450,0;457,2;5,0;0,0;-8,0;-9,0;31,1
20/03/2026 08:25;450,0;453,1;5,0;0,0;-8,0;-9,0;30,8
20/03/2026 08:26;450,0;450,8;5,0;0,0;-8,0;-9,0;30,5
20/03/2026 08:27;450,0;441,7;10,8;7,8;-8,0;-9,0;30,3
20/03/2026 08:28;450,0;434,1;24,3;12,0;-8,0;-7,0;31,0
20/03/2026 08:29;450,0;436,7;37,5;12,0;-8,0;-6,0;32,2
20/03/2026 08:30;450,0;456,9;33,2;0,0;-8,0;-6,0;32,9
20/03/2026 08:31;450,0;473,3;11,3;0,0;-8,0;-9,0;31,8
20/03/2026 08:32;450,0;471,9;5,0;0,0;-8,0;-9,0;31,5
20/03/2026 08:33;450,0;463,7;5,0;0,0;-8,0;-9,0;31,1
20/03/2026 08:34;450,0;453,7;5,0;0,0;-8,0;-9,0;30,8
20/03/2026 08:35;450,0;449,3;5,0;0,5;-8,0;-8,0;30,9
20/03/2026 08:36;450,0;445,2;8,4;4,5;-8,0;-9,0;30,5
20/03/2026 08:37;450,0;438,5;17,9;11,5;-8,0;-8,0;30,8
20/03/2026 08:38;450,0;437,3;31,8;12,0;-8,0;-7,0;31,6
20/03/2026 08:39;450,0;449,9;32,2;3,3;-8,0;-6,0;32,6
20/03/2026 08:40;450,0;465,4;17,9;0,0;-8,0;-8,0;31,9
20/03/2026 08:41;450,0;471,3;5,0;0,0;-8,0;-9,0;31,2
20/03/2026 08:42;450,0;465,4;5,0;0,0;-8,0;-9,0;30,9
20/03/2026 08:43;450,0;456,1;5,0;0,0;-8,0;-9,0;30,6
20/03/2026 08:44;450,0;447,6;5,5;2,0;-8,0;-9,0;30,4
20/03/2026 08:45;450,0;440,2;13,8;9,4;-8,0;-8,0;30,7
20/03/2026 08:46;450,0;434,1;28,4;12,0;-8,0;-7,0;31,3
20/03/2026 08:47;450,0;443,2;35,8;9,6;-8,0;-6,0;32,4
20/03/2026 08:48;450,0;462,2;24,6;0,0;-8,0;-7,0;32,6
20/03/2026 08:49;450,0;472,5;5,0;0,0;-8,0;-9,0;31,6
20/03/2026 08:50;450,0;468,4;5,0;0,0;-8,0;-9,0;31,2
20/03/2026 08:51;450,0;460,2;5,0;0,0;-8,0;-8,0;31,5
20/03/2026 08:52;450,0;449,0;5,0;0,7;-8,0;-9,0;30,8
20/03/2026 08:53;450,0;439,9;13,8;9,8;-8,0;-8,0;31,1
20/03/2026 08:54;450,0;436,4;25,8;12,0;-8,0;-7,0;31,5
20/03/2026 08:55;450,0;443,8;32,6;8,7;-8,0;-6,0;32,6
20/03/2026 08:56;450,0;463,1;22,1;0,0;-8,0;-7,0;32,6
20/03/2026 08:57;450,0;471,9;5,0;0,0;-8,0;-9,0;31,7
20/03/2026 08:58;450,0;468,4;5,0;0,0;-8,0;-9,0;31,5
20/03/2026 08:59;450,0;461,3;5,0;0,0;-8,0;-9,0;31,3
20/03/2026 09:00;450,0;454,0;5,0;0,0;-8,0;-9,0;30,9
20/03/2026 09:01;450,0;445,8;7,3;3,8;-8,0;-8,0;31,2
20/03/2026 09:02;450,0;439,9;16,6;10,1;-8,0;-8,0;31,2
20/03/2026 09:03;450,0;440,2;25,2;10,9;-8,0;-7,0;31,8
20/03/2026 09:04;450,0;449,3;26,4;3,1;-8,0;-7,0;32,1
20/03/2026 09:05;450,0;461,9;14,7;0,0;-8,0;-8,0;32,0
20/03/2026 09:06;450,0;462,5;5,0;0,0;-8,0;-9,0;31,3
20/03/2026 09:07;450,0;456,6;5,0;0,0;-8,0;-8,0;31,7
20/03/2026 09:08;450,0;452,5;5,0;0,0;-8,0;-9,0;31,0
20/03/2026 09:09;450,0;447,6;5,7;1,8;-8,0;-9,0;30,6
20/03/2026 09:10;450,0;439,1;15,5;10,7;-8,0;-8,0;31,0
20/03/2026 09:11;450,0;434,1;30,1;12,0;-8,0;-6,0;32,0
20/03/2026 09:12;450,0;443,8;37,2;9,3;-8,0;-6,0;32,8
20/03/2026 09:13;450,0;464,6;23,2;0,0;-8,0;-7,0;32,8
20/03/2026 09:14;450,0;469,8;5,0;0,0;-8,0;-9,0;32,1
20/03/2026 09:15;450,0;463,7;5,0;0,0;-8,0;-9,0;31,7
20/03/2026 09:16;450,0;456,6;5,0;0,0;-8,0;-9,0;31,4
20/03/2026 09:17;450,0;449,9;5,0;0,0;-8,0;-9,0;31,1
20/03/2026 09:18;450,0;444,9;9,1;4,9;-8,0;-9,0;30,9
20/03/2026 09:19;450,0;439,7;18,2;10,5;-8,0;-8,0;31,2
20/03/2026 09:20;450,0;439,1;27,4;12,0;-8,0;-7,0;32,0
20/03/2026 09:21;450,0;448,4;30,6;4,5;-8,0;-7,0;32,5
20/03/2026 09:22;450,0;460,7;21,0;0,0;-8,0;-6,0;33,3
20/03/2026 09:23;450,0;461,9;10,0;0,0;-8,0;-9,0;32,2
20/03/2026 09:24;450,0;457,5;5,0;0,0;-8,0;-9,0;31,8
20/03/2026 09:25;450,0;449,6;5,0;0,2;-8,0;-9,0;31,4
20/03/2026 09:26;450,0;442,9;10,9;6,8;-8,0;-8,0;31,4
20/03/2026 09:27;450,0;438,2;22,3;12,0;-8,0;-7,0;31,8
20/03/2026 09:28;450,0;441,4;30,1;10,4;-8,0;-6,0;32,7
20/03/2026 09:29;450,0;454,6;26,1;0,0;-8,0;-7,0;32,7
20/03/2026 09:30;450,0;464,0;12,3;0,0;-8,0;-9,0;32,0
20/03/2026 09:31;450,0;462,5;5,0;0,0;-8,0;-9,0;31,7
20/03/2026 09:32;450,0;456,6;5,0;0,0;-8,0;-9,0;31,4
20/03/2026 09:33;450,0;450,5;5,0;0,0;-8,0;-9,0;31,1
20/03/2026 09:34;450,0;442,6;10,8;7,1;-8,0;-9,0;30,8
20/03/2026 09:35;450,0;438,8;21,7;11,8;-8,0;-8,0;31,3
20/03/2026 09:36;450,0;444,9;27,0;7,0;-8,0;-6,0;32,4
20/03/2026 09:37;450,0;458,4;19,4;0,0;-8,0;-8,0;31,9
20/03/2026 09:38;450,0;461,6;8,0;0,0;-8,0;-8,0;31,9
20/03/2026 09:39;450,0;459,6;5,0;0,0;-8,0;-9,0;31,2
20/03/2026 09:40;450,0;454,6;5,0;0,0;-8,0;-9,0;30,9
20/03/2026 09:41;450,0;448,4;5,3;1,4;-8,0;-9,0;30,7
20/03/2026 09:42;450,0;442,3;11,9;7,5;-8,0;-8,0;31,0
20/03/2026 09:43;450,0;437,9;22,0;12,0;-8,0;-7,0;31,3
20/03/2026 09:44;450,0;440,5;31,4;11,4;-8,0;-6,0;32,2
20/03/2026 09:45;450,0;455,2;28,8;0,0;-8,0;-7,0;32,4
20/03/2026 09:46;450,0;467,2;13,0;0,0;-8,0;-8,0;32,4
20/03/2026 09:47;450,0;466,9;5,0;0,0;-8,0;-9,0;31,7
20/03/2026 09:48;450,0;460,2;5,0;0,0;-8,0;-9,0;31,4
20/03/2026 09:49;450,0;453,1;5,0;0,0;-8,0;-9,0;31,1
20/03/2026 09:50;450,0;448,1;6,2;1,7;-8,0;-9,0;30,7
20/03/2026 09:51;450,0;442,9;12,4;7,0;-8,0;-8,0;31,0
20/03/2026 09:52;450,0;441,1;21,2;9,6;-8,0;-8,0;31,2
20/03/2026 09:53;450,0;445,8;24,8;5,9;-8,0;-7,0;31,8
20/03/2026 09:54;450,0;451,1;22,9;1,0;-8,0;-7,0;32,3
20/03/2026 09:55;450,0;456,4;17,5;0,0;-8,0;-8,0;32,0
20/03/2026 09:56;450,0;455,5;12,2;0,0;-8,0;-8,0;32,1
20/03/2026 09:57;450,0;452,0;10,4;0,0;-8,0;-8,0;31,9
20/03/2026 09:58;450,0;447,0;13,0;3,5;-8,0;-8,0;31,7
20/03/2026 09:59;450,0;441,4;20,6;9,2;-8,0;-8,0;31,7
20/03/2026 10:00;450,0;438,2;31,2;12,0;-8,0;-7,0;32,4
20/03/2026 10:01;450,0;444,9;36,2;8,1;-8,0;-6,0;33,5
20/03/2026 10:02;450,0;461,9;26,0;0,0;-8,0;-7,0;33,6
20/03/2026 10:03;450,0;470,4;7,1;0,0;-8,0;-9,0;32,7
20/03/2026 10:04;450,0;465,7;5,0;0,0;-8,0;-9,0;32,4
20/03/2026 10:05;450,0;456,1;5,0;0,0;-8,0;-9,0;32,0
20/03/2026 10:06;450,0;448,1;5,2;1,5;-8,0;-9,0;31,7
20/03/2026 10:07;450,0;441,7;12,5;8,0;-8,0;-8,0;31,9
20/03/2026 10:08;450,0;438,8;23,2;11,9;-8,0;-7,0;32,3
20/03/2026 10:09;450,0;444,6;28,9;7,5;-8,0;-6,0;33,1
20/03/2026 10:10;450,0;457,5;23,1;0,0;-8,0;-8,0;32,9
20/03/2026 10:11;450,0;463,1;9,9;0,0;-8,0;-9,0;32,4
20/03/2026 10:12;450,0;459,0;5,0;0,0;-8,0;-9,0;32,0
20/03/2026 10:13;450,0;450,8;5,0;0,0;-8,0;-9,0;31,7
20/03/2026 10:14;450,0;442,3;10,7;7,4;-8,0;-8,0;31,8
20/03/2026 10:15;450,0;437,3;23,9;12,0;-8,0;-8,0;31,8
20/03/2026 10:16;450,0;441,7;31,5;10,3;-8,0;-6,0;33,0
20/03/2026 10:17;450,0;456,9;25,6;0,0;-8,0;-7,0;33,1
20/03/2026 10:18;450,0;464,8;10,1;0,0;-8,0;-9,0;32,4
20/03/2026 10:19;450,0;461,6;5,0;0,0;-8,0;-9,0;32,0
20/03/2026 10:20;450,0;453,4;5,0;0,0;-8,0;-9,0;31,7
20/03/2026 10:21;450,0;446,4;6,8;3,2;-8,0;-9,0;31,3
20/03/2026 10:22;450,0;440,8;15,1;9,2;-8,0;-8,0;31,7
20/03/2026 10:23;450,0;440,5;24,1;10,5;-8,0;-7,0;32,3
20/03/2026 10:24;450,0;449,0;25,9;3,6;-8,0;-7,0;32,8
20/03/2026 10:25;450,0;461,6;14,6;0,0;-8,0;-7,0;33,1
20/03/2026 10:26;450,0;463,4;5,0;0,0;-8,0;-9,0;32,0
20/03/2026 10:27;450,0;458,7;5,0;0,0;-8,0;-9,0;31,7
20/03/2026 10:28;450,0;450,5;5,0;0,0;-8,0;-9,0;31,4
20/03/2026 10:29;450,0;443,5;10,1;6,2;-8,0;-8,0;31,7
20/03/2026 10:30;450,0;438,8;20,3;11,6;-8,0;-8,0;31,6
20/03/2026 10:31;450,0;443,5;26,1;8,0;-8,0;-7,0;32,3
20/03/2026 10:32;450,0;453,1;24,3;0,0;-8,0;-7,0;32,6
20/03/2026 10:33;450,0;459,9;14,7;0,0;-8,0;-9,0;32,3
20/03/2026 10:34;450,0;459,3;6,2;0,0;-8,0;-9,0;31,7
20/03/2026 10:35;450,0;453,7;5,0;0,0;-8,0;-9,0;31,3
20/03/2026 10:36;450,0;447,3;6,1;2,4;-8,0;-9,0;31,1
20/03/2026 10:37;450,0;440,8;13,8;9,0;-8,0;-8,0;31,2
20/03/2026 10:38;450,0;438,2;24,7;12,0;-8,0;-7,0;31,9
20/03/2026 10:39;450,0;445,2;30,2;7,2;-8,0;-6,0;33,0
20/03/2026 10:40;450,0;460,7;21,5;0,0;-8,0;-7,0;32,8
20/03/2026 10:41;450,0;467,2;5,0;0,0;-8,0;-9,0;32,1
20/03/2026 10:42;450,0;463,7;5,0;0,0;-8,0;-9,0;31,7
20/03/2026 10:43;450,0;455,8;5,0;0,0;-8,0;-9,0;31,4
20/03/2026 10:44;450,0;447,3;6,1;2,4;-8,0;-9,0;31,1
20/03/2026 10:45;450,0;439,7;15,4;10,2;-8,0;-8,0;31,3
20/03/2026 10:46;450,0;436,1;28,0;12,0;-8,0;-7,0;31,9
20/03/2026 10:47;450,0;445,5;33,3;7,3;-8,0;-6,0;33,0
20/03/2026 10:48;450,0;457,5;25,6;0,0;-8,0;-7,0;33,0
20/03/2026 10:49;450,0;463,7;13,4;0,0;-8,0;-9,0;32,3
20/03/2026 10:50;450,0;462,2;5,0;0,0;-8,0;-9,0;32,0
20/03/2026 10:51;450,0;454,9;5,0;0,0;-8,0;-9,0;31,7
20/03/2026 10:52;450,0;447,9;5,4;1,7;-8,0;-9,0;31,3
20/03/2026 10:53;450,0;440,2;14,1;9,5;-8,0;-8,0;31,5
20/03/2026 10:54;450,0;436,4;26,2;12,0;-8,0;-7,0;32,0
20/03/2026 10:55;450,0;442,6;34,2;9,9;-8,0;-6,0;33,0
20/03/2026 10:56;450,0;462,5;24,4;0,0;-8,0;-6,0;33,5
20/03/2026 10:57;450,0;470,7;5,0;0,0;-8,0;-9,0;32,4
20/03/2026 10:58;450,0;464,3;5,0;0,0;-8,0;-9,0;32,0
20/03/2026 10:59;450,0;455,5;5,0;0,0;-8,0;-9,0;31,7
20/03/2026 11:00;450,0;447,9;5,6;1,8;-8,0;-9,0;31,4
20/03/2026 11:01;450,0;443,2;12,6;6,8;-8,0;-8,0;31,6
20/03/2026 11:02;450,0;441,7;19,3;8,8;-8,0;-7,0;32,0
20/03/2026 11:03;450,0;446,4;23,4;5,2;-8,0;-7,0;32,4
20/03/2026 11:04;450,0;458,1;18,0;0,0;-8,0;-8,0;32,3
20/03/2026 11:05;450,0;464,6;5,0;0,0;-8,0;-9,0;31,7
20/03/2026 11:06;450,0;462,8;5,0;0,0;-8,0;-9,0;31,3
20/03/2026 11:07;450,0;457,2;5,0;0,0;-8,0;-9,0;31,0
20/03/2026 11:08;450,0;453,7;5,0;0,0;-8,0;-9,0;30,7
20/03/2026 11:09;450,0;445,5;7,6;4,1;-8,0;-9,0;30,6
20/03/2026 11:10;450,0;438,2;18,2;11,8;-8,0;-8,0;30,9
20/03/2026 11:11;450,0;436,1;30,7;12,0;-8,0;-7,0;31,7
20/03/2026 11:12;450,0;443,8;36,4;9,1;-8,0;-5,0;33,4
20/03/2026 11:13;450,0;459,6;27,9;0,0;-8,0;-7,0;33,2
20/03/2026 11:14;450,0;473,9;6,2;0,0;-8,0;-9,0;32,3
20/03/2026 11:15;450,0;471,6;5,0;0,0;-8,0;-9,0;32,0
20/03/2026 11:16;450,0;463,7;5,0;0,0;-8,0;-9,0;31,7
20/03/2026 11:17;450,0;455,5;5,0;0,0;-8,0;-9,0;31,3
20/03/2026 11:18;450,0;450,5;5,0;0,0;-8,0;-8,0;31,4
20/03/2026 11:19;450,0;445,2;8,8;4,7;-8,0;-9,0;30,9
20/03/2026 11:20;450,0;440,8;17,1;9,5;-8,0;-8,0;31,3
20/03/2026 11:21;450,0;438,8;26,5;12,0;-8,0;-7,0;31,9
20/03/2026 11:22;450,0;446,1;31,2;6,4;-8,0;-6,0;32,9
20/03/2026 11:23;450,0;460,2;23,8;0,0;-8,0;-7,0;32,9
20/03/2026 11:24;450,0;469,2;6,1;0,0;-8,0;-9,0;32,2
20/03/2026 11:25;450,0;466,9;5,0;0,0;-8,0;-9,0;31,8
20/03/2026 11:26;450,0;461,6;5,0;0,0;-8,0;-9,0;31,5
20/03/2026 11:27;450,0;453,7;5,0;0,0;-8,0;-9,0;31,1
20/03/2026 11:28;450,0;445,8;6,9;3,8;-8,0;-9,0;31,2
20/03/2026 11:29;450,0;438,8;16,3;11,1;-8,0;-8,0;31,5
20/03/2026 11:30;450,0;436,1;28,5;12,0;-8,0;-7,0;32,1
20/03/2026 11:31;450,0;447,9;33,1;5,1;-8,0;-6,0;33,2
20/03/2026 11:32;450,0;469,2;15,1;0,0;-8,0;-8,0;32,7
20/03/2026 11:33;450,0;472,8;5,0;0,0;-8,0;-9,0;32,0
20/03/2026 11:34;450,0;466,3;5,0;0,0;-8,0;-9,0;31,7
20/03/2026 11:35;450,0;457,2;5,0;0,0;-8,0;-9,0;31,4
20/03/2026 11:36;450,0;449,3;5,0;0,4;-8,0;-8,0;31,5
20/03/2026 11:37;450,0;442,6;11,5;7,2;-8,0;-8,0;31,2
20/03/2026 11:38;450,0;438,8;22,2;11,8;-8,0;-8,0;31,3
20/03/2026 11:39;450,0;442,9;28,9;9,0;-8,0;-7,0;32,2
20/03/2026 11:40;450,0;455,5;24,7;0,0;-8,0;-7,0;32,7
20/03/2026 11:41;450,0;463,1;11,7;0,0;-8,0;-8,0;32,3
20/03/2026 11:42;450,0;460,5;5,0;0,0;-8,0;-9,0;31,7
20/03/2026 11:43;450,0;456,6;5,0;0,0;-8,0;-8,0;31,7
20/03/2026 11:44;450,0;450,2;5,0;0,0;-8,0;-9,0;31,3
20/03/2026 11:45;450,0;442,9;10,4;6,8;-8,0;-8,0;31,4
20/03/2026 11:46;450,0;437,6;21,4;12,0;-8,0;-8,0;31,4
20/03/2026 11:47;450,0;440,8;30,4;11,0;-8,0;-6,0;32,5
20/03/2026 11:48;450,0;457,5;25,5;0,0;-8,0;-7,0;32,7
20/03/2026 11:49;450,0;466,6;9,0;0,0;-8,0;-8,0;32,1
20/03/2026 11:50;450,0;464,8;5,0;0,0;-8,0;-9,0;31,6
20/03/2026 11:51;450,0;456,9;5,0;0,0;-8,0;-9,0;31,2
20/03/2026 11:52;450,0;449,3;5,0;0,5;-8,0;-9,0;30,9
20/03/2026 11:53;450,0;443,5;10,0;6,1;-8,0;-8,0;31,2
20/03/2026 11:54;450,0;438,2;19,9;12,0;-8,0;-7,0;31,5
20/03/2026 11:55;450,0;442,6;27,3;9,1;-8,0;-6,0;32,3
20/03/2026 11:56;450,0;454,0;25,0;0,0;-8,0;-7,0;32,5
20/03/2026 11:57;450,0;462,8;12,0;0,0;-8,0;-9,0;31,8
20/03/2026 11:58;450,0;462,8;5,0;0,0;-8,0;-9,0;31,3
20/03/2026 11:59;450,0;458,4;5,0;0,0;-8,0;-8,0;31,6
20/03/2026 12:00;450,0;452,8;5,0;0,0;-8,0;-9,0;30,9
20/03/2026 12:01;450,0;446,4;6,9;3,3;-8,0;-8,0;31,0
20/03/2026 12:02;450,0;440,8;15,7;9,3;-8,0;-8,0;31,0
20/03/2026 12:03;450,0;439,7;24,7;11,3;-8,0;-8,0;31,2
20/03/2026 12:04;450,0;447,0;28,5;5,4;-8,0;-6,0;32,6
20/03/2026 12:05;450,0;460,7;18,7;0,0;-8,0;-7,0;32,6
20/03/2026 12:06;450,0;467,8;5,0;0,0;-8,0;-9,0;31,7
20/03/2026 12:07;450,0;464,3;5,0;0,0;-8,0;-9,0;31,3
20/03/2026 12:08;450,0;457,5;5,0;0,0;-8,0;-9,0;31,0
20/03/2026 12:09;450,0;450,5;5,0;0,0;-8,0;-8,0;30,8
20/03/2026 12:10;450,0;444,9;9,1;4,9;-8,0;-8,0;31,1
20/03/2026 12:11;450,0;442,6;15,5;7,7;-8,0;-8,0;31,1
20/03/2026 12:12;450,0;442,9;21,8;8,1;-8,0;-7,0;31,6
20/03/2026 12:13;450,0;448,1;23,9;3,8;-8,0;-7,0;31,9
20/03/2026 12:14;450,0;454,9;19,4;0,0;-8,0;-7,0;32,2
20/03/2026 12:15;450,0;458,1;11,8;0,0;-8,0;-8,0;32,1
20/03/2026 12:16;450,0;455,8;6,3;0,0;-8,0;-8,0;31,8
20/03/2026 12:17;450,0;450,5;5,7;0,0;-8,0;-9,0;31,1
20/03/2026 12:18;450,0;445,8;9,0;4,1;-8,0;-8,0;31,3
20/03/2026 12:19;450,0;442,6;15,6;7,7;-8,0;-8,0;31,3
20/03/2026 12:20;450,0;442,6;22,5;8,5;-8,0;-7,0;31,6
20/03/2026 12:21;450,0;450,5;24,0;1,9;-8,0;-7,0;32,1
20/03/2026 12:22;450,0;459,3;15,2;0,0;-8,0;-8,0;31,8
20/03/2026 12:23;450,0;462,8;5,0;0,0;-8,0;-9,0;31,2
20/03/2026 12:24;450,0;460,5;5,0;0,0;-8,0;-9,0;31,0
20/03/2026 12:25;450,0;454,9;5,0;0,0;-8,0;-8,0;31,1
20/03/2026 12:26;450,0;447,9;5,8;1,8;-8,0;-9,0;30,7
20/03/2026 12:27;450,0;441,1;13,7;8,7;-8,0;-8,0;30,9
20/03/2026 12:28;450,0;437,9;24,7;12,0;-8,0;-7,0;31,6
20/03/2026 12:29;450,0;445,2;29,5;7,1;-8,0;-6,0;32,4
20/03/2026 12:30;450,0;462,5;18,6;0,0;-8,0;-6,0;32,9
20/03/2026 12:31;450,0;466,3;5,0;0,0;-8,0;-9,0;31,6
20/03/2026 12:32;450,0;464,6;5,0;0,0;-8,0;-8,0;31,7
20/03/2026 12:33;450,0;459,0;5,0;0,0;-8,0;-9,0;31,0
20/03/2026 12:34;450,0;452,8;5,0;0,0;-8,0;-9,0;30,7
20/03/2026 12:35;450,0;445,5;7,2;4,1;-8,0;-8,0;30,9
20/03/2026 12:36;450,0;437,9;17,7;12,0;-8,0;-7,0;31,3
20/03/2026 12:37;450,0;439,4;28,1;12,0;-8,0;-7,0;31,6
20/03/2026 12:38;450,0;450,8;29,2;2,2;-8,0;-6,0;32,6
20/03/2026 12:39;450,0;464,0;16,5;0,0;-8,0;-8,0;32,2
20/03/2026 12:40;450,0;465,7;5,0;0,0;-8,0;-9,0;31,6
20/03/2026 12:41;450,0;462,2;5,0;0,0;-8,0;-9,0;31,2
20/03/2026 12:42;450,0;458,1;5,0;0,0;-8,0;-9,0;31,1
20/03/2026 12:43;450,0;450,8;5,0;0,0;-8,0;-9,0;30,8
20/03/2026 12:44;450,0;442,3;11,6;7,5;-8,0;-8,0;31,0
20/03/2026 12:45;450,0;436,7;23,9;12,0;-8,0;-7,0;31,5
20/03/2026 12:46;450,0;440,8;33,0;11,4;-8,0;-6,0;32,7
20/03/2026 12:47;450,0;458,4;24,7;0,0;-8,0;-7,0;32,8
20/03/2026 12:48;450,0;469,8;5,6;0,0;-8,0;-9,0;32,0
20/03/2026 12:49;450,0;471,3;5,0;0,0;-8,0;-9,0;31,7
20/03/2026 12:50;450,0;466,6;5,0;0,0;-8,0;-8,0;31,7
20/03/2026 12:51;450,0;457,8;5,0;0,0;-8,0;-9,0;31,0
20/03/2026 12:52;450,0;448,4;5,0;1,0;-8,0;-9,0;30,7
20/03/2026 12:53;450,0;439,1;14,6;10,6;-8,0;-8,0;31,0
20/03/2026 12:54;450,0;435,8;28,5;12,0;-8,0;-6,0;32,1
20/03/2026 12:55;450,0;446,1;32,0;6,5;-8,0;-6,0;32,7
20/03/2026 12:56;450,0;463,4;21,0;0,0;-8,0;-7,0;32,6
20/03/2026 12:57;450,0;473,1;5,0;0,0;-8,0;-9,0;31,7
20/03/2026 12:58;450,0;471,0;5,0;0,0;-8,0;-9,0;31,3
20/03/2026 12:59;450,0;464,6;5,0;0,0;-8,0;-9,0;31,0
20/03/2026 13:00;450,0;455,2;5,0;0,0;-8,0;-9,0;30,7
20/03/2026 13:01;450,0;445,5;7,0;4,0;-8,0;-8,0;30,8
20/03/2026 13:02;450,0;437,0;18,2;12,0;-8,0;-8,0;31,1
20/03/2026 13:03;450,0;434,7;32,1;12,0;-8,0;-6,0;32,2
20/03/2026 13:04;450,0;450,5;34,3;3,2;-8,0;-5,0;33,3
20/03/2026 13:05;450,0;471,6;15,7;0,0;-8,0;-8,0;32,5
20/03/2026 13:06;450,0;472,5;5,0;0,0;-8,0;-9,0;31,8
20/03/2026 13:07;450,0;464,8;5,0;0,0;-8,0;-9,0;31,5
20/03/2026 13:08;450,0;455,5;5,0;0,0;-8,0;-9,0;31,1
20/03/2026 13:09;450,0;447,6;6,2;2,1;-8,0;-9,0;30,8
20/03/2026 13:10;450,0;439,1;16,1;10,8;-8,0;-8,0;31,2
20/03/2026 13:11;450,0;438,2;27,3;12,0;-8,0;-7,0;31,8
20/03/2026 13:12;450,0;445,2;31,9;7,4;-8,0;-7,0;32,5
20/03/2026 13:13;450,0;459,6;22,7;0,0;-8,0;-7,0;32,8
20/03/2026 13:14;450,0;469,5;5,0;0,0;-8,0;-9,0;31,9
20/03/2026 13:15;450,0;466,3;5,0;0,0;-8,0;-9,0;31,6
20/03/2026 13:16;450,0;460,2;5,0;0,0;-8,0;-9,0;31,2
20/03/2026 13:17;450,0;454,3;5,0;0,0;-8,0;-7,0;31,8
20/03/2026 13:18;450,0;449,6;5,0;0,2;-8,0;-9,0;31,0
20/03/2026 13:19;450,0;444,3;10,1;5,6;-8,0;-9,0;30,9
20/03/2026 13:20;450,0;438,8;19,4;11,5;-8,0;-8,0;31,2
20/03/2026 13:21;450,0;439,4;28,8;12,0;-8,0;-7,0;31,9
20/03/2026 13:22;450,0;451,1;29,5;2,3;-8,0;-6,0;33,0
20/03/2026 13:23;450,0;468,4;13,1;0,0;-8,0;-8,0;32,3
20/03/2026 13:24;450,0;471,3;5,0;0,0;-8,0;-9,0;31,7
20/03/2026 13:25;450,0;464,8;5,0;0,0;-8,0;-9,0;31,3
20/03/2026 13:26;450,0;457,8;5,0;0,0;-8,0;-9,0;31,0
20/03/2026 13:27;450,0;450,5;5,0;0,0;-8,0;-8,0;31,1
20/03/2026 13:28;450,0;442,9;10,3;6,7;-8,0;-8,0;31,0
20/03/2026 13:29;450,0;438,2;20,8;12,0;-8,0;-8,0;31,0
20/03/2026 13:30;450,0;442,6;28,3;9,2;-8,0;-6,0;32,1
20/03/2026 13:31;450,0;459,0;22,3;0,0;-8,0;-8,0;31,8
20/03/2026 13:32;450,0;468,4;5,6;0,0;-8,0;-9,0;31,4
20/03/2026 13:33;450,0;467,8;5,0;0,0;-8,0;-8,0;31,6
20/03/2026 13:34;450,0;464,3;5,0;0,0;-8,0;-9,0;30,9
20/03/2026 13:35;450,0;460,5;5,0;0,0;-8,0;-8,0;31,1
20/03/2026 13:36;450,0;456,9;5,0;0,0;-8,0;-9,0;30,5
20/03/2026 13:37;450,0;453,7;5,0;0,0;-8,0;-9,0;30,2
20/03/2026 13:38;450,0;446,7;6,5;2,9;-8,0;-9,0;30,0
20/03/2026 13:39;450,0;438,2;17,3;11,7;-8,0;-8,0;30,3
20/03/2026 13:40;450,0;435,0;31,2;12,0;-8,0;-7,0;31,0
20/03/2026 13:41;450,0;445,2;36,4;8,0;-8,0;-6,0;32,3
20/03/2026 13:42;450,0;464,8;22,2;0,0;-8,0;-7,0;32,2
20/03/2026 13:43;450,0;471,6;5,0;0,0;-8,0;-9,0;31,3
20/03/2026 13:44;450,0;470,4;5,0;0,0;-8,0;-9,0;31,0
20/03/2026 13:45;450,0;465,4;5,0;0,0;-8,0;-9,0;30,7
20/03/2026 13:46;450,0;457,8;5,0;0,0;-8,0;-9,0;30,4
20/03/2026 13:47;450,0;449,9;5,0;0,0;-8,0;-8,0;30,5
20/03/2026 13:48;450,0;442,6;11,3;7,1;-8,0;-8,0;30,5
20/03/2026 13:49;450,0;439,4;20,8;11,1;-8,0;-8,0;30,7
20/03/2026 13:50;450,0;441,7;29,2;10,0;-8,0;-6,0;32,0
20/03/2026 13:51;450,0;454,0;25,9;0,0;-8,0;-7,0;31,9
20/03/2026 13:52;450,0;464,6;12,6;0,0;-8,0;-8,0;31,7
20/03/2026 13:53;450,0;465,4;5,0;0,0;-8,0;-9,0;31,1
20/03/2026 13:54;450,0;459,3;5,0;0,0;-8,0;-9,0;30,8
20/03/2026 13:55;450,0;453,1;5,0;0,0;-8,0;-8,0;31,0
20/03/2026 13:56;450,0;447,0;6,5;2,7;-8,0;-8,0;30,6
20/03/2026 13:57;450,0;441,7;13,6;8,2;-8,0;-8,0;30,7
20/03/2026 13:58;450,0;440,8;21,5;10,0;-8,0;-7,0;31,1
20/03/2026 13:59;450,0;447,0;24,6;4,9;-8,0;-7,0;31,4
20/03/2026 14:00;450,0;458,4;16,9;0,0;-8,0;-7,0;31,8
20/03/2026 14:01;450,0;465,1;5,0;0,0;-8,0;-8,0;31,2
20/03/2026 14:02;450,0;461,3;5,0;0,0;-8,0;-9,0;30,7
20/03/2026 14:03;450,0;456,4;5,0;0,0;-8,0;-8,0;30,8
20/03/2026 14:04;450,0;449,0;5,0;0,7;-8,0;-8,0;30,6
20/03/2026 14:05;450,0;442,3;12,4;7,5;-8,0;-8,0;30,7
20/03/2026 14:06;450,0;438,5;23,3;12,0;-8,0;-7,0;31,2
20/03/2026 14:07;450,0;442,9;30,3;9,2;-8,0;-6,0;32,2
20/03/2026 14:08;450,0;458,7;23,1;0,0;-8,0;-7,0;32,2
20/03/2026 14:09;450,0;468,1;5,4;0,0;-8,0;-9,0;31,3
20/03/2026 14:10;450,0;467,2;5,0;0,0;-8,0;-8,0;31,5
20/03/2026 14:11;450,0;461,6;5,0;0,0;-8,0;-9,0;30,8
20/03/2026 14:12;450,0;455,5;5,0;0,0;-8,0;-8,0;31,0
20/03/2026 14:13;450,0;449,9;5,0;0,0;-8,0;-9,0;30,3
20/03/2026 14:14;450,0;444,6;9,5;5,2;-8,0;-8,0;30,5
20/03/2026 14:15;450,0;440,8;17,9;9,6;-8,0;-8,0;30,5
20/03/2026 14:16;450,0;442,9;24,9;8,5;-8,0;-7,0;31,4
20/03/2026 14:17;450,0;455,2;21,3;0,0;-8,0;-7,0;31,7
20/03/2026 14:18;450,0;463,4;9,2;0,0;-8,0;-8,0;31,4
20/03/2026 14:19;450,0;463,7;5,0;0,0;-8,0;-9,0;30,8
20/03/2026 14:20;450,0;459,6;5,0;0,0;-8,0;-8,0;31,3
20/03/2026 14:21;450,0;454,9;5,0;0,0;-8,0;-8,0;31,0
20/03/2026 14:22;450,0;449,9;5,0;0,0;-8,0;-9,0;30,6
20/03/2026 14:23;450,0;445,8;7,9;4,1;-8,0;-9,0;30,6
20/03/2026 14:24;450,0;440,8;15,8;9,2;-8,0;-8,0;30,9
20/03/2026 14:25;450,0;438,5;26,2;12,0;-8,0;-7,0;31,5
20/03/2026 14:26;450,0;448,4;29,2;4,2;-8,0;-6,0;32,5
20/03/2026 14:27;450,0;464,0;17,4;0,0;-8,0;-8,0;32,1
20/03/2026 14:28;450,0;468,1;5,0;0,0;-8,0;-9,0;31,5
20/03/2026 14:29;450,0;462,2;5,0;0,0;-8,0;-9,0;31,2
20/03/2026 14:30;450,0;456,6;5,0;0,0;-8,0;-9,0;30,9
20/03/2026 14:31;450,0;452,0;5,0;0,0;-8,0;-9,0;30,6
20/03/2026 14:32;450,0;449,3;5,5;0,6;-8,0;-8,0;30,9
20/03/2026 14:33;450,0;444,6;9,4;5,1;-8,0;-8,0;30,9
20/03/2026 14:34;450,0;438,2;20,0;12,0;-8,0;-8,0;30,8
20/03/2026 14:35;450,0;438,2;31,0;12,0;-8,0;-6,0;32,1
20/03/2026 14:36;450,0;452,2;31,2;1,3;-8,0;-6,0;32,8
20/03/2026 14:37;450,0;472,2;10,5;0,0;-8,0;-8,0;32,2
20/03/2026 14:38;450,0;475,7;5,0;0,0;-8,0;-8,0;31,8
20/03/2026 14:39;450,0;471,9;5,0;0,0;-8,0;-9,0;31,2
20/03/2026 14:40;450,0;465,1;5,0;0,0;-8,0;-9,0;30,9
20/03/2026 14:41;450,0;456,4;5,0;0,0;-8,0;-9,0;30,6
20/03/2026 14:42;450,0;447,6;5,4;2,0;-8,0;-9,0;30,3
20/03/2026 14:43;450,0;440,5;14,1;9,3;-8,0;-8,0;30,7
20/03/2026 14:44;450,0;439,1;24,4;11,8;-8,0;-7,0;31,3
20/03/2026 14:45;450,0;447,9;27,2;4,4;-8,0;-7,0;31,7
20/03/2026 14:46;450,0;461,9;17,3;0,0;-8,0;-8,0;31,6
20/03/2026 14:47;450,0;469,0;5,0;0,0;-8,0;-8,0;31,3
20/03/2026 14:48;450,0;469,0;5,0;0,0;-8,0;-9,0;30,8
20/03/2026 14:49;450,0;464,8;5,0;0,0;-8,0;-8,0;31,0
20/03/2026 14:50;450,0;461,0;5,0;0,0;-8,0;-9,0;30,3
20/03/2026 14:51;450,0;457,2;5,0;0,0;-8,0;-7,0;30,9
20/03/2026 14:52;450,0;451,4;5,0;0,0;-8,0;-9,0;30,1
20/03/2026 14:53;450,0;444,6;8,8;5,1;-8,0;-8,0;30,3
20/03/2026 14:54;450,0;437,6;19,9;12,0;-8,0;-8,0;30,4
20/03/2026 14:55;450,0;437,3;31,8;12,0;-8,0;-6,0;31,7
20/03/2026 14:56;450,0;449,9;32,1;3,2;-8,0;-6,0;32,3
20/03/2026 14:57;450,0;466,0;17,1;0,0;-8,0;-7,0;32,3
20/03/2026 14:58;450,0;471,0;5,0;0,0;-8,0;-9,0;31,2
20/03/2026 14:59;450,0;469,0;5,0;0,0;-8,0;-9,0;30,9
20/03/2026 15:00;450,0;463,1;5,0;0,0;-8,0;-9,0;30,8
20/03/2026 15:01;450,0;457,5;5,0;0,0;-8,0;-9,0;30,3
20/03/2026 15:02;450,0;452,0;5,0;0,0;-8,0;-8,0;30,5
20/03/2026 15:03;450,0;445,2;8,2;4,5;-8,0;-9,0;30,2
20/03/2026 15:04;450,0;439,4;17,6;10,7;-8,0;-8,0;30,5
20/03/2026 15:05;450,0;438,8;27,9;12,0;-8,0;-7,0;31,1
20/03/2026 15:06;450,0;450,8;28,6;2,2;-8,0;-6,0;32,3
20/03/2026 15:07;450,0;468,1;13,1;0,0;-8,0;-7,0;32,2
20/03/2026 15:08;450,0;471,3;5,0;0,0;-8,0;-9,0;31,2
20/03/2026 15:09;450,0;464,6;5,0;0,0;-8,0;-9,0;30,9
20/03/2026 15:10;450,0;457,2;5,0;0,0;-8,0;-9,0;30,5
20/03/2026 15:11;450,0;450,8;5,0;0,0;-8,0;-9,0;30,5
20/03/2026 15:12;450,0;444,6;8,7;5,1;-8,0;-8,0;30,7
20/03/2026 15:13;450,0;440,5;16,8;9,7;-8,0;-8,0;30,6
20/03/2026 15:14;450,0;442,9;23,6;8,3;-8,0;-7,0;31,2
20/03/2026 15:15;450,0;452,0;22,8;0,4;-8,0;-7,0;31,5
20/03/2026 15:16;450,0;461,3;13,0;0,0;-8,0;-8,0;31,2
20/03/2026 15:17;450,0;461,0;5,0;0,0;-8,0;-9,0;30,8
20/03/2026 15:18;450,0;457,8;5,0;0,0;-8,0;-9,0;30,4
20/03/2026 15:19;450,0;452,2;5,0;0,0;-8,0;-9,0;30,2
20/03/2026 15:20;450,0;445,8;7,4;3,8;-8,0;-9,0;30,2
20/03/2026 15:21;450,0;440,5;16,1;9,6;-8,0;-8,0;30,5
20/03/2026 15:22;450,0;440,8;25,0;10,4;-8,0;-7,0;31,0
20/03/2026 15:23;450,0;448,1;26,7;4,1;-8,0;-7,0;31,7
20/03/2026 15:24;450,0;462,2;16,1;0,0;-8,0;-8,0;31,6
20/03/2026 15:25;450,0;467,8;5,0;0,0;-8,0;-9,0;31,1
20/03/2026 15:26;450,0;464,8;5,0;0,0;-8,0;-9,0;30,8
20/03/2026 15:27;450,0;461,3;5,0;0,0;-8,0;-8,0;31,1
20/03/2026 15:28;450,0;454,6;5,0;0,0;-8,0;-9,0;30,4
20/03/2026 15:29;450,0;449,6;5,0;0,3;-8,0;-9,0;30,2
20/03/2026 15:30;450,0;443,8;10,3;6,1;-8,0;-8,0;30,6
20/03/2026 15:31;450,0;440,8;18,8;9,6;-8,0;-8,0;30,6
20/03/2026 15:32;450,0;443,5;24,7;7,8;-8,0;-6,0;31,7
20/03/2026 15:33;450,0;452,8;22,5;0,0;-8,0;-7,0;31,6
20/03/2026 15:34;450,0;459,9;13,5;0,0;-8,0;-8,0;31,4
20/03/2026 15:35;450,0;461,3;5,0;0,0;-8,0;-9,0;31,0
20/03/2026 15:36;450,0;457,8;5,0;0,0;-8,0;-8,0;31,2
20/03/2026 15:37;450,0;452,0;5,0;0,0;-8,0;-8,0;30,9
20/03/2026 15:38;450,0;447,0;6,9;2,8;-8,0;-7,0;31,1
20/03/2026 15:39;450,0;442,6;13,1;7,4;-8,0;-8,0;30,9
20/03/2026 15:40;450,0;442,3;19,8;8,4;-8,0;-7,0;30,9
20/03/2026 15:41;450,0;447,6;22,5;4,1;-8,0;-7,0;31,6
20/03/2026 15:42;450,0;456,1;18,1;0,0;-8,0;-8,0;31,5
20/03/2026 15:43;450,0;459,3;9,1;0,0;-8,0;-8,0;31,5
20/03/2026 15:44;450,0;455,8;5,0;0,0;-8,0;-8,0;31,3
20/03/2026 15:45;450,0;450,8;3,2;0,0;-8,0;-9,0;30,6
20/03/2026 15:46;450,0;444,3;8,5;5,4;-8,0;-8,0;30,6
20/03/2026 15:47;450,0;440,8;17,4;9,6;-8,0;-8,0;30,7
20/03/2026 15:48;450,0;442,6;23,9;8,7;-8,0;-7,0;31,4
20/03/2026 15:49;450,0;450,8;23,0;1,5;-8,0;-7,0;31,7
20/03/2026 15:50;450,0;458,7;14,8;0,0;-8,0;-8,0;31,4
20/03/2026 15:51;450,0;459,9;5,5;0,0;-8,0;-9,0;30,8
20/03/2026 15:52;450,0;456,6;0,3;0,0;-8,0;-9,0;30,7
20/03/2026 15:53;450,0;451,4;0,0;0,0;-8,0;-9,0;30,4
20/03/2026 15:54;450,0;446,4;2,7;3,4;-8,0;-8,0;30,6
20/03/2026 15:55;450,0;442,3;9,6;7,9;-8,0;-8,0;30,6
20/03/2026 15:56;450,0;442,0;16,4;8,9;-8,0;-8,0;30,6
20/03/2026 15:57;450,0;447,0;19,8;4,9;-8,0;-7,0;31,3
20/03/2026 15:58;450,0;459,0;12,2;0,0;-8,0;-8,0;31,1
20/03/2026 15:59;450,0;464,6;0,0;0,0;-8,0;-9,0;30,6
20/03/2026 16:01;450,0;457,5;0,0;0,0;-8,0;-7,0;30,7
20/03/2026 16:02;450,0;452,8;0,0;0,0;-8,0;-9,0;30,0
20/03/2026 16:03;450,0;448,4;0,4;1,4;-8,0;-8,0;30,2
20/03/2026 16:04;450,0;444,0;5,3;5,8;-8,0;-8,0;30,1
20/03/2026 16:05;450,0;440,2;13,3;10,0;-8,0;-8,0;30,0
20/03/2026 16:06;450,0;442,3;21,4;9,3;-8,0;-7,0;30,6
20/03/2026 16:07;450,0;452,0;19,8;0,6;-8,0;-7,0;30,9
20/03/2026 16:08;450,0;461,6;9,9;0,0;-8,0;-8,0;30,6
20/03/2026 16:09;450,0;461,9;0,0;0,0;-8,0;-9,0;30,2
20/03/2026 16:10;450,0;459,0;0,0;0,0;-8,0;-8,0;30,3
20/03/2026 16:11;450,0;454,9;0,0;0,0;-8,0;-8,0;30,2
20/03/2026 16:12;450,0;451,4;0,0;0,0;-8,0;-8,0;30,2
20/03/2026 16:13;450,0;449,0;0,9;0,9;-8,0;-8,0;30,2
20/03/2026 16:14;450,0;445,8;4,7;4,2;-8,0;-8,0;30,2
20/03/2026 16:15;450,0;442,6;11,6;7,8;-8,0;-8,0;30,2
20/03/2026 16:16;450,0;441,4;19,1;9,7;-8,0;-6,0;31,4
20/03/2026 16:17;450,0;447,3;21,9;4,9;-8,0;-7,0;31,2
20/03/2026 16:18;450,0;458,1;14,5;0,0;-8,0;-8,0;31,0
20/03/2026 16:19;450,0;464,8;0,4;0,0;-8,0;-9,0;30,7
20/03/2026 16:20;450,0;466,0;0,0;0,0;-8,0;-9,0;30,3
20/03/2026 16:21;450,0;461,9;0,0;0,0;-8,0;-9,0;30,2
20/03/2026 16:22;450,0;458,1;0,0;0,0;-8,0;-8,0;30,3
20/03/2026 16:23;450,0;454,3;0,0;0,0;-8,0;-7,0;30,7
20/03/2026 16:24;450,0;453,7;0,0;0,0;-8,0;-8,0;30,4
20/03/2026 16:25;450,0;450,5;0,0;0,0;-8,0;-8,0;30,2
20/03/2026 16:26;450,0;446,7;2,2;3,0;-8,0;-8,0;30,1
20/03/2026 16:27;450,0;439,4;11,5;10,6;-8,0;-8,0;30,1
20/03/2026 16:28;450,0;438,2;22,0;12,0;-8,0;-6,0;31,0
20/03/2026 16:29;450,0;444,3;27,7;8,2;-8,0;-7,0;31,0
20/03/2026 16:30;450,0;457,8;22,0;0,0;-8,0;-7,0;31,5
20/03/2026 16:31;450,0;468,4;5,4;0,0;-8,0;-8,0;31,3
20/03/2026 16:32;450,0;466,9;0,0;0,0;-8,0;-9,0;30,8
20/03/2026 16:33;450,0;461,3;0,0;0,0;-8,0;-9,0;30,5
20/03/2026 16:34;450,0;456,4;0,0;0,0;-8,0;-8,0;30,6
20/03/2026 16:35;450,0;450,5;0,0;0,0;-8,0;-8,0;30,5
20/03/2026 16:36;450,0;444,9;4,3;4,8;-8,0;-8,0;30,4
20/03/2026 16:37;450,0;439,1;12,9;11,0;-8,0;-8,0;30,4
20/03/2026 16:38;450,0;438,5;25,2;12,0;-8,0;-6,0;31,8
20/03/2026 16:39;450,0;448,7;26,6;4,2;-8,0;-6,0;32,2
20/03/2026 16:40;450,0;461,3;15,6;0,0;-8,0;-8,0;31,9
20/03/2026 16:41;450,0;466,0;0,3;0,0;-8,0;-9,0;31,2
20/03/2026 16:42;450,0;464,3;0,0;0,0;-8,0;-9,0;31,0
20/03/2026 16:43;450,0;459,9;0,0;0,0;-8,0;-8,0;30,9
20/03/2026 16:44;450,0;457,2;0,0;0,0;-8,0;-9,0;30,5
20/03/2026 16:45;450,0;455,8;0,0;0,0;-8,0;-8,0;31,0
20/03/2026 16:46;450,0;452,2;0,0;0,0;-8,0;-9,0;30,5
20/03/2026 16:47;450,0;447,6;1,4;2,1;-8,0;-8,0;30,5
20/03/2026 16:48;450,0;442,6;7,9;7,4;-8,0;-8,0;30,6
20/03/2026 16:49;450,0;438,8;17,4;11,8;-8,0;-7,0;31,0
20/03/2026 16:50;450,0;443,2;24,0;8,7;-8,0;-7,0;31,4
20/03/2026 16:51;450,0;455,5;19,7;0,0;-8,0;-7,0;31,7
20/03/2026 16:52;450,0;463,4;7,4;0,0;-8,0;-8,0;31,4
20/03/2026 16:53;450,0;463,1;0,0;0,0;-8,0;-9,0;31,0
20/03/2026 16:54;450,0;458,4;0,0;0,0;-8,0;-8,0;31,1
20/03/2026 16:55;450,0;454,9;0,0;0,0;-8,0;-9,0;30,5
20/03/2026 16:56;450,0;450,5;0,0;0,0;-8,0;-9,0;30,3
20/03/2026 16:57;450,0;445,5;3,3;4,2;-8,0;-8,0;30,5
20/03/2026 16:58;450,0;440,8;12,1;9,4;-8,0;-8,0;30,5
20/03/2026 16:59;450,0;441,4;18,7;9,6;-8,0;-7,0;31,0
20/03/2026 17:00;450,0;451,1;19,3;1,3;-8,0;-7,0;31,5
20/03/2026 17:01;450,0;460,5;8,5;0,0;-8,0;-8,0;31,2
20/03/2026 17:02;450,0;464,8;0,0;0,0;-8,0;-8,0;31,1
20/03/2026 17:03;450,0;464,3;0,0;0,0;-8,0;-9,0;30,6
20/03/2026 17:04;450,0;459,9;0,0;0,0;-8,0;-8,0;30,8
20/03/2026 17:05;450,0;455,8;0,0;0,0;-8,0;-8,0;30,7
20/03/2026 17:06;450,0;452,5;0,0;0,0;-8,0;-8,0;30,7
20/03/2026 17:07;450,0;448,1;0,7;1,6;-8,0;-8,0;30,7
20/03/2026 17:08;450,0;443,2;6,8;6,6;-8,0;-8,0;30,8
20/03/2026 17:09;450,0;441,4;14,8;9,2;-8,0;-8,0;30,8
20/03/2026 17:10;450,0;442,9;21,4;8,7;-8,0;-7,0;31,5
20/03/2026 17:11;450,0;452,5;19,7;0,1;-8,0;-7,0;31,8
20/03/2026 17:12;450,0;462,2;8,8;0,0;-8,0;-8,0;31,5
20/03/2026 17:13;450,0;466,9;0,0;0,0;-8,0;-8,0;31,3
20/03/2026 17:14;450,0;465,4;0,0;0,0;-8,0;-9,0;30,7
20/03/2026 17:15;450,0;460,7;0,0;0,0;-8,0;-8,0;31,2
20/03/2026 17:16;450,0;455,2;0,0;0,0;-8,0;-9,0;30,5
20/03/2026 17:17;450,0;450,5;0,0;0,0;-8,0;-9,0;30,6
20/03/2026 17:18;450,0;446,1;2,8;3,6;-8,0;-8,0;30,8
20/03/2026 17:19;450,0;442,3;8,9;7,6;-8,0;-8,0;30,8
20/03/2026 17:20;450,0;440,8;17,7;10,1;-8,0;-7,0;31,2
20/03/2026 17:21;450,0;443,8;23,7;8,2;-8,0;-7,0;31,5
20/03/2026 17:22;450,0;455,5;20,1;0,0;-8,0;-6,0;32,4
20/03/2026 17:23;450,0;465,1;6,4;0,0;-8,0;-9,0;31,2
20/03/2026 17:24;450,0;467,8;0,0;0,0;-8,0;-8,0;31,3
20/03/2026 17:25;450,0;463,4;0,0;0,0;-8,0;-8,0;31,1
20/03/2026 17:26;450,0;457,5;0,0;0,0;-8,0;-8,0;30,8
20/03/2026 17:27;450,0;454,0;0,0;0,0;-8,0;-8,0;30,9
20/03/2026 17:28;450,0;449,3;0,0;0,5;-8,0;-9,0;30,2
20/03/2026 17:29;450,0;445,8;4,6;4,2;-8,0;-7,0;31,0
20/03/2026 17:30;450,0;441,4;13,0;9,0;-8,0;-8,0;30,6
20/03/2026 17:31;450,0;441,7;20,0;9,5;-8,0;-7,0;31,3
20/03/2026 17:32;450,0;449,9;21,0;2,5;-8,0;-7,0;31,6
20/03/2026 17:33;450,0;461,0;10,2;0,0;-8,0;-8,0;31,3
20/03/2026 17:34;450,0;466,0;0,0;0,0;-8,0;-9,0;30,7
20/03/2026 17:35;450,0;466,6;0,0;0,0;-8,0;-9,0;30,8
20/03/2026 17:36;450,0;466,0;0,0;0,0;-8,0;-9,0;30,6
20/03/2026 17:37;450,0;460,2;0,0;0,0;-8,0;-8,0;30,9
20/03/2026 17:38;450,0;454,0;0,0;0,0;-8,0;-9,0;30,3
20/03/2026 17:39;450,0;447,0;1,7;2,7;-8,0;-9,0;30,3
20/03/2026 17:40;450,0;441,1;9,4;8,9;-8,0;-8,0;30,6
20/03/2026 17:41;450,0;439,1;19,2;11,8;-8,0;-7,0;31,0
20/03/2026 17:42;450,0;446,7;22,9;5,5;-8,0;-7,0;31,7
20/03/2026 17:43;450,0;461,3;13,4;0,0;-8,0;-8,0;31,4
20/03/2026 17:44;450,0;466,9;0,0;0,0;-8,0;-8,0;31,3
20/03/2026 17:45;450,0;465,1;0,0;0,0;-8,0;-9,0;30,9
20/03/2026 17:46;450,0;461,9;0,0;0,0;-8,0;-9,0;30,7
20/03/2026 17:47;450,0;456,9;0,0;0,0;-8,0;-8,0;30,6
20/03/2026 17:48;450,0;452,0;0,0;0,0;-8,0;-9,0;30,3
20/03/2026 17:49;450,0;447,3;1,5;2,5;-8,0;-8,0;30,3
20/03/2026 17:50;450,0;444,6;6,5;5,4;-8,0;-8,0;30,4
20/03/2026 17:51;450,0;443,2;12,6;7,3;-8,0;-7,0;30,7
20/03/2026 17:52;450,0;444,0;18,0;7,3;-8,0;-7,0;31,1
20/03/2026 17:53;450,0;456,1;13,6;0,0;-8,0;-8,0;31,0
20/03/2026 17:54;450,0;462,8;3,2;0,0;-8,0;-9,0;30,5
20/03/2026 17:55;450,0;463,1;0,0;0,0;-8,0;-9,0;30,2
20/03/2026 17:56;450,0;461,3;0,0;0,0;-8,0;-9,0;30,0
20/03/2026 17:57;450,0;459,6;0,0;0,0;-8,0;-8,0;30,3
20/03/2026 17:58;450,0;453,7;0,0;0,0;-8,0;-8,0;30,4
20/03/2026 17:59;450,0;449,0;0,3;0,9;-8,0;-8,0;30,5
20/03/2026 18:00;450,0;445,8;4,4;4,2;-8,0;-8,0;30,3
20/03/2026 18:01;450,0;441,4;11,5;8,8;-8,0;-8,0;30,4
20/03/2026 18:02;450,0;439,9;20,5;11,2;-8,0;-7,0;31,0
20/03/2026 18:03;450,0;448,1;22,8;4,3;-8,0;-7,0;31,5
20/03/2026 18:04;450,0;456,4;16,0;0,0;-8,0;-7,0;31,7
20/03/2026 18:05;450,0;464,3;3,8;0,0;-8,0;-9,0;30,9
20/03/2026 18:06;450,0;466,6;0,0;0,0;-8,0;-8,0;31,2
20/03/2026 18:07;450,0;463,4;0,0;0,0;-8,0;-9,0;30,7
20/03/2026 18:08;450,0;457,8;0,0;0,0;-8,0;-8,0;30,9
20/03/2026 18:09;450,0;454,3;0,0;0,0;-8,0;-8,0;30,6
20/03/2026 18:10;450,0;449,9;0,0;0,0;-8,0;-8,0;30,5
20/03/2026 18:11;450,0;445,5;3,3;4,3;-8,0;-8,0;30,4
20/03/2026 18:12;450,0;441,1;10,8;9,0;-8,0;-8,0;30,3
20/03/2026 18:13;450,0;442,9;17,6;8,2;-8,0;-7,0;30,6
20/03/2026 18:14;450,0;451,1;17,5;1,1;-8,0;-7,0;31,1
20/03/2026 18:15;450,0;460,2;9,0;0,0;-8,0;-8,0;30,8
20/03/2026 18:16;450,0;463,7;0,0;0,0;-8,0;-8,0;30,6
20/03/2026 18:17;450,0;460,7;0,0;0,0;-8,0;-8,0;30,6
20/03/2026 18:18;450,0;456,1;0,0;0,0;-8,0;-8,0;30,6
20/03/2026 18:19;450,0;451,4;0,0;0,0;-8,0;-8,0;30,4
20/03/2026 18:20;450,0;446,4;2,8;3,4;-8,0;-8,0;30,4
20/03/2026 18:21;450,0;441,4;10,7;8,7;-8,0;-8,0;30,4
20/03/2026 18:22;450,0;440,5;19,1;10,5;-8,0;-7,0;31,0
20/03/2026 18:23;450,0;447,6;21,5;4,6;-8,0;-7,0;31,4
20/03/2026 18:24;450,0;456,4;15,4;0,0;-8,0;-8,0;31,2
20/03/2026 18:25;450,0;460,5;5,0;0,0;-8,0;-8,0;31,2
20/03/2026 18:26;450,0;459,0;0,0;0,0;-8,0;-8,0;30,9
20/03/2026 18:27;450,0;455,8;0,0;0,0;-8,0;-8,0;31,0
20/03/2026 18:28;450,0;452,5;0,0;0,0;-8,0;-8,0;30,8
20/03/2026 18:29;450,0;448,4;0,7;1,5;-8,0;-9,0;30,2
20/03/2026 18:30;450,0;444,6;4,8;5,2;-8,0;-8,0;30,3
20/03/2026 18:31;450,0;440,5;12,7;9,7;-8,0;-8,0;30,4
20/03/2026 18:32;450,0;443,5;18,7;7,7;-8,0;-7,0;31,0
20/03/2026 18:33;450,0;453,1;16,3;0,0;-8,0;-8,0;31,0
20/03/2026 18:34;450,0;463,7;4,4;0,0;-8,0;-8,0;31,0
20/03/2026 18:35;450,0;466,6;0,0;0,0;-8,0;-8,0;31,0
20/03/2026 18:36;450,0;462,8;0,0;0,0;-8,0;-9,0;30,5
20/03/2026 18:37;450,0;456,6;0,0;0,0;-8,0;-9,0;30,4
20/03/2026 18:38;450,0;452,0;0,0;0,0;-8,0;-8,0;30,5
20/03/2026 18:39;450,0;449,0;0,3;0,9;-8,0;-8,0;30,5
20/03/2026 18:40;450,0;446,4;3,0;3,4;-8,0;-8,0;30,4
20/03/2026 18:41;450,0;442,6;9,3;7,5;-8,0;-8,0;30,4
20/03/2026 18:42;450,0;441,1;17,0;9,7;-8,0;-7,0;31,0
20/03/2026 18:43;450,0;446,4;21,1;5,5;-8,0;-7,0;31,4
20/03/2026 18:44;450,0;456,4;15,5;0,0;-8,0;-8,0;31,4
20/03/2026 18:45;450,0;465,4;1,4;0,0;-8,0;-9,0;30,8
20/03/2026 18:46;450,0;466,9;0,0;0,0;-8,0;-9,0;30,8
20/03/2026 18:47;450,0;464,3;0,0;0,0;-8,0;-8,0;31,0
20/03/2026 18:48;450,0;459,0;0,0;0,0;-8,0;-8,0;30,8
20/03/2026 18:49;450,0;454,3;0,0;0,0;-8,0;-8,0;30,8
20/03/2026 18:50;450,0;449,0;0,2;0,9;-8,0;-8,0;30,7
20/03/2026 18:51;450,0;444,6;5,0;5,3;-8,0;-8,0;30,6
20/03/2026 18:52;450,0;442,0;12,1;8,4;-8,0;-8,0;30,6
20/03/2026 18:53;450,0;442,6;18,4;8,6;-8,0;-7,0;31,0
20/03/2026 18:54;450,0;450,8;18,6;1,5;-8,0;-7,0;31,4
20/03/2026 18:56;450,0;461,0;0,0;0,0;-8,0;-8,0;31,2
20/03/2026 18:57;450,0;459,3;0,0;0,0;-8,0;-9,0;30,6
20/03/2026 18:58;450,0;456,4;0,0;0,0;-8,0;-9,0;30,6
20/03/2026 18:59;450,0;453,4;0,0;0,0;-8,0;-8,0;30,7
20/03/2026 19:00;450,0;448,7;0,4;1,2;-8,0;-9,0;30,0
20/03/2026 19:01;450,0;444,0;5,4;5,9;-8,0;-8,0;30,5
20/03/2026 19:02;450,0;440,2;13,8;10,1;-8,0;-8,0;30,4
20/03/2026 19:03;450,0;443,5;20,2;7,9;-8,0;-7,0;31,1
20/03/2026 19:04;450,0;453,7;18,2;0,0;-8,0;-7,0;31,5
20/03/2026 19:05;450,0;462,2;7,1;0,0;-8,0;-8,0;31,4
20/03/2026 19:06;450,0;464,6;0,0;0,0;-8,0;-9,0;30,8
20/03/2026 19:07;450,0;462,2;0,0;0,0;-8,0;-8,0;31,0
20/03/2026 19:08;450,0;460,7;0,0;0,0;-8,0;-8,0;30,7
20/03/2026 19:09;450,0;456,4;0,0;0,0;-8,0;-8,0;30,5
20/03/2026 19:10;450,0;451,4;0,0;0,0;-8,0;-8,0;30,6
20/03/2026 19:11;450,0;446,4;2,9;3,4;-8,0;-8,0;30,4
20/03/2026 19:12;450,0;442,3;9,6;7,8;-8,0;-8,0;30,6
20/03/2026 19:13;450,0;441,1;17,9;9,8;-8,0;-7,0;31,0
20/03/2026 19:14;450,0;445,2;22,1;6,8;-8,0;-7,0;31,4
20/03/2026 19:15;450,0;455,8;17,0;0,0;-8,0;-8,0;31,4
20/03/2026 19:16;450,0;463,4;4,5;0,0;-8,0;-8,0;31,4
20/03/2026 19:17;450,0;464,6;0,0;0,0;-8,0;-9,0;30,8
20/03/2026 19:18;450,0;461,6;0,0;0,0;-8,0;-9,0;30,7
20/03/2026 19:19;450,0;458,7;0,0;0,0;-8,0;-9,0;30,7
20/03/2026 19:20;450,0;455,8;0,0;0,0;-8,0;-8,0;31,0
20/03/2026 19:21;450,0;452,0;0,0;0,0;-8,0;-8,0;31,0
20/03/2026 19:22;450,0;449,6;0,2;0,3;-8,0;-8,0;30,9
20/03/2026 19:23;450,0;448,1;1,5;1,8;-8,0;-8,0;30,8
20/03/2026 19:24;450,0;445,2;5,2;4,8;-8,0;-8,0;30,8
20/03/2026 19:25;450,0;440,2;12,7;9,9;-8,0;-8,0;30,7
20/03/2026 19:26;450,0;439,1;23,2;12,0;-8,0;-7,0;31,4
20/03/2026 19:27;450,0;447,9;26,4;4,9;-8,0;-6,0;32,4
20/03/2026 19:28;450,0;461,0;16,9;0,0;-8,0;-8,0;31,9
20/03/2026 19:29;450,0;468,4;0,1;0,0;-8,0;-9,0;31,5
20/03/2026 19:30;450,0;466,6;0,0;0,0;-8,0;-9,0;31,1
20/03/2026 19:31;450,0;461,3;0,0;0,0;-8,0;-9,0;30,8
20/03/2026 19:32;450,0;455,5;0,0;0,0;-8,0;-9,0;30,6
20/03/2026 19:33;450,0;448,4;0,0;1,3;-8,0;-8,0;30,8
20/03/2026 19:34;450,0;442,0;6,8;7,7;-8,0;-8,0;30,7
20/03/2026 19:35;450,0;438,8;18,1;11,9;-8,0;-8,0;30,8
20/03/2026 19:36;450,0;440,8;26,5;11,1;-8,0;-7,0;31,7
20/03/2026 19:37;450,0;452,2;24,2;1,0;-8,0;-7,0;32,1
20/03/2026 19:38;450,0;467,8;7,1;0,0;-8,0;-8,0;31,9
20/03/2026 19:39;450,0;469,0;0,0;0,0;-8,0;-9,0;31,1
20/03/2026 19:40;450,0;464,0;0,0;0,0;-8,0;-9,0;30,9
20/03/2026 19:41;450,0;457,8;0,0;0,0;-8,0;-9,0;30,7
20/03/2026 19:42;450,0;453,1;0,0;0,0;-8,0;-9,0;30,7
20/03/2026 19:43;450,0;447,3;1,6;2,4;-8,0;-8,0;30,8
20/03/2026 19:44;450,0;441,1;9,1;8,8;-8,0;-8,0;30,9
20/03/2026 19:45;450,0;439,7;18,7;11,1;-8,0;-7,0;31,3
20/03/2026 19:46;450,0;445,5;23,5;6,7;-8,0;-7,0;31,7
20/03/2026 19:47;450,0;457,2;17,0;0,0;-8,0;-7,0;32,0
20/03/2026 19:48;450,0;463,4;5,1;0,0;-8,0;-8,0;31,7
20/03/2026 19:49;450,0;463,4;0,0;0,0;-8,0;-8,0;31,7
20/03/2026 19:50;450,0;460,2;0,0;0,0;-8,0;-8,0;31,2
20/03/2026 19:51;450,0;456,1;0,0;0,0;-8,0;-8,0;31,3
20/03/2026 19:52;450,0;451,4;0,0;0,0;-8,0;-8,0;31,2
20/03/2026 19:53;450,0;445,8;2,7;3,9;-8,0;-9,0;30,7
20/03/2026 19:54;450,0;440,8;10,7;9,3;-8,0;-8,0;31,0
20/03/2026 19:55;450,0;440,8;18,6;10,2;-8,0;-8,0;31,1
20/03/2026 19:56;450,0;445,2;23,5;6,9;-8,0;-6,0;32,2
20/03/2026 19:57;450,0;456,4;18,6;0,0;-8,0;-7,0;32,3
20/03/2026 19:58;450,0;464,6;5,8;0,0;-8,0;-8,0;32,0
20/03/2026 19:59;450,0;465,1;0,0;0,0;-8,0;-9,0;31,5
20/03/2026 20:00;450,0;461,3;0,0;0,0;-8,0;-9,0;31,2
20/03/2026 20:01;450,0;455,5;0,0;0,0;-8,0;-9,0;30,9
20/03/2026 20:02;450,0;449,9;0,0;0,0;-8,0;-8,0;31,1
20/03/2026 20:03;450,0;445,2;3,7;4,6;-8,0;-8,0;31,0
20/03/2026 20:04;450,0;441,4;11,8;8,8;-8,0;-8,0;31,2
20/03/2026 20:05;450,0;440,8;19,9;10,3;-8,0;-7,0;31,7
20/03/2026 20:06;450,0;446,7;23,2;5,6;-8,0;-7,0;32,1
20/03/2026 20:07;450,0;456,9;17,2;0,0;-8,0;-8,0;32,0
20/03/2026 20:08;450,0;464,8;3,8;0,0;-8,0;-8,0;32,1
20/03/2026 20:09;450,0;466,0;0,0;0,0;-8,0;-9,0;31,4
20/03/2026 20:10;450,0;463,7;0,0;0,0;-8,0;-8,0;31,7
20/03/2026 20:11;450,0;460,2;0,0;0,0;-8,0;-8,0;31,5
20/03/2026 20:12;450,0;455,5;0,0;0,0;-8,0;-8,0;31,3
20/03/2026 20:13;450,0;449,9;0,0;0,0;-8,0;-8,0;31,0
20/03/2026 20:14;450,0;445,2;3,8;4,6;-8,0;-8,0;31,0
20/03/2026 20:15;450,0;441,7;11,1;8,5;-8,0;-8,0;31,0
20/03/2026 20:16;450,0;443,5;17,0;7,5;-8,0;-8,0;31,0
20/03/2026 20:17;450,0;451,1;16,6;1,0;-8,0;-8,0;31,3
20/03/2026 20:18;450,0;458,4;9,0;0,0;-8,0;-7,0;31,8
20/03/2026 20:19;450,0;459,0;0,8;0,0;-8,0;-8,0;31,4
20/03/2026 20:20;450,0;457,8;0,0;0,0;-8,0;-8,0;31,1
20/03/2026 20:21;450,0;454,6;0,0;0,0;-8,0;-8,0;31,0
20/03/2026 20:22;450,0;449,9;0,0;0,0;-8,0;-8,0;30,9
20/03/2026 20:23;450,0;445,8;3,5;4,1;-8,0;-8,0;30,9
20/03/2026 20:24;450,0;441,4;12,1;8,9;-8,0;-8,0;30,9
20/03/2026 20:25;450,0;444,3;16,2;6,8;-8,0;-7,0;31,4
20/03/2026 20:26;450,0;450,5;16,8;1,6;-8,0;-7,0;31,9
20/03/2026 20:27;450,0;457,8;9,0;0,0;-8,0;-8,0;31,5
20/03/2026 20:28;450,0;459,0;0,1;0,0;-8,0;-9,0;31,1
20/03/2026 20:29;450,0;455,8;0,0;0,0;-8,0;-8,0;31,4
20/03/2026 20:30;450,0;452,5;0,0;0,0;-8,0;-9,0;30,9
20/03/2026 20:31;450,0;449,6;0,0;0,2;-8,0;-8,0;31,0
20/03/2026 20:32;450,0;444,9;4,6;4,9;-8,0;-8,0;30,8
20/03/2026 20:33;450,0;439,9;12,9;10,2;-8,0;-7,0;31,4
20/03/2026 20:34;450,0;441,1;21,4;10,3;-8,0;-7,0;31,7
20/03/2026 20:35;450,0;449,0;22,4;3,5;-8,0;-7,0;32,0
20/03/2026 20:36;450,0;461,9;11,3;0,0;-8,0;-8,0;31,8
20/03/2026 20:37;450,0;465,1;0,0;0,0;-8,0;-8,0;31,6
20/03/2026 20:38;450,0;462,5;0,0;0,0;-8,0;-9,0;31,1
20/03/2026 20:39;450,0;456,9;0,0;0,0;-8,0;-9,0;31,0
20/03/2026 20:40;450,0;452,8;0,0;0,0;-8,0;-8,0;31,2
20/03/2026 20:41;450,0;449,9;0,1;0,0;-8,0;-9,0;30,9
20/03/2026 20:42;450,0;445,5;3,9;4,4;-8,0;-8,0;31,0
20/03/2026 20:43;450,0;441,1;10,9;9,0;-8,0;-8,0;31,1
20/03/2026 20:44;450,0;441,1;19,6;10,0;-8,0;-7,0;31,6
20/03/2026 20:45;450,0;450,8;20,0;1,7;-8,0;-7,0;31,9
20/03/2026 20:46;450,0;461,6;10,1;0,0;-8,0;-8,0;31,7
20/03/2026 20:47;450,0;466,9;0,0;0,0;-8,0;-9,0;31,1
20/03/2026 20:48;450,0;465,7;0,0;0,0;-8,0;-8,0;31,5
20/03/2026 20:49;450,0;462,8;0,0;0,0;-8,0;-9,0;31,1
20/03/2026 20:50;450,0;459,0;0,0;0,0;-8,0;-9,0;31,0
20/03/2026 20:51;450,0;453,4;0,0;0,0;-8,0;-8,0;31,3
20/03/2026 20:52;450,0;449,3;0,3;0,6;-8,0;-8,0;31,3
20/03/2026 20:53;450,0;445,5;3,7;4,4;-8,0;-8,0;31,3
20/03/2026 20:54;450,0;441,4;12,6;9,0;-8,0;-8,0;31,3
20/03/2026 20:55;450,0;442,3;19,3;9,0;-8,0;-6,0;32,5
20/03/2026 20:56;450,0;451,1;18,9;1,3;-8,0;-7,0;32,4
20/03/2026 20:57;450,0;460,7;7,6;0,0;-8,0;-8,0;32,1
20/03/2026 20:58;450,0;460,7;0,0;0,0;-8,0;-8,0;31,8
20/03/2026 20:59;450,0;456,9;0,0;0,0;-8,0;-9,0;31,3
20/03/2026 21:00;450,0;451,1;0,0;0,0;-8,0;-9,0;31,3
20/03/2026 21:01;450,0;447,0;2,1;2,8;-8,0;-8,0;31,6
20/03/2026 21:02;450,0;443,5;7,3;6,2;-8,0;-7,0;31,8
20/03/2026 21:03;450,0;443,5;13,0;7,1;-8,0;-8,0;31,7
20/03/2026 21:04;450,0;447,0;16,2;4,5;-8,0;-7,0;32,2
20/03/2026 21:05;450,0;455,5;11,9;0,0;-8,0;-8,0;32,0
20/03/2026 21:06;450,0;461,0;1,9;0,0;-8,0;-8,0;32,0
20/03/2026 21:07;450,0;462,5;0,0;0,0;-8,0;-9,0;31,4
20/03/2026 21:08;450,0;458,7;0,0;0,0;-8,0;-8,0;31,6
20/03/2026 21:09;450,0;454,3;0,0;0,0;-8,0;-8,0;31,5
20/03/2026 21:10;450,0;449,6;0,1;0,3;-8,0;-8,0;31,6
20/03/2026 21:11;450,0;446,4;2,7;3,4;-8,0;-9,0;31,2
20/03/2026 21:12;450,0;443,2;8,3;6,8;-8,0;-8,0;31,5
20/03/2026 21:13;450,0;444,0;14,2;6,8;-8,0;-8,0;31,5
20/03/2026 21:14;450,0;450,2;14,9;1,6;-8,0;-7,0;32,1
20/03/2026 21:15;450,0;456,1;9,2;0,0;-8,0;-8,0;31,9
20/03/2026 21:16;450,0;461,0;0,0;0,0;-8,0;-8,0;31,9
20/03/2026 21:17;450,0;459,9;0,0;0,0;-8,0;-7,0;32,4
20/03/2026 21:18;450,0;458,1;0,0;0,0;-8,0;-8,0;31,9
20/03/2026 21:19;450,0;454,9;0,0;0,0;-8,0;-8,0;31,9
20/03/2026 21:20;450,0;453,4;0,0;0,0;-8,0;-8,0;31,8
20/03/2026 21:21;450,0;449,9;0,0;0,0;-8,0;-8,0;31,8
20/03/2026 21:22;450,0;448,1;1,4;1,7;-8,0;-8,0;31,7
20/03/2026 21:23;450,0;444,6;6,1;5,4;-8,0;-9,0;31,4
20/03/2026 21:24;450,0;441,7;13,3;8,8;-8,0;-7,0;32,2
20/03/2026 21:25;450,0;443,8;18,8;7,6;-8,0;-8,0;32,0
20/03/2026 21:26;450,0;451,4;18,3;0,9;-8,0;-7,0;32,8
20/03/2026 21:27;450,0;459,9;9,1;0,0;-8,0;-8,0;32,5
20/03/2026 21:28;450,0;463,4;0,0;0,0;-8,0;-9,0;31,8
20/03/2026 21:29;450,0;463,1;0,0;0,0;-8,0;-9,0;31,5
20/03/2026 21:30;450,0;458,4;0,0;0,0;-8,0;-8,0;31,8
20/03/2026 21:31;450,0;452,2;0,0;0,0;-8,0;-8,0;31,5
20/03/2026 21:32;450,0;447,3;2,0;2,6;-8,0;-8,0;31,6
20/03/2026 21:33;450,0;445,2;5,3;4,8;-8,0;-8,0;31,5
20/03/2026 21:34;450,0;442,3;12,5;8,2;-8,0;-8,0;31,5
20/03/2026 21:35;450,0;444,0;18,2;7,4;-8,0;-8,0;31,5
20/03/2026 21:36;450,0;450,5;18,2;1,8;-8,0;-8,0;31,8
20/03/2026 21:37;450,0;457,5;11,8;0,0;-8,0;-8,0;31,9
20/03/2026 21:38;450,0;461,6;1,5;0,0;-8,0;-8,0;31,9
20/03/2026 21:39;450,0;460,2;0,0;0,0;-8,0;-8,0;31,7
20/03/2026 21:40;450,0;456,9;0,0;0,0;-8,0;-9,0;31,3
20/03/2026 21:41;450,0;453,7;0,0;0,0;-8,0;-9,0;31,0
20/03/2026 21:42;450,0;449,0;0,0;0,8;-8,0;-8,0;31,1
20/03/2026 21:43;450,0;443,5;6,4;6,3;-8,0;-8,0;31,2
20/03/2026 21:44;450,0;439,9;15,4;10,6;-8,0;-8,0;31,2
20/03/2026 21:45;450,0;441,4;23,7;10,2;-8,0;-6,0;32,4
20/03/2026 21:46;450,0;450,5;23,3;2,3;-8,0;-6,0;32,7
20/03/2026 21:47;450,0;460,5;13,4;0,0;-8,0;-8,0;32,3
20/03/2026 21:48;450,0;466,6;0,0;0,0;-8,0;-9,0;31,7
20/03/2026 21:49;450,0;464,8;0,0;0,0;-8,0;-8,0;32,0
20/03/2026 21:50;450,0;460,7;0,0;0,0;-8,0;-9,0;31,3
20/03/2026 21:51;450,0;456,1;0,0;0,0;-8,0;-9,0;31,1
20/03/2026 21:52;450,0;451,1;0,0;0,0;-8,0;-8,0;31,5
20/03/2026 21:53;450,0;447,0;2,0;2,8;-8,0;-9,0;31,0
20/03/2026 21:54;450,0;442,6;8,6;7,5;-8,0;-8,0;31,3
20/03/2026 21:55;450,0;440,5;17,0;10,3;-8,0;-7,0;31,7
20/03/2026 21:56;450,0;445,5;21,4;6,4;-8,0;-7,0;32,0
20/03/2026 21:57;450,0;455,5;16,7;0,0;-8,0;-8,0;31,9
20/03/2026 21:58;450,0;461,9;6,0;0,0;-8,0;-8,0;32,0
20/03/2026 21:59;450,0;460,5;0,0;0,0;-8,0;-9,0;31,2
20/03/2026 22:00;450,0;455,8;0,0;0,0;-8,0;-9,0;31,0
20/03/2026 22:01;450,0;450,8;0,0;0,0;-8,0;-8,0;31,6
20/03/2026 22:02;450,0;446,1;2,5;3,6;-8,0;-9,0;31,1
20/03/2026 22:03;450,0;441,7;10,9;8,5;-8,0;-8,0;31,4
20/03/2026 22:04;450,0;440,2;18,7;10,7;-8,0;-8,0;31,5
20/03/2026 22:05;450,0;449,3;20,8;3,0;-8,0;-7,0;32,1
20/03/2026 22:06;450,0;463,7;7,5;0,0;-8,0;-8,0;31,9
20/03/2026 22:07;450,0;471,6;0,0;0,0;-8,0;-9,0;31,2
20/03/2026 22:08;450,0;473,3;0,0;0,0;-8,0;-8,0;31,5
20/03/2026 22:09;450,0;468,1;0,0;0,0;-8,0;-8,0;31,6
20/03/2026 22:10;450,0;462,5;0,0;0,0;-8,0;-8,0;31,5
20/03/2026 22:11;450,0;457,5;0,0;0,0;-8,0;-9,0;30,9
20/03/2026 22:12;450,0;451,4;0,0;0,0;-8,0;-8,0;31,2
20/03/2026 22:13;450,0;447,3;1,8;2,5;-8,0;-8,0;31,1
20/03/2026 22:14;450,0;443,2;7,8;6,7;-8,0;-8,0;31,2
20/03/2026 22:15;450,0;441,1;16,1;9,6;-8,0;-7,0;31,5
20/03/2026 22:16;450,0;444,9;20,9;6,8;-8,0;-7,0;31,8
20/03/2026 22:17;450,0;452,8;18,0;0,0;-8,0;-7,0;32,1
20/03/2026 22:18;450,0;462,5;7,7;0,0;-8,0;-8,0;31,7
20/03/2026 22:19;450,0;468,7;0,0;0,0;-8,0;-8,0;31,5
20/03/2026 22:20;450,0;468,7;0,0;0,0;-8,0;-8,0;31,2
20/03/2026 22:21;450,0;464,0;0,0;0,0;-8,0;-9,0;30,7
20/03/2026 22:22;450,0;459,6;0,0;0,0;-8,0;-8,0;31,1
20/03/2026 22:23;450,0;454,0;0,0;0,0;-8,0;-8,0;31,1
20/03/2026 22:24;450,0;450,5;0,0;0,0;-8,0;-9,0;30,6
20/03/2026 22:25;450,0;444,6;4,3;5,2;-8,0;-8,0;31,0
20/03/2026 22:26;450,0;440,2;12,5;10,0;-8,0;-8,0;31,0
20/03/2026 22:27;450,0;441,4;20,6;9,9;-8,0;-7,0;31,6
20/03/2026 22:28;450,0;450,2;21,5;2,4;-8,0;-7,0;31,9
20/03/2026 22:29;450,0;461,6;11,8;0,0;-8,0;-8,0;32,0
20/03/2026 22:30;450,0;467,5;0,0;0,0;-8,0;-8,0;31,7
20/03/2026 22:31;450,0;466,6;0,0;0,0;-8,0;-9,0;31,4
20/03/2026 22:32;450,0;463,1;0,0;0,0;-8,0;-9,0;31,3
20/03/2026 22:33;450,0;459,6;0,0;0,0;-8,0;-8,0;31,4
20/03/2026 22:34;450,0;456,6;0,0;0,0;-8,0;-9,0;30,9
20/03/2026 22:35;450,0;453,7;0,0;0,0;-8,0;-8,0;31,1
20/03/2026 22:36;450,0;450,2;0,0;0,0;-8,0;-8,0;31,1
20/03/2026 22:37;450,0;444,9;4,6;4,9;-8,0;-8,0;31,0
20/03/2026 22:38;450,0;440,8;12,8;9,5;-8,0;-8,0;31,3
20/03/2026 22:39;450,0;442,3;20,1;9,1;-8,0;-7,0;31,8
20/03/2026 22:40;450,0;453,7;17,3;0,0;-8,0;-7,0;32,1
20/03/2026 22:41;450,0;461,9;6,2;0,0;-8,0;-8,0;31,7
20/03/2026 22:42;450,0;463,4;0,0;0,0;-8,0;-9,0;31,2
20/03/2026 22:43;450,0;459,6;0,0;0,0;-8,0;-8,0;31,4
20/03/2026 22:44;450,0;455,2;0,0;0,0;-8,0;-8,0;31,4
20/03/2026 22:45;450,0;452,2;0,0;0,0;-8,0;-8,0;31,3
20/03/2026 22:46;450,0;447,9;1,1;1,9;-8,0;-8,0;31,3
20/03/2026 22:47;450,0;444,9;5,3;5,0;-8,0;-8,0;31,3
20/03/2026 22:48;450,0;441,7;12,5;8,7;-8,0;-8,0;31,3
20/03/2026 22:49;450,0;444,3;18,4;7,1;-8,0;-7,0;31,9
20/03/2026 22:50;450,0;451,4;17,3;0,7;-8,0;-7,0;32,2
20/03/2026 22:51;450,0;459,6;9,3;0,0;-8,0;-8,0;32,0
20/03/2026 22:52;450,0;462,5;0,0;0,0;-8,0;-8,0;32,0
20/03/2026 22:53;450,0;460,7;0,0;0,0;-8,0;-9,0;31,6
20/03/2026 22:54;450,0;456,6;0,0;0,0;-8,0;-8,0;31,8
20/03/2026 22:55;450,0;450,8;0,0;0,0;-8,0;-8,0;31,7
20/03/2026 22:56;450,0;445,2;3,7;4,6;-8,0;-8,0;31,6
20/03/2026 22:57;450,0;440,8;11,9;9,4;-8,0;-8,0;31,6
20/03/2026 22:58;450,0;441,7;20,0;9,6;-8,0;-7,0;32,2
20/03/2026 22:59;450,0;449,6;20,1;2,6;-8,0;-7,0;32,5
20/03/2026 23:00;450,0;457,8;12,9;0,0;-8,0;-7,0;32,9
20/03/2026 23:01;450,0;464,8;0,0;0,0;-8,0;-9,0;32,1
20/03/2026 23:02;450,0;465,4;0,0;0,0;-8,0;-9,0;31,8
20/03/2026 23:03;450,0;464,0;0,0;0,0;-8,0;-8,0;32,3
20/03/2026 23:04;450,0;459,6;0,0;0,0;-8,0;-8,0;32,0
20/03/2026 23:05;450,0;455,5;0,0;0,0;-8,0;-8,0;32,0
20/03/2026 23:06;450,0;450,8;0,0;0,0;-8,0;-8,0;31,8
20/03/2026 23:07;450,0;447,0;2,0;2,8;-8,0;-8,0;31,8
20/03/2026 23:08;450,0;443,8;8,1;6,4;-8,0;-8,0;31,9
20/03/2026 23:09;450,0;442,9;14,4;7,8;-8,0;-7,0;32,3
20/03/2026 23:10;450,0;447,6;17,2;4,1;-8,0;-7,0;32,6
20/03/2026 23:11;450,0;458,4;9,9;0,0;-8,0;-8,0;32,3
20/03/2026 23:12;450,0;463,1;0,0;0,0;-8,0;-8,0;32,4
20/03/2026 23:13;450,0;462,8;0,0;0,0;-8,0;-8,0;32,3
20/03/2026 23:14;450,0;461,6;0,0;0,0;-8,0;-8,0;32,2
20/03/2026 23:15;450,0;459,6;0,0;0,0;-8,0;-8,0;32,2
20/03/2026 23:16;450,0;456,4;0,0;0,0;-8,0;-8,0;32,0
20/03/2026 23:17;450,0;454,6;0,0;0,0;-8,0;-9,0;31,7
20/03/2026 23:18;450,0;448,7;0,1;1,1;-8,0;-8,0;32,0
20/03/2026 23:19;450,0;443,8;6,2;6,1;-8,0;-8,0;32,0
20/03/2026 23:20;450,0;439,4;15,7;11,1;-8,0;-7,0;32,4
20/03/2026 23:21;450,0;441,4;23,7;10,2;-8,0;-7,0;32,6
20/03/2026 23:22;450,0;454,3;20,5;0,0;-8,0;-7,0;33,1
20/03/2026 23:23;450,0;464,6;5,9;0,0;-8,0;-8,0;32,9
20/03/2026 23:24;450,0;466,9;0,0;0,0;-8,0;-8,0;32,6
20/03/2026 23:25;450,0;464,0;0,0;0,0;-8,0;-8,0;32,4
20/03/2026 23:26;450,0;459,6;0,0;0,0;-8,0;-8,0;32,4
20/03/2026 23:27;450,0;456,6;0,0;0,0;-8,0;-8,0;32,2
20/03/2026 23:28;450,0;452,5;0,0;0,0;-8,0;-8,0;32,1
20/03/2026 23:29;450,0;448,7;0,8;1,2;-8,0;-8,0;32,1
20/03/2026 23:30;450,0;444,9;5,2;5,0;-8,0;-8,0;32,0
20/03/2026 23:31;450,0;442,6;11,7;7,8;-8,0;-8,0;32,0
20/03/2026 23:32;450,0;445,5;16,2;5,8;-8,0;-7,0;32,5
20/03/2026 23:33;450,0;452,8;13,8;0,0;-8,0;-8,0;32,5
20/03/2026 23:34;450,0;460,2;5,0;0,0;-8,0;-8,0;32,4
20/03/2026 23:35;450,0;462,8;0,0;0,0;-8,0;-8,0;32,3
20/03/2026 23:36;450,0;461,0;0,0;0,0;-8,0;-8,0;32,3
20/03/2026 23:37;450,0;456,4;0,0;0,0;-8,0;-9,0;31,9
20/03/2026 23:38;450,0;451,4;0,0;0,0;-8,0;-9,0;31,9
20/03/2026 23:39;450,0;447,0;1,6;2,7;-8,0;-8,0;32,2
20/03/2026 23:40;450,0;442,6;7,9;7,3;-8,0;-8,0;32,1
20/03/2026 23:41;450,0;442,3;15,5;8,5;-8,0;-7,0;32,7
20/03/2026 23:42;450,0;447,9;18,0;3,9;-8,0;-7,0;32,7
20/03/2026 23:43;450,0;456,1;12,9;0,0;-8,0;-8,0;32,6
20/03/2026 23:44;450,0;461,6;1,2;0,0;-8,0;-8,0;32,7
20/03/2026 23:45;450,0;464,0;0,0;0,0;-8,0;-8,0;32,5
20/03/2026 23:46;450,0;463,4;0,0;0,0;-8,0;-9,0;32,1
20/03/2026 23:47;450,0;458,4;0,0;0,0;-8,0;-8,0;32,1
20/03/2026 23:48;450,0;454,6;0,0;0,0;-8,0;-9,0;31,7
20/03/2026 23:49;450,0;452,0;0,0;0,0;-8,0;-8,0;32,0
20/03/2026 23:50;450,0;447,0;1,9;2,8;-8,0;-9,0;31,5
20/03/2026 23:51;450,0;442,0;9,0;8,1;-8,0;-7,0;32,2
20/03/2026 23:52;450,0;440,2;17,8;10,6;-8,0;-8,0;31,9
20/03/2026 23:53;450,0;445,5;23,0;6,6;-8,0;-7,0;32,7
20/03/2026 23:54;450,0;458,7;16,2;0,0;-8,0;-8,0;32,6
20/03/2026 23:55;450,0;469,8;0,0;0,0;-8,0;-8,0;32,6
20/03/2026 23:56;450,0;471,6;0,0;0,0;-8,0;-9,0;32,1
20/03/2026 23:57;450,0;469,8;0,0;0,0;-8,0;-9,0;31,7
20/03/2026 23:58;450,0;466,3;0,0;0,0;-8,0;-8,0;31,8
20/03/2026 23:59;450,0;459,9;0,0;0,0;-8,0;-8,0;31,9
21/03/2026 00:00;450,0;454,0;0,0;0,0;-8,0;-8,0;31,6
21/03/2026 00:01;450,0;449,3;0,0;0,4;-8,0;-8,0;31,6
21/03/2026 00:02;450,0;445,5;4,2;4,4;-8,0;-8,0;31,5
21/03/2026 00:03;450,0;442,3;10,3;7,9;-8,0;-8,0;31,5
21/03/2026 00:04;450,0;442,6;17,0;8,4;-8,0;-8,0;31,7
21/03/2026 00:05;450,0;448,7;19,1;3,4;-8,0;-7,0;32,4
21/03/2026 00:06;450,0;459,9;11,6;0,0;-8,0;-8,0;32,3
21/03/2026 00:07;450,0;465,4;0,0;0,0;-8,0;-8,0;32,1
21/03/2026 00:08;450,0;465,7;0,0;0,0;-8,0;-9,0;31,8
21/03/2026 00:09;450,0;463,1;0,0;0,0;-8,0;-8,0;32,0
21/03/2026 00:10;450,0;458,1;0,0;0,0;-8,0;-8,0;32,0
21/03/2026 00:11;450,0;454,9;0,0;0,0;-8,0;-8,0;31,8
21/03/2026 00:12;450,0;451,7;0,0;0,0;-8,0;-8,0;31,9
21/03/2026 00:13;450,0;448,4;1,1;1,5;-8,0;-7,0;32,2
21/03/2026 00:14;450,0;444,0;5,8;5,9;-8,0;-8,0;31,8
21/03/2026 00:15;450,0;441,1;13,6;9,4;-8,0;-8,0;31,9
21/03/2026 00:16;450,0;440,8;21,4;10,5;-8,0;-7,0;32,6
21/03/2026 00:17;450,0;450,2;22,2;2,6;-8,0;-6,0;33,4
21/03/2026 00:18;450,0;464,8;9,4;0,0;-8,0;-8,0;32,8
21/03/2026 00:19;450,0;467,8;0,0;0,0;-8,0;-9,0;32,3
21/03/2026 00:20;450,0;465,4;0,0;0,0;-8,0;-8,0;32,3
21/03/2026 00:21;450,0;460,7;0,0;0,0;-8,0;-8,0;32,5
21/03/2026 00:22;450,0;455,2;0,0;0,0;-8,0;-9,0;31,9
21/03/2026 00:23;450,0;451,1;0,0;0,0;-8,0;-8,0;32,2
21/03/2026 00:24;450,0;446,4;2,4;3,4;-8,0;-8,0;32,0
21/03/2026 00:25;450,0;442,6;8,4;7,4;-8,0;-8,0;32,0
21/03/2026 00:26;450,0;441,7;15,4;9,0;-8,0;-8,0;32,0
21/03/2026 00:27;450,0;447,9;17,9;3,8;-8,0;-7,0;32,7
21/03/2026 00:28;450,0;458,4;11,3;0,0;-8,0;-7,0;33,0
21/03/2026 00:29;450,0;464,3;0,0;0,0;-8,0;-9,0;32,1
21/03/2026 00:30;450,0;463,1;0,0;0,0;-8,0;-8,0;32,3
21/03/2026 00:31;450,0;460,2;0,0;0,0;-8,0;-9,0;31,7
21/03/2026 00:32;450,0;458,4;0,0;0,0;-8,0;-8,0;32,0
21/03/2026 00:33;450,0;454,0;0,0;0,0;-8,0;-8,0;31,8
21/03/2026 00:34;450,0;449,6;0,0;0,0;-8,0;-9,0;31,5
21/03/2026 00:35;450,0;445,5;3,2;4,3;-8,0;-8,0;31,8
21/03/2026 00:36;450,0;441,1;11,5;9,1;-8,0;-8,0;31,8
21/03/2026 00:37;450,0;438,2;22,3;12,0;-8,0;-7,0;32,4
21/03/2026 00:38;450,0;447,9;25,1;4,8;-8,0;-6,0;33,3
21/03/2026 00:39;450,0;463,1;12,9;0,0;-8,0;-8,0;32,7
21/03/2026 00:40;450,0;472,8;0,0;0,0;-8,0;-9,0;32,2
21/03/2026 00:41;450,0;473,3;0,0;0,0;-8,0;-9,0;32,1
21/03/2026 00:42;450,0;469,0;0,0;0,0;-8,0;-9,0;32,1
21/03/2026 00:43;450,0;465,4;0,0;0,0;-8,0;-8,0;32,5
21/03/2026 00:44;450,0;461,0;0,0;0,0;-8,0;-9,0;31,9
21/03/2026 00:45;450,0;454,3;0,0;0,0;-8,0;-8,0;32,1
21/03/2026 00:46;450,0;447,6;1,0;2,1;-8,0;-8,0;32,0
21/03/2026 00:47;450,0;443,5;7,2;6,4;-8,0;-8,0;32,0
21/03/2026 00:48;450,0;443,2;13,1;7,4;-8,0;-8,0;32,0
21/03/2026 00:49;450,0;444,6;17,9;6,7;-8,0;-7,0;32,6
21/03/2026 00:50;450,0;452,5;16,2;0,0;-8,0;-7,0;33,1
21/03/2026 00:51;450,0;461,3;6,1;0,0;-8,0;-8,0;32,7
21/03/2026 00:52;450,0;463,1;0,0;0,0;-8,0;-9,0;32,2
21/03/2026 00:53;450,0;460,7;0,0;0,0;-8,0;-8,0;32,4
21/03/2026 00:54;450,0;454,9;0,0;0,0;-8,0;-9,0;31,9
21/03/2026 00:55;450,0;450,5;0,0;0,0;-8,0;-8,0;32,0
21/03/2026 00:56;450,0;444,3;4,4;5,5;-8,0;-8,0;31,9
21/03/2026 00:57;450,0;439,7;14,9;10,7;-8,0;-7,0;32,4
21/03/2026 00:58;450,0;444,6;19,6;6,9;-8,0;-7,0;32,8
21/03/2026 00:59;450,0;453,1;16,2;0,0;-8,0;-8,0;32,7
21/03/2026 01:00;450,0;458,4;7,9;0,0;-8,0;-8,0;32,6
21/03/2026 01:01;450,0;459,9;0,0;0,0;-8,0;-9,0;32,1
21/03/2026 01:02;450,0;458,4;0,0;0,0;-8,0;-9,0;32,0
21/03/2026 01:03;450,0;455,2;0,0;0,0;-8,0;-8,0;32,1
21/03/2026 01:04;450,0;452,2;0,0;0,0;-8,0;-9,0;31,5
21/03/2026 01:05;450,0;446,7;1,9;3,0;-8,0;-9,0;31,6
21/03/2026 01:06;450,0;443,2;8,2;6,9;-8,0;-8,0;31,9
21/03/2026 01:07;450,0;440,2;17,0;10,5;-8,0;-7,0;32,3
21/03/2026 01:08;450,0;445,8;21,3;6,2;-8,0;-7,0;32,6
21/03/2026 01:09;450,0;458,7;13,5;0,0;-8,0;-8,0;32,6
21/03/2026 01:10;450,0;465,7;0,0;0,0;-8,0;-9,0;32,1
21/03/2026 01:11;450,0;467,5;0,0;0,0;-8,0;-8,0;32,1
21/03/2026 01:12;450,0;464,8;0,0;0,0;-8,0;-8,0;32,2
21/03/2026 01:13;450,0;461,0;0,0;0,0;-8,0;-9,0;31,5
21/03/2026 01:14;450,0;458,7;0,0;0,0;-8,0;-9,0;31,5
21/03/2026 01:15;450,0;455,8;0,0;0,0;-8,0;-9,0;31,3
21/03/2026 01:16;450,0;452,5;0,0;0,0;-8,0;-8,0;31,7
21/03/2026 01:17;450,0;448,4;0,6;1,5;-8,0;-8,0;31,5
21/03/2026 01:18;450,0;444,9;4,5;4,9;-8,0;-8,0;31,6
21/03/2026 01:19;450,0;441,1;12,1;9,2;-8,0;-7,0;31,9
21/03/2026 01:20;450,0;440,8;20,7;10,8;-8,0;-7,0;32,4
21/03/2026 01:21;450,0;448,4;23,2;4,1;-8,0;-7,0;32,7
21/03/2026 01:22;450,0;461,6;14,4;0,0;-8,0;-8,0;32,6
21/03/2026 01:23;450,0;469,0;0,0;0,0;-8,0;-8,0;32,4
21/03/2026 01:24;450,0;467,2;0,0;0,0;-8,0;-8,0;32,1
21/03/2026 01:25;450,0;464,3;0,0;0,0;-8,0;-9,0;31,6
21/03/2026 01:26;450,0;461,6;0,0;0,0;-8,0;-8,0;31,7
21/03/2026 01:27;450,0;456,1;0,0;0,0;-8,0;-8,0;31,7
21/03/2026 01:28;450,0;449,3;0,0;0,5;-8,0;-9,0;31,2
21/03/2026 01:29;450,0;443,2;6,7;6,7;-8,0;-9,0;31,0
21/03/2026 01:30;450,0;438,8;16,7;11,8;-8,0;-8,0;31,4
21/03/2026 01:31;450,0;440,2;25,7;11,5;-8,0;-7,0;32,1
21/03/2026 01:32;450,0;450,5;25,7;2,6;-8,0;-7,0;32,6
21/03/2026 01:33;450,0;464,0;13,2;0,0;-8,0;-8,0;32,7
21/03/2026 01:34;450,0;471,9;0,0;0,0;-8,0;-8,0;32,5
21/03/2026 01:35;450,0;470,7;0,0;0,0;-8,0;-9,0;32,0
21/03/2026 01:36;450,0;467,8;0,0;0,0;-8,0;-9,0;31,7
21/03/2026 01:37;450,0;464,3;0,0;0,0;-8,0;-8,0;31,9
21/03/2026 01:38;450,0;462,2;0,0;0,0;-8,0;-8,0;31,7
21/03/2026 01:39;450,0;459,0;0,0;0,0;-8,0;-8,0;31,7
21/03/2026 01:40;450,0;454,6;0,0;0,0;-8,0;-8,0;31,6
21/03/2026 01:41;450,0;450,5;0,0;0,0;-8,0;-8,0;31,4
21/03/2026 01:42;450,0;445,8;3,0;4,0;-8,0;-8,0;31,4
21/03/2026 01:43;450,0;442,3;9,1;7,7;-8,0;-8,0;31,3
21/03/2026 01:44;450,0;438,8;19,0;12,0;-8,0;-7,0;31,7
21/03/2026 01:45;450,0;447,0;23,1;5,4;-8,0;-6,0;32,6
21/03/2026 01:46;450,0;461,3;14,2;0,0;-8,0;-8,0;32,2
21/03/2026 01:47;450,0;466,3;0,0;0,0;-8,0;-9,0;31,6
21/03/2026 01:48;450,0;465,4;0,0;0,0;-8,0;-9,0;31,6
21/03/2026 01:49;450,0;461,9;0,0;0,0;-8,0;-9,0;31,6
21/03/2026 01:50;450,0;457,8;0,0;0,0;-8,0;-9,0;31,4
21/03/2026 01:51;450,0;452,5;0,0;0,0;-8,0;-8,0;31,5
21/03/2026 01:52;450,0;448,1;0,7;1,6;-8,0;-8,0;31,3
21/03/2026 01:53;450,0;444,6;5,9;5,4;-8,0;-8,0;31,3
21/03/2026 01:54;450,0;444,0;11,0;6,5;-8,0;-8,0;31,3
21/03/2026 01:55;450,0;444,3;16,3;6,8;-8,0;-7,0;31,7
21/03/2026 01:56;450,0;452,2;14,9;0,0;-8,0;-7,0;32,2
21/03/2026 01:57;450,0;459,6;6,0;0,0;-8,0;-9,0;31,6
21/03/2026 01:58;450,0;462,8;0,0;0,0;-8,0;-8,0;31,7
21/03/2026 01:59;450,0;463,7;0,0;0,0;-8,0;-8,0;31,5
21/03/2026 02:00;450,0;458,7;0,0;0,0;-8,0;-9,0;31,1
21/03/2026 02:01;450,0;453,7;0,0;0,0;-8,0;-8,0;31,3
21/03/2026 02:02;450,0;450,5;0,0;0,0;-8,0;-8,0;31,2
21/03/2026 02:03;450,0;447,9;1,1;1,8;-8,0;-7,0;31,7
21/03/2026 02:04;450,0;443,8;6,4;6,2;-8,0;-8,0;31,4
21/03/2026 02:05;450,0;442,0;13,2;8,5;-8,0;-8,0;31,5
21/03/2026 02:06;450,0;443,8;19,3;7,7;-8,0;-7,0;32,1
21/03/2026 02:07;450,0;453,7;16,7;0,0;-8,0;-7,0;32,4
21/03/2026 02:08;450,0;461,9;5,8;0,0;-8,0;-8,0;32,2
21/03/2026 02:09;450,0;463,1;0,0;0,0;-8,0;-8,0;32,1
21/03/2026 02:10;450,0;461,3;0,0;0,0;-8,0;-9,0;31,4
21/03/2026 02:11;450,0;460,2;0,0;0,0;-8,0;-8,0;31,9
21/03/2026 02:12;450,0;458,4;0,0;0,0;-8,0;-9,0;31,3
21/03/2026 02:13;450,0;454,6;0,0;0,0;-8,0;-8,0;31,4
21/03/2026 02:14;450,0;450,8;0,0;0,0;-8,0;-8,0;31,4
21/03/2026 02:15;450,0;446,7;2,3;3,0;-8,0;-8,0;31,3
21/03/2026 02:16;450,0;442,0;9,7;8,2;-8,0;-8,0;31,3
21/03/2026 02:17;450,0;440,2;18,6;10,7;-8,0;-7,0;31,8
21/03/2026 02:18;450,0;446,4;22,3;5,7;-8,0;-6,0;32,8
21/03/2026 02:19;450,0;458,1;15,6;0,0;-8,0;-7,0;32,6
21/03/2026 02:20;450,0;465,4;0,6;0,0;-8,0;-8,0;32,1
21/03/2026 02:21;450,0;468,4;0,0;0,0;-8,0;-8,0;31,9
21/03/2026 02:22;450,0;468,1;0,0;0,0;-8,0;-9,0;31,5
21/03/2026 02:23;450,0;464,6;0,0;0,0;-8,0;-9,0;31,3
21/03/2026 02:24;450,0;458,7;0,0;0,0;-8,0;-8,0;31,5
21/03/2026 02:25;450,0;451,4;0,0;0,0;-8,0;-7,0;31,8
21/03/2026 02:26;450,0;446,4;2,2;3,3;-8,0;-8,0;31,5
21/03/2026 02:27;450,0;442,3;8,8;7,7;-8,0;-8,0;31,5
21/03/2026 02:28;450,0;441,4;16,8;9,4;-8,0;-8,0;31,5
21/03/2026 02:29;450,0;447,9;19,4;4,1;-8,0;-7,0;32,3
21/03/2026 02:30;450,0;457,8;12,9;0,0;-8,0;-8,0;32,1
21/03/2026 02:31;450,0;464,3;0,6;0,0;-8,0;-9,0;31,7
21/03/2026 02:32;450,0;467,2;0,0;0,0;-8,0;-8,0;31,9
21/03/2026 02:33;450,0;466,0;0,0;0,0;-8,0;-9,0;31,6
21/03/2026 02:34;450,0;462,2;0,0;0,0;-8,0;-8,0;31,6
21/03/2026 02:35;450,0;458,7;0,0;0,0;-8,0;-8,0;31,7
21/03/2026 02:36;450,0;452,8;0,0;0,0;-8,0;-8,0;31,5
21/03/2026 02:37;450,0;448,4;0,6;1,5;-8,0;-8,0;31,3
21/03/2026 02:38;450,0;444,3;4,6;5,4;-8,0;-8,0;31,4
21/03/2026 02:39;450,0;440,8;13,9;9,7;-8,0;-8,0;31,4
21/03/2026 02:40;450,0;440,8;22,0;10,6;-8,0;-6,0;32,8
21/03/2026 02:41;450,0;447,3;24,9;5,3;-8,0;-7,0;32,6
21/03/2026 02:42;450,0;459,9;15,4;0,0;-8,0;-7,0;32,9
21/03/2026 02:43;450,0;466,9;0,0;0,0;-8,0;-9,0;32,2
21/03/2026 02:44;450,0;466,0;0,0;0,0;-8,0;-9,0;32,0
21/03/2026 02:45;450,0;463,4;0,0;0,0;-8,0;-9,0;31,8
21/03/2026 02:46;450,0;459,9;0,0;0,0;-8,0;-8,0;31,9
21/03/2026 02:47;450,0;456,4;0,0;0,0;-8,0;-8,0;31,9
21/03/2026 02:48;450,0;453,1;0,0;0,0;-8,0;-9,0;31,4
21/03/2026 02:49;450,0;447,3;1,4;2,4;-8,0;-8,0;31,8
21/03/2026 02:50;450,0;442,3;7,6;7,5;-8,0;-8,0;31,6
21/03/2026 02:51;450,0;440,8;16,2;9,9;-8,0;-7,0;32,0
21/03/2026 02:52;450,0;446,7;20,2;5,5;-8,0;-7,0;32,4
21/03/2026 02:53;450,0;456,1;15,2;0,0;-8,0;-8,0;32,2
21/03/2026 02:54;450,0;461,3;4,2;0,0;-8,0;-8,0;32,2
21/03/2026 02:55;450,0;461,6;0,0;0,0;-8,0;-9,0;31,9
21/03/2026 02:56;450,0;460,5;0,0;0,0;-8,0;-8,0;32,1
21/03/2026 02:57;450,0;457,2;0,0;0,0;-8,0;-9,0;31,5
21/03/2026 02:58;450,0;452,2;0,0;0,0;-8,0;-9,0;31,3
21/03/2026 02:59;450,0;448,1;0,7;1,6;-8,0;-8,0;31,5
21/03/2026 03:00;450,0;442,6;7,1;7,2;-8,0;-8,0;31,5
21/03/2026 03:01;450,0;439,1;16,1;11,3;-8,0;-7,0;32,0
21/03/2026 03:02;450,0;442,0;23,9;9,8;-8,0;-6,0;32,9
21/03/2026 03:03;450,0;454,3;21,8;0,0;-8,0;-7,0;32,8
21/03/2026 03:04;450,0;466,3;5,3;0,0;-8,0;-8,0;32,6
21/03/2026 03:05;450,0;467,8;0,0;0,0;-8,0;-8,0;32,3
21/03/2026 03:06;450,0;464,8;0,0;0,0;-8,0;-8,0;32,0
21/03/2026 03:07;450,0;460,2;0,0;0,0;-8,0;-9,0;31,6
21/03/2026 03:08;450,0;456,4;0,0;0,0;-8,0;-8,0;31,7
21/03/2026 03:09;450,0;452,0;0,0;0,0;-8,0;-8,0;31,6
21/03/2026 03:10;450,0;447,3;1,2;2,4;-8,0;-9,0;31,1
21/03/2026 03:11;450,0;442,6;7,6;7,3;-8,0;-8,0;31,5
21/03/2026 03:12;450,0;440,8;16,0;9,9;-8,0;-8,0;31,5
21/03/2026 03:13;450,0;444,6;21,2;7,1;-8,0;-7,0;32,2
21/03/2026 03:14;450,0;454,9;17,4;0,0;-8,0;-8,0;32,1
21/03/2026 03:15;450,0;462,5;5,2;0,0;-8,0;-8,0;32,2
21/03/2026 03:16;450,0;464,0;0,0;0,0;-8,0;-9,0;31,5
21/03/2026 03:17;450,0;460,2;0,0;0,0;-8,0;-9,0;31,5
21/03/2026 03:18;450,0;456,9;0,0;0,0;-8,0;-9,0;31,3
21/03/2026 03:19;450,0;452,2;0,0;0,0;-8,0;-8,0;31,3
21/03/2026 03:20;450,0;449,3;0,2;0,6;-8,0;-9,0;31,0
21/03/2026 03:21;450,0;444,9;4,1;4,8;-8,0;-8,0;31,2
21/03/2026 03:22;450,0;442,0;10,9;8,2;-8,0;-8,0;31,1
21/03/2026 03:23;450,0;441,7;18,0;9,3;-8,0;-7,0;31,6
21/03/2026 03:24;450,0;449,3;20,2;2,9;-8,0;-6,0;32,5
21/03/2026 03:25;450,0;460,7;9,3;0,0;-8,0;-8,0;31,9
21/03/2026 03:26;450,0;463,7;0,0;0,0;-8,0;-9,0;31,4
21/03/2026 03:27;450,0;461,3;0,0;0,0;-8,0;-8,0;31,5
21/03/2026 03:28;450,0;458,7;0,0;0,0;-8,0;-9,0;30,9
21/03/2026 03:29;450,0;455,8;0,0;0,0;-8,0;-8,0;31,2
21/03/2026 03:30;450,0;452,8;0,0;0,0;-8,0;-8,0;31,1
21/03/2026 03:31;450,0;448,1;0,8;1,7;-8,0;-8,0;31,0
21/03/2026 03:32;450,0;444,6;5,5;5,3;-8,0;-8,0;31,0
21/03/2026 03:33;450,0;441,7;13,1;8,7;-8,0;-8,0;31,0
21/03/2026 03:34;450,0;441,4;21,0;9,9;-8,0;-7,0;31,6
21/03/2026 03:35;450,0;451,7;19,9;0,9;-8,0;-7,0;31,9
21/03/2026 03:36;450,0;464,3;7,1;0,0;-8,0;-8,0;31,6
21/03/2026 03:37;450,0;468,1;0,0;0,0;-8,0;-9,0;31,1
21/03/2026 03:38;450,0;466,6;0,0;0,0;-8,0;-8,0;31,3
21/03/2026 03:39;450,0;462,8;0,0;0,0;-8,0;-8,0;31,4
21/03/2026 03:40;450,0;458,7;0,0;0,0;-8,0;-9,0;31,0
21/03/2026 03:41;450,0;454,9;0,0;0,0;-8,0;-8,0;31,1
21/03/2026 03:42;450,0;450,2;0,0;0,0;-8,0;-8,0;31,0
21/03/2026 03:43;450,0;445,8;2,7;3,9;-8,0;-8,0;31,0
21/03/2026 03:44;450,0;442,0;9,8;8,2;-8,0;-8,0;31,0
21/03/2026 03:45;450,0;439,7;18,2;11,1;-8,0;-7,0;31,5
21/03/2026 03:46;450,0;447,3;21,8;4,9;-8,0;-6,0;32,4
21/03/2026 03:47;450,0;457,2;15,9;0,0;-8,0;-7,0;32,3
21/03/2026 03:48;450,0;461,0;6,1;0,0;-8,0;-9,0;31,6
21/03/2026 03:49;450,0;461,0;0,0;0,0;-8,0;-8,0;31,8
21/03/2026 03:50;450,0;459,6;0,0;0,0;-8,0;-8,0;31,6
21/03/2026 03:51;450,0;455,5;0,0;0,0;-8,0;-8,0;31,5
21/03/2026 03:52;450,0;450,5;0,0;0,0;-8,0;-8,0;31,3
21/03/2026 03:53;450,0;446,4;3,1;3,4;-8,0;-8,0;31,3
21/03/2026 03:54;450,0;442,3;10,2;7,9;-8,0;-8,0;31,4
21/03/2026 03:55;450,0;442,3;17,6;8,8;-8,0;-7,0;31,8
21/03/2026 03:56;450,0;447,9;19,0;4,0;-8,0;-7,0;32,1
21/03/2026 03:57;450,0;456,1;14,2;0,0;-8,0;-8,0;31,9
21/03/2026 03:58;450,0;462,8;2,8;0,0;-8,0;-8,0;31,9
21/03/2026 03:59;450,0;464,0;0,0;0,0;-8,0;-8,0;31,6
21/03/2026 04:00;450,0;462,5;0,0;0,0;-8,0;-9,0;31,3
21/03/2026 04:01;450,0;458,1;0,0;0,0;-8,0;-8,0;31,6
21/03/2026 04:02;450,0;454,9;0,0;0,0;-8,0;-8,0;31,6
21/03/2026 04:03;450,0;452,2;0,0;0,0;-8,0;-8,0;31,4
21/03/2026 04:04;450,0;450,8;0,0;0,0;-8,0;-8,0;31,4
21/03/2026 04:05;450,0;448,1;1,1;1,7;-8,0;-8,0;31,3
21/03/2026 04:06;450,0;444,3;5,3;5,5;-8,0;-8,0;31,2
21/03/2026 04:07;450,0;441,4;12,6;9,0;-8,0;-8,0;31,2
21/03/2026 04:08;450,0;441,4;19,8;9,8;-8,0;-7,0;31,8
21/03/2026 04:09;450,0;447,9;22,9;4,5;-8,0;-7,0;32,3
21/03/2026 04:10;450,0;460,7;14,2;0,0;-8,0;-8,0;32,2
21/03/2026 04:11;450,0;467,5;0,0;0,0;-8,0;-9,0;31,7
21/03/2026 04:12;450,0;464,6;0,0;0,0;-8,0;-9,0;31,4
21/03/2026 04:13;450,0;459,6;0,0;0,0;-8,0;-9,0;31,3
21/03/2026 04:14;450,0;455,8;0,0;0,0;-8,0;-9,0;31,1
21/03/2026 04:15;450,0;451,1;0,0;0,0;-8,0;-8,0;31,3
21/03/2026 04:16;450,0;446,1;2,7;3,6;-8,0;-8,0;31,3
21/03/2026 04:17;450,0;441,7;10,2;8,4;-8,0;-8,0;31,4
21/03/2026 04:18;450,0;442,3;17,1;8,7;-8,0;-7,0;31,8
21/03/2026 04:19;450,0;447,6;19,0;4,3;-8,0;-7,0;32,3
21/03/2026 04:20;450,0;455,2;14,6;0,0;-8,0;-8,0;32,1
21/03/2026 04:21;450,0;460,5;4,7;0,0;-8,0;-8,0;32,0
21/03/2026 04:22;450,0;460,7;0,0;0,0;-8,0;-9,0;31,4
21/03/2026 04:23;450,0;457,8;0,0;0,0;-8,0;-8,0;31,8
21/03/2026 04:24;450,0;454,6;0,0;0,0;-8,0;-9,0;31,4
21/03/2026 04:25;450,0;449,6;0,0;0,2;-8,0;-8,0;31,3
21/03/2026 04:26;450,0;444,9;4,4;4,9;-8,0;-8,0;31,3
21/03/2026 04:27;450,0;440,5;12,2;9,7;-8,0;-8,0;31,3
21/03/2026 04:28;450,0;441,7;20,0;9,5;-8,0;-7,0;31,9
21/03/2026 04:29;450,0;449,6;21,1;2,8;-8,0;-7,0;32,3
21/03/2026 04:30;450,0;461,6;10,8;0,0;-8,0;-8,0;32,1
21/03/2026 04:31;450,0;466,3;0,0;0,0;-8,0;-9,0;31,8
21/03/2026 04:32;450,0;463,1;0,0;0,0;-8,0;-9,0;31,5
21/03/2026 04:33;450,0;458,4;0,0;0,0;-8,0;-9,0;31,3
21/03/2026 04:34;450,0;453,7;0,0;0,0;-8,0;-8,0;31,5
21/03/2026 04:35;450,0;448,7;0,5;1,2;-8,0;-9,0;31,1
21/03/2026 04:36;450,0;445,2;4,1;4,6;-8,0;-8,0;31,4
21/03/2026 04:37;450,0;442,3;10,5;7,9;-8,0;-8,0;31,4
21/03/2026 04:38;450,0;444,0;16,7;7,2;-8,0;-7,0;31,9
21/03/2026 04:39;450,0;454,3;14,0;0,0;-8,0;-7,0;32,3
21/03/2026 04:40;450,0;462,8;1,9;0,0;-8,0;-8,0;31,9
21/03/2026 04:41;450,0;466,9;0,0;0,0;-8,0;-9,0;31,4
21/03/2026 04:42;450,0;465,1;0,0;0,0;-8,0;-8,0;31,5
21/03/2026 04:43;450,0;461,6;0,0;0,0;-8,0;-8,0;31,4
21/03/2026 04:44;450,0;456,6;0,0;0,0;-8,0;-9,0;30,9
21/03/2026 04:45;450,0;451,7;0,0;0,0;-8,0;-8,0;31,4
21/03/2026 04:46;450,0;446,1;2,7;3,7;-8,0;-8,0;31,1
21/03/2026 04:47;450,0;442,0;10,0;8,2;-8,0;-8,0;31,1
21/03/2026 04:48;450,0;440,2;18,5;10,7;-8,0;-7,0;31,5
21/03/2026 04:49;450,0;444,9;23,6;7,1;-8,0;-6,0;32,4
21/03/2026 04:50;450,0;454,6;19,7;0,0;-8,0;-7,0;32,3
21/03/2026 04:51;450,0;461,9;8,7;0,0;-8,0;-8,0;32,2
21/03/2026 04:52;450,0;463,4;0,0;0,0;-8,0;-8,0;32,0
21/03/2026 04:53;450,0;463,1;0,0;0,0;-8,0;-8,0;31,7
21/03/2026 04:54;450,0;460,2;0,0;0,0;-8,0;-9,0;31,4
21/03/2026 04:55;450,0;456,9;0,0;0,0;-8,0;-8,0;31,5
21/03/2026 04:56;450,0;453,7;0,0;0,0;-8,0;-8,0;31,4
21/03/2026 04:57;450,0;450,5;0,0;0,0;-8,0;-8,0;31,3
21/03/2026 04:58;450,0;445,8;2,9;4,0;-8,0;-9,0;30,8
21/03/2026 04:59;450,0;441,4;10,1;8,6;-8,0;-8,0;31,2
21/03/2026 05:00;450,0;439,7;19,3;11,2;-8,0;-7,0;31,9
21/03/2026 05:01;450,0;445,5;24,2;6,7;-8,0;-7,0;32,1
21/03/2026 05:02;450,0;459,0;18,6;0,0;-8,0;-7,0;32,5
21/03/2026 05:03;450,0;470,1;0,0;0,0;-8,0;-9,0;31,7
21/03/2026 05:04;450,0;470,4;0,0;0,0;-8,0;-9,0;31,6
21/03/2026 05:05;450,0;465,7;0,0;0,0;-8,0;-9,0;31,4
21/03/2026 05:06;450,0;459,6;0,0;0,0;-8,0;-9,0;31,0
21/03/2026 05:07;450,0;452,8;0,0;0,0;-8,0;-8,0;31,5
21/03/2026 05:08;450,0;447,3;1,8;2,5;-8,0;-9,0;31,0
21/03/2026 05:09;450,0;442,9;8,0;7,0;-8,0;-8,0;31,3
21/03/2026 05:10;450,0;442,6;14,6;8,1;-8,0;-8,0;31,3
21/03/2026 05:11;450,0;444,3;19,7;7,3;-8,0;-7,0;31,9
21/03/2026 05:12;450,0;450,2;20,3;2,3;-8,0;-7,0;32,2
21/03/2026 05:13;450,0;460,7;10,8;0,0;-8,0;-8,0;32,0
21/03/2026 05:14;450,0;465,4;0,0;0,0;-8,0;-7,0;32,4
21/03/2026 05:15;450,0;464,8;0,0;0,0;-8,0;-8,0;31,8
21/03/2026 05:16;450,0;462,8;0,0;0,0;-8,0;-8,0;31,7
21/03/2026 05:17;450,0;457,8;0,0;0,0;-8,0;-9,0;31,2
21/03/2026 05:18;450,0;452,0;0,0;0,0;-8,0;-9,0;31,0
21/03/2026 05:19;450,0;447,0;1,7;2,7;-8,0;-9,0;30,9
21/03/2026 05:20;450,0;442,0;8,3;7,9;-8,0;-8,0;31,2
21/03/2026 05:21;450,0;439,9;16,9;10,8;-8,0;-7,0;31,7
21/03/2026 05:22;450,0;445,5;21,5;6,5;-8,0;-7,0;32,3
21/03/2026 05:23;450,0;453,7;18,3;0,0;-8,0;-7,0;32,5
21/03/2026 05:24;450,0;461,0;7,5;0,0;-8,0;-9,0;31,8
21/03/2026 05:25;450,0;462,8;0,0;0,0;-8,0;-9,0;31,6
21/03/2026 05:26;450,0;461,3;0,0;0,0;-8,0;-8,0;31,9
21/03/2026 05:27;450,0;459,6;0,0;0,0;-8,0;-8,0;31,5
21/03/2026 05:28;450,0;456,9;0,0;0,0;-8,0;-8,0;31,5
21/03/2026 05:29;450,0;453,4;0,0;0,0;-8,0;-8,0;31,5
21/03/2026 05:30;450,0;451,1;0,0;0,0;-8,0;-9,0;31,4
21/03/2026 05:31;450,0;447,6;1,2;2,1;-8,0;-8,0;31,3
21/03/2026 05:32;450,0;444,6;6,1;5,4;-8,0;-8,0;31,3
21/03/2026 05:33;450,0;442,3;12,4;8,2;-8,0;-8,0;31,3
21/03/2026 05:34;450,0;443,5;17,8;7,6;-8,0;-7,0;31,8
21/03/2026 05:35;450,0;449,0;18,5;2,9;-8,0;-8,0;31,7
21/03/2026 05:36;450,0;455,8;14,4;0,0;-8,0;-7,0;32,1
21/03/2026 05:37;450,0;459,9;5,5;0,0;-8,0;-8,0;32,0
21/03/2026 05:38;450,0;458,7;0,0;0,0;-8,0;-9,0;31,4
21/03/2026 05:39;450,0;454,6;0,0;0,0;-8,0;-8,0;31,7
21/03/2026 05:40;450,0;449,6;0,0;0,2;-8,0;-9,0;31,2
21/03/2026 05:41;450,0;446,7;3,1;3,1;-8,0;-8,0;31,6
21/03/2026 05:42;450,0;443,8;8,2;6,4;-8,0;-8,0;31,5
21/03/2026 05:43;450,0;443,8;13,7;7,0;-8,0;-8,0;31,5
21/03/2026 05:44;450,0;450,5;13,9;1,2;-8,0;-8,0;31,9
21/03/2026 05:45;450,0;456,9;7,8;0,0;-8,0;-8,0;31,8
21/03/2026 05:46;450,0;459,0;0,0;0,0;-8,0;-9,0;31,4
21/03/2026 05:47;450,0;457,2;0,0;0,0;-8,0;-9,0;31,3
21/03/2026 05:48;450,0;455,5;0,0;0,0;-8,0;-8,0;31,5
21/03/2026 05:49;450,0;452,2;0,0;0,0;-8,0;-8,0;31,3
21/03/2026 05:50;450,0;449,6;0,0;0,3;-8,0;-8,0;31,3
21/03/2026 05:51;450,0;446,7;2,5;3,0;-8,0;-8,0;31,2
21/03/2026 05:52;450,0;443,8;9,2;6,5;-8,0;-8,0;31,2
21/03/2026 05:53;450,0;444,6;14,0;6,2;-8,0;-7,0;31,7
21/03/2026 05:54;450,0;449,3;14,8;2,3;-8,0;-8,0;31,5
21/03/2026 05:55;450,0;455,8;9,4;0,0;-8,0;-8,0;31,5
21/03/2026 05:56;450,0;457,5;2,4;0,0;-8,0;-8,0;31,4
21/03/2026 05:57;450,0;456,4;0,0;0,0;-8,0;-9,0;31,0
21/03/2026 05:58;450,0;453,1;0,0;0,0;-8,0;-8,0;31,3
21/03/2026 05:59;450,0;449,0;0,0;0,8;-8,0;-9,0;31,0
21/03/2026 06:00;450,0;445,5;4,3;4,4;-8,0;-8,0;31,3
21/03/2026 06:01;450,0;442,6;10,7;7,7;-8,0;-8,0;31,3
21/03/2026 06:02;450,0;444,3;16,0;6,9;-8,0;-8,0;31,4
21/03/2026 06:03;450,0;451,4;15,2;0,6;-8,0;-7,0;32,1
21/03/2026 06:04;450,0;459,3;6,6;0,0;-8,0;-8,0;31,7
21/03/2026 06:05;450,0;461,0;0,0;0,0;-8,0;-9,0;31,4
21/03/2026 06:06;450,0;458,1;0,0;0,0;-8,0;-9,0;31,3
21/03/2026 06:07;450,0;454,0;0,0;0,0;-8,0;-8,0;31,6
21/03/2026 06:08;450,0;450,2;0,0;0,0;-8,0;-8,0;31,6
21/03/2026 06:09;450,0;447,0;2,6;2,9;-8,0;-9,0;31,1
21/03/2026 06:10;450,0;442,9;8,8;7,2;-8,0;-8,0;31,4
21/03/2026 06:11;450,0;442,3;15,3;8,5;-8,0;-7,0;31,8
21/03/2026 06:12;450,0;445,5;19,6;6,1;-8,0;-7,0;32,1
21/03/2026 06:13;450,0;454,0;16,2;0,0;-8,0;-7,0;32,7
21/03/2026 06:14;450,0;460,7;7,5;0,0;-8,0;-8,0;32,3
21/03/2026 06:15;450,0;461,9;0,0;0,0;-8,0;-9,0;31,7
21/03/2026 06:16;450,0;459,6;0,0;0,0;-8,0;-8,0;31,9
21/03/2026 06:17;450,0;455,8;0,0;0,0;-8,0;-8,0;31,8
21/03/2026 06:18;450,0;451,7;0,0;0,0;-8,0;-9,0;31,3
21/03/2026 06:19;450,0;447,6;1,4;2,2;-8,0;-8,0;31,6
21/03/2026 06:20;450,0;443,8;6,9;6,2;-8,0;-7,0;31,9
21/03/2026 06:21;450,0;442,3;14,0;8,3;-8,0;-8,0;31,7
21/03/2026 06:22;450,0;445,8;18,1;5,7;-8,0;-7,0;32,3
21/03/2026 06:23;450,0;455,2;13,6;0,0;-8,0;-8,0;32,0
21/03/2026 06:24;450,0;461,0;3,7;0,0;-8,0;-8,0;32,0
21/03/2026 06:25;450,0;459,9;0,0;0,0;-8,0;-8,0;31,8
21/03/2026 06:26;450,0;456,4;0,0;0,0;-8,0;-9,0;31,2
21/03/2026 06:27;450,0;453,4;0,0;0,0;-8,0;-8,0;31,7
21/03/2026 06:28;450,0;449,3;0,3;0,6;-8,0;-8,0;31,7
21/03/2026 06:29;450,0;445,8;3,3;4,0;-8,0;-9,0;31,3
21/03/2026 06:30;450,0;442,6;10,0;7,6;-8,0;-8,0;31,5
21/03/2026 06:31;450,0;440,5;18,0;10,4;-8,0;-7,0;31,9
21/03/2026 06:32;450,0;445,2;23,2;6,9;-8,0;-7,0;32,3
21/03/2026 06:33;450,0;455,8;18,8;0,0;-8,0;-7,0;32,6
21/03/2026 06:34;450,0;461,6;7,6;0,0;-8,0;-9,0;31,9
21/03/2026 06:35;450,0;462,2;0,0;0,0;-8,0;-8,0;32,2
21/03/2026 06:36;450,0;460,2;0,0;0,0;-8,0;-9,0;31,6
21/03/2026 06:37;450,0;456,6;0,0;0,0;-8,0;-9,0;31,3
21/03/2026 06:38;450,0;452,8;0,0;0,0;-8,0;-8,0;31,5
21/03/2026 06:39;450,0;448,1;0,5;1,6;-8,0;-8,0;31,3
21/03/2026 06:40;450,0;443,5;6,0;6,3;-8,0;-8,0;31,4
21/03/2026 06:41;450,0;441,7;14,3;8,9;-8,0;-8,0;31,4
21/03/2026 06:42;450,0;447,9;16,9;3,8;-8,0;-7,0;32,1
21/03/2026 06:43;450,0;457,5;9,3;0,0;-8,0;-8,0;31,9
21/03/2026 06:44;450,0;462,5;0,0;0,0;-8,0;-8,0;31,9
21/03/2026 06:45;450,0;463,7;0,0;0,0;-8,0;-8,0;31,7
21/03/2026 06:46;450,0;461,3;0,0;0,0;-8,0;-8,0;31,6
21/03/2026 06:47;450,0;458,1;0,0;0,0;-8,0;-8,0;31,6
21/03/2026 06:48;450,0;453,4;0,0;0,0;-8,0;-8,0;31,4
21/03/2026 06:49;450,0;447,6;1,3;2,2;-8,0;-8,0;31,3
21/03/2026 06:50;450,0;443,5;6,7;6,4;-8,0;-8,0;31,5
21/03/2026 06:51;450,0;439,9;15,7;10,6;-8,0;-8,0;31,5
21/03/2026 06:52;450,0;444,9;21,0;6,9;-8,0;-7,0;32,2
21/03/2026 06:53;450,0;454,9;17,3;0,0;-8,0;-7,0;32,5
21/03/2026 06:54;450,0;464,8;4,1;0,0;-8,0;-8,0;32,2
21/03/2026 06:55;450,0;465,1;0,0;0,0;-8,0;-9,0;31,7
21/03/2026 06:56;450,0;461,3;0,0;0,0;-8,0;-8,0;32,0
21/03/2026 06:57;450,0;457,2;0,0;0,0;-8,0;-8,0;32,1
21/03/2026 06:58;450,0;452,8;0,0;0,0;-8,0;-8,0;31,9
21/03/2026 06:59;450,0;448,1;0,7;1,6;-8,0;-8,0;31,8
21/03/2026 07:00;450,0;443,8;6,1;6,1;-8,0;-8,0;31,8
21/03/2026 07:01;450,0;441,7;14,0;8,8;-8,0;-8,0;31,8
21/03/2026 07:02;450,0;443,2;20,1;8,2;-8,0;-7,0;32,4
21/03/2026 07:03;450,0;452,2;18,5;0,3;-8,0;-7,0;32,7
21/03/2026 07:04;450,0;462,8;5,9;0,0;-8,0;-7,0;32,8
21/03/2026 07:05;450,0;464,0;0,0;0,0;-8,0;-9,0;31,9
21/03/2026 07:06;450,0;462,8;0,0;0,0;-8,0;-9,0;31,8
21/03/2026 07:07;450,0;460,2;0,0;0,0;-8,0;-9,0;31,7
21/03/2026 07:08;450,0;458,4;0,0;0,0;-8,0;-9,0;31,6
21/03/2026 07:09;450,0;455,2;0,0;0,0;-8,0;-8,0;31,9
21/03/2026 07:10;450,0;452,2;0,0;0,0;-8,0;-9,0;31,2
21/03/2026 07:11;450,0;449,6;0,0;0,3;-8,0;-8,0;31,6
21/03/2026 07:12;450,0;445,8;3,7;4,1;-8,0;-9,0;31,2
21/03/2026 07:13;450,0;442,6;10,1;7,6;-8,0;-8,0;31,5
21/03/2026 07:14;450,0;442,6;16,5;8,4;-8,0;-8,0;31,5
21/03/2026 07:15;450,0;447,9;18,6;3,9;-8,0;-7,0;32,3
21/03/2026 07:16;450,0;456,6;13,6;0,0;-8,0;-8,0;32,1
21/03/2026 07:17;450,0;461,9;3,0;0,0;-8,0;-8,0;32,1
21/03/2026 07:18;450,0;463,7;0,0;0,0;-8,0;-9,0;31,7
21/03/2026 07:19;450,0;462,8;0,0;0,0;-8,0;-8,0;32,0
21/03/2026 07:20;450,0;459,6;0,0;0,0;-8,0;-9,0;31,3
21/03/2026 07:21;450,0;454,3;0,0;0,0;-8,0;-9,0;31,3
21/03/2026 07:22;450,0;449,0;0,0;0,7;-8,0;-9,0;31,1
21/03/2026 07:23;450,0;443,8;4,8;5,9;-8,0;-9,0;30,9
21/03/2026 07:24;450,0;439,9;13,0;10,2;-8,0;-8,0;31,3
21/03/2026 07:25;450,0;441,7;21,9;9,7;-8,0;-7,0;31,9
21/03/2026 07:26;450,0;449,6;22,3;2,9;-8,0;-6,0;32,7
21/03/2026 07:27;450,0;459,3;13,5;0,0;-8,0;-8,0;32,1
21/03/2026 07:28;450,0;464,0;0,4;0,0;-8,0;-9,0;31,7
21/03/2026 07:29;450,0;462,8;0,0;0,0;-8,0;-9,0;31,5
21/03/2026 07:30;450,0;459,9;0,0;0,0;-8,0;-8,0;31,6
21/03/2026 07:31;450,0;456,1;0,0;0,0;-8,0;-8,0;31,6
21/03/2026 07:32;450,0;451,7;0,0;0,0;-8,0;-9,0;31,0
21/03/2026 07:33;450,0;448,7;0,2;1,1;-8,0;-9,0;31,1
21/03/2026 07:34;450,0;443,8;6,0;6,1;-8,0;-8,0;31,4
21/03/2026 07:35;450,0;441,1;13,8;9,4;-8,0;-8,0;31,4
21/03/2026 07:36;450,0;442,3;20,5;9,1;-8,0;-7,0;32,0
21/03/2026 07:37;450,0;449,0;21,5;3,3;-8,0;-7,0;32,3
21/03/2026 07:38;450,0;460,2;13,4;0,0;-8,0;-7,0;32,6
21/03/2026 07:39;450,0;467,2;0,0;0,0;-8,0;-8,0;32,2
21/03/2026 07:40;450,0;464,6;0,0;0,0;-8,0;-9,0;31,7
21/03/2026 07:41;450,0;461,0;0,0;0,0;-8,0;-8,0;31,9
21/03/2026 07:42;450,0;456,4;0,0;0,0;-8,0;-8,0;31,8
21/03/2026 07:43;450,0;449,9;0,0;0,0;-8,0;-8,0;31,8
21/03/2026 07:44;450,0;445,5;3,7;4,4;-8,0;-8,0;31,7
21/03/2026 07:45;450,0;441,1;10,9;9,1;-8,0;-8,0;31,6
21/03/2026 07:46;450,0;441,4;20,4;9,9;-8,0;-7,0;32,3
21/03/2026 07:47;450,0;450,5;20,1;2,0;-8,0;-7,0;32,5
21/03/2026 07:48;450,0;462,5;9,5;0,0;-8,0;-7,0;32,7
21/03/2026 07:49;450,0;465,1;0,0;0,0;-8,0;-8,0;32,2
21/03/2026 07:50;450,0;463,7;0,0;0,0;-8,0;-9,0;31,8
21/03/2026 07:51;450,0;459,6;0,0;0,0;-8,0;-8,0;32,1
21/03/2026 07:52;450,0;456,1;0,0;0,0;-8,0;-8,0;32,0
21/03/2026 07:53;450,0;450,8;0,0;0,0;-8,0;-8,0;32,0
21/03/2026 07:54;450,0;447,9;1,4;1,9;-8,0;-8,0;31,9
21/03/2026 07:55;450,0;442,3;8,2;7,6;-8,0;-8,0;31,9
21/03/2026 07:56;450,0;440,2;17,1;10,5;-8,0;-7,0;32,6
21/03/2026 07:57;450,0;445,2;21,6;6,7;-8,0;-7,0;32,9
21/03/2026 07:58;450,0;455,8;16,2;0,0;-8,0;-7,0;33,2
21/03/2026 07:59;450,0;462,2;4,9;0,0;-8,0;-8,0;32,9
21/03/2026 08:00;450,0;461,0;0,0;0,0;-8,0;-8,0;32,8
21/03/2026 08:01;450,0;458,4;0,0;0,0;-8,0;-8,0;32,6
21/03/2026 08:02;450,0;455,2;0,0;0,0;-8,0;-8,0;32,6
21/03/2026 08:03;450,0;452,5;0,0;0,0;-8,0;-8,0;32,7
21/03/2026 08:04;450,0;448,7;0,2;1,1;-8,0;-8,0;32,5
21/03/2026 08:05;450,0;444,9;4,2;4,9;-8,0;-8,0;32,5
21/03/2026 08:06;450,0;441,1;11,6;9,1;-8,0;-8,0;32,4
21/03/2026 08:07;450,0;442,3;19,9;9,1;-8,0;-7,0;32,9
21/03/2026 08:08;450,0;452,8;18,3;0,0;-8,0;-7,0;33,3
21/03/2026 08:09;450,0;463,4;6,8;0,0;-8,0;-9,0;32,5
21/03/2026 08:10;450,0;466,0;0,0;0,0;-8,0;-8,0;32,7
21/03/2026 08:11;450,0;463,1;0,0;0,0;-8,0;-8,0;32,5
21/03/2026 08:12;450,0;457,8;0,0;0,0;-8,0;-9,0;32,1
21/03/2026 08:13;450,0;454,3;0,0;0,0;-8,0;-9,0;31,7
21/03/2026 08:14;450,0;449,9;0,0;0,0;-8,0;-8,0;31,9
21/03/2026 08:15;450,0;444,6;4,7;5,2;-8,0;-8,0;32,0
21/03/2026 08:16;450,0;440,8;13,0;9,6;-8,0;-8,0;32,0
21/03/2026 08:17;450,0;440,5;21,7;10,8;-8,0;-7,0;32,6
21/03/2026 08:18;450,0;451,4;21,6;1,4;-8,0;-7,0;33,1
21/03/2026 08:19;450,0;464,6;8,6;0,0;-8,0;-8,0;32,8
21/03/2026 08:20;450,0;468,4;0,0;0,0;-8,0;-9,0;32,2
21/03/2026 08:21;450,0;469,5;0,0;0,0;-8,0;-8,0;32,3
21/03/2026 08:22;450,0;468,4;0,0;0,0;-8,0;-8,0;32,1
21/03/2026 08:23;450,0;464,3;0,0;0,0;-8,0;-9,0;31,5
21/03/2026 08:24;450,0;457,8;0,0;0,0;-8,0;-8,0;31,8
21/03/2026 08:25;450,0;452,2;0,0;0,0;-8,0;-8,0;31,9
21/03/2026 08:26;450,0;447,0;1,4;2,7;-8,0;-9,0;31,2
21/03/2026 08:27;450,0;442,3;8,3;7,7;-8,0;-8,0;31,6
21/03/2026 08:28;450,0;439,4;17,7;11,3;-8,0;-7,0;32,0
21/03/2026 08:29;450,0;443,8;23,4;8,1;-8,0;-7,0;32,4
21/03/2026 08:30;450,0;455,2;19,6;0,0;-8,0;-7,0;32,7
21/03/2026 08:31;450,0;464,6;6,1;0,0;-8,0;-9,0;32,0
21/03/2026 08:32;450,0;464,6;0,0;0,0;-8,0;-8,0;32,2
21/03/2026 08:33;450,0;462,8;0,0;0,0;-8,0;-8,0;32,3
21/03/2026 08:34;450,0;458,7;0,0;0,0;-8,0;-9,0;32,1
21/03/2026 08:35;450,0;454,0;0,0;0,0;-8,0;-9,0;31,6
21/03/2026 08:36;450,0;449,6;0,0;0,3;-8,0;-8,0;31,7
21/03/2026 08:37;450,0;444,6;4,6;5,1;-8,0;-7,0;31,6
21/03/2026 08:38;450,0;441,7;12,2;8,6;-8,0;-8,0;31,7
21/03/2026 08:39;450,0;442,0;19,5;9,3;-8,0;-7,0;32,2
21/03/2026 08:40;450,0;449,6;20,0;2,6;-8,0;-7,0;32,6
21/03/2026 08:41;450,0;458,1;12,9;0,0;-8,0;-8,0;32,5
21/03/2026 08:42;450,0;464,8;0,0;0,0;-8,0;-8,0;32,4
21/03/2026 08:43;450,0;465,1;0,0;0,0;-8,0;-9,0;31,9
21/03/2026 08:44;450,0;461,6;0,0;0,0;-8,0;-9,0;31,6
21/03/2026 08:45;450,0;456,6;0,0;0,0;-8,0;-9,0;31,6
21/03/2026 08:46;450,0;450,8;0,0;0,0;-8,0;-8,0;31,6
21/03/2026 08:47;450,0;446,1;3,3;3,7;-8,0;-7,0;32,0
21/03/2026 08:48;450,0;441,7;10,3;8,4;-8,0;-8,0;31,7
21/03/2026 08:49;450,0;443,2;16,5;7,8;-8,0;-8,0;31,6
21/03/2026 08:50;450,0;449,0;17,9;2,9;-8,0;-7,0;32,4
21/03/2026 08:51;450,0;456,1;12,4;0,0;-8,0;-8,0;32,2
21/03/2026 08:52;450,0;459,3;3,7;0,0;-8,0;-8,0;32,1
21/03/2026 08:53;450,0;457,8;0,0;0,0;-8,0;-9,0;31,6
21/03/2026 08:54;450,0;454,6;0,0;0,0;-8,0;-8,0;31,8
21/03/2026 08:55;450,0;450,2;0,0;0,0;-8,0;-9,0;31,3
21/03/2026 08:56;450,0;445,5;3,3;4,3;-8,0;-8,0;31,6
21/03/2026 08:57;450,0;441,1;10,6;9,0;-8,0;-8,0;31,7
21/03/2026 08:58;450,0;442,3;17,9;8,8;-8,0;-7,0;32,1
21/03/2026 08:59;450,0;451,1;17,9;1,1;-8,0;-7,0;32,4
21/03/2026 09:00;450,0;459,9;9,8;0,0;-8,0;-8,0;32,2
21/03/2026 09:01;450,0;461,6;0,0;0,0;-8,0;-9,0;31,5
21/03/2026 09:02;450,0;460,2;0,0;0,0;-8,0;-9,0;31,5
21/03/2026 09:03;450,0;456,9;0,0;0,0;-8,0;-9,0;31,5
21/03/2026 09:04;450,0;453,1;0,0;0,0;-8,0;-9,0;31,3
21/03/2026 09:05;450,0;449,3;0,2;0,6;-8,0;-8,0;31,4
21/03/2026 09:06;450,0;445,2;4,7;4,8;-8,0;-7,0;31,9
21/03/2026 09:07;450,0;441,4;12,4;8,9;-8,0;-8,0;31,6
21/03/2026 09:08;450,0;442,0;20,1;9,4;-8,0;-7,0;32,3
21/03/2026 09:09;450,0;452,5;18,0;0,0;-8,0;-7,0;32,6
21/03/2026 09:10;450,0;465,1;3,5;0,0;-8,0;-9,0;31,8
21/03/2026 09:11;450,0;468,1;0,0;0,0;-8,0;-8,0;32,2
21/03/2026 09:12;450,0;468,1;0,0;0,0;-8,0;-8,0;32,2
21/03/2026 09:13;450,0;467,8;0,0;0,0;-8,0;-8,0;31,9
21/03/2026 09:14;450,0;466,6;0,0;0,0;-8,0;-9,0;31,3
21/03/2026 09:15;450,0;462,5;0,0;0,0;-8,0;-9,0;31,2
21/03/2026 09:16;450,0;457,8;0,0;0,0;-8,0;-8,0;31,6
21/03/2026 09:17;450,0;451,1;0,0;0,0;-8,0;-9,0;31,1
21/03/2026 09:18;450,0;443,8;4,3;5,9;-8,0;-9,0;30,9
21/03/2026 09:19;450,0;439,1;13,5;11,1;-8,0;-8,0;31,3
21/03/2026 09:20;450,0;439,7;22,6;11,6;-8,0;-7,0;32,1
21/03/2026 09:21;450,0;450,2;23,7;2,7;-8,0;-6,0;33,1
21/03/2026 09:22;450,0;464,8;12,2;0,0;-8,0;-8,0;32,5
21/03/2026 09:23;450,0;471,6;0,0;0,0;-8,0;-8,0;32,4
21/03/2026 09:24;450,0;469,2;0,0;0,0;-8,0;-8,0;32,0
21/03/2026 09:25;450,0;464,8;0,0;0,0;-8,0;-9,0;31,5
21/03/2026 09:26;450,0;459,0;0,0;0,0;-8,0;-8,0;31,9
21/03/2026 09:27;450,0;454,9;0,0;0,0;-8,0;-9,0;31,2
21/03/2026 09:28;450,0;450,8;0,0;0,0;-8,0;-8,0;31,5
21/03/2026 09:29;450,0;445,5;3,6;4,4;-8,0;-8,0;31,4
21/03/2026 09:30;450,0;441,1;11,5;9,1;-8,0;-8,0;31,4
21/03/2026 09:31;450,0;437,9;21,9;12,0;-8,0;-7,0;32,1
21/03/2026 09:32;450,0;444,6;27,8;7,9;-8,0;-6,0;33,0
21/03/2026 09:33;450,0;461,9;17,1;0,0;-8,0;-8,0;32,5
21/03/2026 09:34;450,0;468,7;0,0;0,0;-8,0;-9,0;31,9
21/03/2026 09:35;450,0;466,9;0,0;0,0;-8,0;-8,0;32,0
21/03/2026 09:36;450,0;462,5;0,0;0,0;-8,0;-9,0;31,5
21/03/2026 09:37;450,0;458,4;0,0;0,0;-8,0;-9,0;31,4
21/03/2026 09:38;450,0;453,1;0,0;0,0;-8,0;-8,0;31,6
21/03/2026 09:39;450,0;448,7;0,4;1,2;-8,0;-8,0;31,6
21/03/2026 09:40;450,0;444,3;4,8;5,5;-8,0;-8,0;31,5
21/03/2026 09:41;450,0;442,0;12,2;8,4;-8,0;-8,0;31,6
21/03/2026 09:42;450,0;444,3;17,8;7,0;-8,0;-7,0;32,0
21/03/2026 09:43;450,0;451,4;17,1;1,0;-8,0;-7,0;32,5
21/03/2026 09:44;450,0;458,1;9,9;0,0;-8,0;-8,0;32,2
21/03/2026 09:45;450,0;459,6;0,8;0,0;-8,0;-8,0;32,1
21/03/2026 09:46;450,0;457,2;0,0;0,0;-8,0;-9,0;31,6
21/03/2026 09:47;450,0;452,2;0,0;0,0;-8,0;-8,0;31,9
21/03/2026 09:48;450,0;447,0;1,9;2,8;-8,0;-8,0;31,6
21/03/2026 09:49;450,0;443,2;7,0;6,6;-8,0;-8,0;31,6
21/03/2026 09:50;450,0;441,1;15,8;9,6;-8,0;-7,0;32,2
21/03/2026 09:51;450,0;443,2;22,4;8,5;-8,0;-7,0;32,5
21/03/2026 09:52;450,0;450,2;22,2;2,5;-8,0;-7,0;32,8
21/03/2026 09:53;450,0;460,5;12,4;0,0;-8,0;-8,0;32,6
21/03/2026 09:54;450,0;465,7;0,0;0,0;-8,0;-9,0;32,0
21/03/2026 09:55;450,0;465,7;0,0;0,0;-8,0;-8,0;32,3
21/03/2026 09:56;450,0;462,8;0,0;0,0;-8,0;-9,0;31,7
21/03/2026 09:57;450,0;459,0;0,0;0,0;-8,0;-8,0;31,9
21/03/2026 09:58;450,0;454,9;0,0;0,0;-8,0;-9,0;31,4
21/03/2026 09:59;450,0;450,5;0,0;0,0;-8,0;-9,0;31,0
21/03/2026 10:00;450,0;446,7;2,5;3,1;-8,0;-9,0;31,0
21/03/2026 10:01;450,0;442,9;8,8;7,2;-8,0;-8,0;31,4
21/03/2026 10:02;450,0;444,3;13,8;6,5;-8,0;-7,0;31,8
21/03/2026 10:03;450,0;448,7;14,9;2,8;-8,0;-8,0;31,4
21/03/2026 10:04;450,0;454,6;10,9;0,0;-8,0;-8,0;31,5
21/03/2026 10:05;450,0;458,7;3,1;0,0;-8,0;-8,0;31,6
21/03/2026 10:06;450,0;456,4;0,0;0,0;-8,0;-9,0;31,0
21/03/2026 10:07;450,0;453,1;0,0;0,0;-8,0;-8,0;31,3
21/03/2026 10:08;450,0;448,7;0,2;1,1;-8,0;-8,0;31,2
21/03/2026 10:09;450,0;444,3;5,0;5,5;-8,0;-7,0;31,5
21/03/2026 10:10;450,0;441,7;12,4;8,7;-8,0;-8,0;31,2
21/03/2026 10:11;450,0;443,2;18,8;8,0;-8,0;-7,0;31,7
21/03/2026 10:12;450,0;452,5;18,4;0,1;-8,0;-8,0;31,6
21/03/2026 10:13;450,0;462,8;5,3;0,0;-8,0;-9,0;31,2
21/03/2026 10:14;450,0;467,8;0,0;0,0;-8,0;-8,0;31,5
21/03/2026 10:15;450,0;468,4;0,0;0,0;-8,0;-8,0;31,5
21/03/2026 10:16;450,0;466,9;0,0;0,0;-8,0;-8,0;31,3
21/03/2026 10:17;450,0;463,4;0,0;0,0;-8,0;-8,0;31,2
21/03/2026 10:18;450,0;459,3;0,0;0,0;-8,0;-8,0;31,2
21/03/2026 10:19;450,0;452,0;0,0;0,0;-8,0;-8,0;31,2
21/03/2026 10:20;450,0;446,1;2,5;3,6;-8,0;-8,0;31,2
21/03/2026 10:21;450,0;440,8;11,1;9,4;-8,0;-8,0;31,2
21/03/2026 10:22;450,0;440,8;20,1;10,3;-8,0;-7,0;31,8
21/03/2026 10:23;450,0;445,2;24,3;7,0;-8,0;-6,0;32,5
21/03/2026 10:24;450,0;456,1;19,0;0,0;-8,0;-7,0;33,2
21/03/2026 10:25;450,0;465,4;5,5;0,0;-8,0;-8,0;32,4
21/03/2026 10:26;450,0;466,9;0,0;0,0;-8,0;-9,0;31,7
21/03/2026 10:27;450,0;465,7;0,0;0,0;-8,0;-8,0;32,0
21/03/2026 10:28;450,0;461,0;0,0;0,0;-8,0;-8,0;31,7
21/03/2026 10:29;450,0;456,4;0,0;0,0;-8,0;-8,0;31,7
21/03/2026 10:30;450,0;452,0;0,0;0,0;-8,0;-8,0;31,5
21/03/2026 10:31;450,0;447,6;1,5;2,2;-8,0;-9,0;30,9
21/03/2026 10:32;450,0;443,2;7,1;6,7;-8,0;-8,0;31,4
21/03/2026 10:33;450,0;440,5;15,4;10,1;-8,0;-8,0;31,3
21/03/2026 10:34;450,0;441,4;23,4;10,1;-8,0;-7,0;32,1
21/03/2026 10:35;450,0;450,8;23,7;2,1;-8,0;-6,0;32,9
21/03/2026 10:36;450,0;463,4;11,0;0,0;-8,0;-8,0;32,3
21/03/2026 10:37;450,0;469,5;0,0;0,0;-8,0;-9,0;31,9
21/03/2026 10:38;450,0;466,6;0,0;0,0;-8,0;-8,0;32,0
21/03/2026 10:39;450,0;460,5;0,0;0,0;-8,0;-9,0;31,5
21/03/2026 10:40;450,0;455,2;0,0;0,0;-8,0;-8,0;31,7
21/03/2026 10:41;450,0;450,8;0,0;0,0;-8,0;-8,0;31,4
21/03/2026 10:42;450,0;446,1;2,8;3,6;-8,0;-8,0;31,2
21/03/2026 10:43;450,0;442,9;8,8;7,1;-8,0;-7,0;31,6
21/03/2026 10:44;450,0;440,8;17,1;10,0;-8,0;-7,0;31,6
21/03/2026 10:45;450,0;446,7;20,3;5,1;-8,0;-7,0;32,0
21/03/2026 10:46;450,0;457,5;13,5;0,0;-8,0;-8,0;31,8
21/03/2026 10:47;450,0;465,1;0,3;0,0;-8,0;-8,0;31,9
21/03/2026 10:48;450,0;467,2;0,0;0,0;-8,0;-8,0;31,8
21/03/2026 10:49;450,0;467,2;0,0;0,0;-8,0;-8,0;31,6
21/03/2026 10:50;450,0;463,7;0,0;0,0;-8,0;-8,0;31,3
21/03/2026 10:51;450,0;457,5;0,0;0,0;-8,0;-8,0;31,4
21/03/2026 10:52;450,0;453,4;0,0;0,0;-8,0;-8,0;31,2
21/03/2026 10:53;450,0;448,1;0,8;1,7;-8,0;-8,0;31,1
21/03/2026 10:54;450,0;443,8;6,1;6,1;-8,0;-8,0;31,0
21/03/2026 10:55;450,0;442,3;13,2;8,3;-8,0;-8,0;31,0
21/03/2026 10:56;450,0;445,8;17,5;5,7;-8,0;-7,0;31,6
21/03/2026 10:57;450,0;453,1;15,1;0,0;-8,0;-8,0;31,4
21/03/2026 10:58;450,0;459,0;6,8;0,0;-8,0;-8,0;31,6
21/03/2026 10:59;450,0;459,0;0,0;0,0;-8,0;-8,0;31,2
21/03/2026 11:00;450,0;455,2;0,0;0,0;-8,0;-8,0;31,1
21/03/2026 11:01;450,0;450,5;0,0;0,0;-8,0;-8,0;31,0
21/03/2026 11:02;450,0;446,1;3,7;3,8;-8,0;-8,0;30,8
21/03/2026 11:03;450,0;442,6;10,2;7,7;-8,0;-8,0;31,0
21/03/2026 11:04;450,0;443,5;14,8;7,3;-8,0;-8,0;31,1
21/03/2026 11:05;450,0;451,4;15,0;0,5;-8,0;-8,0;31,2
21/03/2026 11:06;450,0;461,9;3,6;0,0;-8,0;-8,0;31,2
21/03/2026 11:07;450,0;464,3;0,0;0,0;-8,0;-8,0;31,0
21/03/2026 11:08;450,0;464,3;0,0;0,0;-8,0;-9,0;30,7
21/03/2026 11:09;450,0;464,0;0,0;0,0;-8,0;-9,0;30,7
21/03/2026 11:10;450,0;459,0;0,0;0,0;-8,0;-8,0;30,9
21/03/2026 11:11;450,0;453,7;0,0;0,0;-8,0;-8,0;30,7
21/03/2026 11:12;450,0;448,7;0,2;1,1;-8,0;-8,0;30,5
21/03/2026 11:13;450,0;444,0;5,2;5,8;-8,0;-8,0;30,5
21/03/2026 11:14;450,0;440,8;13,5;9,6;-8,0;-8,0;30,6
21/03/2026 11:15;450,0;443,5;19,3;7,8;-8,0;-7,0;31,2
21/03/2026 11:16;450,0;449,9;19,8;2,3;-8,0;-7,0;31,5
21/03/2026 11:17;450,0;459,6;11,6;0,0;-8,0;-7,0;31,8
21/03/2026 11:18;450,0;461,0;1,0;0,0;-8,0;-8,0;31,2
21/03/2026 11:19;450,0;459,9;0,0;0,0;-8,0;-9,0;30,6
21/03/2026 11:20;450,0;455,5;0,0;0,0;-8,0;-8,0;30,8
21/03/2026 11:21;450,0;452,2;0,0;0,0;-8,0;-8,0;31,0
21/03/2026 11:22;450,0;447,9;1,0;1,9;-8,0;-8,0;30,9
21/03/2026 11:23;450,0;444,3;5,0;5,5;-8,0;-8,0;30,8
21/03/2026 11:24;450,0;441,4;12,5;8,9;-8,0;-8,0;30,7
21/03/2026 11:25;450,0;442,3;21,1;9,3;-8,0;-7,0;31,3
21/03/2026 11:26;450,0;450,5;20,5;2,0;-8,0;-7,0;31,6
21/03/2026 11:27;450,0;459,6;12,5;0,0;-8,0;-7,0;31,9
21/03/2026 11:28;450,0;464,0;0,0;0,0;-8,0;-9,0;31,1
21/03/2026 11:29;450,0;463,7;0,0;0,0;-8,0;-9,0;30,8
21/03/2026 11:30;450,0;461,9;0,0;0,0;-8,0;-9,0;30,8
21/03/2026 11:31;450,0;459,3;0,0;0,0;-8,0;-9,0;30,6
21/03/2026 11:32;450,0;455,2;0,0;0,0;-8,0;-9,0;30,5
21/03/2026 11:33;450,0;450,5;0,0;0,0;-8,0;-8,0;30,6
21/03/2026 11:34;450,0;444,6;3,8;5,0;-8,0;-8,0;30,4
21/03/2026 11:35;450,0;440,5;12,2;9,7;-8,0;-8,0;30,5
21/03/2026 11:36;450,0;442,3;19,9;9,1;-8,0;-7,0;30,7
21/03/2026 11:37;450,0;449,9;20,6;2,4;-8,0;-7,0;31,7
21/03/2026 11:38;450,0;464,6;7,9;0,0;-8,0;-8,0;31,3
21/03/2026 11:39;450,0;470,1;0,0;0,0;-8,0;-8,0;31,1
21/03/2026 11:40;450,0;468,7;0,0;0,0;-8,0;-9,0;30,6
21/03/2026 11:41;450,0;464,6;0,0;0,0;-8,0;-8,0;30,8
21/03/2026 11:42;450,0;460,7;0,0;0,0;-8,0;-9,0;30,3
21/03/2026 11:43;450,0;456,4;0,0;0,0;-8,0;-9,0;30,1
21/03/2026 11:44;450,0;452,5;0,0;0,0;-8,0;-9,0;30,0
21/03/2026 11:45;450,0;447,6;1,0;2,1;-8,0;-8,0;30,1
21/03/2026 11:46;450,0;443,2;6,5;6,6;-8,0;-8,0;30,1
21/03/2026 11:47;450,0;441,7;13,9;8,8;-8,0;-8,0;30,2
21/03/2026 11:48;450,0;443,2;20,7;8,3;-8,0;-7,0;31,0
21/03/2026 11:49;450,0;451,4;19,9;1,1;-8,0;-7,0;31,3
21/03/2026 11:50;450,0;460,5;10,7;0,0;-8,0;-8,0;31,2
21/03/2026 11:51;450,0;464,6;0,0;0,0;-8,0;-8,0;31,1
21/03/2026 11:52;450,0;462,8;0,0;0,0;-8,0;-9,0;30,6
21/03/2026 11:53;450,0;456,9;0,0;0,0;-8,0;-9,0;30,2
21/03/2026 11:54;450,0;452,5;0,0;0,0;-8,0;-8,0;30,6
21/03/2026 11:55;450,0;447,6;1,5;2,2;-8,0;-8,0;30,4
21/03/2026 11:56;450,0;443,2;7,9;6,8;-8,0;-8,0;30,5
21/03/2026 11:57;450,0;441,1;16,1;9,6;-8,0;-7,0;30,8
21/03/2026 11:58;450,0;446,1;20,2;5,8;-8,0;-7,0;31,1
21/03/2026 11:59;450,0;459,0;12,5;0,0;-8,0;-8,0;30,9
21/03/2026 12:00;450,0;467,8;0,0;0,0;-8,0;-9,0;30,7
21/03/2026 12:01;450,0;467,5;0,0;0,0;-8,0;-9,0;30,5
21/03/2026 12:02;450,0;464,8;0,0;0,0;-8,0;-9,0;30,4
21/03/2026 12:03;450,0;459,3;0,0;0,0;-8,0;-9,0;30,2
21/03/2026 12:04;450,0;454,0;0,0;0,0;-8,0;-9,0;30,1
21/03/2026 12:05;450,0;449,3;0,0;0,5;-8,0;-9,0;30,0
21/03/2026 12:06;450,0;444,6;4,3;5,1;-8,0;-9,0;30,0
21/03/2026 12:07;450,0;441,7;11,9;8,6;-8,0;-8,0;30,3
21/03/2026 12:08;450,0;440,8;20,2;10,4;-8,0;-7,0;30,8
21/03/2026 12:09;450,0;449,9;21,6;2,5;-8,0;-7,0;31,1
21/03/2026 12:10;450,0;462,5;10,5;0,0;-8,0;-8,0;31,0
21/03/2026 12:11;450,0;467,5;0,0;0,0;-8,0;-9,0;30,6
21/03/2026 12:12;450,0;466,9;0,0;0,0;-8,0;-8,0;31,0
21/03/2026 12:13;450,0;463,4;0,0;0,0;-8,0;-9,0;30,4
21/03/2026 12:14;450,0;457,5;0,0;0,0;-8,0;-9,0;30,2
21/03/2026 12:15;450,0;452,2;0,0;0,0;-8,0;-8,0;30,3
21/03/2026 12:16;450,0;447,3;1,2;2,2;-8,0;-9,0;30,0
21/03/2026 12:17;450,0;442,9;7,6;7,0;-8,0;-8,0;30,3
21/03/2026 12:18;450,0;439,9;16,2;10,6;-8,0;-7,0;30,7
21/03/2026 12:19;450,0;441,4;24,8;10,5;-8,0;-7,0;31,0
21/03/2026 12:20;450,0;452,2;22,7;0,8;-8,0;-6,0;32,0
21/03/2026 12:21;450,0;464,0;9,9;0,0;-8,0;-8,0;31,3
21/03/2026 12:22;450,0;471,0;0,0;0,0;-8,0;-9,0;30,9
21/03/2026 12:23;450,0;473,3;0,0;0,0;-8,0;-8,0;31,1
21/03/2026 12:24;450,0;469,2;0,0;0,0;-8,0;-9,0;30,2
21/03/2026 12:25;450,0;463,7;0,0;0,0;-8,0;-8,0;30,7
21/03/2026 12:26;450,0;457,5;0,0;0,0;-8,0;-9,0;30,2
21/03/2026 12:27;450,0;451,7;0,0;0,0;-8,0;-8,0;30,4
21/03/2026 12:28;450,0;446,4;2,1;3,3;-8,0;-8,0;30,4
21/03/2026 12:29;450,0;442,0;9,1;8,1;-8,0;-8,0;30,3
21/03/2026 12:30;450,0;440,5;16,6;10,3;-8,0;-7,0;30,9
21/03/2026 12:31;450,0;443,8;22,7;8,1;-8,0;-7,0;31,1
21/03/2026 12:32;450,0;454,3;19,5;0,0;-8,0;-7,0;31,5
21/03/2026 12:33;450,0;464,8;6,2;0,0;-8,0;-8,0;31,1
21/03/2026 12:34;450,0;464,8;0,0;0,0;-8,0;-9,0;30,7
21/03/2026 12:35;450,0;463,1;0,0;0,0;-8,0;-9,0;30,6
21/03/2026 12:36;450,0;460,2;0,0;0,0;-8,0;-9,0;30,4
21/03/2026 12:37;450,0;456,1;0,0;0,0;-8,0;-9,0;30,3
21/03/2026 12:38;450,0;452,5;0,0;0,0;-8,0;-9,0;30,2
21/03/2026 12:39;450,0;449,3;0,1;0,6;-8,0;-8,0;30,5
21/03/2026 12:40;450,0;445,5;4,3;4,3;-8,0;-8,0;30,3
21/03/2026 12:41;450,0;442,6;11,4;7,8;-8,0;-8,0;30,4
21/03/2026 12:42;450,0;444,9;14,8;6,1;-8,0;-8,0;30,4
21/03/2026 12:43;450,0;449,3;16,2;2,4;-8,0;-7,0;31,1
21/03/2026 12:44;450,0;456,1;10,8;0,0;-8,0;-7,0;31,1
21/03/2026 12:45;450,0;459,6;1,7;0,0;-8,0;-9,0;30,9
21/03/2026 12:46;450,0;457,8;0,0;0,0;-8,0;-8,0;30,7
21/03/2026 12:47;450,0;454,9;0,0;0,0;-8,0;-8,0;30,6
21/03/2026 12:48;450,0;450,5;0,0;0,0;-8,0;-8,0;30,5
21/03/2026 12:49;450,0;446,4;2,8;3,4;-8,0;-8,0;30,4
21/03/2026 12:50;450,0;442,6;9,0;7,4;-8,0;-8,0;30,3
21/03/2026 12:51;450,0;441,1;17,3;9,8;-8,0;-7,0;30,9
21/03/2026 12:52;450,0;445,2;22,4;6,8;-8,0;-7,0;31,1
21/03/2026 12:53;450,0;456,9;16,0;0,0;-8,0;-7,0;31,5
21/03/2026 12:54;450,0;464,8;1,9;0,0;-8,0;-8,0;31,1
21/03/2026 12:55;450,0;464,0;0,0;0,0;-8,0;-8,0;30,9
21/03/2026 12:56;450,0;459,9;0,0;0,0;-8,0;-8,0;30,8
21/03/2026 12:57;450,0;456,4;0,0;0,0;-8,0;-9,0;30,3
21/03/2026 12:58;450,0;453,4;0,0;0,0;-8,0;-8,0;30,6
21/03/2026 12:59;450,0;451,7;0,0;0,0;-8,0;-8,0;30,5
21/03/2026 13:00;450,0;450,5;0,0;0,0;-8,0;-9,0;30,0
21/03/2026 13:01;450,0;448,4;0,5;1,4;-8,0;-9,0;30,0
21/03/2026 13:02;450,0;444,9;4,9;5,0;-8,0;-8,0;30,2
21/03/2026 13:03;450,0;442,3;12,8;8,2;-8,0;-8,0;30,2
21/03/2026 13:04;450,0;442,3;18,1;8,8;-8,0;-7,0;30,8
21/03/2026 13:05;450,0;451,4;18,3;0,8;-8,0;-7,0;31,1
21/03/2026 13:06;450,0;460,7;7,9;0,0;-8,0;-8,0;30,9
21/03/2026 13:07;450,0;463,7;0,0;0,0;-8,0;-8,0;30,8
21/03/2026 13:08;450,0;464,8;0,0;0,0;-8,0;-9,0;30,2
21/03/2026 13:09;450,0;464,8;0,0;0,0;-8,0;-8,0;30,6
21/03/2026 13:10;450,0;461,9;0,0;0,0;-8,0;-9,0;30,1
21/03/2026 13:11;450,0;456,4;0,0;0,0;-8,0;-9,0;30,0
21/03/2026 13:12;450,0;450,5;0,0;0,0;-8,0;-8,0;30,0
21/03/2026 13:13;450,0;444,9;3,8;4,8;-8,0;-8,0;30,1
21/03/2026 13:14;450,0;440,2;12,4;9,9;-8,0;-8,0;30,1
21/03/2026 13:15;450,0;440,2;21,4;11,0;-8,0;-7,0;30,6
21/03/2026 13:16;450,0;449,6;23,0;3,3;-8,0;-6,0;31,4
21/03/2026 13:17;450,0;462,2;12,1;0,0;-8,0;-8,0;31,0
21/03/2026 13:18;450,0;467,2;0,0;0,0;-8,0;-8,0;30,8
21/03/2026 13:19;450,0;465,4;0,0;0,0;-8,0;-8,0;30,7
21/03/2026 13:20;450,0;460,7;0,0;0,0;-8,0;-8,0;30,6
21/03/2026 13:21;450,0;458,4;0,0;0,0;-8,0;-8,0;30,6
21/03/2026 13:22;450,0;454,9;0,0;0,0;-8,0;-8,0;30,6
21/03/2026 13:23;450,0;450,2;0,0;0,0;-8,0;-8,0;30,6
21/03/2026 13:24;450,0;447,0;2,4;2,8;-8,0;-9,0;30,1
21/03/2026 13:25;450,0;442,6;8,6;7,4;-8,0;-8,0;30,4
21/03/2026 13:26;450,0;440,5;18,0;10,4;-8,0;-8,0;30,4
21/03/2026 13:27;450,0;445,5;21,9;6,5;-8,0;-7,0;31,1
21/03/2026 13:28;450,0;458,1;15,8;0,0;-8,0;-7,0;31,4
21/03/2026 13:29;450,0;467,5;0,0;0,0;-8,0;-9,0;30,6
21/03/2026 13:30;450,0;467,8;0,0;0,0;-8,0;-9,0;30,5
21/03/2026 13:31;450,0;467,8;0,0;0,0;-8,0;-8,0;30,7
21/03/2026 13:32;450,0;463,7;0,0;0,0;-8,0;-9,0;30,3
21/03/2026 13:33;450,0;458,7;0,0;0,0;-8,0;-8,0;30,6
21/03/2026 13:34;450,0;452,8;0,0;0,0;-8,0;-8,0;30,3
21/03/2026 13:35;450,0;448,4;0,7;1,5;-8,0;-8,0;30,3
21/03/2026 13:36;450,0;443,5;6,2;6,3;-8,0;-8,0;30,3
21/03/2026 13:37;450,0;442,6;13,4;8,0;-8,0;-8,0;30,3
21/03/2026 13:38;450,0;444,3;19,4;7,2;-8,0;-7,0;31,0
21/03/2026 13:39;450,0;452,5;17,8;0,0;-8,0;-7,0;31,4
21/03/2026 13:40;450,0;460,2;8,3;0,0;-8,0;-8,0;31,1
21/03/2026 13:41;450,0;464,3;0,0;0,0;-8,0;-9,0;30,7
21/03/2026 13:42;450,0;462,5;0,0;0,0;-8,0;-8,0;30,9
21/03/2026 13:43;450,0;459,6;0,0;0,0;-8,0;-8,0;30,7
21/03/2026 13:44;450,0;454,9;0,0;0,0;-8,0;-8,0;30,6
21/03/2026 13:45;450,0;449,9;0,0;0,0;-8,0;-8,0;30,5
21/03/2026 13:46;450,0;445,8;3,2;4,0;-8,0;-9,0;30,0
21/03/2026 13:47;450,0;442,0;10,3;8,2;-8,0;-7,0;30,7
21/03/2026 13:48;450,0;442,3;17,6;8,7;-8,0;-7,0;30,9
21/03/2026 13:49;450,0;450,2;18,1;2,0;-8,0;-7,0;31,1
21/03/2026 13:50;450,0;458,7;10,6;0,0;-8,0;-8,0;31,0
21/03/2026 13:51;450,0;463,4;0,0;0,0;-8,0;-9,0;30,4
21/03/2026 13:52;450,0;463,1;0,0;0,0;-8,0;-8,0;30,7
21/03/2026 13:53;450,0;459,6;0,0;0,0;-8,0;-8,0;30,6
21/03/2026 13:54;450,0;455,8;0,0;0,0;-8,0;-9,0;30,2
21/03/2026 13:55;450,0;451,4;0,0;0,0;-8,0;-9,0;30,0
21/03/2026 13:56;450,0;448,1;1,4;1,7;-8,0;-9,0;30,0
21/03/2026 13:57;450,0;443,8;6,7;6,1;-8,0;-8,0;30,2
21/03/2026 13:58;450,0;442,6;13,0;8,0;-8,0;-8,0;30,2
21/03/2026 13:59;450,0;445,5;17,4;6,0;-8,0;-7,0;30,6
21/03/2026 14:00;450,0;452,8;14,9;0,0;-8,0;-8,0;30,6
21/03/2026 14:01;450,0;461,0;4,9;0,0;-8,0;-9,0;30,2
21/03/2026 14:02;450,0;464,3;0,0;0,0;-8,0;-9,0;30,1
21/03/2026 14:03;450,0;462,5;0,0;0,0;-8,0;-8,0;30,4
21/03/2026 14:04;450,0;457,8;0,0;0,0;-8,0;-8,0;30,3
21/03/2026 14:05;450,0;454,0;0,0;0,0;-8,0;-8,0;30,1
21/03/2026 14:06;450,0;449,6;0,0;0,2;-8,0;-8,0;30,1
21/03/2026 14:07;450,0;445,2;4,1;4,6;-8,0;-8,0;30,1
21/03/2026 14:08;450,0;442,0;11,1;8,3;-8,0;-8,0;30,1
21/03/2026 14:09;450,0;442,6;17,8;8,5;-8,0;-7,0;30,6
21/03/2026 14:10;450,0;449,9;18,4;2,1;-8,0;-7,0;30,8
21/03/2026 14:11;450,0;459,6;10,9;0,0;-8,0;-8,0;30,6
21/03/2026 14:12;450,0;464,8;0,0;0,0;-8,0;-8,0;30,6
21/03/2026 14:13;450,0;465,1;0,0;0,0;-8,0;-9,0;30,2
21/03/2026 14:14;450,0;461,6;0,0;0,0;-8,0;-8,0;30,3
21/03/2026 14:15;450,0;456,6;0,0;0,0;-8,0;-9,0;30,0
21/03/2026 14:16;450,0;451,4;0,0;0,0;-8,0;-8,0;30,0
21/03/2026 14:17;450,0;446,4;2,0;3,3;-8,0;-9,0;30,0
21/03/2026 14:18;450,0;443,5;8,0;6,5;-8,0;-8,0;30,0
21/03/2026 14:19;450,0;442,0;16,1;8,9;-8,0;-8,0;30,1
21/03/2026 14:20;450,0;445,5;19,6;6,1;-8,0;-8,0;30,3
21/03/2026 14:21;450,0;452,8;16,7;0,0;-8,0;-6,0;31,4
21/03/2026 14:22;450,0;461,3;6,8;0,0;-8,0;-8,0;30,7
21/03/2026 14:23;450,0;463,1;0,0;0,0;-8,0;-8,0;30,5
21/03/2026 14:24;450,0;461,0;0,0;0,0;-8,0;-9,0;30,1
21/03/2026 14:25;450,0;457,5;0,0;0,0;-8,0;-9,0;30,0
21/03/2026 14:26;450,0;454,9;0,0;0,0;-8,0;-8,0;30,3
21/03/2026 14:27;450,0;452,0;0,0;0,0;-8,0;-8,0;30,0
21/03/2026 14:28;450,0;447,6;1,2;2,1;-8,0;-8,0;30,1
21/03/2026 14:29;450,0;444,6;6,5;5,4;-8,0;-8,0;30,0
21/03/2026 14:30;450,0;444,0;11,7;6,6;-8,0;-8,0;30,0
21/03/2026 14:31;450,0;445,2;16,0;6,0;-8,0;-7,0;30,5
21/03/2026 14:32;450,0;449,0;17,2;2,8;-8,0;-8,0;30,3
21/03/2026 14:33;450,0;455,8;12,2;0,0;-8,0;-8,0;30,4
21/03/2026 14:34;450,0;461,0;2,6;0,0;-8,0;-8,0;30,4
21/03/2026 14:35;450,0;464,6;0,0;0,0;-8,0;-8,0;30,4
21/03/2026 14:36;450,0;463,4;0,0;0,0;-8,0;-9,0;30,0
21/03/2026 14:37;450,0;460,5;0,0;0,0;-8,0;-9,0;30,0
21/03/2026 14:38;450,0;455,8;0,0;0,0;-8,0;-8,0;30,0
21/03/2026 14:39;450,0;449,6;0,0;0,1;-8,0;-9,0;30,0
21/03/2026 14:40;450,0;444,6;5,1;5,3;-8,0;-8,0;30,0
21/03/2026 14:41;450,0;441,1;11,4;9,1;-8,0;-8,0;30,0
21/03/2026 14:42;450,0;439,7;21,9;11,5;-8,0;-7,0;30,6
21/03/2026 14:43;450,0;446,7;24,9;5,7;-8,0;-7,0;31,0
21/03/2026 14:44;450,0;460,2;15,8;0,0;-8,0;-8,0;31,1
21/03/2026 14:45;450,0;469,2;0,0;0,0;-8,0;-8,0;30,8
21/03/2026 14:46;450,0;468,7;0,0;0,0;-8,0;-9,0;30,4
21/03/2026 14:47;450,0;465,7;0,0;0,0;-8,0;-8,0;30,7
21/03/2026 14:48;450,0;461,0;0,0;0,0;-8,0;-8,0;30,7
21/03/2026 14:49;450,0;457,2;0,0;0,0;-8,0;-8,0;30,7
21/03/2026 14:50;450,0;452,8;0,0;0,0;-8,0;-8,0;30,6
21/03/2026 14:51;450,0;451,7;0,0;0,0;-8,0;-8,0;30,6
21/03/2026 14:52;450,0;448,4;1,1;1,5;-8,0;-9,0;30,0
21/03/2026 14:53;450,0;444,9;5,2;4,9;-8,0;-9,0;30,0
21/03/2026 14:54;450,0;442,0;12,8;8,5;-8,0;-8,0;30,2
21/03/2026 14:55;450,0;443,2;19,0;8,1;-8,0;-7,0;30,7
21/03/2026 14:56;450,0;449,0;20,7;3,2;-8,0;-7,0;31,1
21/03/2026 14:57;450,0;459,9;12,6;0,0;-8,0;-8,0;30,9
21/03/2026 14:58;450,0;465,4;0,0;0,0;-8,0;-8,0;30,9
21/03/2026 14:59;450,0;466,6;0,0;0,0;-8,0;-9,0;30,2
21/03/2026 15:00;450,0;463,7;0,0;0,0;-8,0;-8,0;30,7
21/03/2026 15:01;450,0;459,6;0,0;0,0;-8,0;-9,0;30,1
21/03/2026 15:02;450,0;455,8;0,0;0,0;-8,0;-8,0;30,4
21/03/2026 15:03;450,0;451,1;0,0;0,0;-8,0;-8,0;30,0
21/03/2026 15:04;450,0;446,1;2,9;3,6;-8,0;-8,0;30,3
21/03/2026 15:05;450,0;442,3;9,3;7,8;-8,0;-8,0;30,5
21/03/2026 15:06;450,0;440,5;17,5;10,4;-8,0;-7,0;30,9
21/03/2026 15:07;450,0;446,4;22,6;5,8;-8,0;-7,0;31,2
21/03/2026 15:08;450,0;458,4;14,9;0,0;-8,0;-8,0;31,2
21/03/2026 15:09;450,0;467,2;0,0;0,0;-8,0;-9,0;30,8
21/03/2026 15:10;450,0;469,0;0,0;0,0;-8,0;-9,0;30,7
21/03/2026 15:11;450,0;467,8;0,0;0,0;-8,0;-9,0;30,5
21/03/2026 15:12;450,0;463,7;0,0;0,0;-8,0;-9,0;30,3
21/03/2026 15:13;450,0;457,8;0,0;0,0;-8,0;-8,0;30,4
21/03/2026 15:14;450,0;453,4;0,0;0,0;-8,0;-9,0;30,1
21/03/2026 15:15;450,0;448,4;0,3;1,4;-8,0;-8,0;30,4
21/03/2026 15:16;450,0;443,5;6,5;6,4;-8,0;-8,0;30,3
21/03/2026 15:17;450,0;440,8;14,8;9,8;-8,0;-7,0;30,7
21/03/2026 15:18;450,0;444,9;19,1;6,6;-8,0;-7,0;30,9
21/03/2026 15:19;450,0;452,5;18,4;0,0;-8,0;-6,0;31,8
21/03/2026 15:20;450,0;462,8;7,3;0,0;-8,0;-8,0;31,1
21/03/2026 15:21;450,0;471,0;0,0;0,0;-8,0;-8,0;30,9
21/03/2026 15:22;450,0;472,8;0,0;0,0;-8,0;-9,0;30,3
21/03/2026 15:23;450,0;467,8;0,0;0,0;-8,0;-9,0;30,3
21/03/2026 15:24;450,0;461,9;0,0;0,0;-8,0;-8,0;30,4
21/03/2026 15:25;450,0;455,5;0,0;0,0;-8,0;-9,0;30,0
21/03/2026 15:26;450,0;449,9;0,0;0,0;-8,0;-8,0;30,2
21/03/2026 15:27;450,0;444,9;4,4;4,8;-8,0;-8,0;30,1
21/03/2026 15:28;450,0;441,4;10,8;8,7;-8,0;-8,0;30,1
21/03/2026 15:29;450,0;441,4;18,9;9,6;-8,0;-6,0;31,1
21/03/2026 15:30;450,0;448,7;21,4;3,6;-8,0;-7,0;31,1
21/03/2026 15:31;450,0;458,1;13,6;0,0;-8,0;-8,0;31,1
21/03/2026 15:32;450,0;463,4;1,2;0,0;-8,0;-9,0;30,6
21/03/2026 15:33;450,0;464,3;0,0;0,0;-8,0;-9,0;30,5
21/03/2026 15:34;450,0;464,8;0,0;0,0;-8,0;-8,0;30,7
21/03/2026 15:35;450,0;461,3;0,0;0,0;-8,0;-8,0;30,3
21/03/2026 15:36;450,0;457,2;0,0;0,0;-8,0;-9,0;30,0
21/03/2026 15:37;450,0;452,0;0,0;0,0;-8,0;-8,0;30,1
21/03/2026 15:38;450,0;447,0;2,0;2,8;-8,0;-8,0;30,0
21/03/2026 15:39;450,0;441,7;9,0;8,3;-8,0;-8,0;30,0
21/03/2026 15:40;450,0;439,7;18,2;11,1;-8,0;-7,0;30,5
21/03/2026 15:41;450,0;445,5;23,0;6,7;-8,0;-7,0;30,7
21/03/2026 15:42;450,0;458,4;15,6;0,0;-8,0;-7,0;31,0
21/03/2026 15:43;450,0;466,0;1,4;0,0;-8,0;-8,0;30,7
21/03/2026 15:44;450,0;468,1;0,0;0,0;-8,0;-9,0;30,3
21/03/2026 15:45;450,0;467,5;0,0;0,0;-8,0;-8,0;30,6
21/03/2026 15:46;450,0;465,4;0,0;0,0;-8,0;-8,0;30,3
21/03/2026 15:47;450,0;461,6;0,0;0,0;-8,0;-9,0;30,0
21/03/2026 15:48;450,0;457,5;0,0;0,0;-8,0;-8,0;30,1
21/03/2026 15:49;450,0;452,0;0,0;0,0;-8,0;-8,0;30,1
21/03/2026 15:50;450,0;446,4;1,6;3,1;-8,0;-9,0;30,0
21/03/2026 15:51;450,0;440,8;9,9;9,2;-8,0;-8,0;30,0
21/03/2026 15:52;450,0;439,7;19,2;11,2;-8,0;-7,0;30,4
21/03/2026 15:53;450,0;445,5;23,6;6,6;-8,0;-6,0;31,3
21/03/2026 15:54;450,0;457,5;17,1;0,0;-8,0;-7,0;31,4
21/03/2026 15:55;450,0;466,0;2,0;0,0;-8,0;-9,0;30,6
21/03/2026 15:56;450,0;464,8;0,0;0,0;-8,0;-9,0;30,2
21/03/2026 15:57;450,0;459,9;0,0;0,0;-8,0;-8,0;30,4
21/03/2026 15:58;450,0;455,5;0,0;0,0;-8,0;-8,0;30,4
21/03/2026 15:59;450,0;451,1;0,0;0,0;-8,0;-8,0;30,2
21/03/2026 16:00;450,0;448,1;0,9;1,7;-8,0;-9,0;30,0
21/03/2026 16:01;450,0;445,2;5,4;4,8;-8,0;-8,0;30,0
21/03/2026 16:02;450,0;442,0;12,7;8,5;-8,0;-8,0;30,0
21/03/2026 16:03;450,0;442,0;19,5;9,3;-8,0;-7,0;30,5
21/03/2026 16:04;450,0;450,2;20,7;2,4;-8,0;-7,0;30,9
21/03/2026 16:05;450,0;463,7;8,3;0,0;-8,0;-8,0;30,7
21/03/2026 16:06;450,0;471,0;0,0;0,0;-8,0;-9,0;30,2
21/03/2026 16:07;450,0;471,3;0,0;0,0;-8,0;-8,0;30,5
21/03/2026 16:08;450,0;467,2;0,0;0,0;-8,0;-9,0;30,1
21/03/2026 16:09;450,0;462,8;0,0;0,0;-8,0;-8,0;30,5
21/03/2026 16:10;450,0;458,7;0,0;0,0;-8,0;-8,0;30,3
21/03/2026 16:11;450,0;454,6;0,0;0,0;-8,0;-8,0;30,2
21/03/2026 16:12;450,0;450,2;0,0;0,0;-8,0;-8,0;30,1
21/03/2026 16:13;450,0;446,7;2,6;3,1;-8,0;-9,0;30,0
21/03/2026 16:14;450,0;443,5;8,4;6,6;-8,0;-8,0;30,1
21/03/2026 16:15;450,0;443,5;13,6;7,2;-8,0;-8,0;30,1
21/03/2026 16:16;450,0;447,0;16,7;4,5;-8,0;-8,0;30,3
21/03/2026 16:17;450,0;454,6;13,3;0,0;-8,0;-8,0;30,6
21/03/2026 16:18;450,0;461,9;3,0;0,0;-8,0;-8,0;30,6
21/03/2026 16:19;450,0;464,8;0,0;0,0;-8,0;-9,0;30,1
21/03/2026 16:20;450,0;462,8;0,0;0,0;-8,0;-8,0;30,3
21/03/2026 16:21;450,0;460,5;0,0;0,0;-8,0;-9,0;30,0
21/03/2026 16:22;450,0;457,8;0,0;0,0;-8,0;-8,0;30,3
21/03/2026 16:23;450,0;454,3;0,0;0,0;-8,0;-8,0;30,3
21/03/2026 16:24;450,0;450,8;0,0;0,0;-8,0;-8,0;30,2
21/03/2026 16:25;450,0;445,8;2,7;3,8;-8,0;-9,0;30,0
21/03/2026 16:26;450,0;440,5;11,3;9,6;-8,0;-8,0;30,1
21/03/2026 16:27;450,0;438,5;21,8;12,0;-8,0;-6,0;31,1
21/03/2026 16:28;450,0;445,8;26,9;6,9;-8,0;-7,0;31,2
21/03/2026 16:29;450,0;461,6;16,6;0,0;-8,0;-8,0;31,2
21/03/2026 16:30;450,0;470,4;0,0;0,0;-8,0;-9,0;30,9
21/03/2026 16:31;450,0;470,4;0,0;0,0;-8,0;-9,0;30,5
21/03/2026 16:32;450,0;466,0;0,0;0,0;-8,0;-8,0;30,7
21/03/2026 16:33;450,0;461,6;0,0;0,0;-8,0;-8,0;30,5
21/03/2026 16:34;450,0;458,1;0,0;0,0;-8,0;-9,0;30,0
21/03/2026 16:35;450,0;454,6;0,0;0,0;-8,0;-9,0;30,0
21/03/2026 16:36;450,0;450,5;0,0;0,0;-8,0;-9,0;30,0
21/03/2026 16:37;450,0;446,7;2,6;3,1;-8,0;-8,0;30,1
21/03/2026 16:38;450,0;442,9;8,3;7,2;-8,0;-8,0;30,1
21/03/2026 16:39;450,0;441,4;15,8;9,3;-8,0;-7,0;30,5
21/03/2026 16:41;450,0;458,1;13,3;0,0;-8,0;-7,0;31,0
21/03/2026 16:42;450,0;467,2;0,0;0,0;-8,0;-9,0;30,2
21/03/2026 16:43;450,0;468,7;0,0;0,0;-8,0;-8,0;30,4
21/03/2026 16:44;450,0;466,0;0,0;0,0;-8,0;-8,0;30,4
21/03/2026 16:45;450,0;461,9;0,0;0,0;-8,0;-9,0;30,0
21/03/2026 16:46;450,0;458,1;0,0;0,0;-8,0;-9,0;30,0
21/03/2026 16:47;450,0;453,4;0,0;0,0;-8,0;-9,0;30,0
21/03/2026 16:48;450,0;449,6;0,0;0,3;-8,0;-9,0;30,0
21/03/2026 16:49;450,0;445,5;4,3;4,4;-8,0;-9,0;30,0
21/03/2026 16:50;450,0;442,3;11,7;8,1;-8,0;-8,0;30,0
21/03/2026 16:51;450,0;442,0;19,3;9,3;-8,0;-7,0;30,4
21/03/2026 16:52;450,0;449,0;20,2;3,1;-8,0;-7,0;30,9
21/03/2026 16:53;450,0;457,8;13,2;0,0;-8,0;-8,0;30,6
21/03/2026 16:54;450,0;461,9;1,8;0,0;-8,0;-8,0;30,7
21/03/2026 16:55;450,0;461,9;0,0;0,0;-8,0;-8,0;30,4
21/03/2026 16:56;450,0;459,0;0,0;0,0;-8,0;-8,0;30,5
21/03/2026 16:57;450,0;455,8;0,0;0,0;-8,0;-9,0;30,0
21/03/2026 16:58;450,0;452,5;0,0;0,0;-8,0;-8,0;30,1
21/03/2026 16:59;450,0;449,9;0,0;0,0;-8,0;-8,0;30,1
21/03/2026 17:00;450,0;446,7;2,9;3,1;-8,0;-8,0;30,1
21/03/2026 17:01;450,0;443,8;8,5;6,4;-8,0;-8,0;30,1
21/03/2026 17:02;450,0;442,6;15,2;8,2;-8,0;-7,0;30,6
21/03/2026 17:03;450,0;449,3;16,4;2,4;-8,0;-7,0;30,8
21/03/2026 17:04;450,0;459,0;8,5;0,0;-8,0;-8,0;30,6
21/03/2026 17:05;450,0;462,2;0,0;0,0;-8,0;-8,0;30,5
21/03/2026 17:06;450,0;460,7;0,0;0,0;-8,0;-8,0;30,5
21/03/2026 17:07;450,0;457,5;0,0;0,0;-8,0;-9,0;30,0
21/03/2026 17:08;450,0;454,6;0,0;0,0;-8,0;-8,0;30,1
21/03/2026 17:09;450,0;451,7;0,0;0,0;-8,0;-8,0;30,0
21/03/2026 17:10;450,0;448,1;0,6;1,6;-8,0;-8,0;30,1
21/03/2026 17:11;450,0;445,2;5,3;4,8;-8,0;-8,0;30,0
21/03/2026 17:12;450,0;442,9;12,1;7,5;-8,0;-8,0;30,0
21/03/2026 17:13;450,0;442,6;18,4;8,6;-8,0;-7,0;30,6
21/03/2026 17:14;450,0;448,4;20,5;3,7;-8,0;-7,0;30,9
21/03/2026 17:15;450,0;460,5;10,8;0,0;-8,0;-8,0;30,8
21/03/2026 17:16;450,0;467,5;0,0;0,0;-8,0;-9,0;30,4
21/03/2026 17:17;450,0;470,7;0,0;0,0;-8,0;-9,0;30,1
21/03/2026 17:18;450,0;470,4;0,0;0,0;-8,0;-9,0;30,0
21/03/2026 17:19;450,0;466,9;0,0;0,0;-8,0;-8,0;30,3
21/03/2026 17:20;450,0;461,3;0,0;0,0;-8,0;-8,0;30,2
21/03/2026 17:21;450,0;456,1;0,0;0,0;-8,0;-8,0;30,0
21/03/2026 17:22;450,0;450,8;0,0;0,0;-8,0;-9,0;30,0
21/03/2026 17:23;450,0;446,1;2,7;3,7;-8,0;-8,0;30,1
21/03/2026 17:24;450,0;442,9;8,9;7,2;-8,0;-8,0;30,0
21/03/2026 17:25;450,0;441,7;16,2;9,1;-8,0;-6,0;31,1
21/03/2026 17:26;450,0;448,4;19,1;3,7;-8,0;-7,0;31,0
21/03/2026 17:27;450,0;461,0;9,6;0,0;-8,0;-8,0;30,7
21/03/2026 17:28;450,0;469,0;0,0;0,0;-8,0;-9,0;30,3
21/03/2026 17:29;450,0;470,4;0,0;0,0;-8,0;-8,0;30,6
21/03/2026 17:30;450,0;470,4;0,0;0,0;-8,0;-8,0;30,6
21/03/2026 17:31;450,0;467,5;0,0;0,0;-8,0;-8,0;30,5
21/03/2026 17:32;450,0;462,8;0,0;0,0;-8,0;-8,0;30,5
21/03/2026 17:33;450,0;458,1;0,0;0,0;-8,0;-8,0;30,4
21/03/2026 17:34;450,0;452,0;0,0;0,0;-8,0;-8,0;30,3
21/03/2026 17:35;450,0;446,7;1,9;3,0;-8,0;-8,0;30,3
21/03/2026 17:36;450,0;441,4;10,0;8,6;-8,0;-8,0;30,4
21/03/2026 17:37;450,0;440,5;18,3;10,4;-8,0;-8,0;30,6
21/03/2026 17:38;450,0;447,3;21,7;4,9;-8,0;-7,0;31,5
21/03/2026 17:39;450,0;459,9;12,8;0,0;-8,0;-8,0;31,3
21/03/2026 17:40;450,0;471,3;0,0;0,0;-8,0;-8,0;31,2
21/03/2026 17:41;450,0;476,6;0,0;0,0;-8,0;-9,0;30,7
21/03/2026 17:42;450,0;475,4;0,0;0,0;-8,0;-9,0;30,6
21/03/2026 17:43;450,0;473,1;0,0;0,0;-8,0;-9,0;30,4
21/03/2026 17:44;450,0;470,4;0,0;0,0;-8,0;-9,0;30,4
21/03/2026 17:45;450,0;465,4;0,0;0,0;-8,0;-9,0;30,4
21/03/2026 17:46;450,0;460,2;0,0;0,0;-8,0;-9,0;30,3
21/03/2026 17:47;450,0;454,0;0,0;0,0;-8,0;-8,0;30,4
21/03/2026 17:48;450,0;448,1;0,7;1,6;-8,0;-9,0;30,1
21/03/2026 17:49;450,0;442,6;7,4;7,3;-8,0;-8,0;30,5
21/03/2026 17:50;450,0;438,8;17,4;11,8;-8,0;-7,0;31,1
21/03/2026 17:51;450,0;441,4;25,2;10,4;-8,0;-7,0;31,3
21/03/2026 17:52;450,0;452,5;23,8;0,6;-8,0;-7,0;31,7
21/03/2026 17:53;450,0;466,0;10,8;0,0;-8,0;-8,0;31,6
21/03/2026 17:54;450,0;471,3;0,0;0,0;-8,0;-8,0;31,4
21/03/2026 17:55;450,0;469,5;0,0;0,0;-8,0;-9,0;30,9
21/03/2026 17:56;450,0;466,9;0,0;0,0;-8,0;-8,0;31,1
21/03/2026 17:57;450,0;462,2;0,0;0,0;-8,0;-8,0;30,9
21/03/2026 17:58;450,0;456,9;0,0;0,0;-8,0;-8,0;30,7
21/03/2026 17:59;450,0;450,8;0,0;0,0;-8,0;-8,0;30,6
21/03/2026 18:00;450,0;445,5;3,6;4,3;-8,0;-8,0;30,5
21/03/2026 18:01;450,0;440,5;12,8;9,8;-8,0;-8,0;30,5
21/03/2026 18:02;450,0;440,5;21,6;10,9;-8,0;-7,0;31,1
21/03/2026 18:03;450,0;450,2;21,8;2,4;-8,0;-7,0;31,4
21/03/2026 18:04;450,0;464,0;9,0;0,0;-8,0;-8,0;31,4
21/03/2026 18:05;450,0;467,5;0,0;0,0;-8,0;-9,0;30,7
21/03/2026 18:06;450,0;465,1;0,0;0,0;-8,0;-9,0;30,5
21/03/2026 18:07;450,0;460,7;0,0;0,0;-8,0;-8,0;30,8
21/03/2026 18:08;450,0;457,2;0,0;0,0;-8,0;-8,0;30,5
21/03/2026 18:09;450,0;453,1;0,0;0,0;-8,0;-8,0;30,5
21/03/2026 18:10;450,0;449,3;0,2;0,6;-8,0;-9,0;30,0
21/03/2026 18:11;450,0;445,2;4,1;4,6;-8,0;-8,0;30,4
21/03/2026 18:12;450,0;442,0;11,3;8,3;-8,0;-8,0;30,4
21/03/2026 18:13;450,0;443,5;17,4;7,7;-8,0;-7,0;30,9
21/03/2026 18:14;450,0;449,0;18,9;3,1;-8,0;-8,0;31,0
21/03/2026 18:15;450,0;459,0;11,5;0,0;-8,0;-8,0;31,1
21/03/2026 18:16;450,0;469,5;0,0;0,0;-8,0;-9,0;30,6
21/03/2026 18:17;450,0;472,5;0,0;0,0;-8,0;-9,0;30,5
21/03/2026 18:18;450,0;471,0;0,0;0,0;-8,0;-8,0;30,6
21/03/2026 18:19;450,0;465,7;0,0;0,0;-8,0;-9,0;30,2
21/03/2026 18:20;450,0;460,7;0,0;0,0;-8,0;-8,0;30,5
21/03/2026 18:21;450,0;455,8;0,0;0,0;-8,0;-8,0;30,4
21/03/2026 18:22;450,0;451,4;0,0;0,0;-8,0;-9,0;30,0
21/03/2026 18:23;450,0;446,7;2,2;3,0;-8,0;-8,0;30,1
21/03/2026 18:24;450,0;442,3;8,3;7,7;-8,0;-8,0;30,2
21/03/2026 18:25;450,0;441,1;17,3;9,8;-8,0;-7,0;30,5
21/03/2026 18:26;450,0;446,4;19,9;5,4;-8,0;-7,0;30,9
21/03/2026 18:27;450,0;457,2;14,1;0,0;-8,0;-7,0;31,2
21/03/2026 18:28;450,0;468,4;0,0;0,0;-8,0;-7,0;31,0
21/03/2026 18:29;450,0;473,6;0,0;0,0;-8,0;-8,0;30,6
21/03/2026 18:30;450,0;473,6;0,0;0,0;-8,0;-9,0;30,3
21/03/2026 18:31;450,0;469,2;0,0;0,0;-8,0;-8,0;30,4
21/03/2026 18:32;450,0;463,1;0,0;0,0;-8,0;-8,0;30,3
21/03/2026 18:33;450,0;457,2;0,0;0,0;-8,0;-8,0;30,4
21/03/2026 18:34;450,0;450,8;0,0;0,0;-8,0;-9,0;30,0
21/03/2026 18:35;450,0;444,6;4,1;5,1;-8,0;-8,0;30,3
21/03/2026 18:36;450,0;440,8;12,1;9,4;-8,0;-7,0;30,7
21/03/2026 18:37;450,0;442,3;19,6;9,0;-8,0;-7,0;30,8
21/03/2026 18:38;450,0;449,6;20,5;2,7;-8,0;-7,0;31,5
21/03/2026 18:39;450,0;464,0;9,0;0,0;-8,0;-8,0;31,2
21/03/2026 18:40;450,0;470,4;0,0;0,0;-8,0;-8,0;31,1
21/03/2026 18:41;450,0;469,5;0,0;0,0;-8,0;-8,0;31,0
21/03/2026 18:42;450,0;466,6;0,0;0,0;-8,0;-9,0;30,5
21/03/2026 18:43;450,0;464,3;0,0;0,0;-8,0;-8,0;30,9
21/03/2026 18:44;450,0;458,1;0,0;0,0;-8,0;-8,0;30,6
21/03/2026 18:45;450,0;453,1;0,0;0,0;-8,0;-8,0;30,4
21/03/2026 18:46;450,0;447,0;1,9;2,8;-8,0;-9,0;30,0
21/03/2026 18:47;450,0;443,2;7,1;6,7;-8,0;-8,0;30,4
21/03/2026 18:48;450,0;441,1;15,3;9,5;-8,0;-7,0;31,0
21/03/2026 18:49;450,0;442,9;23,2;8,9;-8,0;-7,0;31,5
21/03/2026 18:50;450,0;455,5;18,9;0,0;-8,0;-7,0;31,8
21/03/2026 18:51;450,0;468,1;3,9;0,0;-8,0;-8,0;31,4
21/03/2026 18:52;450,0;471,0;0,0;0,0;-8,0;-8,0;31,3
21/03/2026 18:53;450,0;471,3;0,0;0,0;-8,0;-8,0;31,2
21/03/2026 18:54;450,0;466,6;0,0;0,0;-8,0;-9,0;30,7
21/03/2026 18:55;450,0;461,9;0,0;0,0;-8,0;-9,0;31,0
21/03/2026 18:56;450,0;457,2;0,0;0,0;-8,0;-8,0;31,0
21/03/2026 18:57;450,0;452,8;0,0;0,0;-8,0;-8,0;30,8
21/03/2026 18:58;450,0;448,4;0,4;1,4;-8,0;-9,0;30,2
21/03/2026 18:59;450,0;444,6;5,2;5,3;-8,0;-8,0;30,6
21/03/2026 19:00;450,0;442,3;12,3;8,1;-8,0;-8,0;30,6
21/03/2026 19:01;450,0;441,7;19,2;9,4;-8,0;-7,0;31,3
21/03/2026 19:02;450,0;447,0;22,8;5,3;-8,0;-6,0;32,0
21/03/2026 19:03;450,0;459,3;15,2;0,0;-8,0;-8,0;31,5
21/03/2026 19:04;450,0;469,0;0,0;0,0;-8,0;-9,0;31,0
21/03/2026 19:05;450,0;471,6;0,0;0,0;-8,0;-9,0;30,9
21/03/2026 19:06;450,0;468,4;0,0;0,0;-8,0;-8,0;31,0
21/03/2026 19:07;450,0;464,3;0,0;0,0;-8,0;-8,0;30,9
21/03/2026 19:08;450,0;459,9;0,0;0,0;-8,0;-8,0;30,7
21/03/2026 19:09;450,0;454,9;0,0;0,0;-8,0;-9,0;30,3
21/03/2026 19:10;450,0;451,1;0,0;0,0;-8,0;-8,0;30,7
21/03/2026 19:11;450,0;446,4;2,1;3,3;-8,0;-8,0;30,5
21/03/2026 19:12;450,0;442,0;9,9;8,1;-8,0;-8,0;30,5
21/03/2026 19:13;450,0;440,5;18,4;10,5;-8,0;-7,0;31,1
21/03/2026 19:14;450,0;447,0;21,1;5,0;-8,0;-7,0;31,4
21/03/2026 19:15;450,0;459,9;13,1;0,0;-8,0;-7,0;31,7
21/03/2026 19:16;450,0;471,6;0,0;0,0;-8,0;-8,0;31,3
21/03/2026 19:17;450,0;474,8;0,0;0,0;-8,0;-8,0;31,3
21/03/2026 19:18;450,0;475,4;0,0;0,0;-8,0;-8,0;31,0
21/03/2026 19:19;450,0;474,2;0,0;0,0;-8,0;-8,0;31,0
21/03/2026 19:20;450,0;470,1;0,0;0,0;-8,0;-8,0;30,9
21/03/2026 19:21;450,0;464,3;0,0;0,0;-8,0;-9,0;30,6
21/03/2026 19:22;450,0;459,6;0,0;0,0;-8,0;-8,0;30,9
21/03/2026 19:23;450,0;453,1;0,0;0,0;-8,0;-8,0;30,8
21/03/2026 19:24;450,0;447,3;1,5;2,4;-8,0;-8,0;30,8
21/03/2026 19:25;450,0;441,1;8,6;8,7;-8,0;-8,0;30,7
21/03/2026 19:26;450,0;441,4;16,1;9,3;-8,0;-7,0;31,1
21/03/2026 19:27;450,0;445,5;20,5;6,3;-8,0;-7,0;31,6
21/03/2026 19:28;450,0;457,2;15,4;0,0;-8,0;-7,0;31,9
21/03/2026 19:29;450,0;470,4;0,0;0,0;-8,0;-8,0;31,5
21/03/2026 19:30;450,0;473,9;0,0;0,0;-8,0;-8,0;31,2
21/03/2026 19:31;450,0;472,8;0,0;0,0;-8,0;-7,0;31,6
21/03/2026 19:32;450,0;467,8;0,0;0,0;-8,0;-8,0;31,3
21/03/2026 19:33;450,0;463,7;0,0;0,0;-8,0;-8,0;31,0
21/03/2026 19:34;450,0;458,1;0,0;0,0;-8,0;-9,0;30,5
21/03/2026 19:35;450,0;452,2;0,0;0,0;-8,0;-9,0;30,4
21/03/2026 19:36;450,0;447,3;1,4;2,5;-8,0;-8,0;30,7
21/03/2026 19:37;450,0;442,6;7,3;7,3;-8,0;-8,0;30,7
21/03/2026 19:38;450,0;439,7;17,9;11,1;-8,0;-7,0;31,3
21/03/2026 19:39;450,0;442,9;24,6;9,0;-8,0;-7,0;31,6
21/03/2026 19:40;450,0;453,4;21,7;0,0;-8,0;-6,0;32,4
21/03/2026 19:41;450,0;464,3;7,8;0,0;-8,0;-7,0;32,3
21/03/2026 19:42;450,0;469,8;0,0;0,0;-8,0;-9,0;31,3
21/03/2026 19:43;450,0;472,8;0,0;0,0;-8,0;-9,0;31,3
21/03/2026 19:44;450,0;472,8;0,0;0,0;-8,0;-9,0;31,0
21/03/2026 19:45;450,0;470,1;0,0;0,0;-8,0;-8,0;31,1
21/03/2026 19:46;450,0;465,1;0,0;0,0;-8,0;-8,0;31,2
21/03/2026 19:47;450,0;459,3;0,0;0,0;-8,0;-8,0;31,1
21/03/2026 19:48;450,0;453,7;0,0;0,0;-8,0;-8,0;31,1
21/03/2026 19:49;450,0;447,0;1,5;2,7;-8,0;-8,0;31,1
21/03/2026 19:50;450,0;442,6;7,9;7,4;-8,0;-8,0;31,1
21/03/2026 19:51;450,0;439,7;17,2;11,0;-8,0;-7,0;31,7
21/03/2026 19:52;450,0;441,4;25,1;10,4;-8,0;-6,0;32,4
21/03/2026 19:53;450,0;457,5;21,3;0,0;-8,0;-7,0;32,5
21/03/2026 19:54;450,0;475,4;0,0;0,0;-8,0;-8,0;32,3
21/03/2026 19:55;450,0;481,8;0,0;0,0;-8,0;-8,0;32,2
21/03/2026 19:56;450,0;479,8;0,0;0,0;-8,0;-9,0;31,7
21/03/2026 19:57;450,0;474,8;0,0;0,0;-8,0;-9,0;31,5
21/03/2026 19:58;450,0;469,2;0,0;0,0;-8,0;-9,0;31,8
21/03/2026 19:59;450,0;463,4;0,0;0,0;-8,0;-9,0;31,3
21/03/2026 20:00;450,0;458,4;0,0;0,0;-8,0;-7,0;32,0
21/03/2026 20:01;450,0;451,4;0,0;0,0;-8,0;-8,0;31,6
21/03/2026 20:02;450,0;446,7;2,5;3,1;-8,0;-8,0;31,5
21/03/2026 20:03;450,0;442,6;8,1;7,3;-8,0;-8,0;31,5
21/03/2026 20:04;450,0;440,8;17,8;10,1;-8,0;-8,0;31,7
21/03/2026 20:05;450,0;443,5;24,1;8,4;-8,0;-6,0;32,9
21/03/2026 20:06;450,0;457,2;18,3;0,0;-8,0;-7,0;32,9
21/03/2026 20:07;450,0;471,3;0,0;0,0;-8,0;-8,0;32,6
21/03/2026 20:08;450,0;471,9;0,0;0,0;-8,0;-8,0;32,2
21/03/2026 20:09;450,0;468,4;0,0;0,0;-8,0;-8,0;32,1
21/03/2026 20:10;450,0;465,4;0,0;0,0;-8,0;-8,0;32,0
21/03/2026 20:11;450,0;461,0;0,0;0,0;-8,0;-9,0;31,3
21/03/2026 20:12;450,0;456,6;0,0;0,0;-8,0;-9,0;31,1
21/03/2026 20:13;450,0;452,5;0,0;0,0;-8,0;-8,0;31,6
21/03/2026 20:14;450,0;447,6;1,0;2,1;-8,0;-8,0;31,4
21/03/2026 20:15;450,0;443,2;7,2;6,7;-8,0;-8,0;31,3
21/03/2026 20:16;450,0;439,9;16,6;10,7;-8,0;-7,0;31,7
21/03/2026 20:17;450,0;444,0;23,0;8,0;-8,0;-7,0;32,1
21/03/2026 20:18;450,0;453,4;20,5;0,0;-8,0;-7,0;32,5
21/03/2026 20:19;450,0;466,3;6,3;0,0;-8,0;-8,0;32,2
21/03/2026 20:20;450,0;470,4;0,0;0,0;-8,0;-9,0;31,8
21/03/2026 20:21;450,0;471,3;0,0;0,0;-8,0;-9,0;31,4
21/03/2026 20:22;450,0;466,6;0,0;0,0;-8,0;-9,0;31,2
21/03/2026 20:23;450,0;461,6;0,0;0,0;-8,0;-8,0;31,3
21/03/2026 20:24;450,0;457,8;0,0;0,0;-8,0;-8,0;31,2
21/03/2026 20:25;450,0;453,4;0,0;0,0;-8,0;-8,0;31,3
21/03/2026 20:26;450,0;447,9;0,7;1,8;-8,0;-8,0;31,0
21/03/2026 20:27;450,0;442,3;8,4;7,7;-8,0;-8,0;31,0
21/03/2026 20:28;450,0;439,4;18,1;11,4;-8,0;-7,0;31,4
21/03/2026 20:29;450,0;442,3;25,5;9,8;-8,0;-6,0;32,2
21/03/2026 20:30;450,0;456,6;19,4;0,0;-8,0;-8,0;31,9
21/03/2026 20:31;450,0;469,2;1,6;0,0;-8,0;-9,0;31,6
21/03/2026 20:32;450,0;475,1;0,0;0,0;-8,0;-9,0;31,2
21/03/2026 20:33;450,0;472,5;0,0;0,0;-8,0;-9,0;30,9
21/03/2026 20:34;450,0;469,2;0,0;0,0;-8,0;-8,0;31,1
21/03/2026 20:35;450,0;465,7;0,0;0,0;-8,0;-9,0;30,7
21/03/2026 20:36;450,0;461,3;0,0;0,0;-8,0;-9,0;30,6
21/03/2026 20:37;450,0;455,5;0,0;0,0;-8,0;-8,0;30,7
21/03/2026 20:38;450,0;449,3;0,0;0,5;-8,0;-9,0;30,3
21/03/2026 20:39;450,0;445,2;3,7;4,6;-8,0;-8,0;30,6
21/03/2026 20:40;450,0;441,4;11,4;8,8;-8,0;-8,0;30,6
21/03/2026 20:41;450,0;442,9;18,8;8,4;-8,0;-7,0;31,0
21/03/2026 20:42;450,0;454,3;16,4;0,0;-8,0;-7,0;31,5
21/03/2026 20:43;450,0;469,8;0,0;0,0;-8,0;-9,0;30,7
21/03/2026 20:44;450,0;476,3;0,0;0,0;-8,0;-8,0;31,2
21/03/2026 20:45;450,0;476,9;0,0;0,0;-8,0;-8,0;31,0
21/03/2026 20:46;450,0;472,5;0,0;0,0;-8,0;-8,0;30,8
21/03/2026 20:47;450,0;466,3;0,0;0,0;-8,0;-8,0;30,9
21/03/2026 20:48;450,0;461,6;0,0;0,0;-8,0;-8,0;30,8
21/03/2026 20:49;450,0;455,8;0,0;0,0;-8,0;-8,0;30,8
21/03/2026 20:50;450,0;449,3;0,0;0,5;-8,0;-8,0;30,6
21/03/2026 20:51;450,0;444,3;5,4;5,6;-8,0;-8,0;30,7
21/03/2026 20:52;450,0;440,2;12,6;9,9;-8,0;-8,0;30,7
21/03/2026 20:53;450,0;442,0;21,7;9,6;-8,0;-6,0;31,8
21/03/2026 20:54;450,0;454,9;17,9;0,0;-8,0;-8,0;31,5
21/03/2026 20:55;450,0;466,3;2,6;0,0;-8,0;-8,0;31,4
21/03/2026 20:56;450,0;470,7;0,0;0,0;-8,0;-8,0;31,1
21/03/2026 20:57;450,0;469,5;0,0;0,0;-8,0;-8,0;31,2
21/03/2026 20:58;450,0;469,8;0,0;0,0;-8,0;-8,0;31,2
21/03/2026 20:59;450,0;469,0;0,0;0,0;-8,0;-9,0;30,7
21/03/2026 21:00;450,0;465,4;0,0;0,0;-8,0;-8,0;30,7
21/03/2026 21:01;450,0;461,9;0,0;0,0;-8,0;-8,0;30,7
21/03/2026 21:02;450,0;458,7;0,0;0,0;-8,0;-8,0;30,7
21/03/2026 21:03;450,0;453,1;0,0;0,0;-8,0;-8,0;30,6
21/03/2026 21:04;450,0;447,9;0,7;1,8;-8,0;-9,0;30,1
21/03/2026 21:05;450,0;442,0;8,0;8,0;-8,0;-8,0;30,5
21/03/2026 21:06;450,0;440,5;16,3;10,2;-8,0;-7,0;30,9
21/03/2026 21:07;450,0;444,0;22,7;8,0;-8,0;-7,0;31,5
21/03/2026 21:08;450,0;459,0;15,5;0,0;-8,0;-7,0;31,9
21/03/2026 21:09;450,0;467,5;0,0;0,0;-8,0;-9,0;31,1
21/03/2026 21:10;450,0;469,5;0,0;0,0;-8,0;-9,0;30,9
21/03/2026 21:11;450,0;470,7;0,0;0,0;-8,0;-9,0;30,9
21/03/2026 21:12;450,0;469,2;0,0;0,0;-8,0;-8,0;31,1
21/03/2026 21:13;450,0;466,3;0,0;0,0;-8,0;-8,0;31,0
21/03/2026 21:14;450,0;461,3;0,0;0,0;-8,0;-9,0;30,7
21/03/2026 21:15;450,0;455,5;0,0;0,0;-8,0;-9,0;30,6
21/03/2026 21:16;450,0;451,1;0,0;0,0;-8,0;-9,0;30,6
21/03/2026 21:17;450,0;445,8;3,0;3,9;-8,0;-8,0;30,7
21/03/2026 21:18;450,0;444,0;8,9;6,3;-8,0;-8,0;31,0
21/03/2026 21:19;450,0;444,0;14,0;6,8;-8,0;-8,0;31,1
21/03/2026 21:20;450,0;450,2;14,8;1,7;-8,0;-8,0;31,2
21/03/2026 21:21;450,0;459,9;5,4;0,0;-8,0;-8,0;31,2
21/03/2026 21:22;450,0;469,0;0,0;0,0;-8,0;-8,0;31,1
21/03/2026 21:23;450,0;469,5;0,0;0,0;-8,0;-8,0;31,1
21/03/2026 21:24;450,0;466,0;0,0;0,0;-8,0;-8,0;31,1
21/03/2026 21:25;450,0;461,0;0,0;0,0;-8,0;-8,0;31,1
21/03/2026 21:26;450,0;455,8;0,0;0,0;-8,0;-8,0;31,1
21/03/2026 21:27;450,0;450,8;0,0;0,0;-8,0;-8,0;31,1
21/03/2026 21:28;450,0;445,8;2,6;3,9;-8,0;-8,0;31,2
21/03/2026 21:29;450,0;443,5;8,7;6,6;-8,0;-8,0;31,1
21/03/2026 21:30;450,0;443,2;14,9;7,6;-8,0;-7,0;31,7
21/03/2026 21:31;450,0;450,2;15,5;1,7;-8,0;-7,0;31,9
21/03/2026 21:32;450,0;459,3;7,6;0,0;-8,0;-8,0;31,5
21/03/2026 21:33;450,0;467,5;0,0;0,0;-8,0;-8,0;31,5
21/03/2026 21:34;450,0;471,6;0,0;0,0;-8,0;-8,0;31,4
21/03/2026 21:35;450,0;471,3;0,0;0,0;-8,0;-8,0;31,4
21/03/2026 21:36;450,0;469,0;0,0;0,0;-8,0;-8,0;31,4
21/03/2026 21:37;450,0;462,8;0,0;0,0;-8,0;-8,0;31,2
21/03/2026 21:38;450,0;458,4;0,0;0,0;-8,0;-9,0;30,7
21/03/2026 21:39;450,0;453,4;0,0;0,0;-8,0;-9,0;30,8
21/03/2026 21:40;450,0;448,7;0,6;1,2;-8,0;-8,0;31,1
21/03/2026 21:41;450,0;444,6;5,2;5,2;-8,0;-9,0;30,7
21/03/2026 21:42;450,0;442,6;12,0;7,9;-8,0;-7,0;31,7
21/03/2026 21:43;450,0;445,5;17,0;5,9;-8,0;-7,0;31,9
21/03/2026 21:44;450,0;456,1;11,5;0,0;-8,0;-8,0;31,7
21/03/2026 21:45;450,0;463,7;0,0;0,0;-8,0;-8,0;31,7
21/03/2026 21:46;450,0;462,5;0,0;0,0;-8,0;-9,0;31,1
21/03/2026 21:47;450,0;459,6;0,0;0,0;-8,0;-8,0;31,5
21/03/2026 21:48;450,0;456,6;0,0;0,0;-8,0;-9,0;31,2
21/03/2026 21:49;450,0;452,5;0,0;0,0;-8,0;-9,0;31,1
21/03/2026 21:50;450,0;448,7;0,4;1,1;-8,0;-8,0;31,4
21/03/2026 21:51;450,0;444,6;5,3;5,3;-8,0;-8,0;31,2
21/03/2026 21:52;450,0;441,7;11,9;8,6;-8,0;-8,0;31,4
21/03/2026 21:53;450,0;439,7;19,9;11,2;-8,0;-7,0;31,6
21/03/2026 21:54;450,0;439,4;29,2;12,0;-8,0;-6,0;32,5
21/03/2026 21:55;450,0;443,8;34,7;9,4;-8,0;-6,0;33,2
21/03/2026 21:56;450,0;450,8;34,3;3,3;-8,0;-7,0;33,3
21/03/2026 21:57;450,0;455,2;29,5;0,0;-8,0;-7,0;33,8
21/03/2026 21:58;450,0;455,8;23,9;0,0;-8,0;-8,0;33,7
21/03/2026 21:59;450,0;452,2;22,0;0,5;-8,0;-8,0;33,6
21/03/2026 22:00;450,0;447,0;24,6;5,4;-8,0;-8,0;33,6
21/03/2026 22:01;450,0;442,6;30,9;9,9;-8,0;-7,0;34,2
21/03/2026 22:02;450,0;439,4;40,3;12,0;-8,0;-7,0;34,8
21/03/2026 22:03;450,0;436,7;53,1;12,0;-8,0;-5,0;36,5
21/03/2026 22:04;450,0;435,5;65,3;12,0;-8,0;-4,0;38,1
21/03/2026 22:05;450,0;431,4;80,1;12,0;-8,0;-3,0;40,1
21/03/2026 22:06;450,0;429,4;97,5;12,0;-8,0;-1,0;42,9
21/03/2026 22:07;450,0;422,9;100,0;12,0;-8,0;-2,0;44,6
21/03/2026 22:08;450,0;415,9;100,0;12,0;-8,0;-3,0;46,0
21/03/2026 22:09;450,0;409,5;100,0;12,0;-8,0;-3,0;47,8
21/03/2026 22:10;450,0;407,7;100,0;12,0;-8,0;-3,0;49,3
21/03/2026 22:11;450,0;406,2;100,0;12,0;-8,0;-3,0;51,0
21/03/2026 22:12;450,0;398,0;100,0;12,0;-8,0;-4,0;51,8
21/03/2026 22:13;450,0;388,4;100,0;12,0;-8,0;-4,0;53,1
21/03/2026 22:14;450,0;384,3;100,0;12,0;-8,0;-4,0;54,2
21/03/2026 22:15;450,0;378,7;100,0;12,0;-8,0;-6,0;54,1
21/03/2026 22:16;450,0;369,3;100,0;12,0;-8,0;-5,0;55,5
21/03/2026 22:17;450,0;361,4;100,0;12,0;-8,0;-6,0;55,7
21/03/2026 22:18;450,0;353,8;100,0;12,0;-8,0;-6,0;56,3
21/03/2026 22:19;450,0;344,7;100,0;12,0;-8,0;-6,0;56,8
21/03/2026 22:20;450,0;336,8;100,0;12,0;-8,0;-6,0;57,3
21/03/2026 22:21;450,0;330,4;100,0;12,0;-8,0;-7,0;57,4
21/03/2026 22:22;450,0;324,8;100,0;12,0;-8,0;-7,0;57,6
21/03/2026 22:23;450,0;319,8;100,0;12,0;-8,0;-7,0;57,7
21/03/2026 22:24;450,0;314,2;100,0;12,0;-8,0;-7,0;58,1
21/03/2026 22:25;450,0;309,3;100,0;12,0;-8,0;-8,0;57,8
21/03/2026 22:26;450,0;304,3;100,0;12,0;-8,0;-8,0;58,0
21/03/2026 22:27;450,0;299,3;100,0;12,0;-8,0;-8,0;58,0
21/03/2026 22:28;450,0;295,5;100,0;12,0;-8,0;-8,0;58,1
21/03/2026 22:29;450,0;291,1;100,0;12,0;-8,0;-8,0;58,1
21/03/2026 22:30;450,0;288,8;100,0;12,0;-8,0;-8,0;58,1
21/03/2026 22:31;450,0;286,4;100,0;12,0;-8,0;-8,0;58,2
21/03/2026 22:32;450,0;282,9;100,0;12,0;-8,0;-8,0;58,2
21/03/2026 22:33;450,0;280,3;100,0;12,0;-8,0;-8,0;58,2
21/03/2026 22:34;450,0;277,6;100,0;12,0;-8,0;-8,0;58,2
21/03/2026 22:35;450,0;275,6;100,0;12,0;-8,0;-8,0;58,2
21/03/2026 22:36;450,0;273,5;100,0;12,0;-8,0;-9,0;57,8
21/03/2026 22:37;450,0;271,5;100,0;12,0;-8,0;-7,0;58,8
21/03/2026 22:38;450,0;277,0;100,0;12,0;-8,0;-8,0;58,3
21/03/2026 22:39;450,0;278,2;100,0;12,0;-8,0;-8,0;58,3
21/03/2026 22:40;450,0;274,4;100,0;12,0;-8,0;-8,0;58,2
21/03/2026 22:41;450,0;271,8;100,0;12,0;-8,0;-9,0;57,9
21/03/2026 22:42;450,0;273,2;100,0;12,0;-8,0;-9,0;57,8
21/03/2026 22:43;450,0;272,9;100,0;12,0;-8,0;-8,0;58,1
21/03/2026 22:44;450,0;270,0;100,0;12,0;-8,0;-9,0;57,6
21/03/2026 22:45;450,0;265,6;100,0;12,0;-8,0;-8,0;58,1
21/03/2026 22:46;450,0;262,7;100,0;12,0;-8,0;-9,0;57,6
21/03/2026 22:47;450,0;258,3;100,0;12,0;-8,0;-9,0;57,5
21/03/2026 22:48;450,0;255,4;100,0;12,0;-8,0;-9,0;57,3
21/03/2026 22:49;450,0;251,8;100,0;12,0;-8,0;-8,0;57,5
21/03/2026 22:50;450,0;249,5;100,0;12,0;-8,0;-8,0;57,5
21/03/2026 22:51;450,0;247,4;100,0;12,0;-8,0;-8,0;57,5
21/03/2026 22:52;450,0;245,1;100,0;12,0;-8,0;-9,0;57,1
21/03/2026 22:53;450,0;242,8;100,0;12,0;-8,0;-9,0;57,0
21/03/2026 22:54;450,0;241,3;100,0;12,0;-8,0;-8,0;57,2
21/03/2026 22:55;450,0;239,5;100,0;12,0;-8,0;-8,0;57,3
21/03/2026 22:56;450,0;237,8;100,0;12,0;-8,0;-8,0;57,2
21/03/2026 22:57;450,0;236,9;100,0;12,0;-8,0;-8,0;57,2
21/03/2026 22:58;450,0;235,4;100,0;12,0;-8,0;-8,0;57,1
21/03/2026 22:59;450,0;234,0;100,0;12,0;-8,0;-8,0;57,0
21/03/2026 23:00;450,0;233,4;100,0;12,0;-8,0;-9,0;56,6
21/03/2026 23:01;450,0;231,9;100,0;12,0;-8,0;-8,0;56,7
21/03/2026 23:02;450,0;230,2;100,0;12,0;-8,0;-9,0;56,2
21/03/2026 23:03;450,0;229,3;100,0;12,0;-8,0;-8,0;56,5
21/03/2026 23:04;450,0;227,8;100,0;12,0;-8,0;-8,0;56,4
21/03/2026 23:05;450,0;227,5;100,0;12,0;-8,0;-8,0;56,3
21/03/2026 23:06;450,0;225,8;100,0;12,0;-8,0;-8,0;56,4
21/03/2026 23:07;450,0;225,2;100,0;12,0;-8,0;-9,0;56,0
21/03/2026 23:08;450,0;225,2;100,0;12,0;-8,0;-8,0;56,3
21/03/2026 23:09;450,0;224,9;100,0;12,0;-8,0;-7,0;56,6
21/03/2026 23:10;450,0;222,8;100,0;12,0;-8,0;-8,0;56,1
21/03/2026 23:11;450,0;222,5;100,0;12,0;-8,0;-8,0;56,1
21/03/2026 23:12;450,0;224,0;100,0;12,0;-8,0;-9,0;55,7
21/03/2026 23:13;450,0;223,7;100,0;12,0;-8,0;-8,0;56,0
21/03/2026 23:14;450,0;223,7;100,0;12,0;-8,0;-8,0;56,1
21/03/2026 23:15;450,0;223,7;100,0;12,0;-8,0;-8,0;56,0
21/03/2026 23:16;450,0;223,4;100,0;12,0;-8,0;-8,0;55,9
21/03/2026 23:17;450,0;222,5;100,0;12,0;-8,0;-9,0;55,5
21/03/2026 23:18;450,0;221,1;100,0;12,0;-8,0;-8,0;55,8
21/03/2026 23:19;450,0;219,3;100,0;12,0;-8,0;-8,0;55,8
21/03/2026 23:20;450,0;219,0;100,0;12,0;-8,0;-8,0;55,8
21/03/2026 23:21;450,0;224,9;100,0;12,0;-8,0;-5,0;57,4
21/03/2026 23:22;450,0;265,6;100,0;12,0;-8,0;-6,0;58,4
21/03/2026 23:23;450,0;343,0;100,0;12,0;-8,0;-4,0;59,8
21/03/2026 23:24;450,0;412,4;100,0;12,0;-8,0;-5,0;60,1
21/03/2026 23:25;450,0;474,5;88,8;0,0;-8,0;-7,0;60,3
21/03/2026 23:26;450,0;500,3;36,5;0,0;-8,0;-16,0;54,9
21/03/2026 23:27;450,0;464,0;21,6;0,0;-8,0;-17,0;51,4
21/03/2026 23:28;450,0;425,0;44,9;12,0;-8,0;-13,0;50,6
21/03/2026 23:29;450,0;413,6;81,9;12,0;-8,0;-6,0;53,7
21/03/2026 23:30;450,0;467,5;72,9;0,0;-8,0;-6,0;55,3
21/03/2026 23:31;450,0;500,9;21,2;0,0;-8,0;-16,0;49,4
21/03/2026 23:32;450,0;472,2;0,0;0,0;-8,0;-16,0;46,7
21/03/2026 23:33;450,0;435,3;12,5;12,0;-8,0;-14,0;45,4
21/03/2026 23:34;450,0;415,3;44,4;12,0;-8,0;-9,0;46,5
21/03/2026 23:35;450,0;435,8;62,4;12,0;-8,0;-6,0;48,2
21/03/2026 23:36;450,0;482,1;34,3;0,0;-8,0;-11,0;46,1
21/03/2026 23:37;450,0;477,7;4,8;0,0;-8,0;-13,0;43,6
21/03/2026 23:38;450,0;451,1;2,6;0,0;-8,0;-12,0;42,4
21/03/2026 23:39;450,0;427,9;25,0;12,0;-8,0;-11,0;41,4
21/03/2026 23:40;450,0;417,4;56,4;12,0;-8,0;-7,0;43,2
21/03/2026 23:41;450,0;444,0;62,6;12,0;-8,0;-5,0;45,1
21/03/2026 23:42;450,0;489,5;24,6;0,0;-8,0;-10,0;43,2
21/03/2026 23:43;450,0;495,0;0,0;0,0;-8,0;-11,0;41,4
21/03/2026 23:44;450,0;473,3;0,0;0,0;-8,0;-12,0;39,8
21/03/2026 23:45;450,0;450,5;0,0;0,0;-8,0;-11,0;39,0
21/03/2026 23:46;450,0;432,3;14,3;12,0;-8,0;-10,0;38,6
21/03/2026 23:47;450,0;422,4;40,2;12,0;-8,0;-8,0;39,0
21/03/2026 23:48;450,0;437,6;54,5;12,0;-8,0;-5,0;41,2
21/03/2026 23:49;450,0;470,1;35,9;0,0;-8,0;-8,0;40,5
21/03/2026 23:50;450,0;477,2;8,2;0,0;-8,0;-11,0;38,6
21/03/2026 23:51;450,0;462,5;0,0;0,0;-8,0;-11,0;37,5
21/03/2026 23:52;450,0;444,9;3,2;4,6;-8,0;-11,0;36,6
21/03/2026 23:53;450,0;432,6;19,1;12,0;-8,0;-10,0;36,5
21/03/2026 23:54;450,0;431,4;36,3;12,0;-8,0;-7,0;37,6
21/03/2026 23:55;450,0;445,8;42,3;8,8;-8,0;-6,0;38,7
21/03/2026 23:56;450,0;465,1;27,8;0,0;-8,0;-8,0;38,0
21/03/2026 23:57;450,0;472,5;6,7;0,0;-8,0;-10,0;36,6
21/03/2026 23:58;450,0;465,7;0,0;0,0;-8,0;-10,0;35,9
21/03/2026 23:59;450,0;453,4;0,0;0,0;-8,0;-10,0;35,2
22/03/2026 00:00;450,0;440,5;6,3;9,0;-8,0;-10,0;34,6
22/03/2026 00:01;450,0;432,0;21,6;12,0;-8,0;-8,0;35,0
22/03/2026 00:02;450,0;433,5;36,7;12,0;-8,0;-6,0;36,2
22/03/2026 00:03;450,0;452,2;37,0;2,5;-8,0;-6,0;36,8
22/03/2026 00:04;450,0;471,0;18,6;0,0;-8,0;-9,0;35,7
22/03/2026 00:05;450,0;474,8;0,0;0,0;-8,0;-10,0;34,8
22/03/2026 00:06;450,0;470,7;0,0;0,0;-8,0;-10,0;34,0
22/03/2026 00:07;450,0;461,0;0,0;0,0;-8,0;-9,0;34,1
22/03/2026 00:08;450,0;452,0;0,0;0,0;-8,0;-9,0;33,6
22/03/2026 00:09;450,0;442,0;6,4;7,7;-8,0;-9,0;33,3
22/03/2026 00:10;450,0;436,4;19,3;12,0;-8,0;-8,0;33,5
22/03/2026 00:11;450,0;441,1;27,2;10,9;-8,0;-7,0;34,2
22/03/2026 00:12;450,0;453,4;24,5;0,0;-8,0;-7,0;34,5
22/03/2026 00:13;450,0;463,4;11,7;0,0;-8,0;-9,0;33,7
22/03/2026 00:14;450,0;464,8;0,0;0,0;-8,0;-9,0;33,3
22/03/2026 00:15;450,0;463,7;0,0;0,0;-8,0;-9,0;33,0
22/03/2026 00:16;450,0;459,6;0,0;0,0;-8,0;-9,0;32,7
22/03/2026 00:17;450,0;455,5;0,0;0,0;-8,0;-9,0;32,4
22/03/2026 00:18;450,0;447,6;1,0;2,1;-8,0;-9,0;32,0
22/03/2026 00:19;450,0;441,1;8,7;8,7;-8,0;-9,0;31,9
22/03/2026 00:20;450,0;438,2;19,4;12,0;-8,0;-8,0;32,2
22/03/2026 00:21;450,0;445,8;24,0;6,8;-8,0;-7,0;32,8
22/03/2026 00:22;450,0;455,8;18,4;0,0;-8,0;-8,0;32,6
22/03/2026 00:23;450,0;462,8;7,4;0,0;-8,0;-9,0;32,3
22/03/2026 00:24;450,0;460,7;0,0;0,0;-8,0;-9,0;32,0
22/03/2026 00:25;450,0;457,8;0,0;0,0;-8,0;-9,0;31,9
22/03/2026 00:26;450,0;453,4;0,0;0,0;-8,0;-9,0;31,5
22/03/2026 00:27;450,0;450,5;0,0;0,0;-8,0;-9,0;31,3
22/03/2026 00:28;450,0;446,7;1,9;2,9;-8,0;-8,0;31,3
22/03/2026 00:29;450,0;441,7;8,8;8,2;-8,0;-8,0;31,3
22/03/2026 00:30;450,0;440,5;18,9;10,5;-8,0;-7,0;31,8
22/03/2026 00:31;450,0;446,4;22,0;5,7;-8,0;-7,0;32,0
22/03/2026 00:32;450,0;456,6;16,2;0,0;-8,0;-8,0;32,0
22/03/2026 00:33;450,0;465,7;1,0;0,0;-8,0;-9,0;31,3
22/03/2026 00:34;450,0;469,0;0,0;0,0;-8,0;-8,0;31,5
22/03/2026 00:35;450,0;466,9;0,0;0,0;-8,0;-9,0;31,0
22/03/2026 00:36;450,0;463,7;0,0;0,0;-8,0;-8,0;31,3
22/03/2026 00:37;450,0;463,4;0,0;0,0;-8,0;-8,0;31,1
22/03/2026 00:38;450,0;461,0;0,0;0,0;-8,0;-8,0;31,1
22/03/2026 00:39;450,0;457,2;0,0;0,0;-8,0;-9,0;30,6
22/03/2026 00:40;450,0;453,1;0,0;0,0;-8,0;-8,0;30,9
22/03/2026 00:41;450,0;448,7;0,5;1,2;-8,0;-8,0;30,7
22/03/2026 00:42;450,0;442,9;6,8;6,9;-8,0;-8,0;30,8
22/03/2026 00:43;450,0;439,7;16,2;10,9;-8,0;-8,0;30,8
22/03/2026 00:44;450,0;444,6;21,9;7,3;-8,0;-7,0;31,5
22/03/2026 00:45;450,0;454,9;17,6;0,0;-8,0;-8,0;31,4
22/03/2026 00:46;450,0;462,8;6,5;0,0;-8,0;-8,0;31,4
22/03/2026 00:47;450,0;465,1;0,0;0,0;-8,0;-9,0;31,0
22/03/2026 00:48;450,0;462,5;0,0;0,0;-8,0;-9,0;30,7
22/03/2026 00:49;450,0;459,9;0,0;0,0;-8,0;-8,0;31,1
22/03/2026 00:50;450,0;455,5;0,0;0,0;-8,0;-8,0;30,9
22/03/2026 00:51;450,0;449,9;0,0;0,0;-8,0;-8,0;30,8
22/03/2026 00:52;450,0;444,9;3,6;4,8;-8,0;-8,0;30,6
22/03/2026 00:53;450,0;441,7;10,7;8,5;-8,0;-8,0;30,7
22/03/2026 00:54;450,0;442,0;19,8;9,4;-8,0;-7,0;31,2
22/03/2026 00:55;450,0;449,6;20,2;2,7;-8,0;-7,0;31,6
22/03/2026 00:56;450,0;457,8;13,5;0,0;-8,0;-8,0;31,3
22/03/2026 00:57;450,0;465,1;0,0;0,0;-8,0;-8,0;31,2
22/03/2026 00:58;450,0;465,1;0,0;0,0;-8,0;-9,0;30,6
22/03/2026 00:59;450,0;464,8;0,0;0,0;-8,0;-8,0;30,9
22/03/2026 01:00;450,0;463,1;0,0;0,0;-8,0;-8,0;30,7
22/03/2026 01:01;450,0;460,5;0,0;0,0;-8,0;-9,0;30,3
22/03/2026 01:02;450,0;458,4;0,0;0,0;-8,0;-8,0;30,7
22/03/2026 01:03;450,0;454,9;0,0;0,0;-8,0;-9,0;30,1
22/03/2026 01:04;450,0;452,0;0,0;0,0;-8,0;-9,0;30,1
22/03/2026 01:05;450,0;448,4;1,1;1,5;-8,0;-8,0;30,5
22/03/2026 01:06;450,0;443,8;6,7;6,2;-8,0;-8,0;30,5
22/03/2026 01:07;450,0;441,1;14,4;9,4;-8,0;-7,0;30,8
22/03/2026 01:08;450,0;445,2;19,1;6,4;-8,0;-7,0;31,1
22/03/2026 01:09;450,0;456,1;14,6;0,0;-8,0;-8,0;31,1
22/03/2026 01:10;450,0;466,0;0,7;0,0;-8,0;-9,0;30,7
22/03/2026 01:11;450,0;471,9;0,0;0,0;-8,0;-8,0;31,0
22/03/2026 01:12;450,0;472,5;0,0;0,0;-8,0;-8,0;30,9
22/03/2026 01:13;450,0;469,5;0,0;0,0;-8,0;-8,0;30,9
22/03/2026 01:14;450,0;467,5;0,0;0,0;-8,0;-8,0;30,8
22/03/2026 01:15;450,0;464,6;0,0;0,0;-8,0;-8,0;30,6
22/03/2026 01:16;450,0;461,3;0,0;0,0;-8,0;-8,0;30,8
22/03/2026 01:17;450,0;456,6;0,0;0,0;-8,0;-8,0;30,7
22/03/2026 01:18;450,0;450,8;0,0;0,0;-8,0;-8,0;30,6
22/03/2026 01:19;450,0;447,0;1,8;2,8;-8,0;-8,0;30,6
22/03/2026 01:20;450,0;443,2;8,0;6,8;-8,0;-8,0;30,6
22/03/2026 01:21;450,0;442,6;15,4;8,2;-8,0;-8,0;30,6
22/03/2026 01:22;450,0;449,3;15,9;2,4;-8,0;-7,0;31,2
22/03/2026 01:23;450,0;457,8;8,4;0,0;-8,0;-8,0;30,9
22/03/2026 01:24;450,0;465,1;0,0;0,0;-8,0;-8,0;30,9
22/03/2026 01:25;450,0;467,5;0,0;0,0;-8,0;-8,0;30,9
22/03/2026 01:26;450,0;468,1;0,0;0,0;-8,0;-8,0;30,9
22/03/2026 01:27;450,0;469,5;0,0;0,0;-8,0;-8,0;30,9
22/03/2026 01:28;450,0;468,1;0,0;0,0;-8,0;-8,0;30,8
22/03/2026 01:29;450,0;466,3;0,0;0,0;-8,0;-8,0;30,7
22/03/2026 01:30;450,0;463,4;0,0;0,0;-8,0;-9,0;30,4
22/03/2026 01:31;450,0;458,1;0,0;0,0;-8,0;-8,0;30,6
22/03/2026 01:32;450,0;452,5;0,0;0,0;-8,0;-8,0;30,6
22/03/2026 01:33;450,0;446,4;2,0;3,3;-8,0;-8,0;30,6
22/03/2026 01:34;450,0;442,0;8,8;8,0;-8,0;-8,0;30,6
22/03/2026 01:35;450,0;442,0;16,2;8,9;-8,0;-7,0;31,1
22/03/2026 01:36;450,0;449,9;17,3;2,1;-8,0;-7,0;31,5
22/03/2026 01:37;450,0;458,7;9,6;0,0;-8,0;-8,0;31,2
22/03/2026 01:38;450,0;461,6;0,0;0,0;-8,0;-8,0;31,2
22/03/2026 01:39;450,0;460,2;0,0;0,0;-8,0;-8,0;30,9
22/03/2026 01:40;450,0;458,7;0,0;0,0;-8,0;-8,0;31,1
22/03/2026 01:41;450,0;456,9;0,0;0,0;-8,0;-8,0;30,9
22/03/2026 01:42;450,0;454,9;0,0;0,0;-8,0;-8,0;31,0
22/03/2026 01:43;450,0;451,1;0,0;0,0;-8,0;-9,0;30,2
22/03/2026 01:44;450,0;448,1;0,9;1,7;-8,0;-8,0;30,7
22/03/2026 01:45;450,0;443,5;7,0;6,3;-8,0;-8,0;30,7
22/03/2026 01:46;450,0;441,1;15,1;9,5;-8,0;-7,0;31,0
22/03/2026 01:47;450,0;447,3;18,1;4,5;-8,0;-7,0;31,4
22/03/2026 01:48;450,0;458,1;10,2;0,0;-8,0;-8,0;31,2
22/03/2026 01:49;450,0;464,3;0,0;0,0;-8,0;-9,0;30,6
22/03/2026 01:50;450,0;464,8;0,0;0,0;-8,0;-9,0;30,7
22/03/2026 01:51;450,0;463,1;0,0;0,0;-8,0;-8,0;31,0
22/03/2026 01:52;450,0;461,3;0,0;0,0;-8,0;-9,0;30,5
22/03/2026 01:53;450,0;458,7;0,0;0,0;-8,0;-9,0;30,5
22/03/2026 01:54;450,0;455,8;0,0;0,0;-8,0;-8,0;30,8
22/03/2026 01:55;450,0;454,0;0,0;0,0;-8,0;-8,0;30,7
22/03/2026 01:56;450,0;453,4;0,0;0,0;-8,0;-9,0;30,3
22/03/2026 01:57;450,0;448,1;0,6;1,6;-8,0;-8,0;30,7
22/03/2026 01:58;450,0;444,0;5,8;5,9;-8,0;-8,0;30,6
22/03/2026 01:59;450,0;440,2;14,2;10,2;-8,0;-8,0;30,6
22/03/2026 02:00;450,0;444,9;19,4;6,7;-8,0;-7,0;31,2
22/03/2026 02:01;450,0;454,9;16,0;0,0;-8,0;-7,0;31,5
22/03/2026 02:02;450,0;463,7;3,5;0,0;-8,0;-8,0;31,1
22/03/2026 02:03;450,0;465,1;0,0;0,0;-8,0;-9,0;30,6
22/03/2026 02:04;450,0;464,8;0,0;0,0;-8,0;-8,0;30,9
22/03/2026 02:05;450,0;461,6;0,0;0,0;-8,0;-8,0;30,8
22/03/2026 02:06;450,0;458,7;0,0;0,0;-8,0;-8,0;30,6
22/03/2026 02:07;450,0;454,9;0,0;0,0;-8,0;-9,0;30,3
22/03/2026 02:08;450,0;451,1;0,0;0,0;-8,0;-8,0;30,7
22/03/2026 02:09;450,0;446,4;2,1;3,2;-8,0;-8,0;30,6
22/03/2026 02:10;450,0;442,0;9,4;8,1;-8,0;-8,0;30,6
22/03/2026 02:11;450,0;441,7;16,2;9,1;-8,0;-7,0;30,9
22/03/2026 02:12;450,0;448,1;19,1;3,9;-8,0;-8,0;31,0
22/03/2026 02:13;450,0;457,2;12,1;0,0;-8,0;-8,0;31,1
22/03/2026 02:14;450,0;463,7;0,0;0,0;-8,0;-8,0;31,0
22/03/2026 02:15;450,0;466,0;0,0;0,0;-8,0;-8,0;31,0
22/03/2026 02:16;450,0;465,1;0,0;0,0;-8,0;-8,0;30,9
22/03/2026 02:17;450,0;464,8;0,0;0,0;-8,0;-8,0;30,8
22/03/2026 02:18;450,0;463,1;0,0;0,0;-8,0;-8,0;30,7
22/03/2026 02:19;450,0;463,4;0,0;0,0;-8,0;-8,0;30,7
22/03/2026 02:20;450,0;460,2;0,0;0,0;-8,0;-8,0;30,6
22/03/2026 02:21;450,0;456,9;0,0;0,0;-8,0;-8,0;30,6
22/03/2026 02:22;450,0;452,8;0,0;0,0;-8,0;-8,0;30,5
22/03/2026 02:23;450,0;448,4;0,6;1,5;-8,0;-8,0;30,5
22/03/2026 02:24;450,0;444,0;5,8;5,9;-8,0;-8,0;30,5
22/03/2026 02:25;450,0;442,6;12,5;7,9;-8,0;-8,0;30,7
22/03/2026 02:26;450,0;447,9;15,3;3,6;-8,0;-7,0;31,0
22/03/2026 02:27;450,0;456,6;9,8;0,0;-8,0;-8,0;31,0
22/03/2026 02:28;450,0;463,1;0,0;0,0;-8,0;-8,0;30,9
22/03/2026 02:29;450,0;464,6;0,0;0,0;-8,0;-8,0;30,8
22/03/2026 02:30;450,0;463,1;0,0;0,0;-8,0;-9,0;30,3
22/03/2026 02:31;450,0;461,3;0,0;0,0;-8,0;-8,0;30,6
22/03/2026 02:32;450,0;459,0;0,0;0,0;-8,0;-8,0;30,6
22/03/2026 02:33;450,0;455,8;0,0;0,0;-8,0;-8,0;30,5
22/03/2026 02:34;450,0;452,8;0,0;0,0;-8,0;-8,0;30,5
22/03/2026 02:35;450,0;449,3;0,0;0,5;-8,0;-8,0;30,3
22/03/2026 02:36;450,0;445,5;3,9;4,3;-8,0;-8,0;30,4
22/03/2026 02:37;450,0;441,7;11,5;8,5;-8,0;-8,0;30,4
22/03/2026 02:38;450,0;444,0;16,8;7,1;-8,0;-7,0;30,9
22/03/2026 02:39;450,0;452,5;15,0;0,0;-8,0;-8,0;30,7
22/03/2026 02:40;450,0;459,9;5,5;0,0;-8,0;-8,0;30,8
22/03/2026 02:41;450,0;460,2;0,0;0,0;-8,0;-8,0;30,8
22/03/2026 02:42;450,0;457,2;0,0;0,0;-8,0;-8,0;30,7
22/03/2026 02:43;450,0;455,5;0,0;0,0;-8,0;-9,0;30,3
22/03/2026 02:44;450,0;452,5;0,0;0,0;-8,0;-8,0;30,7
22/03/2026 02:45;450,0;449,3;0,4;0,6;-8,0;-9,0;30,2
22/03/2026 02:46;450,0;446,4;3,8;3,5;-8,0;-8,0;30,6
22/03/2026 02:47;450,0;443,8;9,0;6,4;-8,0;-8,0;30,6
22/03/2026 02:48;450,0;446,7;12,8;4,3;-8,0;-8,0;30,7
22/03/2026 02:49;450,0;457,2;7,4;0,0;-8,0;-8,0;30,6
22/03/2026 02:50;450,0;465,1;0,0;0,0;-8,0;-8,0;30,6
22/03/2026 02:51;450,0;464,8;0,0;0,0;-8,0;-8,0;30,6
22/03/2026 02:52;450,0;463,1;0,0;0,0;-8,0;-8,0;30,6
22/03/2026 02:53;450,0;461,3;0,0;0,0;-8,0;-8,0;30,6
22/03/2026 02:54;450,0;459,0;0,0;0,0;-8,0;-8,0;30,6
22/03/2026 02:55;450,0;458,4;0,0;0,0;-8,0;-8,0;30,6
22/03/2026 02:56;450,0;456,9;0,0;0,0;-8,0;-8,0;30,6
22/03/2026 02:57;450,0;452,0;0,0;0,0;-8,0;-8,0;30,6
22/03/2026 02:58;450,0;448,1;0,9;1,7;-8,0;-8,0;30,6
22/03/2026 02:59;450,0;446,4;4,3;3,6;-8,0;-8,0;30,6
22/03/2026 03:00;450,0;444,9;9,0;5,4;-8,0;-8,0;30,6
22/03/2026 03:01;450,0;449,9;8,9;1,0;-8,0;-8,0;30,6
22/03/2026 03:02;450,0;452,8;5,6;0,0;-8,0;-8,0;30,6
22/03/2026 03:03;450,0;455,5;1,4;0,0;-8,0;-8,0;30,6
22/03/2026 03:04;450,0;455,8;0,0;0,0;-8,0;-8,0;30,6
22/03/2026 03:05;450,0;454,3;0,0;0,0;-8,0;-8,0;30,6
22/03/2026 03:06;450,0;451,1;0,0;0,0;-8,0;-8,0;30,6
22/03/2026 03:07;450,0;447,9;1,7;1,9;-8,0;-8,0;30,6
22/03/2026 03:08;450,0;445,2;5,4;4,8;-8,0;-8,0;30,6
22/03/2026 03:09;450,0;444,9;10,3;5,6;-8,0;-8,0;30,6
22/03/2026 03:10;450,0;451,1;9,8;0,2;-8,0;-8,0;30,6
22/03/2026 03:11;450,0;455,8;4,8;0,0;-8,0;-8,0;30,6
22/03/2026 03:12;450,0;458,7;0,0;0,0;-8,0;-9,0;30,2
22/03/2026 03:13;450,0;459,9;0,0;0,0;-8,0;-8,0;30,5
22/03/2026 03:14;450,0;459,0;0,0;0,0;-8,0;-8,0;30,5
22/03/2026 03:15;450,0;454,9;0,0;0,0;-8,0;-8,0;30,5
22/03/2026 03:16;450,0;451,7;0,0;0,0;-8,0;-8,0;30,5
22/03/2026 03:17;450,0;448,1;0,6;1,6;-8,0;-8,0;30,5
22/03/2026 03:18;450,0;444,6;5,9;5,3;-8,0;-8,0;30,5
22/03/2026 03:19;450,0;446,1;10,0;4,5;-8,0;-8,0;30,5
22/03/2026 03:20;450,0;453,1;8,2;0,0;-8,0;-8,0;30,5
22/03/2026 03:21;450,0;460,5;0,0;0,0;-8,0;-8,0;30,5
22/03/2026 03:22;450,0;463,4;0,0;0,0;-8,0;-8,0;30,5
22/03/2026 03:23;450,0;463,1;0,0;0,0;-8,0;-8,0;30,5
22/03/2026 03:24;450,0;463,1;0,0;0,0;-8,0;-8,0;30,5
22/03/2026 03:25;450,0;461,6;0,0;0,0;-8,0;-8,0;30,5
22/03/2026 03:26;450,0;457,5;0,0;0,0;-8,0;-8,0;30,5
22/03/2026 03:27;450,0;450,8;0,0;0,0;-8,0;-8,0;30,5
22/03/2026 03:28;450,0;445,5;3,4;4,3;-8,0;-8,0;30,5
22/03/2026 03:29;450,0;441,7;10,8;8,5;-8,0;-8,0;30,4
22/03/2026 03:30;450,0;443,8;17,4;7,5;-8,0;-7,0;30,9
22/03/2026 03:31;450,0;453,4;14,2;0,0;-8,0;-8,0;30,9
22/03/2026 03:32;450,0;463,1;2,4;0,0;-8,0;-8,0;30,9
22/03/2026 03:33;450,0;468,4;0,0;0,0;-8,0;-8,0;30,9
22/03/2026 03:34;450,0;470,4;0,0;0,0;-8,0;-8,0;30,9
22/03/2026 03:35;450,0;469,2;0,0;0,0;-8,0;-8,0;30,8
22/03/2026 03:36;450,0;467,8;0,0;0,0;-8,0;-8,0;30,7
22/03/2026 03:37;450,0;464,6;0,0;0,0;-8,0;-8,0;30,7
22/03/2026 03:38;450,0;461,9;0,0;0,0;-8,0;-8,0;30,7
22/03/2026 03:39;450,0;458,1;0,0;0,0;-8,0;-8,0;30,7
22/03/2026 03:40;450,0;454,6;0,0;0,0;-8,0;-8,0;30,5
22/03/2026 03:41;450,0;449,6;0,0;0,2;-8,0;-8,0;30,6
22/03/2026 03:42;450,0;444,0;4,3;5,6;-8,0;-8,0;30,6
22/03/2026 03:43;450,0;441,7;13,2;8,7;-8,0;-8,0;30,8
22/03/2026 03:44;450,0;443,2;18,1;8,0;-8,0;-7,0;31,3
22/03/2026 03:45;450,0;452,5;17,6;0,0;-8,0;-8,0;31,2
22/03/2026 03:46;450,0;461,6;7,0;0,0;-8,0;-8,0;31,2
22/03/2026 03:47;450,0;466,9;0,0;0,0;-8,0;-9,0;30,6
22/03/2026 03:48;450,0;471,0;0,0;0,0;-8,0;-8,0;31,0
22/03/2026 03:49;450,0;471,6;0,0;0,0;-8,0;-9,0;30,4
22/03/2026 03:50;450,0;469,0;0,0;0,0;-8,0;-9,0;30,4
22/03/2026 03:51;450,0;469,0;0,0;0,0;-8,0;-8,0;30,7
22/03/2026 03:52;450,0;467,2;0,0;0,0;-8,0;-8,0;30,7
22/03/2026 03:53;450,0;463,7;0,0;0,0;-8,0;-8,0;30,6
22/03/2026 03:54;450,0;459,6;0,0;0,0;-8,0;-8,0;30,6
22/03/2026 03:55;450,0;455,2;0,0;0,0;-8,0;-8,0;30,6
22/03/2026 03:56;450,0;451,4;0,0;0,0;-8,0;-8,0;30,6
22/03/2026 03:57;450,0;448,4;0,9;1,5;-8,0;-8,0;30,6
22/03/2026 03:58;450,0;445,8;4,6;4,2;-8,0;-8,0;30,6
22/03/2026 03:59;450,0;446,7;8,3;3,8;-8,0;-8,0;30,6
22/03/2026 04:00;450,0;449,9;8,8;1,0;-8,0;-8,0;30,6
22/03/2026 04:01;450,0;457,2;2,7;0,0;-8,0;-8,0;30,6
22/03/2026 04:02;450,0;461,9;0,0;0,0;-8,0;-8,0;30,6
22/03/2026 04:03;450,0;462,2;0,0;0,0;-8,0;-8,0;30,6
22/03/2026 04:04;450,0;462,2;0,0;0,0;-8,0;-8,0;30,6
22/03/2026 04:05;450,0;460,2;0,0;0,0;-8,0;-8,0;30,6
22/03/2026 04:06;450,0;454,6;0,0;0,0;-8,0;-8,0;30,4
22/03/2026 04:07;450,0;451,4;0,0;0,0;-8,0;-9,0;30,1
22/03/2026 04:08;450,0;445,8;2,7;3,9;-8,0;-8,0;30,5
22/03/2026 04:09;450,0;441,7;9,9;8,3;-8,0;-8,0;30,5
22/03/2026 04:10;450,0;443,2;17,5;7,9;-8,0;-8,0;30,7
22/03/2026 04:11;450,0;452,8;15,0;0,0;-8,0;-7,0;31,2
22/03/2026 04:12;450,0;461,3;4,5;0,0;-8,0;-8,0;30,9
22/03/2026 04:13;450,0;465,1;0,0;0,0;-8,0;-9,0;30,5
22/03/2026 04:14;450,0;464,0;0,0;0,0;-8,0;-8,0;30,6
22/03/2026 04:15;450,0;462,2;0,0;0,0;-8,0;-8,0;30,7
22/03/2026 04:16;450,0;459,0;0,0;0,0;-8,0;-8,0;30,6
22/03/2026 04:17;450,0;456,4;0,0;0,0;-8,0;-9,0;30,1
22/03/2026 04:18;450,0;454,0;0,0;0,0;-8,0;-8,0;30,5
22/03/2026 04:19;450,0;451,4;0,0;0,0;-8,0;-8,0;30,4
22/03/2026 04:20;450,0;448,4;0,4;1,4;-8,0;-8,0;30,4
22/03/2026 04:21;450,0;444,9;5,2;5,0;-8,0;-8,0;30,4
22/03/2026 04:22;450,0;443,8;11,0;6,7;-8,0;-8,0;30,4
22/03/2026 04:23;450,0;452,0;10,5;0,0;-8,0;-8,0;30,5
22/03/2026 04:24;450,0;463,4;0,0;0,0;-8,0;-8,0;30,5
22/03/2026 04:25;450,0;466,6;0,0;0,0;-8,0;-8,0;30,4
22/03/2026 04:26;450,0;465,1;0,0;0,0;-8,0;-8,0;30,4
22/03/2026 04:27;450,0;462,2;0,0;0,0;-8,0;-8,0;30,4
22/03/2026 04:28;450,0;457,5;0,0;0,0;-8,0;-8,0;30,4
22/03/2026 04:29;450,0;453,1;0,0;0,0;-8,0;-8,0;30,4
22/03/2026 04:30;450,0;448,4;0,7;1,5;-8,0;-8,0;30,4
22/03/2026 04:31;450,0;445,2;4,4;4,7;-8,0;-8,0;30,3
22/03/2026 04:32;450,0;443,8;10,5;6,6;-8,0;-7,0;30,7
22/03/2026 04:33;450,0;448,4;12,3;2,8;-8,0;-7,0;30,7
22/03/2026 04:34;450,0;454,6;8,2;0,0;-8,0;-8,0;30,5
22/03/2026 04:35;450,0;461,0;0,0;0,0;-8,0;-8,0;30,5
22/03/2026 04:36;450,0;461,0;0,0;0,0;-8,0;-8,0;30,5
22/03/2026 04:37;450,0;461,0;0,0;0,0;-8,0;-8,0;30,5
22/03/2026 04:38;450,0;459,3;0,0;0,0;-8,0;-8,0;30,5
22/03/2026 04:39;450,0;457,8;0,0;0,0;-8,0;-8,0;30,5
22/03/2026 04:40;450,0;454,6;0,0;0,0;-8,0;-8,0;30,5
22/03/2026 04:41;450,0;452,8;0,0;0,0;-8,0;-8,0;30,3
22/03/2026 04:42;450,0;449,0;0,0;0,8;-8,0;-9,0;30,0
22/03/2026 04:43;450,0;447,6;2,1;2,2;-8,0;-8,0;30,4
22/03/2026 04:44;450,0;445,8;6,1;4,3;-8,0;-8,0;30,4
22/03/2026 04:45;450,0;447,3;9,0;3,4;-8,0;-8,0;30,5
22/03/2026 04:46;450,0;454,6;5,9;0,0;-8,0;-8,0;30,5
22/03/2026 04:47;450,0;459,9;0,0;0,0;-8,0;-8,0;30,5
22/03/2026 04:48;450,0;460,7;0,0;0,0;-8,0;-8,0;30,5
22/03/2026 04:49;450,0;458,4;0,0;0,0;-8,0;-8,0;30,5
22/03/2026 04:50;450,0;454,9;0,0;0,0;-8,0;-8,0;30,5
22/03/2026 04:51;450,0;451,7;0,0;0,0;-8,0;-8,0;30,5
22/03/2026 04:52;450,0;448,7;0,2;1,1;-8,0;-8,0;30,4
22/03/2026 04:53;450,0;446,4;3,0;3,4;-8,0;-8,0;30,4
22/03/2026 04:54;450,0;444,6;8,1;5,6;-8,0;-8,0;30,4
22/03/2026 04:55;450,0;450,2;9,2;0,9;-8,0;-8,0;30,4
22/03/2026 04:56;450,0;456,6;3,1;0,0;-8,0;-8,0;30,4
22/03/2026 04:57;450,0;460,2;0,0;0,0;-8,0;-8,0;30,4
22/03/2026 04:58;450,0;459,6;0,0;0,0;-8,0;-8,0;30,4
22/03/2026 04:59;450,0;456,6;0,0;0,0;-8,0;-8,0;30,4
22/03/2026 05:00;450,0;452,5;0,0;0,0;-8,0;-8,0;30,4
22/03/2026 05:01;450,0;447,9;1,5;1,9;-8,0;-8,0;30,4
22/03/2026 05:02;450,0;446,4;4,5;3,6;-8,0;-8,0;30,4
22/03/2026 05:03;450,0;445,2;8,7;5,2;-8,0;-8,0;30,4
22/03/2026 05:04;450,0;446,7;11,2;4,1;-8,0;-8,0;30,4
22/03/2026 05:05;450,0;452,8;8,5;0,0;-8,0;-8,0;30,4
22/03/2026 05:06;450,0;456,9;1,7;0,0;-8,0;-8,0;30,4
22/03/2026 05:07;450,0;460,2;0,0;0,0;-8,0;-8,0;30,4
22/03/2026 05:08;450,0;460,2;0,0;0,0;-8,0;-8,0;30,4
22/03/2026 05:09;450,0;456,9;0,0;0,0;-8,0;-8,0;30,4
22/03/2026 05:10;450,0;453,4;0,0;0,0;-8,0;-8,0;30,4
22/03/2026 05:11;450,0;450,8;0,0;0,0;-8,0;-8,0;30,4
22/03/2026 05:12;450,0;447,3;1,9;2,5;-8,0;-8,0;30,4
22/03/2026 05:13;450,0;443,5;7,1;6,4;-8,0;-8,0;30,4
22/03/2026 05:14;450,0;443,2;13,2;7,4;-8,0;-7,0;30,8
22/03/2026 05:15;450,0;448,4;14,9;3,1;-8,0;-7,0;31,1
22/03/2026 05:16;450,0;457,5;8,7;0,0;-8,0;-8,0;30,7
22/03/2026 05:17;450,0;463,1;0,0;0,0;-8,0;-8,0;30,7
22/03/2026 05:18;450,0;464,6;0,0;0,0;-8,0;-8,0;30,6
22/03/2026 05:19;450,0;463,1;0,0;0,0;-8,0;-8,0;30,7
22/03/2026 05:20;450,0;461,3;0,0;0,0;-8,0;-8,0;30,6
22/03/2026 05:21;450,0;457,8;0,0;0,0;-8,0;-8,0;30,6
22/03/2026 05:22;450,0;455,5;0,0;0,0;-8,0;-8,0;30,6
22/03/2026 05:23;450,0;452,5;0,0;0,0;-8,0;-8,0;30,6
22/03/2026 05:24;450,0;448,7;0,5;1,2;-8,0;-8,0;30,6
22/03/2026 05:25;450,0;444,9;5,3;5,0;-8,0;-8,0;30,6
22/03/2026 05:26;450,0;443,5;11,5;6,9;-8,0;-8,0;30,8
22/03/2026 05:27;450,0;448,7;12,5;2,6;-8,0;-8,0;30,8
22/03/2026 05:28;450,0;456,1;6,9;0,0;-8,0;-8,0;30,8
22/03/2026 05:29;450,0;461,0;0,0;0,0;-8,0;-8,0;30,8
22/03/2026 05:30;450,0;463,1;0,0;0,0;-8,0;-8,0;30,6
22/03/2026 05:31;450,0;463,1;0,0;0,0;-8,0;-8,0;30,7
22/03/2026 05:32;450,0;465,1;0,0;0,0;-8,0;-8,0;30,7
22/03/2026 05:33;450,0;464,6;0,0;0,0;-8,0;-8,0;30,7
22/03/2026 05:34;450,0;464,0;0,0;0,0;-8,0;-8,0;30,7
22/03/2026 05:35;450,0;459,6;0,0;0,0;-8,0;-8,0;30,7
22/03/2026 05:36;450,0;454,6;0,0;0,0;-8,0;-8,0;30,7
22/03/2026 05:37;450,0;451,1;0,0;0,0;-8,0;-8,0;30,7
22/03/2026 05:38;450,0;448,7;0,8;1,2;-8,0;-8,0;30,5
22/03/2026 05:39;450,0;446,4;3,8;3,5;-8,0;-8,0;30,6
22/03/2026 05:40;450,0;445,5;7,9;4,8;-8,0;-8,0;30,6
22/03/2026 05:41;450,0;447,0;11,2;3,9;-8,0;-8,0;30,6
22/03/2026 05:42;450,0;454,9;7,6;0,0;-8,0;-8,0;30,6
22/03/2026 05:43;450,0;461,0;0,0;0,0;-8,0;-8,0;30,6
22/03/2026 05:44;450,0;463,7;0,0;0,0;-8,0;-8,0;30,6
22/03/2026 05:45;450,0;464,6;0,0;0,0;-8,0;-8,0;30,6
22/03/2026 05:46;450,0;462,8;0,0;0,0;-8,0;-8,0;30,5
22/03/2026 05:47;450,0;460,2;0,0;0,0;-8,0;-8,0;30,5
22/03/2026 05:48;450,0;456,9;0,0;0,0;-8,0;-8,0;30,4
22/03/2026 05:49;450,0;453,7;0,0;0,0;-8,0;-8,0;30,4
22/03/2026 05:50;450,0;449,3;0,2;0,6;-8,0;-9,0;30,0
22/03/2026 05:51;450,0;446,7;2,8;3,1;-8,0;-8,0;30,3
22/03/2026 05:52;450,0;444,6;8,2;5,6;-8,0;-8,0;30,3
22/03/2026 05:53;450,0;443,5;14,3;7,2;-8,0;-8,0;30,3
22/03/2026 05:54;450,0;448,4;15,5;3,2;-8,0;-7,0;31,0
22/03/2026 05:55;450,0;454,9;11,3;0,0;-8,0;-8,0;30,8
22/03/2026 05:56;450,0;460,7;1,6;0,0;-8,0;-8,0;30,7
22/03/2026 05:57;450,0;462,5;0,0;0,0;-8,0;-9,0;30,3
22/03/2026 05:58;450,0;460,7;0,0;0,0;-8,0;-8,0;30,6
22/03/2026 05:59;450,0;457,8;0,0;0,0;-8,0;-8,0;30,6
22/03/2026 06:00;450,0;454,0;0,0;0,0;-8,0;-8,0;30,5
22/03/2026 06:01;450,0;450,5;0,0;0,0;-8,0;-8,0;30,3
22/03/2026 06:02;450,0;447,3;1,8;2,5;-8,0;-8,0;30,4
22/03/2026 06:03;450,0;444,3;7,0;5,8;-8,0;-8,0;30,4
22/03/2026 06:04;450,0;444,0;12,3;6,6;-8,0;-8,0;30,4
22/03/2026 06:05;450,0;449,3;13,5;2,1;-8,0;-8,0;30,7
22/03/2026 06:06;450,0;459,9;5,2;0,0;-8,0;-8,0;30,7
22/03/2026 06:07;450,0;467,5;0,0;0,0;-8,0;-8,0;30,7
22/03/2026 06:08;450,0;468,4;0,0;0,0;-8,0;-8,0;30,7
22/03/2026 06:09;450,0;466,6;0,0;0,0;-8,0;-8,0;30,7
22/03/2026 06:10;450,0;464,8;0,0;0,0;-8,0;-8,0;30,7
22/03/2026 06:11;450,0;459,9;0,0;0,0;-8,0;-9,0;30,3
22/03/2026 06:12;450,0;453,7;0,0;0,0;-8,0;-8,0;30,6
22/03/2026 06:13;450,0;449,0;0,4;0,9;-8,0;-8,0;30,6
22/03/2026 06:14;450,0;445,5;4,0;4,4;-8,0;-8,0;30,6
22/03/2026 06:15;450,0;443,5;10,3;6,8;-8,0;-8,0;30,6
22/03/2026 06:16;450,0;447,3;12,4;3,7;-8,0;-8,0;30,6
22/03/2026 06:17;450,0;455,5;7,8;0,0;-8,0;-8,0;30,7
22/03/2026 06:18;450,0;461,9;0,0;0,0;-8,0;-9,0;30,3
22/03/2026 06:19;450,0;464,8;0,0;0,0;-8,0;-8,0;30,6
22/03/2026 06:20;450,0;465,1;0,0;0,0;-8,0;-8,0;30,6
22/03/2026 06:21;450,0;463,4;0,0;0,0;-8,0;-8,0;30,6
22/03/2026 06:22;450,0;461,3;0,0;0,0;-8,0;-8,0;30,6
22/03/2026 06:23;450,0;456,9;0,0;0,0;-8,0;-8,0;30,6
22/03/2026 06:24;450,0;452,0;0,0;0,0;-8,0;-9,0;30,1
22/03/2026 06:25;450,0;448,1;0,7;1,6;-8,0;-8,0;30,5
22/03/2026 06:26;450,0;445,2;4,4;4,7;-8,0;-8,0;30,5
22/03/2026 06:27;450,0;444,0;9,7;6,4;-8,0;-8,0;30,5
22/03/2026 06:28;450,0;449,9;10,5;1,2;-8,0;-8,0;30,5
22/03/2026 06:29;450,0;458,7;3,3;0,0;-8,0;-8,0;30,5
22/03/2026 06:30;450,0;461,6;0,0;0,0;-8,0;-8,0;30,5
22/03/2026 06:31;450,0;461,0;0,0;0,0;-8,0;-9,0;30,1
22/03/2026 06:32;450,0;461,9;0,0;0,0;-8,0;-9,0;30,0
22/03/2026 06:33;450,0;464,6;0,0;0,0;-8,0;-8,0;30,4
22/03/2026 06:34;450,0;463,4;0,0;0,0;-8,0;-8,0;30,4
22/03/2026 06:35;450,0;460,2;0,0;0,0;-8,0;-8,0;30,3
22/03/2026 06:36;450,0;457,5;0,0;0,0;-8,0;-8,0;30,2
22/03/2026 06:37;450,0;455,5;0,0;0,0;-8,0;-8,0;30,2
22/03/2026 06:38;450,0;454,3;0,0;0,0;-8,0;-8,0;30,2
22/03/2026 06:39;450,0;452,5;0,0;0,0;-8,0;-8,0;30,2
22/03/2026 06:40;450,0;452,8;0,0;0,0;-8,0;-8,0;30,2
22/03/2026 06:41;450,0;451,1;0,0;0,0;-8,0;-8,0;30,2
22/03/2026 06:42;450,0;449,0;0,6;0,9;-8,0;-8,0;30,2
22/03/2026 06:43;450,0;447,6;2,5;2,3;-8,0;-8,0;30,2
22/03/2026 06:44;450,0;445,2;6,1;4,9;-8,0;-8,0;30,1
22/03/2026 06:45;450,0;442,6;12,8;7,9;-8,0;-8,0;30,1
22/03/2026 06:46;450,0;445,8;17,1;5,6;-8,0;-8,0;30,3
22/03/2026 06:47;450,0;453,1;14,4;0,0;-8,0;-8,0;30,4
22/03/2026 06:48;450,0;460,5;4,8;0,0;-8,0;-8,0;30,4
22/03/2026 06:49;450,0;463,1;0,0;0,0;-8,0;-8,0;30,4
22/03/2026 06:50;450,0;461,9;0,0;0,0;-8,0;-8,0;30,3
22/03/2026 06:51;450,0;457,8;0,0;0,0;-8,0;-9,0;30,0
22/03/2026 06:52;450,0;455,2;0,0;0,0;-8,0;-8,0;30,3
22/03/2026 06:53;450,0;455,2;0,0;0,0;-8,0;-8,0;30,1
22/03/2026 06:54;450,0;453,1;0,0;0,0;-8,0;-9,0;30,0
22/03/2026 06:55;450,0;450,5;0,0;0,0;-8,0;-8,0;30,2
22/03/2026 06:56;450,0;449,9;0,7;0,1;-8,0;-8,0;30,2
22/03/2026 06:57;450,0;448,1;2,2;1,8;-8,0;-8,0;30,2
22/03/2026 06:58;450,0;446,1;5,5;4,0;-8,0;-8,0;30,1
22/03/2026 06:59;450,0;444,6;10,9;5,9;-8,0;-8,0;30,1
22/03/2026 07:00;450,0;447,6;13,4;3,6;-8,0;-8,0;30,1
22/03/2026 07:01;450,0;455,8;9,0;0,0;-8,0;-8,0;30,2
22/03/2026 07:02;450,0;460,7;0,0;0,0;-8,0;-8,0;30,2
22/03/2026 07:03;450,0;460,7;0,0;0,0;-8,0;-8,0;30,2
22/03/2026 07:04;450,0;460,5;0,0;0,0;-8,0;-8,0;30,0
22/03/2026 07:05;450,0;456,9;0,0;0,0;-8,0;-8,0;30,1
22/03/2026 07:06;450,0;454,3;0,0;0,0;-8,0;-8,0;30,1
22/03/2026 07:07;450,0;451,1;0,0;0,0;-8,0;-8,0;30,1
22/03/2026 07:08;450,0;447,3;1,6;2,5;-8,0;-8,0;30,0
22/03/2026 07:09;450,0;443,8;7,3;6,3;-8,0;-8,0;30,1
22/03/2026 07:10;450,0;442,0;14,3;8,7;-8,0;-8,0;30,1
22/03/2026 07:11;450,0;446,1;18,2;5,5;-8,0;-7,0;30,7
22/03/2026 07:12;450,0;455,8;13,7;0,0;-8,0;-8,0;30,6
22/03/2026 07:13;450,0;465,1;0,5;0,0;-8,0;-8,0;30,6
22/03/2026 07:14;450,0;467,2;0,0;0,0;-8,0;-8,0;30,5
22/03/2026 07:15;450,0;467,8;0,0;0,0;-8,0;-8,0;30,4
22/03/2026 07:16;450,0;466,3;0,0;0,0;-8,0;-8,0;30,4
22/03/2026 07:17;450,0;464,8;0,0;0,0;-8,0;-8,0;30,4
22/03/2026 07:18;450,0;461,9;0,0;0,0;-8,0;-8,0;30,4
22/03/2026 07:19;450,0;459,3;0,0;0,0;-8,0;-8,0;30,4
22/03/2026 07:20;450,0;456,4;0,0;0,0;-8,0;-8,0;30,3
22/03/2026 07:21;450,0;451,4;0,0;0,0;-8,0;-8,0;30,1
22/03/2026 07:22;450,0;446,7;2,1;3,0;-8,0;-8,0;30,2
22/03/2026 07:23;450,0;444,3;6,2;5,6;-8,0;-8,0;30,2
22/03/2026 07:24;450,0;444,0;12,9;6,7;-8,0;-8,0;30,2
22/03/2026 07:25;450,0;452,0;11,4;0,0;-8,0;-8,0;30,2
22/03/2026 07:26;450,0;460,7;1,7;0,0;-8,0;-8,0;30,2
22/03/2026 07:27;450,0;462,5;0,0;0,0;-8,0;-9,0;30,0
22/03/2026 07:28;450,0;461,0;0,0;0,0;-8,0;-8,0;30,0
22/03/2026 07:29;450,0;458,4;0,0;0,0;-8,0;-8,0;30,0
22/03/2026 07:30;450,0;455,5;0,0;0,0;-8,0;-8,0;30,0
22/03/2026 07:31;450,0;453,1;0,0;0,0;-8,0;-8,0;30,0
22/03/2026 07:32;450,0;450,2;0,0;0,0;-8,0;-8,0;30,0
22/03/2026 07:33;450,0;447,0;2,8;2,9;-8,0;-8,0;30,0
22/03/2026 07:34;450,0;444,0;7,8;6,1;-8,0;-8,0;30,0
22/03/2026 07:35;450,0;444,9;12,8;5,9;-8,0;-7,0;30,4
22/03/2026 07:36;450,0;453,1;10,5;0,0;-8,0;-7,0;30,6
22/03/2026 07:37;450,0;459,9;1,1;0,0;-8,0;-9,0;30,0
22/03/2026 07:38;450,0;461,0;0,0;0,0;-8,0;-8,0;30,0
22/03/2026 07:39;450,0;459,6;0,0;0,0;-8,0;-8,0;30,0
22/03/2026 07:40;450,0;457,8;0,0;0,0;-8,0;-9,0;30,0
22/03/2026 07:41;450,0;455,8;0,0;0,0;-8,0;-8,0;30,0
22/03/2026 07:42;450,0;452,5;0,0;0,0;-8,0;-8,0;30,0
22/03/2026 07:43;450,0;449,0;0,3;0,9;-8,0;-8,0;30,0
22/03/2026 07:44;450,0;446,4;3,2;3,4;-8,0;-8,0;30,0
22/03/2026 07:45;450,0;444,0;8,6;6,2;-8,0;-8,0;30,0
22/03/2026 07:46;450,0;445,2;13,0;5,7;-8,0;-8,0;30,0
22/03/2026 07:47;450,0;453,1;11,6;0,0;-8,0;-7,0;30,5
22/03/2026 07:48;450,0;461,3;0,6;0,0;-8,0;-8,0;30,2
22/03/2026 07:49;450,0;463,7;0,0;0,0;-8,0;-9,0;30,0
22/03/2026 07:50;450,0;464,0;0,0;0,0;-8,0;-8,0;30,1
22/03/2026 07:51;450,0;464,0;0,0;0,0;-8,0;-8,0;30,1
22/03/2026 07:52;450,0;462,2;0,0;0,0;-8,0;-8,0;30,1
22/03/2026 07:53;450,0;459,6;0,0;0,0;-8,0;-8,0;30,1
22/03/2026 07:54;450,0;457,5;0,0;0,0;-8,0;-8,0;30,1
22/03/2026 07:55;450,0;454,3;0,0;0,0;-8,0;-8,0;30,1
22/03/2026 07:56;450,0;450,2;0,0;0,0;-8,0;-8,0;30,1
22/03/2026 07:57;450,0;445,2;3,8;4,6;-8,0;-8,0;30,1
22/03/2026 07:58;450,0;441,4;12,3;8,9;-8,0;-7,0;30,5
22/03/2026 07:59;450,0;442,3;19,2;8,9;-8,0;-7,0;30,8
22/03/2026 08:00;450,0;453,7;17,2;0,0;-8,0;-7,0;31,1
22/03/2026 08:01;450,0;467,5;1,0;0,0;-8,0;-8,0;30,8
22/03/2026 08:02;450,0;472,8;0,0;0,0;-8,0;-8,0;30,8
22/03/2026 08:03;450,0;474,2;0,0;0,0;-8,0;-8,0;30,8
22/03/2026 08:04;450,0;471,0;0,0;0,0;-8,0;-8,0;30,7
22/03/2026 08:05;450,0;468,1;0,0;0,0;-8,0;-8,0;30,7
22/03/2026 08:06;450,0;466,6;0,0;0,0;-8,0;-8,0;30,7
22/03/2026 08:07;450,0;464,8;0,0;0,0;-8,0;-8,0;30,7
22/03/2026 08:08;450,0;463,4;0,0;0,0;-8,0;-8,0;30,7
22/03/2026 08:09;450,0;461,3;0,0;0,0;-8,0;-8,0;30,7
22/03/2026 08:10;450,0;458,4;0,0;0,0;-8,0;-8,0;30,7
22/03/2026 08:11;450,0;453,4;0,0;0,0;-8,0;-8,0;30,7
22/03/2026 08:12;450,0;447,9;1,0;1,9;-8,0;-8,0;30,6
22/03/2026 08:13;450,0;444,3;6,5;5,7;-8,0;-8,0;30,6
22/03/2026 08:14;450,0;441,7;13,8;8,8;-8,0;-8,0;30,6
22/03/2026 08:15;450,0;444,6;17,8;6,7;-8,0;-7,0;31,3
22/03/2026 08:16;450,0;456,1;13,9;0,0;-8,0;-8,0;31,2
22/03/2026 08:17;450,0;466,6;0,0;0,0;-8,0;-8,0;31,2
22/03/2026 08:18;450,0;471,0;0,0;0,0;-8,0;-8,0;31,1
22/03/2026 08:19;450,0;468,7;0,0;0,0;-8,0;-8,0;31,1
22/03/2026 08:20;450,0;463,4;0,0;0,0;-8,0;-8,0;30,9
22/03/2026 08:21;450,0;458,4;0,0;0,0;-8,0;-8,0;31,0
22/03/2026 08:22;450,0;455,2;0,0;0,0;-8,0;-8,0;31,0
22/03/2026 08:23;450,0;453,1;0,0;0,0;-8,0;-8,0;31,0
22/03/2026 08:24;450,0;449,0;0,2;0,9;-8,0;-8,0;31,0
22/03/2026 08:25;450,0;447,6;2,4;2,3;-8,0;-8,0;30,9
22/03/2026 08:26;450,0;447,3;4,6;2,8;-8,0;-8,0;30,9
22/03/2026 08:27;450,0;447,0;7,5;3,4;-8,0;-8,0;30,9
22/03/2026 08:28;450,0;448,7;9,0;2,2;-8,0;-8,0;30,9
22/03/2026 08:29;450,0;453,4;5,9;0,0;-8,0;-8,0;30,9
22/03/2026 08:30;450,0;456,4;0,0;0,0;-8,0;-8,0;31,0
22/03/2026 08:31;450,0;456,6;0,0;0,0;-8,0;-8,0;30,7
22/03/2026 08:32;450,0;455,2;0,0;0,0;-8,0;-8,0;30,8
22/03/2026 08:33;450,0;454,3;0,0;0,0;-8,0;-8,0;30,7
22/03/2026 08:34;450,0;452,2;0,0;0,0;-8,0;-8,0;30,6
22/03/2026 08:35;450,0;449,3;0,0;0,5;-8,0;-8,0;30,6
22/03/2026 08:36;450,0;444,9;4,3;4,8;-8,0;-8,0;30,6
22/03/2026 08:37;450,0;441,4;13,4;9,0;-8,0;-8,0;30,6
22/03/2026 08:38;450,0;445,2;18,0;6,3;-8,0;-7,0;31,3
22/03/2026 08:39;450,0;456,1;13,0;0,0;-8,0;-8,0;31,1
22/03/2026 08:40;450,0;464,3;0,6;0,0;-8,0;-8,0;31,1
22/03/2026 08:41;450,0;466,3;0,0;0,0;-8,0;-8,0;31,0
22/03/2026 08:42;450,0;468,4;0,0;0,0;-8,0;-9,0;30,6
22/03/2026 08:43;450,0;467,2;0,0;0,0;-8,0;-8,0;30,9
22/03/2026 08:44;450,0;466,0;0,0;0,0;-8,0;-8,0;30,9
22/03/2026 08:45;450,0;464,0;0,0;0,0;-8,0;-9,0;30,2
22/03/2026 08:46;450,0;462,5;0,0;0,0;-8,0;-8,0;30,7
22/03/2026 08:47;450,0;459,6;0,0;0,0;-8,0;-8,0;30,7
22/03/2026 08:48;450,0;456,6;0,0;0,0;-8,0;-8,0;30,7
22/03/2026 08:49;450,0;454,3;0,0;0,0;-8,0;-8,0;30,7
22/03/2026 08:50;450,0;450,8;0,0;0,0;-8,0;-8,0;30,6
22/03/2026 08:51;450,0;446,7;2,2;3,0;-8,0;-8,0;30,6
22/03/2026 08:52;450,0;445,2;5,9;4,8;-8,0;-8,0;30,6
22/03/2026 08:53;450,0;443,5;11,8;7,0;-8,0;-8,0;30,6
22/03/2026 08:54;450,0;447,3;15,3;4,2;-8,0;-8,0;31,0
22/03/2026 08:55;450,0;454,3;11,3;0,0;-8,0;-8,0;30,9
22/03/2026 08:56;450,0;458,7;4,4;0,0;-8,0;-8,0;30,9
22/03/2026 08:57;450,0;460,5;0,0;0,0;-8,0;-9,0;30,5
22/03/2026 08:58;450,0;459,0;0,0;0,0;-8,0;-8,0;30,7
22/03/2026 08:59;450,0;458,1;0,0;0,0;-8,0;-8,0;30,7
22/03/2026 09:00;450,0;454,9;0,0;0,0;-8,0;-8,0;30,7
22/03/2026 09:01;450,0;450,5;0,0;0,0;-8,0;-8,0;30,7
22/03/2026 09:02;450,0;447,6;1,4;2,2;-8,0;-8,0;30,8
22/03/2026 09:03;450,0;444,0;7,6;6,1;-8,0;-8,0;30,6
22/03/2026 09:04;450,0;443,2;14,0;7,5;-8,0;-8,0;30,6
22/03/2026 09:05;450,0;449,6;14,4;2,0;-8,0;-8,0;31,0
22/03/2026 09:06;450,0;458,4;6,8;0,0;-8,0;-8,0;30,9
22/03/2026 09:07;450,0;461,6;0,0;0,0;-8,0;-8,0;30,9
22/03/2026 09:08;450,0;461,9;0,0;0,0;-8,0;-8,0;30,7
22/03/2026 09:09;450,0;460,5;0,0;0,0;-8,0;-8,0;30,7
22/03/2026 09:10;450,0;455,8;0,0;0,0;-8,0;-8,0;30,7
22/03/2026 09:11;450,0;451,4;0,0;0,0;-8,0;-8,0;30,7
22/03/2026 09:12;450,0;447,6;1,8;2,2;-8,0;-8,0;30,5
22/03/2026 09:13;450,0;445,2;6,1;4,9;-8,0;-8,0;30,6
22/03/2026 09:14;450,0;444,6;10,6;5,9;-8,0;-8,0;30,6
22/03/2026 09:15;450,0;449,6;12,2;1,8;-8,0;-7,0;31,2
22/03/2026 09:16;450,0;458,7;4,0;0,0;-8,0;-8,0;30,8
22/03/2026 09:17;450,0;465,4;0,0;0,0;-8,0;-8,0;30,8
22/03/2026 09:18;450,0;468,7;0,0;0,0;-8,0;-9,0;30,2
22/03/2026 09:19;450,0;465,4;0,0;0,0;-8,0;-8,0;30,6
22/03/2026 09:20;450,0;463,4;0,0;0,0;-8,0;-8,0;30,7
22/03/2026 09:22;450,0;454,3;0,0;0,0;-8,0;-8,0;30,5
22/03/2026 09:23;450,0;449,6;0,0;0,3;-8,0;-8,0;30,5
22/03/2026 09:24;450,0;444,9;4,1;4,8;-8,0;-8,0;30,4
22/03/2026 09:25;450,0;441,7;11,6;8,6;-8,0;-7,0;30,8
22/03/2026 09:26;450,0;446,4;15,7;4,9;-8,0;-7,0;31,0
22/03/2026 09:27;450,0;455,5;11,7;0,0;-8,0;-8,0;30,9
22/03/2026 09:28;450,0;463,1;0,8;0,0;-8,0;-8,0;30,9
22/03/2026 09:29;450,0;464,3;0,0;0,0;-8,0;-8,0;30,7
22/03/2026 09:30;450,0;465,1;0,0;0,0;-8,0;-8,0;30,7
22/03/2026 09:31;450,0;464,3;0,0;0,0;-8,0;-8,0;30,7
22/03/2026 09:32;450,0;463,7;0,0;0,0;-8,0;-9,0;30,3
22/03/2026 09:33;450,0;461,6;0,0;0,0;-8,0;-8,0;30,7
22/03/2026 09:34;450,0;458,4;0,0;0,0;-8,0;-8,0;30,7
22/03/2026 09:35;450,0;457,8;0,0;0,0;-8,0;-8,0;30,6
22/03/2026 09:36;450,0;456,1;0,0;0,0;-8,0;-8,0;30,4
22/03/2026 09:37;450,0;453,1;0,0;0,0;-8,0;-8,0;30,5
22/03/2026 09:38;450,0;451,7;0,0;0,0;-8,0;-8,0;30,4
22/03/2026 09:39;450,0;448,7;0,9;1,2;-8,0;-8,0;30,4
22/03/2026 09:40;450,0;444,6;5,4;5,3;-8,0;-8,0;30,4
22/03/2026 09:41;450,0;442,0;12,4;8,4;-8,0;-8,0;30,4
22/03/2026 09:42;450,0;446,7;15,8;4,6;-8,0;-7,0;31,0
22/03/2026 09:43;450,0;456,1;11,2;0,0;-8,0;-7,0;31,3
22/03/2026 09:44;450,0;464,0;0,0;0,0;-8,0;-8,0;30,8
22/03/2026 09:45;450,0;466,0;0,0;0,0;-8,0;-8,0;30,8
22/03/2026 09:46;450,0;465,4;0,0;0,0;-8,0;-8,0;30,8
22/03/2026 09:47;450,0;465,1;0,0;0,0;-8,0;-8,0;30,8
22/03/2026 09:48;450,0;463,1;0,0;0,0;-8,0;-9,0;30,4
22/03/2026 09:49;450,0;459,3;0,0;0,0;-8,0;-8,0;30,8
22/03/2026 09:50;450,0;454,6;0,0;0,0;-8,0;-9,0;30,4
22/03/2026 09:51;450,0;449,9;0,0;0,0;-8,0;-8,0;30,7
22/03/2026 09:52;450,0;445,8;3,2;4,0;-8,0;-8,0;30,6
22/03/2026 09:53;450,0;442,9;10,2;7,3;-8,0;-8,0;30,6
22/03/2026 09:54;450,0;446,4;13,3;4,6;-8,0;-7,0;31,2
22/03/2026 09:55;450,0;453,1;10,5;0,0;-8,0;-8,0;30,9
22/03/2026 09:56;450,0;460,2;1,0;0,0;-8,0;-8,0;30,9
22/03/2026 09:57;450,0;463,4;0,0;0,0;-8,0;-9,0;30,6
22/03/2026 09:58;450,0;463,7;0,0;0,0;-8,0;-8,0;30,8
22/03/2026 09:59;450,0;461,9;0,0;0,0;-8,0;-8,0;30,8
22/03/2026 10:00;450,0;458,1;0,0;0,0;-8,0;-8,0;30,8
22/03/2026 10:01;450,0;454,3;0,0;0,0;-8,0;-8,0;30,8
22/03/2026 10:02;450,0;452,0;0,0;0,0;-8,0;-8,0;30,8
22/03/2026 10:03;450,0;451,1;0,0;0,0;-8,0;-8,0;30,8
22/03/2026 10:04;450,0;451,1;0,0;0,0;-8,0;-8,0;30,8
22/03/2026 10:05;450,0;449,9;0,1;0,0;-8,0;-8,0;30,8
22/03/2026 10:06;450,0;450,2;0,0;0,0;-8,0;-8,0;30,8
22/03/2026 10:07;450,0;448,7;1,0;1,2;-8,0;-8,0;30,7
22/03/2026 10:08;450,0;445,8;4,2;4,1;-8,0;-8,0;30,7
22/03/2026 10:09;450,0;443,8;9,7;6,5;-8,0;-8,0;30,7
22/03/2026 10:10;450,0;442,0;16,8;8,9;-8,0;-7,0;31,3
22/03/2026 10:11;450,0;448,1;19,6;3,9;-8,0;-7,0;31,6
22/03/2026 10:12;450,0;459,0;12,0;0,0;-8,0;-8,0;31,5
22/03/2026 10:13;450,0;464,3;0,0;0,0;-8,0;-8,0;31,3
22/03/2026 10:14;450,0;465,4;0,0;0,0;-8,0;-8,0;31,3
22/03/2026 10:15;450,0;464,3;0,0;0,0;-8,0;-8,0;31,2
22/03/2026 10:16;450,0;461,3;0,0;0,0;-8,0;-8,0;31,2
22/03/2026 10:17;450,0;458,1;0,0;0,0;-8,0;-9,0;30,7
22/03/2026 10:18;450,0;455,2;0,0;0,0;-8,0;-8,0;31,0
22/03/2026 10:19;450,0;450,2;0,0;0,0;-8,0;-8,0;30,9
22/03/2026 10:20;450,0;448,1;1,5;1,7;-8,0;-9,0;30,6
22/03/2026 10:21;450,0;446,7;3,7;3,2;-8,0;-8,0;30,9
22/03/2026 10:22;450,0;444,9;8,4;5,4;-8,0;-8,0;30,9
22/03/2026 10:23;450,0;447,0;11,4;3,9;-8,0;-8,0;30,9
22/03/2026 10:24;450,0;454,0;8,1;0,0;-8,0;-8,0;30,9
22/03/2026 10:25;450,0;460,7;0,0;0,0;-8,0;-8,0;30,9
22/03/2026 10:26;450,0;463,7;0,0;0,0;-8,0;-8,0;30,8
22/03/2026 10:27;450,0;465,1;0,0;0,0;-8,0;-8,0;30,7
22/03/2026 10:28;450,0;464,6;0,0;0,0;-8,0;-8,0;30,7
22/03/2026 10:29;450,0;462,5;0,0;0,0;-8,0;-9,0;30,3
22/03/2026 10:30;450,0;458,4;0,0;0,0;-8,0;-8,0;30,7
22/03/2026 10:31;450,0;452,8;0,0;0,0;-8,0;-8,0;30,6
22/03/2026 10:32;450,0;450,2;0,0;0,0;-8,0;-8,0;30,7
22/03/2026 10:33;450,0;451,1;0,0;0,0;-8,0;-8,0;30,7
22/03/2026 10:34;450,0;450,8;0,0;0,0;-8,0;-8,0;30,7
22/03/2026 10:35;450,0;447,6;1,4;2,2;-8,0;-8,0;30,7
22/03/2026 10:36;450,0;445,8;4,8;4,2;-8,0;-9,0;30,3
22/03/2026 10:37;450,0;442,6;10,3;7,6;-8,0;-8,0;30,7
22/03/2026 10:38;450,0;442,9;17,5;8,2;-8,0;-7,0;31,3
22/03/2026 10:39;450,0;452,8;16,1;0,0;-8,0;-7,0;31,6
22/03/2026 10:40;450,0;464,3;3,4;0,0;-8,0;-8,0;31,3
22/03/2026 10:41;450,0;467,2;0,0;0,0;-8,0;-8,0;31,2
22/03/2026 10:42;450,0;465,1;0,0;0,0;-8,0;-8,0;31,1
22/03/2026 10:43;450,0;462,2;0,0;0,0;-8,0;-9,0;30,7
22/03/2026 10:44;450,0;457,8;0,0;0,0;-8,0;-8,0;31,0
22/03/2026 10:45;450,0;453,7;0,0;0,0;-8,0;-8,0;31,0
22/03/2026 10:46;450,0;454,9;0,0;0,0;-8,0;-8,0;31,0
22/03/2026 10:47;450,0;456,6;0,0;0,0;-8,0;-8,0;31,0
22/03/2026 10:48;450,0;456,9;0,0;0,0;-8,0;-8,0;31,0
22/03/2026 10:49;450,0;455,2;0,0;0,0;-8,0;-8,0;31,0
22/03/2026 10:50;450,0;452,2;0,0;0,0;-8,0;-8,0;31,0
22/03/2026 10:51;450,0;447,6;1,4;2,1;-8,0;-8,0;30,9
22/03/2026 10:52;450,0;444,0;6,8;6,0;-8,0;-8,0;30,8
22/03/2026 10:53;450,0;442,3;14,0;8,3;-8,0;-8,0;30,8
22/03/2026 10:54;450,0;447,6;16,3;3,9;-8,0;-7,0;31,4
22/03/2026 10:55;450,0;455,8;11,6;0,0;-8,0;-8,0;31,4
22/03/2026 10:56;450,0;461,3;1,1;0,0;-8,0;-8,0;31,3
22/03/2026 10:57;450,0;461,3;0,0;0,0;-8,0;-8,0;31,2
22/03/2026 10:58;450,0;459,6;0,0;0,0;-8,0;-8,0;31,2
22/03/2026 10:59;450,0;456,6;0,0;0,0;-8,0;-8,0;31,1
22/03/2026 11:00;450,0;452,2;0,0;0,0;-8,0;-8,0;31,0
22/03/2026 11:01;450,0;449,6;0,0;0,3;-8,0;-8,0;30,9
22/03/2026 11:02;450,0;447,9;1,9;2,0;-8,0;-8,0;30,9
22/03/2026 11:03;450,0;445,2;5,4;4,8;-8,0;-8,0;30,8
22/03/2026 11:04;450,0;444,0;10,7;6,5;-8,0;-8,0;30,8
22/03/2026 11:05;450,0;449,3;11,6;1,9;-8,0;-7,0;31,3
22/03/2026 11:06;450,0;456,1;6,8;0,0;-8,0;-8,0;31,0
22/03/2026 11:07;450,0;460,2;0,0;0,0;-8,0;-8,0;31,0
22/03/2026 11:08;450,0;461,6;0,0;0,0;-8,0;-9,0;30,6
22/03/2026 11:09;450,0;460,2;0,0;0,0;-8,0;-8,0;30,9
22/03/2026 11:10;450,0;460,5;0,0;0,0;-8,0;-8,0;31,0
22/03/2026 11:11;450,0;458,1;0,0;0,0;-8,0;-8,0;30,6
22/03/2026 11:12;450,0;453,7;0,0;0,0;-8,0;-8,0;30,7
22/03/2026 11:13;450,0;448,7;0,4;1,1;-8,0;-8,0;30,7
22/03/2026 11:14;450,0;443,2;6,5;6,6;-8,0;-8,0;30,7
22/03/2026 11:15;450,0;441,1;14,5;9,5;-8,0;-8,0;30,7
22/03/2026 11:16;450,0;445,8;19,1;5,9;-8,0;-7,0;31,4
22/03/2026 11:17;450,0;457,8;11,9;0,0;-8,0;-8,0;31,2
22/03/2026 11:18;450,0;467,2;0,0;0,0;-8,0;-8,0;31,2
22/03/2026 11:19;450,0;471,6;0,0;0,0;-8,0;-8,0;31,1
22/03/2026 11:20;450,0;471,0;0,0;0,0;-8,0;-8,0;31,1
22/03/2026 11:21;450,0;469,2;0,0;0,0;-8,0;-8,0;31,1
22/03/2026 11:22;450,0;466,9;0,0;0,0;-8,0;-9,0;30,4
22/03/2026 11:23;450,0;461,9;0,0;0,0;-8,0;-8,0;30,9
22/03/2026 11:24;450,0;457,2;0,0;0,0;-8,0;-8,0;30,7
22/03/2026 11:25;450,0;452,8;0,0;0,0;-8,0;-8,0;30,7
22/03/2026 11:26;450,0;448,4;0,6;1,5;-8,0;-8,0;30,6
22/03/2026 11:27;450,0;445,5;4,1;4,3;-8,0;-8,0;30,6
22/03/2026 11:28;450,0;444,3;9,5;6,0;-8,0;-8,0;30,6
22/03/2026 11:29;450,0;444,9;14,1;6,0;-8,0;-7,0;31,1
22/03/2026 11:30;450,0;452,2;13,7;0,0;-8,0;-8,0;30,9
22/03/2026 11:31;450,0;461,6;2,3;0,0;-8,0;-8,0;30,9
22/03/2026 11:32;450,0;464,8;0,0;0,0;-8,0;-8,0;30,9
22/03/2026 11:33;450,0;464,8;0,0;0,0;-8,0;-8,0;30,9
22/03/2026 11:34;450,0;462,5;0,0;0,0;-8,0;-8,0;30,8
22/03/2026 11:35;450,0;459,0;0,0;0,0;-8,0;-8,0;30,7
22/03/2026 11:36;450,0;454,6;0,0;0,0;-8,0;-9,0;30,3
22/03/2026 11:37;450,0;450,2;0,0;0,0;-8,0;-8,0;30,6
22/03/2026 11:38;450,0;447,0;1,8;2,8;-8,0;-8,0;30,6
22/03/2026 11:39;450,0;444,3;7,4;5,8;-8,0;-8,0;30,6
22/03/2026 11:40;450,0;444,3;12,3;6,4;-8,0;-7,0;31,0
22/03/2026 11:41;450,0;451,1;11,9;0,5;-8,0;-7,0;31,0
22/03/2026 11:42;450,0;459,9;2,7;0,0;-8,0;-8,0;30,7
22/03/2026 11:43;450,0;465,7;0,0;0,0;-8,0;-9,0;30,3
22/03/2026 11:44;450,0;468,1;0,0;0,0;-8,0;-8,0;30,7
22/03/2026 11:45;450,0;465,4;0,0;0,0;-8,0;-8,0;30,7
22/03/2026 11:46;450,0;461,9;0,0;0,0;-8,0;-8,0;30,6
22/03/2026 11:47;450,0;457,8;0,0;0,0;-8,0;-8,0;30,6
22/03/2026 11:48;450,0;454,0;0,0;0,0;-8,0;-8,0;30,5
22/03/2026 11:49;450,0;450,2;0,0;0,0;-8,0;-8,0;30,5
22/03/2026 11:50;450,0;448,7;1,5;1,3;-8,0;-8,0;30,5
22/03/2026 11:51;450,0;448,1;2,5;1,9;-8,0;-8,0;30,5
22/03/2026 11:52;450,0;447,6;4,1;2,5;-8,0;-8,0;30,5
22/03/2026 11:53;450,0;445,8;7,7;4,5;-8,0;-8,0;30,5
22/03/2026 11:54;450,0;449,6;8,8;1,3;-8,0;-8,0;30,5
22/03/2026 11:55;450,0;457,2;3,5;0,0;-8,0;-8,0;30,5
22/03/2026 11:56;450,0;461,3;0,0;0,0;-8,0;-8,0;30,5
22/03/2026 11:57;450,0;459,6;0,0;0,0;-8,0;-9,0;30,1
22/03/2026 11:58;450,0;456,6;0,0;0,0;-8,0;-8,0;30,5
22/03/2026 11:59;450,0;453,4;0,0;0,0;-8,0;-8,0;30,4
22/03/2026 12:00;450,0;449,3;0,0;0,5;-8,0;-8,0;30,4
22/03/2026 12:01;450,0;446,1;4,1;3,8;-8,0;-8,0;30,3
22/03/2026 12:02;450,0;444,6;9,4;5,7;-8,0;-8,0;30,3
22/03/2026 12:03;450,0;447,0;12,5;4,1;-8,0;-7,0;30,8
22/03/2026 12:04;450,0;453,7;9,0;0,0;-8,0;-8,0;30,5
22/03/2026 12:05;450,0;459,6;0,4;0,0;-8,0;-8,0;30,5
22/03/2026 12:06;450,0;462,8;0,0;0,0;-8,0;-8,0;30,3
22/03/2026 12:07;450,0;464,0;0,0;0,0;-8,0;-8,0;30,3
22/03/2026 12:08;450,0;463,1;0,0;0,0;-8,0;-8,0;30,3
22/03/2026 12:09;450,0;459,6;0,0;0,0;-8,0;-9,0;30,0
22/03/2026 12:10;450,0;455,2;0,0;0,0;-8,0;-8,0;30,0
22/03/2026 12:11;450,0;452,0;0,0;0,0;-8,0;-8,0;30,1
22/03/2026 12:12;450,0;450,2;0,0;0,0;-8,0;-8,0;30,1
22/03/2026 12:13;450,0;447,3;2,1;2,6;-8,0;-8,0;30,0
22/03/2026 12:14;450,0;444,6;6,6;5,4;-8,0;-8,0;30,0
22/03/2026 12:15;450,0;443,8;12,1;6,8;-8,0;-8,0;30,0
22/03/2026 12:16;450,0;447,3;15,1;4,1;-8,0;-7,0;30,7
22/03/2026 12:17;450,0;457,8;9,7;0,0;-8,0;-8,0;30,2
22/03/2026 12:18;450,0;464,3;0,0;0,0;-8,0;-8,0;30,2
22/03/2026 12:19;450,0;465,4;0,0;0,0;-8,0;-8,0;30,1
22/03/2026 12:20;450,0;464,3;0,0;0,0;-8,0;-8,0;30,1
22/03/2026 12:21;450,0;465,7;0,0;0,0;-8,0;-8,0;30,0
22/03/2026 12:22;450,0;465,7;0,0;0,0;-8,0;-8,0;30,0
22/03/2026 12:23;450,0;461,6;0,0;0,0;-8,0;-8,0;30,0
22/03/2026 12:24;450,0;458,1;0,0;0,0;-8,0;-8,0;30,0
22/03/2026 12:25;450,0;453,4;0,0;0,0;-8,0;-8,0;30,0
22/03/2026 12:26;450,0;448,4;0,9;1,5;-8,0;-8,0;30,0
22/03/2026 12:27;450,0;444,3;6,1;5,7;-8,0;-8,0;30,0
22/03/2026 12:28;450,0;443,2;12,0;7,3;-8,0;-8,0;30,0
22/03/2026 12:29;450,0;447,6;14,9;3,9;-8,0;-7,0;30,6
22/03/2026 12:30;450,0;457,8;8,2;0,0;-8,0;-8,0;30,2
22/03/2026 12:31;450,0;464,3;0,0;0,0;-8,0;-8,0;30,2
22/03/2026 12:32;450,0;465,7;0,0;0,0;-8,0;-8,0;30,2
22/03/2026 12:33;450,0;465,4;0,0;0,0;-8,0;-8,0;30,2
22/03/2026 12:34;450,0;462,5;0,0;0,0;-8,0;-8,0;30,2
22/03/2026 12:35;450,0;457,8;0,0;0,0;-8,0;-8,0;30,0
22/03/2026 12:36;450,0;452,8;0,0;0,0;-8,0;-8,0;30,1
22/03/2026 12:37;450,0;448,4;0,7;1,5;-8,0;-8,0;30,1
22/03/2026 12:38;450,0;445,2;4,1;4,6;-8,0;-8,0;30,1
22/03/2026 12:39;450,0;444,3;9,6;6,1;-8,0;-8,0;30,1
22/03/2026 12:40;450,0;449,0;11,2;2,1;-8,0;-8,0;30,1
22/03/2026 12:41;450,0;458,4;4,4;0,0;-8,0;-8,0;30,1
22/03/2026 12:42;450,0;463,1;0,0;0,0;-8,0;-8,0;30,1
22/03/2026 12:43;450,0;464,8;0,0;0,0;-8,0;-8,0;30,1
22/03/2026 12:44;450,0;462,5;0,0;0,0;-8,0;-8,0;30,1
22/03/2026 12:45;450,0;460,7;0,0;0,0;-8,0;-8,0;30,0
22/03/2026 12:46;450,0;457,2;0,0;0,0;-8,0;-8,0;30,0
22/03/2026 12:47;450,0;454,6;0,0;0,0;-8,0;-8,0;30,0
22/03/2026 12:48;450,0;453,7;0,0;0,0;-8,0;-8,0;30,0
22/03/2026 12:49;450,0;451,1;0,0;0,0;-8,0;-8,0;30,0
22/03/2026 12:50;450,0;447,6;1,8;2,2;-8,0;-8,0;30,0
22/03/2026 12:51;450,0;444,0;7,0;6,1;-8,0;-8,0;30,0
22/03/2026 12:52;450,0;441,1;14,4;9,5;-8,0;-8,0;30,1
22/03/2026 12:53;450,0;445,2;19,4;6,5;-8,0;-7,0;30,8
22/03/2026 12:54;450,0;457,2;13,4;0,0;-8,0;-7,0;31,0
22/03/2026 12:55;450,0;470,4;0,0;0,0;-8,0;-8,0;30,6
22/03/2026 12:56;450,0;477,2;0,0;0,0;-8,0;-8,0;30,6
22/03/2026 12:57;450,0;479,2;0,0;0,0;-8,0;-8,0;30,4
22/03/2026 12:58;450,0;476,0;0,0;0,0;-8,0;-8,0;30,5
22/03/2026 12:59;450,0;471,6;0,0;0,0;-8,0;-8,0;30,5
22/03/2026 13:00;450,0;466,0;0,0;0,0;-8,0;-8,0;30,5
22/03/2026 13:01;450,0;459,3;0,0;0,0;-8,0;-8,0;30,5
22/03/2026 13:02;450,0;454,0;0,0;0,0;-8,0;-8,0;30,5
22/03/2026 13:03;450,0;449,0;0,0;0,8;-8,0;-9,0;30,0
22/03/2026 13:04;450,0;444,9;4,4;4,9;-8,0;-8,0;30,4
22/03/2026 13:05;450,0;443,2;10,7;7,1;-8,0;-8,0;30,4
22/03/2026 13:06;450,0;445,8;15,0;5,4;-8,0;-8,0;30,6
22/03/2026 13:07;450,0;454,9;11,4;0,0;-8,0;-8,0;30,7
22/03/2026 13:08;450,0;461,6;1,0;0,0;-8,0;-8,0;30,7
22/03/2026 13:09;450,0;464,6;0,0;0,0;-8,0;-8,0;30,7
22/03/2026 13:10;450,0;463,1;0,0;0,0;-8,0;-8,0;30,6
22/03/2026 13:11;450,0;462,5;0,0;0,0;-8,0;-8,0;30,5
22/03/2026 13:12;450,0;460,5;0,0;0,0;-8,0;-8,0;30,4
22/03/2026 13:13;450,0;457,5;0,0;0,0;-8,0;-8,0;30,5
22/03/2026 13:14;450,0;456,1;0,0;0,0;-8,0;-8,0;30,4
22/03/2026 13:15;450,0;453,7;0,0;0,0;-8,0;-8,0;30,3
22/03/2026 13:16;450,0;451,1;0,0;0,0;-8,0;-9,0;30,0
22/03/2026 13:17;450,0;446,7;2,0;3,0;-8,0;-8,0;30,2
22/03/2026 13:18;450,0;442,9;8,7;7,2;-8,0;-8,0;30,2
22/03/2026 13:19;450,0;444,6;14,0;6,3;-8,0;-8,0;30,4
22/03/2026 13:20;450,0;452,0;12,4;0,0;-8,0;-8,0;30,5
22/03/2026 13:21;450,0;461,3;2,6;0,0;-8,0;-8,0;30,5
22/03/2026 13:22;450,0;468,7;0,0;0,0;-8,0;-8,0;30,5
22/03/2026 13:23;450,0;469,8;0,0;0,0;-8,0;-8,0;30,3
22/03/2026 13:24;450,0;469,8;0,0;0,0;-8,0;-9,0;30,0
22/03/2026 13:25;450,0;469,5;0,0;0,0;-8,0;-8,0;30,4
22/03/2026 13:26;450,0;466,3;0,0;0,0;-8,0;-8,0;30,3
22/03/2026 13:27;450,0;464,6;0,0;0,0;-8,0;-8,0;30,3
22/03/2026 13:28;450,0;461,3;0,0;0,0;-8,0;-8,0;30,3
22/03/2026 13:29;450,0;455,8;0,0;0,0;-8,0;-9,0;30,0
22/03/2026 13:30;450,0;450,8;0,0;0,0;-8,0;-8,0;30,3
22/03/2026 13:31;450,0;446,1;2,4;3,6;-8,0;-8,0;30,3
22/03/2026 13:32;450,0;442,9;8,9;7,2;-8,0;-8,0;30,3
22/03/2026 13:33;450,0;444,9;13,8;6,0;-8,0;-7,0;30,9
22/03/2026 13:34;450,0;450,2;14,7;1,6;-8,0;-7,0;31,0
22/03/2026 13:35;450,0;458,7;6,9;0,0;-8,0;-8,0;30,7
22/03/2026 13:36;450,0;463,1;0,0;0,0;-8,0;-8,0;30,7
22/03/2026 13:37;450,0;462,5;0,0;0,0;-8,0;-8,0;30,7
22/03/2026 13:38;450,0;460,7;0,0;0,0;-8,0;-8,0;30,6
22/03/2026 13:39;450,0;456,9;0,0;0,0;-8,0;-8,0;30,7
22/03/2026 13:40;450,0;452,5;0,0;0,0;-8,0;-8,0;30,7
22/03/2026 13:41;450,0;449,9;0,0;0,0;-8,0;-8,0;30,5
22/03/2026 13:42;450,0;446,1;3,2;3,7;-8,0;-8,0;30,6
22/03/2026 13:43;450,0;442,3;10,3;7,9;-8,0;-8,0;30,6
22/03/2026 13:44;450,0;445,5;15,3;5,7;-8,0;-7,0;31,3
22/03/2026 13:45;450,0;456,9;9,5;0,0;-8,0;-8,0;31,0
22/03/2026 13:46;450,0;467,5;0,0;0,0;-8,0;-9,0;30,4
22/03/2026 13:47;450,0;468,1;0,0;0,0;-8,0;-8,0;30,9
22/03/2026 13:48;450,0;465,7;0,0;0,0;-8,0;-8,0;30,9
22/03/2026 13:49;450,0;461,9;0,0;0,0;-8,0;-8,0;30,9
22/03/2026 13:50;450,0;456,9;0,0;0,0;-8,0;-8,0;30,9
22/03/2026 13:51;450,0;452,8;0,0;0,0;-8,0;-8,0;30,7
22/03/2026 13:52;450,0;449,9;0,0;0,0;-8,0;-8,0;30,8
22/03/2026 13:53;450,0;448,1;1,8;1,8;-8,0;-8,0;30,8
22/03/2026 13:54;450,0;446,4;5,2;3,7;-8,0;-8,0;30,8
22/03/2026 13:55;450,0;447,3;7,8;3,2;-8,0;-8,0;30,8
22/03/2026 13:56;450,0;450,8;7,4;0,2;-8,0;-8,0;30,8
22/03/2026 13:57;450,0;456,4;2,0;0,0;-8,0;-8,0;30,8
22/03/2026 13:58;450,0;458,4;0,0;0,0;-8,0;-8,0;30,8
22/03/2026 13:59;450,0;456,6;0,0;0,0;-8,0;-8,0;30,7
22/03/2026 14:00;450,0;455,2;0,0;0,0;-8,0;-8,0;30,6
22/03/2026 14:01;450,0;451,7;0,0;0,0;-8,0;-8,0;30,7
22/03/2026 14:02;450,0;448,7;0,3;1,1;-8,0;-8,0;30,7
22/03/2026 14:03;450,0;447,0;3,4;3,0;-8,0;-8,0;30,7
22/03/2026 14:04;450,0;443,8;9,1;6,5;-8,0;-8,0;30,7
22/03/2026 14:05;450,0;445,5;13,5;5,5;-8,0;-8,0;30,9
22/03/2026 14:06;450,0;451,1;12,6;0,5;-8,0;-8,0;31,0
22/03/2026 14:07;450,0;460,7;2,8;0,0;-8,0;-8,0;31,0
22/03/2026 14:08;450,0;466,3;0,0;0,0;-8,0;-8,0;31,0
22/03/2026 14:09;450,0;465,4;0,0;0,0;-8,0;-8,0;31,0
22/03/2026 14:10;450,0;463,7;0,0;0,0;-8,0;-8,0;31,0
22/03/2026 14:11;450,0;462,2;0,0;0,0;-8,0;-8,0;31,0
22/03/2026 14:12;450,0;459,3;0,0;0,0;-8,0;-8,0;31,0
22/03/2026 14:13;450,0;454,9;0,0;0,0;-8,0;-8,0;31,0
22/03/2026 14:14;450,0;450,5;0,0;0,0;-8,0;-8,0;31,0
22/03/2026 14:15;450,0;447,3;1,8;2,5;-8,0;-8,0;31,0
22/03/2026 14:16;450,0;444,3;6,7;5,7;-8,0;-8,0;31,0
22/03/2026 14:17;450,0;443,5;12,2;7,0;-8,0;-8,0;31,0
22/03/2026 14:18;450,0;449,3;13,4;2,1;-8,0;-8,0;31,0
22/03/2026 14:19;450,0;457,2;7,8;0,0;-8,0;-8,0;31,1
22/03/2026 14:20;450,0;461,6;0,0;0,0;-8,0;-8,0;31,1
22/03/2026 14:21;450,0;464,6;0,0;0,0;-8,0;-9,0;30,7
22/03/2026 14:22;450,0;461,6;0,0;0,0;-8,0;-8,0;31,0
22/03/2026 14:23;450,0;459,0;0,0;0,0;-8,0;-8,0;30,9
22/03/2026 14:24;450,0;456,9;0,0;0,0;-8,0;-8,0;30,9
22/03/2026 14:25;450,0;455,2;0,0;0,0;-8,0;-8,0;30,9
22/03/2026 14:26;450,0;452,2;0,0;0,0;-8,0;-8,0;30,8
22/03/2026 14:27;450,0;450,8;0,0;0,0;-8,0;-8,0;30,9
22/03/2026 14:28;450,0;446,7;2,1;3,0;-8,0;-8,0;30,8
22/03/2026 14:29;450,0;443,5;8,6;6,6;-8,0;-8,0;30,8
22/03/2026 14:30;450,0;444,0;14,2;6,8;-8,0;-7,0;31,2
22/03/2026 14:31;450,0;450,2;14,4;1,6;-8,0;-7,0;31,4
22/03/2026 14:32;450,0;458,1;7,1;0,0;-8,0;-8,0;31,1
22/03/2026 14:33;450,0;464,6;0,0;0,0;-8,0;-8,0;31,1
22/03/2026 14:34;450,0;468,1;0,0;0,0;-8,0;-8,0;31,0
22/03/2026 14:35;450,0;467,8;0,0;0,0;-8,0;-8,0;31,1
22/03/2026 14:36;450,0;465,7;0,0;0,0;-8,0;-8,0;30,9
22/03/2026 14:37;450,0;461,9;0,0;0,0;-8,0;-8,0;30,9
22/03/2026 14:38;450,0;458,7;0,0;0,0;-8,0;-8,0;30,8
22/03/2026 14:39;450,0;454,9;0,0;0,0;-8,0;-9,0;30,4
22/03/2026 14:40;450,0;452,2;0,0;0,0;-8,0;-8,0;30,7
22/03/2026 14:41;450,0;448,7;0,6;1,2;-8,0;-8,0;30,8
22/03/2026 14:42;450,0;445,2;4,3;4,7;-8,0;-8,0;30,7
22/03/2026 14:43;450,0;443,5;10,1;6,8;-8,0;-8,0;30,7
22/03/2026 14:44;450,0;448,4;12,5;2,8;-8,0;-8,0;30,7
22/03/2026 14:45;450,0;456,9;6,7;0,0;-8,0;-8,0;31,0
22/03/2026 14:46;450,0;462,8;0,0;0,0;-8,0;-8,0;30,9
22/03/2026 14:47;450,0;463,4;0,0;0,0;-8,0;-8,0;30,7
22/03/2026 14:48;450,0;463,4;0,0;0,0;-8,0;-8,0;30,8
22/03/2026 14:49;450,0;461,6;0,0;0,0;-8,0;-9,0;30,4
22/03/2026 14:50;450,0;459,3;0,0;0,0;-8,0;-8,0;30,7
22/03/2026 14:51;450,0;455,5;0,0;0,0;-8,0;-8,0;30,7
22/03/2026 14:52;450,0;451,1;0,0;0,0;-8,0;-8,0;30,7
22/03/2026 14:53;450,0;447,9;1,6;1,9;-8,0;-8,0;30,5
22/03/2026 14:54;450,0;444,6;6,1;5,3;-8,0;-8,0;30,6
22/03/2026 14:55;450,0;445,2;11,3;5,6;-8,0;-8,0;30,6
22/03/2026 14:56;450,0;454,3;8,1;0,0;-8,0;-8,0;30,6
22/03/2026 14:57;450,0;465,7;0,0;0,0;-8,0;-8,0;30,6
22/03/2026 14:58;450,0;471,3;0,0;0,0;-8,0;-8,0;30,5
22/03/2026 14:59;450,0;472,8;0,0;0,0;-8,0;-8,0;30,5
22/03/2026 15:00;450,0;471,6;0,0;0,0;-8,0;-8,0;30,5
22/03/2026 15:01;450,0;468,1;0,0;0,0;-8,0;-8,0;30,5
22/03/2026 15:02;450,0;464,0;0,0;0,0;-8,0;-8,0;30,5
22/03/2026 15:03;450,0;460,7;0,0;0,0;-8,0;-8,0;30,5
22/03/2026 15:04;450,0;456,4;0,0;0,0;-8,0;-8,0;30,4
22/03/2026 15:05;450,0;452,0;0,0;0,0;-8,0;-8,0;30,4
22/03/2026 15:06;450,0;447,3;1,5;2,5;-8,0;-8,0;30,4
22/03/2026 15:07;450,0;444,3;5,8;5,6;-8,0;-8,0;30,4
22/03/2026 15:08;450,0;444,9;10,6;5,6;-8,0;-8,0;30,4
22/03/2026 15:09;450,0;448,4;12,6;2,9;-8,0;-8,0;30,6
22/03/2026 15:10;450,0;455,8;8,4;0,0;-8,0;-8,0;30,6
22/03/2026 15:11;450,0;462,8;0,0;0,0;-8,0;-8,0;30,6
22/03/2026 15:12;450,0;464,6;0,0;0,0;-8,0;-8,0;30,6
22/03/2026 15:13;450,0;461,6;0,0;0,0;-8,0;-9,0;30,2
22/03/2026 15:14;450,0;456,9;0,0;0,0;-8,0;-8,0;30,5
22/03/2026 15:15;450,0;455,8;0,0;0,0;-8,0;-8,0;30,3
22/03/2026 15:16;450,0;455,5;0,0;0,0;-8,0;-8,0;30,4
22/03/2026 15:17;450,0;455,8;0,0;0,0;-8,0;-8,0;30,4
22/03/2026 15:18;450,0;452,8;0,0;0,0;-8,0;-8,0;30,3
22/03/2026 15:19;450,0;449,3;0,2;0,6;-8,0;-8,0;30,3
22/03/2026 15:20;450,0;446,4;2,7;3,3;-8,0;-8,0;30,3
22/03/2026 15:21;450,0;443,2;8,3;6,8;-8,0;-8,0;30,3
22/03/2026 15:22;450,0;442,9;15,3;7,9;-8,0;-7,0;30,7
22/03/2026 15:23;450,0;449,9;16,1;1,9;-8,0;-7,0;31,1
22/03/2026 15:24;450,0;461,9;6,0;0,0;-8,0;-8,0;30,9
22/03/2026 15:25;450,0;467,8;0,0;0,0;-8,0;-8,0;30,9
22/03/2026 15:26;450,0;469,0;0,0;0,0;-8,0;-9,0;30,4
22/03/2026 15:27;450,0;466,0;0,0;0,0;-8,0;-8,0;30,7
22/03/2026 15:28;450,0;462,2;0,0;0,0;-8,0;-8,0;30,7
22/03/2026 15:29;450,0;458,1;0,0;0,0;-8,0;-9,0;30,3
22/03/2026 15:30;450,0;453,7;0,0;0,0;-8,0;-8,0;30,6
22/03/2026 15:31;450,0;449,6;0,0;0,2;-8,0;-9,0;30,2
22/03/2026 15:32;450,0;445,5;3,9;4,4;-8,0;-8,0;30,6
22/03/2026 15:33;450,0;442,3;10,1;7,8;-8,0;-8,0;30,6
22/03/2026 15:34;450,0;443,5;16,7;7,6;-8,0;-7,0;31,1
22/03/2026 15:35;450,0;453,1;15,2;0,0;-8,0;-7,0;31,5
22/03/2026 15:36;450,0;463,7;3,1;0,0;-8,0;-9,0;30,6
22/03/2026 15:37;450,0;466,3;0,0;0,0;-8,0;-8,0;31,0
22/03/2026 15:38;450,0;466,6;0,0;0,0;-8,0;-8,0;30,8
22/03/2026 15:39;450,0;465,7;0,0;0,0;-8,0;-9,0;30,3
22/03/2026 15:40;450,0;462,5;0,0;0,0;-8,0;-8,0;30,8
22/03/2026 15:41;450,0;459,9;0,0;0,0;-8,0;-8,0;30,6
22/03/2026 15:42;450,0;458,4;0,0;0,0;-8,0;-8,0;30,5
22/03/2026 15:43;450,0;454,3;0,0;0,0;-8,0;-8,0;30,6
22/03/2026 15:44;450,0;452,0;0,0;0,0;-8,0;-8,0;30,4
22/03/2026 15:45;450,0;447,9;1,0;1,8;-8,0;-8,0;30,5
22/03/2026 15:46;450,0;444,6;6,0;5,4;-8,0;-8,0;30,5
22/03/2026 15:47;450,0;444,9;10,8;5,6;-8,0;-8,0;30,5
22/03/2026 15:48;450,0;449,0;11,9;2,2;-8,0;-7,0;30,9
22/03/2026 15:49;450,0;455,8;6,8;0,0;-8,0;-8,0;30,6
22/03/2026 15:50;450,0;458,1;0,0;0,0;-8,0;-8,0;30,6
22/03/2026 15:51;450,0;456,6;0,0;0,0;-8,0;-8,0;30,6
22/03/2026 15:52;450,0;454,0;0,0;0,0;-8,0;-8,0;30,5
22/03/2026 15:53;450,0;450,5;0,0;0,0;-8,0;-8,0;30,5
22/03/2026 15:54;450,0;447,6;1,7;2,2;-8,0;-8,0;30,5
22/03/2026 15:55;450,0;444,0;7,4;6,1;-8,0;-8,0;30,5
22/03/2026 15:56;450,0;442,9;13,6;7,7;-8,0;-8,0;30,7
22/03/2026 15:57;450,0;450,2;14,6;1,7;-8,0;-8,0;30,8
22/03/2026 15:58;450,0;460,5;6,1;0,0;-8,0;-8,0;30,8
22/03/2026 15:59;450,0;466,9;0,0;0,0;-8,0;-9,0;30,4
22/03/2026 16:00;450,0;467,2;0,0;0,0;-8,0;-8,0;30,7
22/03/2026 16:01;450,0;464,3;0,0;0,0;-8,0;-8,0;30,7
22/03/2026 16:02;450,0;460,5;0,0;0,0;-8,0;-8,0;30,7
22/03/2026 16:03;450,0;455,5;0,0;0,0;-8,0;-8,0;30,7
22/03/2026 16:04;450,0;450,5;0,0;0,0;-8,0;-8,0;30,7
22/03/2026 16:05;450,0;446,7;2,4;3,0;-8,0;-8,0;30,7
22/03/2026 16:06;450,0;443,5;8,3;6,6;-8,0;-8,0;30,7
22/03/2026 16:07;450,0;443,2;15,1;7,6;-8,0;-7,0;31,2
22/03/2026 16:08;450,0;450,2;15,6;1,8;-8,0;-7,0;31,5
22/03/2026 16:09;450,0;460,2;5,8;0,0;-8,0;-8,0;31,1
22/03/2026 16:10;450,0;465,1;0,0;0,0;-8,0;-8,0;31,1
22/03/2026 16:11;450,0;466,3;0,0;0,0;-8,0;-8,0;31,0
22/03/2026 16:12;450,0;465,1;0,0;0,0;-8,0;-8,0;30,9
22/03/2026 16:13;450,0;462,8;0,0;0,0;-8,0;-8,0;30,9
22/03/2026 16:14;450,0;459,9;0,0;0,0;-8,0;-8,0;30,9
22/03/2026 16:15;450,0;456,4;0,0;0,0;-8,0;-8,0;30,8
22/03/2026 16:16;450,0;453,7;0,0;0,0;-8,0;-8,0;30,7
22/03/2026 16:17;450,0;449,6;0,0;0,2;-8,0;-8,0;30,7
22/03/2026 16:18;450,0;446,4;2,9;3,4;-8,0;-8,0;30,7
22/03/2026 16:19;450,0;443,5;8,8;6,6;-8,0;-8,0;30,7
22/03/2026 16:20;450,0;445,5;13,4;5,5;-8,0;-8,0;30,9
22/03/2026 16:21;450,0;453,7;10,3;0,0;-8,0;-8,0;31,0
22/03/2026 16:22;450,0;461,0;0,5;0,0;-8,0;-8,0;31,0
22/03/2026 16:23;450,0;461,9;0,0;0,0;-8,0;-8,0;31,0
22/03/2026 16:24;450,0;459,0;0,0;0,0;-8,0;-8,0;31,0
22/03/2026 16:25;450,0;456,9;0,0;0,0;-8,0;-9,0;30,2
22/03/2026 16:26;450,0;455,8;0,0;0,0;-8,0;-8,0;30,7
22/03/2026 16:27;450,0;454,0;0,0;0,0;-8,0;-8,0;30,6
22/03/2026 16:28;450,0;452,2;0,0;0,0;-8,0;-8,0;30,6
22/03/2026 16:29;450,0;448,7;0,4;1,1;-8,0;-8,0;30,6
22/03/2026 16:30;450,0;446,1;4,4;3,9;-8,0;-8,0;30,6
22/03/2026 16:31;450,0;444,9;9,1;5,4;-8,0;-8,0;30,6
22/03/2026 16:32;450,0;449,6;10,2;1,5;-8,0;-8,0;30,6
22/03/2026 16:33;450,0;458,7;2,5;0,0;-8,0;-8,0;30,6
22/03/2026 16:34;450,0;464,6;0,0;0,0;-8,0;-8,0;30,6
22/03/2026 16:35;450,0;464,6;0,0;0,0;-8,0;-8,0;30,6
22/03/2026 16:36;450,0;461,9;0,0;0,0;-8,0;-8,0;30,6
22/03/2026 16:37;450,0;458,7;0,0;0,0;-8,0;-8,0;30,5
22/03/2026 16:38;450,0;455,8;0,0;0,0;-8,0;-8,0;30,6
22/03/2026 16:39;450,0;452,0;0,0;0,0;-8,0;-8,0;30,5
22/03/2026 16:40;450,0;449,0;0,6;0,9;-8,0;-8,0;30,5
22/03/2026 16:41;450,0;446,4;3,7;3,5;-8,0;-8,0;30,5
22/03/2026 16:42;450,0;443,5;9,6;6,7;-8,0;-8,0;30,5
22/03/2026 16:43;450,0;444,9;14,5;6,0;-8,0;-8,0;30,6
22/03/2026 16:44;450,0;453,4;12,8;0,0;-8,0;-7,0;31,0
22/03/2026 16:45;450,0;462,5;1,8;0,0;-8,0;-8,0;30,7
22/03/2026 16:46;450,0;465,4;0,0;0,0;-8,0;-8,0;30,7
22/03/2026 16:47;450,0;466,6;0,0;0,0;-8,0;-8,0;30,7
22/03/2026 16:48;450,0;467,8;0,0;0,0;-8,0;-8,0;30,7
22/03/2026 16:49;450,0;467,8;0,0;0,0;-8,0;-8,0;30,7
22/03/2026 16:50;450,0;465,7;0,0;0,0;-8,0;-8,0;30,7
22/03/2026 16:51;450,0;463,4;0,0;0,0;-8,0;-9,0;30,3
22/03/2026 16:52;450,0;459,3;0,0;0,0;-8,0;-8,0;30,7
22/03/2026 16:53;450,0;456,1;0,0;0,0;-8,0;-9,0;30,3
22/03/2026 16:54;450,0;451,7;0,0;0,0;-8,0;-8,0;30,6
22/03/2026 16:55;450,0;448,7;0,6;1,2;-8,0;-8,0;30,5
22/03/2026 16:56;450,0;446,4;4,1;3,5;-8,0;-8,0;30,6
22/03/2026 16:57;450,0;444,0;9,7;6,3;-8,0;-8,0;30,6
22/03/2026 16:58;450,0;446,4;12,9;4,5;-8,0;-8,0;30,8
22/03/2026 16:59;450,0;456,6;7,6;0,0;-8,0;-8,0;30,8
22/03/2026 17:00;450,0;465,4;0,0;0,0;-8,0;-8,0;30,8
22/03/2026 17:01;450,0;469,0;0,0;0,0;-8,0;-8,0;30,8
22/03/2026 17:02;450,0;469,0;0,0;0,0;-8,0;-8,0;30,8
22/03/2026 17:03;450,0;467,5;0,0;0,0;-8,0;-8,0;30,8
22/03/2026 17:04;450,0;464,3;0,0;0,0;-8,0;-8,0;30,8
22/03/2026 17:05;450,0;461,9;0,0;0,0;-8,0;-8,0;30,8
22/03/2026 17:06;450,0;456,9;0,0;0,0;-8,0;-8,0;30,7
22/03/2026 17:07;450,0;452,2;0,0;0,0;-8,0;-8,0;30,7
22/03/2026 17:08;450,0;448,7;0,5;1,2;-8,0;-9,0;30,3
22/03/2026 17:09;450,0;445,8;3,7;4,1;-8,0;-8,0;30,6
22/03/2026 17:10;450,0;445,5;7,1;4,7;-8,0;-8,0;30,6
22/03/2026 17:11;450,0;448,7;9,0;2,2;-8,0;-8,0;30,5
22/03/2026 17:12;450,0;455,5;4,2;0,0;-8,0;-8,0;30,6
22/03/2026 17:13;450,0;461,0;0,0;0,0;-8,0;-8,0;30,6
22/03/2026 17:14;450,0;461,0;0,0;0,0;-8,0;-8,0;30,6
22/03/2026 17:15;450,0;458,4;0,0;0,0;-8,0;-8,0;30,6
22/03/2026 17:16;450,0;455,2;0,0;0,0;-8,0;-8,0;30,6
22/03/2026 17:17;450,0;452,5;0,0;0,0;-8,0;-8,0;30,6
22/03/2026 17:18;450,0;450,2;0,0;0,0;-8,0;-8,0;30,5
22/03/2026 17:19;450,0;447,3;2,6;2,6;-8,0;-8,0;30,5
22/03/2026 17:20;450,0;445,8;6,4;4,4;-8,0;-8,0;30,5
22/03/2026 17:21;450,0;446,7;9,8;4,0;-8,0;-8,0;30,5
22/03/2026 17:22;450,0;452,0;8,1;0,0;-8,0;-8,0;30,6
22/03/2026 17:23;450,0;457,8;1,0;0,0;-8,0;-8,0;30,6
22/03/2026 17:24;450,0;461,0;0,0;0,0;-8,0;-9,0;30,2
22/03/2026 17:25;450,0;459,9;0,0;0,0;-8,0;-8,0;30,6
22/03/2026 17:26;450,0;456,1;0,0;0,0;-8,0;-8,0;30,5
22/03/2026 17:27;450,0;452,2;0,0;0,0;-8,0;-8,0;30,5
22/03/2026 17:28;450,0;449,3;0,1;0,6;-8,0;-8,0;30,5
22/03/2026 17:29;450,0;447,3;2,6;2,6;-8,0;-8,0;30,5
22/03/2026 17:30;450,0;445,8;6,2;4,4;-8,0;-8,0;30,5
22/03/2026 17:31;450,0;447,0;9,2;3,6;-8,0;-8,0;30,5
22/03/2026 17:32;450,0;452,2;7,8;0,0;-8,0;-8,0;30,6
22/03/2026 17:33;450,0;456,4;1,5;0,0;-8,0;-8,0;30,6
22/03/2026 17:34;450,0;459,3;0,0;0,0;-8,0;-8,0;30,6
22/03/2026 17:35;450,0;458,1;0,0;0,0;-8,0;-8,0;30,6
22/03/2026 17:36;450,0;456,1;0,0;0,0;-8,0;-8,0;30,6
22/03/2026 17:37;450,0;453,4;0,0;0,0;-8,0;-8,0;30,5
22/03/2026 17:38;450,0;450,5;0,0;0,0;-8,0;-8,0;30,5
22/03/2026 17:39;450,0;448,1;1,2;1,7;-8,0;-8,0;30,5
22/03/2026 17:40;450,0;446,7;4,5;3,3;-8,0;-8,0;30,5
22/03/2026 17:41;450,0;444,9;9,0;5,4;-8,0;-8,0;30,5
22/03/2026 17:42;450,0;449,0;10,0;1,9;-8,0;-8,0;30,7
22/03/2026 17:43;450,0;455,2;5,9;0,0;-8,0;-8,0;30,7
22/03/2026 17:44;450,0;460,7;0,0;0,0;-8,0;-8,0;30,7
22/03/2026 17:45;450,0;460,2;0,0;0,0;-8,0;-8,0;30,7
22/03/2026 17:46;450,0;457,2;0,0;0,0;-8,0;-8,0;30,7
22/03/2026 17:47;450,0;454,6;0,0;0,0;-8,0;-8,0;30,7
22/03/2026 17:48;450,0;452,2;0,0;0,0;-8,0;-8,0;30,7
22/03/2026 17:49;450,0;449,6;0,0;0,3;-8,0;-8,0;30,7
22/03/2026 17:50;450,0;446,4;3,1;3,4;-8,0;-8,0;30,7
22/03/2026 17:51;450,0;442,6;9,5;7,6;-8,0;-7,0;31,1
22/03/2026 17:52;450,0;444,6;15,0;6,4;-8,0;-7,0;31,3
22/03/2026 17:53;450,0;453,1;12,1;0,0;-8,0;-7,0;31,6
22/03/2026 17:54;450,0;462,5;1,4;0,0;-8,0;-8,0;31,1
22/03/2026 17:55;450,0;466,9;0,0;0,0;-8,0;-8,0;31,1
22/03/2026 17:56;450,0;468,7;0,0;0,0;-8,0;-8,0;31,1
22/03/2026 17:57;450,0;467,2;0,0;0,0;-8,0;-8,0;31,1
22/03/2026 17:58;450,0;464,0;0,0;0,0;-8,0;-8,0;30,9
22/03/2026 17:59;450,0;460,7;0,0;0,0;-8,0;-8,0;30,9
22/03/2026 18:00;450,0;456,6;0,0;0,0;-8,0;-8,0;30,9
22/03/2026 18:01;450,0;453,7;0,0;0,0;-8,0;-9,0;30,3
22/03/2026 18:02;450,0;452,0;0,0;0,0;-8,0;-9,0;30,4
22/03/2026 18:03;450,0;448,7;0,3;1,1;-8,0;-8,0;30,7
22/03/2026 18:04;450,0;445,8;3,5;4,0;-8,0;-8,0;30,7
22/03/2026 18:05;450,0;442,6;9,9;7,6;-8,0;-8,0;30,7
22/03/2026 18:06;450,0;442,9;17,6;8,2;-8,0;-7,0;31,3
22/03/2026 18:07;450,0;450,8;17,4;1,4;-8,0;-7,0;31,6
22/03/2026 18:08;450,0;462,5;5,6;0,0;-8,0;-8,0;31,5
22/03/2026 18:09;450,0;471,0;0,0;0,0;-8,0;-8,0;31,4
22/03/2026 18:10;450,0;471,9;0,0;0,0;-8,0;-8,0;31,3
22/03/2026 18:11;450,0;471,6;0,0;0,0;-8,0;-9,0;30,9
22/03/2026 18:12;450,0;470,1;0,0;0,0;-8,0;-8,0;31,1
22/03/2026 18:13;450,0;467,2;0,0;0,0;-8,0;-9,0;30,8
22/03/2026 18:14;450,0;464,3;0,0;0,0;-8,0;-9,0;30,8
22/03/2026 18:15;450,0;460,2;0,0;0,0;-8,0;-8,0;31,2
22/03/2026 18:16;450,0;455,2;0,0;0,0;-8,0;-9,0;30,8
22/03/2026 18:17;450,0;450,5;0,0;0,0;-8,0;-8,0;31,1
22/03/2026 18:18;450,0;445,8;3,1;3,9;-8,0;-9,0;30,7
22/03/2026 18:19;450,0;444,3;8,6;5,9;-8,0;-8,0;31,1
22/03/2026 18:20;450,0;445,5;12,8;5,4;-8,0;-7,0;31,8
22/03/2026 18:21;450,0;453,1;10,2;0,0;-8,0;-8,0;31,5
22/03/2026 18:22;450,0;463,4;0,0;0,0;-8,0;-8,0;31,4
22/03/2026 18:23;450,0;467,5;0,0;0,0;-8,0;-8,0;31,2
22/03/2026 18:24;450,0;468,7;0,0;0,0;-8,0;-8,0;31,3
22/03/2026 18:25;450,0;466,6;0,0;0,0;-8,0;-8,0;31,3
22/03/2026 18:26;450,0;464,6;0,0;0,0;-8,0;-8,0;31,2
22/03/2026 18:27;450,0;461,0;0,0;0,0;-8,0;-8,0;31,0
22/03/2026 18:28;450,0;456,6;0,0;0,0;-8,0;-9,0;30,7
22/03/2026 18:29;450,0;451,4;0,0;0,0;-8,0;-8,0;31,0
22/03/2026 18:30;450,0;446,4;2,6;3,4;-8,0;-8,0;30,9
22/03/2026 18:31;450,0;442,9;9,4;7,3;-8,0;-8,0;30,9
22/03/2026 18:32;450,0;442,9;14,4;7,8;-8,0;-7,0;31,4
22/03/2026 18:33;450,0;450,5;15,4;1,4;-8,0;-7,0;31,8
22/03/2026 18:34;450,0;461,6;4,9;0,0;-8,0;-8,0;31,6
22/03/2026 18:35;450,0;467,2;0,0;0,0;-8,0;-8,0;31,5
22/03/2026 18:36;450,0;469,8;0,0;0,0;-8,0;-8,0;31,5
22/03/2026 18:37;450,0;468,7;0,0;0,0;-8,0;-8,0;31,6
22/03/2026 18:38;450,0;467,2;0,0;0,0;-8,0;-8,0;31,4
22/03/2026 18:39;450,0;465,7;0,0;0,0;-8,0;-8,0;31,3
22/03/2026 18:40;450,0;463,1;0,0;0,0;-8,0;-8,0;31,3
22/03/2026 18:41;450,0;460,2;0,0;0,0;-8,0;-8,0;31,1
22/03/2026 18:42;450,0;456,4;0,0;0,0;-8,0;-9,0;30,8
22/03/2026 18:43;450,0;451,4;0,0;0,0;-8,0;-8,0;31,2
22/03/2026 18:44;450,0;448,1;1,2;1,7;-8,0;-8,0;31,2
22/03/2026 18:45;450,0;444,6;6,1;5,4;-8,0;-8,0;31,2
22/03/2026 18:46;450,0;442,9;12,1;7,6;-8,0;-8,0;31,2
22/03/2026 18:47;450,0;447,9;14,9;3,5;-8,0;-7,0;31,8
22/03/2026 18:48;450,0;456,1;10,6;0,0;-8,0;-7,0;31,9
22/03/2026 18:49;450,0;463,1;0,0;0,0;-8,0;-8,0;31,6
22/03/2026 18:50;450,0;464,8;0,0;0,0;-8,0;-9,0;31,1
22/03/2026 18:51;450,0;463,1;0,0;0,0;-8,0;-8,0;31,4
22/03/2026 18:52;450,0;460,2;0,0;0,0;-8,0;-8,0;31,4
22/03/2026 18:53;450,0;458,7;0,0;0,0;-8,0;-8,0;31,3
22/03/2026 18:54;450,0;455,8;0,0;0,0;-8,0;-8,0;31,3
22/03/2026 18:55;450,0;452,8;0,0;0,0;-8,0;-8,0;31,3
22/03/2026 18:56;450,0;449,3;0,3;0,6;-8,0;-8,0;31,3
22/03/2026 18:57;450,0;446,7;2,6;3,0;-8,0;-8,0;31,3
22/03/2026 18:58;450,0;444,9;7,6;5,2;-8,0;-8,0;31,3
22/03/2026 18:59;450,0;445,5;12,3;5,4;-8,0;-8,0;31,4
22/03/2026 19:00;450,0;453,1;9,4;0,0;-8,0;-8,0;31,6
22/03/2026 19:01;450,0;458,7;1,2;0,0;-8,0;-8,0;31,5
22/03/2026 19:02;450,0;460,7;0,0;0,0;-8,0;-8,0;31,5
22/03/2026 19:03;450,0;461,6;0,0;0,0;-8,0;-8,0;31,5
22/03/2026 19:04;450,0;460,5;0,0;0,0;-8,0;-9,0;31,1
22/03/2026 19:05;450,0;457,2;0,0;0,0;-8,0;-8,0;31,4
22/03/2026 19:06;450,0;454,0;0,0;0,0;-8,0;-8,0;31,4
22/03/2026 19:07;450,0;451,1;0,0;0,0;-8,0;-8,0;31,3
22/03/2026 19:08;450,0;447,0;2,2;2,9;-8,0;-8,0;31,1
22/03/2026 19:09;450,0;444,6;6,4;5,4;-8,0;-8,0;31,2
22/03/2026 19:10;450,0;444,0;11,8;6,6;-8,0;-8,0;31,2
22/03/2026 19:11;450,0;446,7;15,6;4,6;-8,0;-7,0;31,9
22/03/2026 19:12;450,0;454,9;11,9;0,0;-8,0;-8,0;31,5
22/03/2026 19:13;450,0;462,8;0,7;0,0;-8,0;-8,0;31,8
22/03/2026 19:14;450,0;466,6;0,0;0,0;-8,0;-8,0;31,7
22/03/2026 19:15;450,0;465,7;0,0;0,0;-8,0;-8,0;31,7
22/03/2026 19:16;450,0;464,0;0,0;0,0;-8,0;-8,0;31,5
22/03/2026 19:17;450,0;459,6;0,0;0,0;-8,0;-8,0;31,5
22/03/2026 19:18;450,0;457,8;0,0;0,0;-8,0;-8,0;31,5
22/03/2026 19:19;450,0;455,5;0,0;0,0;-8,0;-8,0;31,5
22/03/2026 19:20;450,0;453,1;0,0;0,0;-8,0;-8,0;31,5
22/03/2026 19:21;450,0;449,6;0,0;0,0;-8,0;-8,0;31,4
22/03/2026 19:22;450,0;445,8;3,4;4,0;-8,0;-8,0;31,3
22/03/2026 19:23;450,0;442,6;10,2;7,6;-8,0;-8,0;31,4
22/03/2026 19:24;450,0;441,1;18,1;9,9;-8,0;-7,0;32,1
22/03/2026 19:25;450,0;449,0;19,0;3,0;-8,0;-7,0;32,4
22/03/2026 19:26;450,0;461,3;9,3;0,0;-8,0;-8,0;32,2
22/03/2026 19:27;450,0;466,9;0,0;0,0;-8,0;-8,0;32,1
22/03/2026 19:28;450,0;468,4;0,0;0,0;-8,0;-9,0;31,7
22/03/2026 19:29;450,0;466,6;0,0;0,0;-8,0;-9,0;31,5
22/03/2026 19:30;450,0;463,4;0,0;0,0;-8,0;-8,0;31,9
22/03/2026 19:31;450,0;459,9;0,0;0,0;-8,0;-8,0;31,8
22/03/2026 19:32;450,0;454,9;0,0;0,0;-8,0;-8,0;31,7
22/03/2026 19:33;450,0;451,4;0,0;0,0;-8,0;-8,0;31,7
22/03/2026 19:34;450,0;447,6;1,5;2,2;-8,0;-8,0;31,7
22/03/2026 19:35;450,0;444,6;5,9;5,4;-8,0;-8,0;31,7
22/03/2026 19:36;450,0;444,3;11,0;6,2;-8,0;-8,0;31,6
22/03/2026 19:37;450,0;449,0;12,6;2,3;-8,0;-7,0;32,3
22/03/2026 19:38;450,0;458,7;5,9;0,0;-8,0;-8,0;32,0
22/03/2026 19:39;450,0;465,4;0,0;0,0;-8,0;-8,0;31,9
22/03/2026 19:40;450,0;468,4;0,0;0,0;-8,0;-8,0;31,7
22/03/2026 19:41;450,0;468,4;0,0;0,0;-8,0;-8,0;31,7
22/03/2026 19:42;450,0;466,9;0,0;0,0;-8,0;-8,0;31,7
22/03/2026 19:43;450,0;464,3;0,0;0,0;-8,0;-8,0;31,7
22/03/2026 19:44;450,0;461,3;0,0;0,0;-8,0;-8,0;31,5
22/03/2026 19:45;450,0;457,8;0,0;0,0;-8,0;-8,0;31,6
22/03/2026 19:46;450,0;454,6;0,0;0,0;-8,0;-8,0;31,6
22/03/2026 19:47;450,0;453,1;0,0;0,0;-8,0;-8,0;31,6
22/03/2026 19:48;450,0;451,1;0,0;0,0;-8,0;-8,0;31,6
22/03/2026 19:49;450,0;449,3;0,0;0,3;-8,0;-8,0;31,6
22/03/2026 19:50;450,0;447,3;2,2;2,5;-8,0;-8,0;31,4
22/03/2026 19:51;450,0;444,3;6,6;5,7;-8,0;-8,0;31,5
22/03/2026 19:52;450,0;441,1;15,0;9,5;-8,0;-7,0;32,0
22/03/2026 19:53;450,0;447,0;18,4;4,8;-8,0;-7,0;32,3
22/03/2026 19:54;450,0;459,3;11,3;0,0;-8,0;-7,0;32,5
22/03/2026 19:55;450,0;468,1;0,0;0,0;-8,0;-8,0;31,9
22/03/2026 19:56;450,0;470,1;0,0;0,0;-8,0;-9,0;31,6
22/03/2026 19:57;450,0;468,4;0,0;0,0;-8,0;-9,0;31,5
22/03/2026 19:58;450,0;465,7;0,0;0,0;-8,0;-9,0;31,4
22/03/2026 19:59;450,0;462,5;0,0;0,0;-8,0;-8,0;31,7
22/03/2026 20:00;450,0;459,3;0,0;0,0;-8,0;-8,0;31,6
22/03/2026 20:01;450,0;456,1;0,0;0,0;-8,0;-8,0;31,6
22/03/2026 20:02;450,0;453,4;0,0;0,0;-8,0;-8,0;31,5
22/03/2026 20:03;450,0;450,2;0,0;0,0;-8,0;-8,0;31,5
22/03/2026 20:04;450,0;447,9;1,3;1,9;-8,0;-8,0;31,5
22/03/2026 20:05;450,0;445,5;5,8;4,6;-8,0;-8,0;31,5
22/03/2026 20:06;450,0;444,0;10,2;6,4;-8,0;-8,0;31,5
22/03/2026 20:07;450,0;446,7;13,3;4,3;-8,0;-7,0;32,0
22/03/2026 20:08;450,0;453,4;11,4;0,0;-8,0;-8,0;31,8
22/03/2026 20:09;450,0;460,7;1,1;0,0;-8,0;-8,0;31,9
22/03/2026 20:10;450,0;462,5;0,0;0,0;-8,0;-9,0;31,5
22/03/2026 20:11;450,0;462,2;0,0;0,0;-8,0;-8,0;31,8
22/03/2026 20:12;450,0;462,5;0,0;0,0;-8,0;-8,0;31,7
22/03/2026 20:13;450,0;460,7;0,0;0,0;-8,0;-8,0;31,7
22/03/2026 20:14;450,0;457,8;0,0;0,0;-8,0;-8,0;31,7
22/03/2026 20:15;450,0;454,6;0,0;0,0;-8,0;-8,0;31,7
22/03/2026 20:16;450,0;451,4;0,0;0,0;-8,0;-9,0;31,3
22/03/2026 20:17;450,0;448,4;1,0;1,5;-8,0;-8,0;31,6
22/03/2026 20:18;450,0;445,5;4,8;4,5;-8,0;-8,0;31,5
22/03/2026 20:19;450,0;442,9;11,0;7,4;-8,0;-7,0;32,0
22/03/2026 20:20;450,0;445,8;15,5;5,5;-8,0;-7,0;32,1
22/03/2026 20:21;450,0;454,0;12,4;0,0;-8,0;-8,0;32,0
22/03/2026 20:22;450,0;461,9;1,9;0,0;-8,0;-8,0;32,1
22/03/2026 20:23;450,0;466,0;0,0;0,0;-8,0;-8,0;32,0
22/03/2026 20:24;450,0;466,6;0,0;0,0;-8,0;-8,0;31,9
22/03/2026 20:25;450,0;466,0;0,0;0,0;-8,0;-8,0;31,9
22/03/2026 20:26;450,0;461,9;0,0;0,0;-8,0;-8,0;31,6
22/03/2026 20:27;450,0;456,6;0,0;0,0;-8,0;-9,0;31,4
22/03/2026 20:28;450,0;453,1;0,0;0,0;-8,0;-8,0;31,7
22/03/2026 20:29;450,0;449,9;0,0;0,0;-8,0;-8,0;31,5
22/03/2026 20:30;450,0;445,5;3,6;4,3;-8,0;-8,0;31,5
22/03/2026 20:31;450,0;442,3;9,8;7,9;-8,0;-8,0;31,5
22/03/2026 20:32;450,0;443,8;16,7;7,4;-8,0;-7,0;32,0
22/03/2026 20:33;450,0;451,4;15,5;0,6;-8,0;-8,0;32,0
22/03/2026 20:34;450,0;459,3;6,6;0,0;-8,0;-8,0;32,0
22/03/2026 20:35;450,0;463,4;0,0;0,0;-8,0;-8,0;32,0
22/03/2026 20:36;450,0;466,0;0,0;0,0;-8,0;-8,0;31,8
22/03/2026 20:37;450,0;466,9;0,0;0,0;-8,0;-8,0;31,6
22/03/2026 20:38;450,0;467,5;0,0;0,0;-8,0;-8,0;31,7
22/03/2026 20:39;450,0;466,3;0,0;0,0;-8,0;-9,0;31,3
22/03/2026 20:40;450,0;461,9;0,0;0,0;-8,0;-8,0;31,5
22/03/2026 20:41;450,0;456,9;0,0;0,0;-8,0;-8,0;31,5
22/03/2026 20:42;450,0;451,7;0,0;0,0;-8,0;-8,0;31,4
22/03/2026 20:43;450,0;447,3;1,9;2,5;-8,0;-8,0;31,3
22/03/2026 20:44;450,0;443,2;7,3;6,7;-8,0;-8,0;31,4
22/03/2026 20:45;450,0;442,0;14,6;8,7;-8,0;-8,0;31,7
22/03/2026 20:46;450,0;447,9;16,8;3,6;-8,0;-8,0;31,9
22/03/2026 20:47;450,0;457,8;10,4;0,0;-8,0;-8,0;32,2
22/03/2026 20:48;450,0;464,0;0,0;0,0;-8,0;-8,0;32,1
22/03/2026 20:49;450,0;466,9;0,0;0,0;-8,0;-8,0;31,9
22/03/2026 20:50;450,0;467,2;0,0;0,0;-8,0;-8,0;31,9
22/03/2026 20:51;450,0;466,9;0,0;0,0;-8,0;-9,0;31,4
22/03/2026 20:52;450,0;464,0;0,0;0,0;-8,0;-8,0;31,9
22/03/2026 20:53;450,0;460,7;0,0;0,0;-8,0;-9,0;31,4
22/03/2026 20:54;450,0;456,4;0,0;0,0;-8,0;-8,0;31,7
22/03/2026 20:55;450,0;452,2;0,0;0,0;-8,0;-8,0;31,6
22/03/2026 20:56;450,0;448,4;0,7;1,4;-8,0;-8,0;31,4
22/03/2026 20:57;450,0;444,6;5,4;5,2;-8,0;-8,0;31,5
22/03/2026 20:58;450,0;443,5;11,4;6,9;-8,0;-8,0;31,6
22/03/2026 20:59;450,0;447,0;14,6;4,3;-8,0;-8,0;31,9
22/03/2026 21:00;450,0;454,6;10,7;0,0;-8,0;-8,0;32,1
22/03/2026 21:01;450,0;464,0;0,0;0,0;-8,0;-8,0;32,0
22/03/2026 21:02;450,0;468,1;0,0;0,0;-8,0;-8,0;31,8
22/03/2026 21:03;450,0;468,1;0,0;0,0;-8,0;-9,0;31,4
22/03/2026 21:04;450,0;467,8;0,0;0,0;-8,0;-9,0;31,4
22/03/2026 21:05;450,0;464,8;0,0;0,0;-8,0;-8,0;31,7
22/03/2026 21:06;450,0;459,3;0,0;0,0;-8,0;-8,0;31,7
22/03/2026 21:07;450,0;456,1;0,0;0,0;-8,0;-8,0;31,7
22/03/2026 21:08;450,0;452,5;0,0;0,0;-8,0;-8,0;31,7
22/03/2026 21:09;450,0;449,6;0,1;0,3;-8,0;-8,0;31,7
22/03/2026 21:10;450,0;448,4;1,8;1,6;-8,0;-9,0;31,3
22/03/2026 21:11;450,0;447,0;4,3;3,1;-8,0;-8,0;31,6
22/03/2026 21:12;450,0;444,0;9,2;6,3;-8,0;-8,0;31,8
22/03/2026 21:13;450,0;445,5;13,9;5,6;-8,0;-7,0;32,2
22/03/2026 21:14;450,0;451,7;13,0;0,1;-8,0;-7,0;32,4
22/03/2026 21:15;450,0;458,1;6,3;0,0;-8,0;-8,0;32,1
22/03/2026 21:16;450,0;462,2;0,0;0,0;-8,0;-9,0;31,6
22/03/2026 21:17;450,0;462,8;0,0;0,0;-8,0;-8,0;32,0
22/03/2026 21:18;450,0;461,0;0,0;0,0;-8,0;-8,0;31,9
22/03/2026 21:19;450,0;459,6;0,0;0,0;-8,0;-8,0;31,9
22/03/2026 21:20;450,0;457,8;0,0;0,0;-8,0;-8,0;31,9
22/03/2026 21:21;450,0;455,8;0,0;0,0;-8,0;-8,0;31,7
22/03/2026 21:22;450,0;453,4;0,0;0,0;-8,0;-8,0;31,6
22/03/2026 21:23;450,0;450,5;0,0;0,0;-8,0;-8,0;31,5
22/03/2026 21:24;450,0;447,0;2,3;2,9;-8,0;-9,0;31,2
22/03/2026 21:25;450,0;443,5;8,2;6,6;-8,0;-8,0;31,6
22/03/2026 21:26;450,0;442,6;14,8;8,1;-8,0;-7,0;32,2
22/03/2026 21:27;450,0;447,0;18,2;4,8;-8,0;-7,0;32,3
22/03/2026 21:28;450,0;451,7;16,5;0,5;-8,0;-7,0;32,4
22/03/2026 21:29;450,0;451,7;14,5;0,2;-8,0;-8,0;32,3
22/03/2026 21:30;450,0;451,4;13,4;0,3;-8,0;-8,0;32,4
22/03/2026 21:31;450,0;448,7;14,4;2,8;-8,0;-8,0;32,4
22/03/2026 21:32;450,0;447,0;17,1;4,5;-8,0;-8,0;32,7
22/03/2026 21:33;450,0;446,4;20,3;5,4;-8,0;-7,0;33,2
22/03/2026 21:34;450,0;447,6;22,9;4,7;-8,0;-7,0;33,5
22/03/2026 21:35;450,0;447,9;24,3;4,5;-8,0;-7,0;33,7
22/03/2026 21:36;450,0;446,7;27,2;5,9;-8,0;-7,0;34,1
22/03/2026 21:37;450,0;445,5;30,8;7,4;-8,0;-7,0;34,5
22/03/2026 21:38;450,0;442,3;36,7;10,9;-8,0;-6,0;35,6
22/03/2026 21:39;450,0;442,3;42,6;11,6;-8,0;-5,0;36,8
22/03/2026 21:40;450,0;440,8;50,6;12,0;-8,0;-4,0;37,6
22/03/2026 21:41;450,0;437,9;60,6;12,0;-8,0;-3,0;39,6
22/03/2026 21:42;450,0;432,9;74,5;12,0;-8,0;-3,0;41,2
22/03/2026 21:43;450,0;424,4;94,8;12,0;-8,0;-1,0;44,0
22/03/2026 21:44;450,0;419,1;100,0;12,0;-8,0;-2,0;46,1
22/03/2026 21:45;450,0;411,2;100,0;12,0;-8,0;-2,0;48,0
22/03/2026 21:46;450,0;400,7;100,0;12,0;-8,0;-2,0;49,9
22/03/2026 21:47;450,0;388,4;100,0;12,0;-8,0;-3,0;51,0
22/03/2026 21:48;450,0;376,9;100,0;12,0;-8,0;-4,0;52,0
22/03/2026 21:49;450,0;364,9;100,0;12,0;-8,0;-4,0;53,5
22/03/2026 21:50;450,0;355,9;100,0;12,0;-8,0;-4,0;54,7
22/03/2026 21:51;450,0;346,2;100,0;12,0;-8,0;-5,0;55,5
22/03/2026 21:52;450,0;337,4;100,0;12,0;-8,0;-5,0;56,3
22/03/2026 21:53;450,0;329,2;100,0;12,0;-8,0;-5,0;57,0
22/03/2026 21:54;450,0;322,5;100,0;12,0;-8,0;-6,0;57,3
22/03/2026 21:55;450,0;315,4;100,0;12,0;-8,0;-7,0;57,5
22/03/2026 21:56;450,0;310,1;100,0;12,0;-8,0;-7,0;58,2
22/03/2026 21:57;450,0;305,2;100,0;12,0;-8,0;-7,0;58,6
22/03/2026 21:58;450,0;301,6;100,0;12,0;-8,0;-7,0;58,9
22/03/2026 21:59;450,0;297,8;100,0;12,0;-8,0;-7,0;59,3
22/03/2026 22:00;450,0;294,3;100,0;12,0;-8,0;-7,0;59,4
22/03/2026 22:01;450,0;291,7;100,0;12,0;-8,0;-7,0;59,8
22/03/2026 22:02;450,0;287,6;100,0;12,0;-8,0;-8,0;59,5
22/03/2026 22:03;450,0;285,8;100,0;12,0;-8,0;-8,0;59,6
22/03/2026 22:04;450,0;282,6;100,0;12,0;-8,0;-8,0;59,7
22/03/2026 22:05;450,0;280,8;100,0;12,0;-8,0;-7,0;60,1
22/03/2026 22:06;450,0;277,6;100,0;12,0;-8,0;-7,0;60,2
22/03/2026 22:07;450,0;274,4;100,0;12,0;-8,0;-8,0;59,8
22/03/2026 22:08;450,0;272,1;100,0;12,0;-8,0;-8,0;59,9
22/03/2026 22:09;450,0;269,4;100,0;12,0;-8,0;-8,0;59,9
22/03/2026 22:10;450,0;267,4;100,0;12,0;-8,0;-8,0;59,8
22/03/2026 22:11;450,0;266,8;100,0;12,0;-8,0;-8,0;60,1
22/03/2026 22:12;450,0;265,3;100,0;12,0;-8,0;-8,0;59,9
22/03/2026 22:13;450,0;263,6;100,0;12,0;-8,0;-8,0;59,7
22/03/2026 22:14;450,0;261,2;100,0;12,0;-8,0;-8,0;59,8
22/03/2026 22:15;450,0;258,9;100,0;12,0;-8,0;-8,0;59,8
22/03/2026 22:16;450,0;257,1;100,0;12,0;-8,0;-8,0;59,7
22/03/2026 22:17;450,0;256,2;100,0;12,0;-8,0;-8,0;59,6
22/03/2026 22:18;450,0;254,2;100,0;12,0;-8,0;-8,0;59,3
22/03/2026 22:19;450,0;251,8;100,0;12,0;-8,0;-8,0;59,4
22/03/2026 22:20;450,0;249,8;100,0;12,0;-8,0;-9,0;58,8
22/03/2026 22:21;450,0;247,7;100,0;12,0;-8,0;-9,0;58,9
22/03/2026 22:22;450,0;246,3;100,0;12,0;-8,0;-8,0;59,1
22/03/2026 22:23;450,0;245,1;100,0;12,0;-8,0;-8,0;59,0
22/03/2026 22:24;450,0;243,0;100,0;12,0;-8,0;-8,0;58,8
22/03/2026 22:25;450,0;240,7;100,0;12,0;-8,0;-8,0;58,7
22/03/2026 22:26;450,0;239,8;100,0;12,0;-8,0;-9,0;58,4
22/03/2026 22:27;450,0;238,1;100,0;12,0;-8,0;-9,0;58,2
22/03/2026 22:28;450,0;237,2;100,0;12,0;-8,0;-8,0;58,5
22/03/2026 22:29;450,0;235,1;100,0;12,0;-8,0;-8,0;58,3
22/03/2026 22:30;450,0;233,1;100,0;12,0;-8,0;-8,0;58,3
22/03/2026 22:31;450,0;232,2;100,0;12,0;-8,0;-9,0;57,9
22/03/2026 22:32;450,0;230,2;100,0;12,0;-8,0;-8,0;58,2
22/03/2026 22:33;450,0;229,3;100,0;12,0;-8,0;-8,0;58,0
22/03/2026 22:34;450,0;227,5;100,0;12,0;-8,0;-8,0;58,1
22/03/2026 22:35;450,0;226,1;100,0;12,0;-8,0;-8,0;57,9
22/03/2026 22:36;450,0;226,1;100,0;12,0;-8,0;-8,0;57,9
22/03/2026 22:37;450,0;225,2;100,0;12,0;-8,0;-9,0;57,3
22/03/2026 22:38;450,0;223,7;100,0;12,0;-8,0;-8,0;57,6
22/03/2026 22:39;450,0;223,4;100,0;12,0;-8,0;-8,0;57,6
22/03/2026 22:40;450,0;221,4;100,0;12,0;-8,0;-8,0;57,5
22/03/2026 22:41;450,0;221,1;100,0;12,0;-8,0;-8,0;57,3
22/03/2026 22:42;450,0;219,3;100,0;12,0;-8,0;-8,0;57,3
22/03/2026 22:43;450,0;219,0;100,0;12,0;-8,0;-8,0;57,3
22/03/2026 22:44;450,0;218,7;100,0;12,0;-8,0;-8,0;57,3
22/03/2026 22:45;450,0;217,3;100,0;12,0;-8,0;-9,0;56,8
22/03/2026 22:46;450,0;216,4;100,0;12,0;-8,0;-8,0;56,9
22/03/2026 22:47;450,0;215,2;100,0;12,0;-8,0;-9,0;56,4
22/03/2026 22:48;450,0;214,6;100,0;12,0;-8,0;-8,0;56,9
22/03/2026 22:49;450,0;214,3;100,0;12,0;-8,0;-9,0;56,3
22/03/2026 22:50;450,0;213,5;100,0;12,0;-8,0;-8,0;56,7
22/03/2026 22:51;450,0;212,3;100,0;12,0;-8,0;-8,0;56,6
22/03/2026 22:52;450,0;211,7;100,0;12,0;-8,0;-8,0;56,5
22/03/2026 22:53;450,0;210,2;100,0;12,0;-8,0;-8,0;56,6
22/03/2026 22:54;450,0;209,6;100,0;12,0;-8,0;-9,0;56,0
22/03/2026 22:55;450,0;209,6;100,0;12,0;-8,0;-8,0;56,4
22/03/2026 22:56;450,0;207,9;100,0;12,0;-8,0;-9,0;55,9
22/03/2026 22:57;450,0;207,9;100,0;12,0;-8,0;-8,0;56,3
22/03/2026 22:58;450,0;207,3;100,0;12,0;-8,0;-9,0;55,8
22/03/2026 22:59;450,0;207,0;100,0;12,0;-8,0;-8,0;56,1
22/03/2026 23:00;450,0;207,0;100,0;12,0;-8,0;-8,0;56,1
22/03/2026 23:01;450,0;207,0;100,0;12,0;-8,0;-8,0;56,0
22/03/2026 23:02;450,0;205,5;100,0;12,0;-8,0;-8,0;56,0
22/03/2026 23:03;450,0;204,7;100,0;12,0;-8,0;-8,0;55,9
22/03/2026 23:04;450,0;204,7;100,0;12,0;-8,0;-8,0;55,7
22/03/2026 23:05;450,0;204,1;100,0;12,0;-8,0;-8,0;55,7
22/03/2026 23:06;450,0;204,1;100,0;12,0;-8,0;-9,0;55,2
22/03/2026 23:07;450,0;202,9;100,0;12,0;-8,0;-8,0;55,6
22/03/2026 23:08;450,0;202,3;100,0;12,0;-8,0;-8,0;55,5
22/03/2026 23:09;450,0;202,0;100,0;12,0;-8,0;-8,0;55,5
22/03/2026 23:10;450,0;200,9;100,0;12,0;-8,0;-8,0;55,5
22/03/2026 23:11;450,0;200,3;100,0;12,0;-8,0;-9,0;55,2
22/03/2026 23:12;450,0;200,0;100,0;12,0;-8,0;-8,0;55,5
22/03/2026 23:13;450,0;199,7;100,0;12,0;-8,0;-8,0;55,4
22/03/2026 23:14;450,0;197,9;100,0;12,0;-8,0;-8,0;55,3
22/03/2026 23:15;450,0;197,9;100,0;12,0;-8,0;-8,0;55,3
22/03/2026 23:16;450,0;197,3;100,0;12,0;-8,0;-8,0;55,3
22/03/2026 23:17;450,0;195,6;100,0;12,0;-8,0;-8,0;55,3
22/03/2026 23:18;450,0;195,6;100,0;12,0;-8,0;-8,0;55,3
22/03/2026 23:19;450,0;195,0;100,0;12,0;-8,0;-8,0;55,1
22/03/2026 23:20;450,0;193,5;100,0;12,0;-8,0;-8,0;55,0
22/03/2026 23:21;450,0;193,2;100,0;12,0;-8,0;-8,0;55,0
22/03/2026 23:22;450,0;192,9;100,0;12,0;-8,0;-8,0;54,9
22/03/2026 23:23;450,0;192,4;100,0;12,0;-8,0;-9,0;54,4
22/03/2026 23:24;450,0;191,5;100,0;12,0;-8,0;-8,0;54,8
22/03/2026 23:25;450,0;190,6;100,0;12,0;-8,0;-8,0;54,8
22/03/2026 23:26;450,0;190,0;100,0;12,0;-8,0;-9,0;54,5
22/03/2026 23:27;450,0;188,8;100,0;12,0;-8,0;-8,0;54,7
22/03/2026 23:28;450,0;188,0;100,0;12,0;-8,0;-8,0;54,7
22/03/2026 23:29;450,0;187,7;100,0;12,0;-8,0;-8,0;54,7
22/03/2026 23:30;450,0;187,7;100,0;12,0;-8,0;-8,0;54,7
22/03/2026 23:31;450,0;186,8;100,0;12,0;-8,0;-8,0;54,7
22/03/2026 23:32;450,0;185,6;100,0;12,0;-8,0;-9,0;54,3
22/03/2026 23:33;450,0;185,6;100,0;12,0;-8,0;-8,0;54,6
22/03/2026 23:34;450,0;185,3;100,0;12,0;-8,0;-8,0;54,6
22/03/2026 23:35;450,0;183,9;100,0;12,0;-8,0;-8,0;54,6
22/03/2026 23:36;450,0;183,6;100,0;12,0;-8,0;-8,0;54,6
22/03/2026 23:37;450,0;183,6;100,0;12,0;-8,0;-8,0;54,5
22/03/2026 23:38;450,0;183,0;100,0;12,0;-8,0;-8,0;54,6
22/03/2026 23:39;450,0;181,8;100,0;12,0;-8,0;-9,0;54,2
22/03/2026 23:40;450,0;181,5;100,0;12,0;-8,0;-8,0;54,5
22/03/2026 23:41;450,0;180,9;100,0;12,0;-8,0;-8,0;54,5
22/03/2026 23:42;450,0;180,1;100,0;12,0;-8,0;-8,0;54,4
22/03/2026 23:43;450,0;179,5;100,0;12,0;-8,0;-8,0;54,4
22/03/2026 23:44;450,0;179,5;100,0;12,0;-8,0;-8,0;54,3
22/03/2026 23:45;450,0;179,5;100,0;12,0;-8,0;-8,0;54,3
22/03/2026 23:46;450,0;177,7;100,0;12,0;-8,0;-8,0;54,3
22/03/2026 23:47;450,0;177,7;100,0;12,0;-8,0;-8,0;54,3
22/03/2026 23:48;450,0;177,4;100,0;12,0;-8,0;-8,0;54,3
22/03/2026 23:49;450,0;176,2;100,0;12,0;-8,0;-8,0;54,3
22/03/2026 23:50;450,0;176,0;100,0;12,0;-8,0;-8,0;54,3
22/03/2026 23:51;450,0;175,7;100,0;12,0;-8,0;-8,0;54,3
22/03/2026 23:52;450,0;175,7;100,0;12,0;-8,0;-8,0;54,2
22/03/2026 23:53;450,0;175,7;100,0;12,0;-8,0;-8,0;54,2
22/03/2026 23:54;450,0;173,9;100,0;12,0;-8,0;-8,0;54,2
22/03/2026 23:55;450,0;173,9;100,0;12,0;-8,0;-8,0;54,1
22/03/2026 23:56;450,0;173,6;100,0;12,0;-8,0;-8,0;54,1
22/03/2026 23:57;450,0;173,6;100,0;12,0;-8,0;-8,0;54,2
22/03/2026 23:58;450,0;173,3;100,0;12,0;-8,0;-8,0;54,1
22/03/2026 23:59;450,0;171,8;100,0;12,0;-8,0;-8,0;54,0
23/03/2026 00:00;450,0;171,6;100,0;12,0;-8,0;-8,0;54,0
23/03/2026 00:01;450,0;171,3;100,0;12,0;-8,0;-8,0;54,0
23/03/2026 00:02;450,0;171,3;100,0;12,0;-8,0;-8,0;53,9
23/03/2026 00:03;450,0;170,4;100,0;12,0;-8,0;-8,0;53,9
23/03/2026 00:04;450,0;170,1;100,0;12,0;-8,0;-8,0;53,9
23/03/2026 00:05;450,0;169,5;100,0;12,0;-8,0;-8,0;53,8
23/03/2026 00:06;450,0;169,5;100,0;12,0;-8,0;-8,0;53,8
23/03/2026 00:07;450,0;169,5;100,0;12,0;-8,0;-9,0;53,4
23/03/2026 00:08;450,0;168,0;100,0;12,0;-8,0;-8,0;53,8
23/03/2026 00:09;450,0;167,7;100,0;12,0;-8,0;-8,0;53,8
23/03/2026 00:10;450,0;167,5;100,0;12,0;-8,0;-8,0;53,8
23/03/2026 00:11;450,0;167,2;100,0;12,0;-8,0;-8,0;53,8
23/03/2026 00:12;450,0;166,3;100,0;12,0;-8,0;-8,0;53,8
23/03/2026 00:13;450,0;166,3;100,0;12,0;-8,0;-8,0;53,7
23/03/2026 00:14;450,0;166,0;100,0;12,0;-8,0;-8,0;53,6
23/03/2026 00:15;450,0;166,0;100,0;12,0;-8,0;-9,0;53,3
23/03/2026 00:16;450,0;166,0;100,0;12,0;-8,0;-8,0;53,6
23/03/2026 00:17;450,0;164,8;100,0;12,0;-8,0;-8,0;53,5
23/03/2026 00:18;450,0;164,5;100,0;12,0;-8,0;-8,0;53,5
23/03/2026 00:19;450,0;164,2;100,0;12,0;-8,0;-8,0;53,4
23/03/2026 00:20;450,0;164,2;100,0;12,0;-8,0;-8,0;53,4
23/03/2026 00:21;450,0;163,9;100,0;12,0;-8,0;-8,0;53,4
23/03/2026 00:22;450,0;162,8;100,0;12,0;-8,0;-8,0;53,3
23/03/2026 00:23;450,0;162,5;100,0;12,0;-8,0;-8,0;53,3
23/03/2026 00:24;450,0;162,5;100,0;12,0;-8,0;-9,0;52,9
23/03/2026 00:25;450,0;162,5;100,0;12,0;-8,0;-8,0;53,3
23/03/2026 00:26;450,0;162,5;100,0;12,0;-8,0;-8,0;53,3
23/03/2026 00:27;450,0;162,2;100,0;12,0;-8,0;-8,0;53,3
23/03/2026 00:28;450,0;161,9;100,0;12,0;-8,0;-8,0;53,3
23/03/2026 00:29;450,0;160,7;100,0;12,0;-8,0;-8,0;53,3
23/03/2026 00:30;450,0;160,4;100,0;12,0;-8,0;-8,0;53,3
23/03/2026 00:31;450,0;160,4;100,0;12,0;-8,0;-8,0;53,3
23/03/2026 00:32;450,0;160,4;100,0;12,0;-8,0;-8,0;53,3
23/03/2026 00:33;450,0;160,4;100,0;12,0;-8,0;-8,0;53,3
23/03/2026 00:34;450,0;159,5;100,0;12,0;-8,0;-8,0;53,3
23/03/2026 00:35;450,0;158,4;100,0;12,0;-8,0;-8,0;53,3
23/03/2026 00:36;450,0;158,4;100,0;12,0;-8,0;-8,0;53,3
23/03/2026 00:37;450,0;158,7;100,0;12,0;-8,0;-8,0;53,3
23/03/2026 00:38;450,0;158,7;100,0;12,0;-8,0;-8,0;53,4
23/03/2026 00:39;450,0;158,4;100,0;12,0;-8,0;-8,0;53,2
23/03/2026 00:40;450,0;157,2;100,0;12,0;-8,0;-8,0;53,2
23/03/2026 00:41;450,0;156,9;100,0;12,0;-8,0;-8,0;53,2
23/03/2026 00:42;450,0;156,6;100,0;12,0;-8,0;-8,0;53,2
23/03/2026 00:43;450,0;156,6;100,0;12,0;-8,0;-8,0;53,2
23/03/2026 00:44;450,0;156,6;100,0;12,0;-8,0;-8,0;53,2
23/03/2026 00:45;450,0;156,6;100,0;12,0;-8,0;-8,0;53,2
23/03/2026 00:46;450,0;156,3;100,0;12,0;-8,0;-8,0;53,2
23/03/2026 00:47;450,0;155,1;100,0;12,0;-8,0;-8,0;53,2
23/03/2026 00:48;450,0;154,6;100,0;12,0;-8,0;-8,0;53,1
23/03/2026 00:49;450,0;154,6;100,0;12,0;-8,0;-8,0;53,2
23/03/2026 00:50;450,0;154,3;100,0;12,0;-8,0;-8,0;53,1
23/03/2026 00:51;450,0;154,3;100,0;12,0;-8,0;-8,0;53,1
23/03/2026 00:52;450,0;154,3;100,0;12,0;-8,0;-8,0;53,1
23/03/2026 00:53;450,0;153,7;100,0;12,0;-8,0;-8,0;53,1
23/03/2026 00:54;450,0;152,8;100,0;12,0;-8,0;-8,0;53,1
23/03/2026 00:55;450,0;152,2;100,0;12,0;-8,0;-8,0;53,1
23/03/2026 00:56;450,0;152,5;100,0;12,0;-8,0;-8,0;53,0
23/03/2026 00:57;450,0;152,5;100,0;12,0;-8,0;-8,0;53,0
23/03/2026 00:58;450,0;152,5;100,0;12,0;-8,0;-8,0;53,0
23/03/2026 00:59;450,0;151,9;100,0;12,0;-8,0;-8,0;53,0
23/03/2026 01:00;450,0;150,8;100,0;12,0;-8,0;-8,0;52,9
23/03/2026 01:01;450,0;150,8;100,0;12,0;-8,0;-8,0;52,9
23/03/2026 01:02;450,0;150,8;100,0;12,0;-8,0;-8,0;52,9
23/03/2026 01:03;450,0;150,8;100,0;12,0;-8,0;-8,0;52,9
23/03/2026 01:04;450,0;150,2;100,0;12,0;-8,0;-8,0;52,9
23/03/2026 01:05;450,0;149,6;100,0;12,0;-8,0;-8,0;52,9
23/03/2026 01:06;450,0;149,0;100,0;12,0;-8,0;-8,0;52,8
23/03/2026 01:07;450,0;149,0;100,0;12,0;-8,0;-8,0;52,8
23/03/2026 01:08;450,0;149,0;100,0;12,0;-8,0;-8,0;52,8
23/03/2026 01:09;450,0;149,0;100,0;12,0;-8,0;-8,0;52,8
23/03/2026 01:10;450,0;149,0;100,0;12,0;-8,0;-9,0;52,4
23/03/2026 01:11;450,0;148,4;100,0;12,0;-8,0;-8,0;52,8
23/03/2026 01:12;450,0;147,5;100,0;12,0;-8,0;-8,0;52,8
23/03/2026 01:13;450,0;147,5;100,0;12,0;-8,0;-8,0;52,7
23/03/2026 01:14;450,0;146,9;100,0;12,0;-8,0;-8,0;52,7
23/03/2026 01:15;450,0;147,2;100,0;12,0;-8,0;-8,0;52,7
23/03/2026 01:16;450,0;147,2;100,0;12,0;-8,0;-8,0;52,6
23/03/2026 01:17;450,0;147,2;100,0;12,0;-8,0;-8,0;52,6
23/03/2026 01:18;450,0;146,4;100,0;12,0;-8,0;-8,0;52,6
23/03/2026 01:19;450,0;146,1;100,0;12,0;-8,0;-8,0;52,6
23/03/2026 01:20;450,0;145,8;100,0;12,0;-8,0;-9,0;52,2
23/03/2026 01:21;450,0;145,8;100,0;12,0;-8,0;-8,0;52,4
23/03/2026 01:22;450,0;145,8;100,0;12,0;-8,0;-8,0;52,5
23/03/2026 01:23;450,0;145,5;100,0;12,0;-8,0;-8,0;52,5
23/03/2026 01:24;450,0;145,5;100,0;12,0;-8,0;-9,0;52,1
23/03/2026 01:25;450,0;144,9;100,0;12,0;-8,0;-8,0;52,5
23/03/2026 01:26;450,0;144,3;100,0;12,0;-8,0;-8,0;52,5
23/03/2026 01:27;450,0;144,3;100,0;12,0;-8,0;-8,0;52,5
23/03/2026 01:28;450,0;144,0;100,0;12,0;-8,0;-8,0;52,5
23/03/2026 01:29;450,0;144,0;100,0;12,0;-8,0;-8,0;52,5
23/03/2026 01:30;450,0;143,7;100,0;12,0;-8,0;-9,0;52,2
23/03/2026 01:31;450,0;143,4;100,0;12,0;-8,0;-8,0;52,5
23/03/2026 01:32;450,0;143,4;100,0;12,0;-8,0;-8,0;52,5
23/03/2026 01:33;450,0;142,8;100,0;12,0;-8,0;-8,0;52,5
23/03/2026 01:34;450,0;142,5;100,0;12,0;-8,0;-8,0;52,3
23/03/2026 01:35;450,0;142,3;100,0;12,0;-8,0;-8,0;52,4
23/03/2026 01:36;450,0;142,0;100,0;12,0;-8,0;-8,0;52,4
23/03/2026 01:37;450,0;142,0;100,0;12,0;-8,0;-8,0;52,4
23/03/2026 01:38;450,0;142,3;100,0;12,0;-8,0;-8,0;52,4
23/03/2026 01:39;450,0;142,0;100,0;12,0;-8,0;-8,0;52,4
23/03/2026 01:40;450,0;141,4;100,0;12,0;-8,0;-8,0;52,4
23/03/2026 01:41;450,0;140,8;100,0;12,0;-8,0;-8,0;52,3
23/03/2026 01:42;450,0;140,8;100,0;12,0;-8,0;-8,0;52,3
23/03/2026 01:43;450,0;140,5;100,0;12,0;-8,0;-8,0;52,3
23/03/2026 01:44;450,0;139,9;100,0;12,0;-8,0;-8,0;52,3
23/03/2026 01:45;450,0;139,9;100,0;12,0;-8,0;-8,0;52,3
23/03/2026 01:46;450,0;139,6;100,0;12,0;-8,0;-9,0;51,9
23/03/2026 01:47;450,0;139,0;100,0;12,0;-8,0;-8,0;52,3
23/03/2026 01:48;450,0;138,7;100,0;12,0;-8,0;-8,0;52,3
23/03/2026 01:49;450,0;138,7;100,0;12,0;-8,0;-8,0;52,2
23/03/2026 01:50;450,0;138,7;100,0;12,0;-8,0;-8,0;52,2
23/03/2026 01:51;450,0;138,4;100,0;12,0;-8,0;-8,0;52,2
23/03/2026 01:52;450,0;138,4;100,0;12,0;-8,0;-8,0;52,2
23/03/2026 01:53;450,0;138,4;100,0;12,0;-8,0;-8,0;52,2
23/03/2026 01:54;450,0;138,4;100,0;12,0;-8,0;-8,0;52,2
23/03/2026 01:55;450,0;137,0;100,0;12,0;-8,0;-8,0;52,2
23/03/2026 01:56;450,0;137,0;100,0;12,0;-8,0;-8,0;52,2
23/03/2026 01:57;450,0;137,0;100,0;12,0;-8,0;-8,0;52,2
23/03/2026 01:58;450,0;137,0;100,0;12,0;-8,0;-8,0;52,2
23/03/2026 01:59;450,0;137,0;100,0;12,0;-8,0;-8,0;52,2
23/03/2026 02:00;450,0;136,4;100,0;12,0;-8,0;-8,0;52,2
23/03/2026 02:01;450,0;136,4;100,0;12,0;-8,0;-8,0;52,1
23/03/2026 02:03;450,0;136,7;100,0;12,0;-8,0;-8,0;52,1
23/03/2026 02:04;450,0;136,4;100,0;12,0;-8,0;-8,0;52,1
23/03/2026 02:05;450,0;136,4;100,0;12,0;-8,0;-8,0;52,1
23/03/2026 02:06;450,0;136,1;100,0;12,0;-8,0;-8,0;52,1
23/03/2026 02:07;450,0;135,2;100,0;12,0;-8,0;-9,0;51,7
23/03/2026 02:08;450,0;134,9;100,0;12,0;-8,0;-9,0;51,7
23/03/2026 02:09;450,0;135,2;100,0;12,0;-8,0;-8,0;52,0
23/03/2026 02:10;450,0;134,9;100,0;12,0;-8,0;-8,0;52,0
23/03/2026 02:11;450,0;134,9;100,0;12,0;-8,0;-8,0;52,0
23/03/2026 02:12;450,0;134,6;100,0;12,0;-8,0;-8,0;52,0
23/03/2026 02:13;450,0;134,6;100,0;12,0;-8,0;-8,0;52,0
23/03/2026 02:14;450,0;134,3;100,0;12,0;-8,0;-8,0;52,0
23/03/2026 02:15;450,0;134,3;100,0;12,0;-8,0;-8,0;52,0
23/03/2026 02:16;450,0;134,1;100,0;12,0;-8,0;-8,0;52,0
23/03/2026 02:17;450,0;133,5;100,0;12,0;-8,0;-8,0;52,0
23/03/2026 02:18;450,0;133,5;100,0;12,0;-8,0;-8,0;52,0
23/03/2026 02:19;450,0;132,9;100,0;12,0;-8,0;-8,0;52,0
23/03/2026 02:20;450,0;132,9;100,0;12,0;-8,0;-8,0;52,0
23/03/2026 02:21;450,0;132,9;100,0;12,0;-8,0;-9,0;51,6
23/03/2026 02:22;450,0;132,9;100,0;12,0;-8,0;-8,0;51,9
23/03/2026 02:23;450,0;132,6;100,0;12,0;-8,0;-8,0;51,9
23/03/2026 02:24;450,0;132,6;100,0;12,0;-8,0;-8,0;51,9
23/03/2026 02:25;450,0;132,6;100,0;12,0;-8,0;-8,0;51,9
23/03/2026 02:26;450,0;131,7;100,0;12,0;-8,0;-8,0;51,8
23/03/2026 02:27;450,0;131,4;100,0;12,0;-8,0;-8,0;51,9
23/03/2026 02:28;450,0;131,4;100,0;12,0;-8,0;-8,0;51,9
23/03/2026 02:29;450,0;131,4;100,0;12,0;-8,0;-8,0;51,9
23/03/2026 02:30;450,0;131,4;100,0;12,0;-8,0;-8,0;51,9
23/03/2026 02:31;450,0;130,8;100,0;12,0;-8,0;-8,0;51,9
23/03/2026 02:32;450,0;130,5;100,0;12,0;-8,0;-8,0;51,9
23/03/2026 02:33;450,0;130,5;100,0;12,0;-8,0;-8,0;51,9
23/03/2026 02:34;450,0;130,8;100,0;12,0;-8,0;-8,0;51,8
23/03/2026 02:35;450,0;129,9;100,0;12,0;-8,0;-8,0;51,8
23/03/2026 02:36;450,0;129,4;100,0;12,0;-8,0;-8,0;51,8
23/03/2026 02:37;450,0;129,1;100,0;12,0;-8,0;-8,0;51,8
23/03/2026 02:38;450,0;129,1;100,0;12,0;-8,0;-8,0;51,8
23/03/2026 02:39;450,0;129,1;100,0;12,0;-8,0;-8,0;51,8
23/03/2026 02:40;450,0;129,1;100,0;12,0;-8,0;-8,0;51,8
23/03/2026 02:41;450,0;128,8;100,0;12,0;-8,0;-9,0;51,4
23/03/2026 02:42;450,0;128,5;100,0;12,0;-8,0;-8,0;51,8
23/03/2026 02:43;450,0;128,8;100,0;12,0;-8,0;-8,0;51,8
23/03/2026 02:44;450,0;128,8;100,0;12,0;-8,0;-8,0;51,8
23/03/2026 02:45;450,0;128,2;100,0;12,0;-8,0;-8,0;51,8
23/03/2026 02:46;450,0;127,3;100,0;12,0;-8,0;-8,0;51,8
23/03/2026 02:47;450,0;127,0;100,0;12,0;-8,0;-8,0;51,8
23/03/2026 02:48;450,0;127,0;100,0;12,0;-8,0;-8,0;51,7
23/03/2026 02:49;450,0;127,0;100,0;12,0;-8,0;-8,0;51,7
23/03/2026 02:50;450,0;127,0;100,0;12,0;-8,0;-8,0;51,7
23/03/2026 02:51;450,0;127,0;100,0;12,0;-8,0;-8,0;51,7
23/03/2026 02:52;450,0;126,7;100,0;12,0;-8,0;-8,0;51,7
23/03/2026 02:53;450,0;127,0;100,0;12,0;-8,0;-8,0;51,7
23/03/2026 02:54;450,0;126,4;100,0;12,0;-8,0;-8,0;51,7
23/03/2026 02:55;450,0;126,4;100,0;12,0;-8,0;-8,0;51,7
23/03/2026 02:56;450,0;126,4;100,0;12,0;-8,0;-9,0;51,3
23/03/2026 02:57;450,0;125,6;100,0;12,0;-8,0;-8,0;51,7
23/03/2026 02:58;450,0;125,6;100,0;12,0;-8,0;-8,0;51,7
23/03/2026 02:59;450,0;125,3;100,0;12,0;-8,0;-8,0;51,7
23/03/2026 03:00;450,0;125,0;100,0;12,0;-8,0;-8,0;51,6
23/03/2026 03:01;450,0;125,0;100,0;12,0;-8,0;-8,0;51,7
23/03/2026 03:02;450,0;125,0;100,0;12,0;-8,0;-8,0;51,7
23/03/2026 03:03;450,0;125,0;100,0;12,0;-8,0;-8,0;51,7
23/03/2026 03:04;450,0;124,7;100,0;12,0;-8,0;-8,0;51,7
23/03/2026 03:05;450,0;124,4;100,0;12,0;-8,0;-8,0;51,7
23/03/2026 03:06;450,0;124,7;100,0;12,0;-8,0;-8,0;51,6
23/03/2026 03:07;450,0;124,4;100,0;12,0;-8,0;-8,0;51,6
23/03/2026 03:08;450,0;123,2;100,0;12,0;-8,0;-8,0;51,6
23/03/2026 03:09;450,0;123,2;100,0;12,0;-8,0;-8,0;51,6
23/03/2026 03:10;450,0;122,6;100,0;12,0;-8,0;-8,0;51,6
23/03/2026 03:11;450,0;122,9;100,0;12,0;-8,0;-8,0;51,6
23/03/2026 03:12;450,0;122,6;100,0;12,0;-8,0;-8,0;51,5
23/03/2026 03:13;450,0;122,6;100,0;12,0;-8,0;-9,0;51,2
23/03/2026 03:14;450,0;122,9;100,0;12,0;-8,0;-9,0;51,1
23/03/2026 03:15;450,0;122,9;100,0;12,0;-8,0;-8,0;51,5
23/03/2026 03:16;450,0;122,9;100,0;12,0;-8,0;-8,0;51,5
23/03/2026 03:17;450,0;122,9;100,0;12,0;-8,0;-8,0;51,5
23/03/2026 03:18;450,0;122,9;100,0;12,0;-8,0;-8,0;51,5
23/03/2026 03:19;450,0;122,9;100,0;12,0;-8,0;-8,0;51,5
23/03/2026 03:20;450,0;122,6;100,0;12,0;-8,0;-8,0;51,5
23/03/2026 03:21;450,0;121,7;100,0;12,0;-8,0;-8,0;51,5
23/03/2026 03:22;450,0;121,2;100,0;12,0;-8,0;-8,0;51,5
23/03/2026 03:23;450,0;121,2;100,0;12,0;-8,0;-8,0;51,5
23/03/2026 03:24;450,0;121,2;100,0;12,0;-8,0;-8,0;51,4
23/03/2026 03:25;450,0;121,2;100,0;12,0;-8,0;-8,0;51,4
23/03/2026 03:26;450,0;121,2;100,0;12,0;-8,0;-8,0;51,4
23/03/2026 03:27;450,0;121,2;100,0;12,0;-8,0;-8,0;51,3
23/03/2026 03:28;450,0;120,9;100,0;12,0;-8,0;-8,0;51,3
23/03/2026 03:29;450,0;120,9;100,0;12,0;-8,0;-8,0;51,3
23/03/2026 03:30;450,0;120,9;100,0;12,0;-8,0;-8,0;51,3
23/03/2026 03:31;450,0;120,3;100,0;12,0;-8,0;-8,0;51,3
23/03/2026 03:32;450,0;120,3;100,0;12,0;-8,0;-8,0;51,3
23/03/2026 03:33;450,0;120,3;100,0;12,0;-8,0;-8,0;51,3
23/03/2026 03:34;450,0;119,7;100,0;12,0;-8,0;-8,0;51,5
23/03/2026 03:35;450,0;119,7;100,0;12,0;-8,0;-8,0;51,4
23/03/2026 03:36;450,0;119,4;100,0;12,0;-8,0;-8,0;51,4
23/03/2026 03:37;450,0;119,1;100,0;12,0;-8,0;-8,0;51,4
23/03/2026 03:38;450,0;119,4;100,0;12,0;-8,0;-8,0;51,4
23/03/2026 03:39;450,0;119,7;100,0;12,0;-8,0;-8,0;51,4
23/03/2026 03:40;450,0;118,8;100,0;12,0;-8,0;-8,0;51,4
23/03/2026 03:41;450,0;118,5;100,0;12,0;-8,0;-8,0;51,4
23/03/2026 03:42;450,0;117,9;100,0;12,0;-8,0;-8,0;51,4
23/03/2026 03:43;450,0;118,2;100,0;12,0;-8,0;-8,0;51,4
23/03/2026 03:44;450,0;117,9;100,0;12,0;-8,0;-8,0;51,3
23/03/2026 03:45;450,0;117,6;100,0;12,0;-8,0;-8,0;51,3
23/03/2026 03:46;450,0;117,4;100,0;12,0;-8,0;-8,0;51,3
23/03/2026 03:47;450,0;117,1;100,0;12,0;-8,0;-8,0;51,3
23/03/2026 03:48;450,0;117,6;100,0;12,0;-8,0;-8,0;51,3
23/03/2026 03:49;450,0;117,9;100,0;12,0;-8,0;-8,0;51,3
23/03/2026 03:50;450,0;117,6;100,0;12,0;-8,0;-8,0;51,3
23/03/2026 03:51;450,0;117,6;100,0;12,0;-8,0;-8,0;51,3
23/03/2026 03:52;450,0;117,1;100,0;12,0;-8,0;-8,0;51,3
23/03/2026 03:53;450,0;116,8;100,0;12,0;-8,0;-8,0;51,3
23/03/2026 03:54;450,0;116,2;100,0;12,0;-8,0;-8,0;51,3
23/03/2026 03:55;450,0;115,9;100,0;12,0;-8,0;-8,0;51,3
23/03/2026 03:56;450,0;115,9;100,0;12,0;-8,0;-8,0;51,3
23/03/2026 03:57;450,0;115,9;100,0;12,0;-8,0;-8,0;51,3
23/03/2026 03:58;450,0;115,9;100,0;12,0;-8,0;-8,0;51,3
23/03/2026 03:59;450,0;115,9;100,0;12,0;-8,0;-8,0;51,3
23/03/2026 04:00;450,0;115,6;100,0;12,0;-8,0;-8,0;51,3
23/03/2026 04:01;450,0;115,6;100,0;12,0;-8,0;-8,0;51,1
23/03/2026 04:02;450,0;115,6;100,0;12,0;-8,0;-8,0;51,2
23/03/2026 04:03;450,0;115,0;100,0;12,0;-8,0;-8,0;51,2
23/03/2026 04:04;450,0;114,1;100,0;12,0;-8,0;-8,0;51,2
23/03/2026 04:05;450,0;113,8;100,0;12,0;-8,0;-8,0;51,2
23/03/2026 04:06;450,0;113,8;100,0;12,0;-8,0;-8,0;51,2
23/03/2026 04:07;450,0;113,5;100,0;12,0;-8,0;-8,0;51,2
23/03/2026 04:08;450,0;113,2;100,0;12,0;-8,0;-8,0;51,3
23/03/2026 04:09;450,0;113,5;100,0;12,0;-8,0;-8,0;51,3
23/03/2026 04:10;450,0;113,0;100,0;12,0;-8,0;-8,0;51,3
23/03/2026 04:11;450,0;112,7;100,0;12,0;-8,0;-8,0;51,3
23/03/2026 04:12;450,0;112,7;100,0;12,0;-8,0;-8,0;51,3
23/03/2026 04:13;450,0;113,0;100,0;12,0;-8,0;-8,0;51,3
23/03/2026 04:14;450,0;112,7;100,0;12,0;-8,0;-8,0;51,3
23/03/2026 04:15;450,0;112,7;100,0;12,0;-8,0;-8,0;51,3
23/03/2026 04:16;450,0;112,7;100,0;12,0;-8,0;-8,0;51,3
23/03/2026 04:17;450,0;112,7;100,0;12,0;-8,0;-8,0;51,3
23/03/2026 04:18;450,0;112,4;100,0;12,0;-8,0;-8,0;51,3
23/03/2026 04:19;450,0;112,7;100,0;12,0;-8,0;-8,0;51,2
23/03/2026 04:20;450,0;112,7;100,0;12,0;-8,0;-8,0;51,3
23/03/2026 04:21;450,0;112,7;100,0;12,0;-8,0;-8,0;51,2
23/03/2026 04:22;450,0;112,7;100,0;12,0;-8,0;-8,0;51,2
23/03/2026 04:23;450,0;111,8;100,0;12,0;-8,0;-8,0;51,2
23/03/2026 04:24;450,0;110,9;100,0;12,0;-8,0;-8,0;51,2
23/03/2026 04:25;450,0;110,6;100,0;12,0;-8,0;-8,0;51,2
23/03/2026 04:26;450,0;110,6;100,0;12,0;-8,0;-8,0;51,2
23/03/2026 04:27;450,0;110,9;100,0;12,0;-8,0;-8,0;51,2
23/03/2026 04:28;450,0;110,6;100,0;12,0;-8,0;-8,0;51,2
23/03/2026 04:29;450,0;110,3;100,0;12,0;-8,0;-8,0;51,2
23/03/2026 04:30;450,0;110,6;100,0;12,0;-8,0;-8,0;51,2
23/03/2026 04:31;450,0;110,3;100,0;12,0;-8,0;-8,0;51,1
23/03/2026 04:32;450,0;110,3;100,0;12,0;-8,0;-8,0;51,0
23/03/2026 04:33;450,0;110,3;100,0;12,0;-8,0;-8,0;51,0
23/03/2026 04:34;450,0;110,3;100,0;12,0;-8,0;-8,0;51,0
23/03/2026 04:35;450,0;110,3;100,0;12,0;-8,0;-8,0;51,0
23/03/2026 04:36;450,0;110,6;100,0;12,0;-8,0;-8,0;51,0
23/03/2026 04:37;450,0;110,6;100,0;12,0;-8,0;-8,0;51,0
23/03/2026 04:38;450,0;110,6;100,0;12,0;-8,0;-8,0;51,0
23/03/2026 04:39;450,0;110,0;100,0;12,0;-8,0;-8,0;51,0
23/03/2026 04:40;450,0;109,4;100,0;12,0;-8,0;-8,0;51,0
23/03/2026 04:41;450,0;109,1;100,0;12,0;-8,0;-8,0;51,0
23/03/2026 04:42;450,0;108,9;100,0;12,0;-8,0;-8,0;51,0
23/03/2026 04:43;450,0;108,6;100,0;12,0;-8,0;-8,0;51,0
23/03/2026 04:44;450,0;108,3;100,0;12,0;-8,0;-8,0;51,0
23/03/2026 04:45;450,0;108,6;100,0;12,0;-8,0;-8,0;51,0
23/03/2026 04:46;450,0;108,3;100,0;12,0;-8,0;-8,0;51,0
23/03/2026 04:47;450,0;108,6;100,0;12,0;-8,0;-8,0;51,0
23/03/2026 04:48;450,0;108,0;100,0;12,0;-8,0;-8,0;51,0
23/03/2026 04:49;450,0;108,3;100,0;12,0;-8,0;-8,0;51,0
23/03/2026 04:50;450,0;108,3;100,0;12,0;-8,0;-8,0;51,0
23/03/2026 04:51;450,0;107,7;100,0;12,0;-8,0;-8,0;51,0
23/03/2026 04:52;450,0;108,3;100,0;12,0;-8,0;-8,0;51,0
23/03/2026 04:53;450,0;108,3;100,0;12,0;-8,0;-8,0;51,0
23/03/2026 04:54;450,0;107,7;100,0;12,0;-8,0;-8,0;51,0
23/03/2026 04:55;450,0;107,7;100,0;12,0;-8,0;-8,0;51,0
23/03/2026 04:56;450,0;107,4;100,0;12,0;-8,0;-8,0;51,0
23/03/2026 04:57;450,0;107,4;100,0;12,0;-8,0;-8,0;51,0
23/03/2026 04:58;450,0;107,4;100,0;12,0;-8,0;-8,0;51,0
23/03/2026 04:59;450,0;107,4;100,0;12,0;-8,0;-8,0;51,0
23/03/2026 05:00;450,0;107,4;100,0;12,0;-8,0;-8,0;51,0
23/03/2026 05:01;450,0;107,4;100,0;12,0;-8,0;-8,0;51,0
23/03/2026 05:02;450,0;107,4;100,0;12,0;-8,0;-8,0;51,0
23/03/2026 05:03;450,0;106,2;100,0;12,0;-8,0;-8,0;51,0
23/03/2026 05:04;450,0;105,9;100,0;12,0;-8,0;-9,0;50,6
23/03/2026 05:05;450,0;106,2;100,0;12,0;-8,0;-8,0;51,0
23/03/2026 05:06;450,0;105,6;100,0;12,0;-8,0;-8,0;51,0
23/03/2026 05:07;450,0;105,6;100,0;12,0;-8,0;-8,0;51,0
23/03/2026 05:08;450,0;105,6;100,0;12,0;-8,0;-8,0;51,0
23/03/2026 05:09;450,0;105,9;100,0;12,0;-8,0;-8,0;50,9
23/03/2026 05:10;450,0;106,2;100,0;12,0;-8,0;-8,0;50,9
23/03/2026 05:11;450,0;105,9;100,0;12,0;-8,0;-8,0;50,9
23/03/2026 05:12;450,0;105,6;100,0;12,0;-8,0;-8,0;50,9
23/03/2026 05:13;450,0;105,6;100,0;12,0;-8,0;-8,0;50,9
23/03/2026 05:14;450,0;105,9;100,0;12,0;-8,0;-8,0;50,9
23/03/2026 05:15;450,0;105,6;100,0;12,0;-8,0;-8,0;50,9
23/03/2026 05:16;450,0;105,3;100,0;12,0;-8,0;-8,0;50,9
23/03/2026 05:17;450,0;105,6;100,0;12,0;-8,0;-8,0;50,9
23/03/2026 05:18;450,0;105,3;100,0;12,0;-8,0;-8,0;50,9
23/03/2026 05:19;450,0;104,8;100,0;12,0;-8,0;-8,0;50,9
23/03/2026 05:20;450,0;104,5;100,0;12,0;-8,0;-8,0;50,9
23/03/2026 05:21;450,0;104,5;100,0;12,0;-8,0;-8,0;50,9
23/03/2026 05:22;450,0;103,9;100,0;12,0;-8,0;-8,0;50,9
23/03/2026 05:23;450,0;104,2;100,0;12,0;-8,0;-8,0;50,9
23/03/2026 05:24;450,0;104,2;100,0;12,0;-8,0;-8,0;50,9
23/03/2026 05:25;450,0;103,9;100,0;12,0;-8,0;-8,0;50,9
23/03/2026 05:26;450,0;103,3;100,0;12,0;-8,0;-8,0;50,9
23/03/2026 05:27;450,0;103,6;100,0;12,0;-8,0;-8,0;50,9
23/03/2026 05:28;450,0;103,6;100,0;12,0;-8,0;-8,0;50,9
23/03/2026 05:29;450,0;103,6;100,0;12,0;-8,0;-8,0;50,9
23/03/2026 05:30;450,0;103,3;100,0;12,0;-8,0;-8,0;50,9
23/03/2026 05:31;450,0;103,6;100,0;12,0;-8,0;-8,0;50,9
23/03/2026 05:32;450,0;103,6;100,0;12,0;-8,0;-8,0;50,9
23/03/2026 05:33;450,0;103,6;100,0;12,0;-8,0;-8,0;50,9
23/03/2026 05:34;450,0;103,3;100,0;12,0;-8,0;-8,0;50,9
23/03/2026 05:35;450,0;103,6;100,0;12,0;-8,0;-8,0;50,9
23/03/2026 05:36;450,0;103,6;100,0;12,0;-8,0;-8,0;50,9
23/03/2026 05:37;450,0;103,3;100,0;12,0;-8,0;-8,0;50,9
23/03/2026 05:38;450,0;102,4;100,0;12,0;-8,0;-8,0;50,9
23/03/2026 05:39;450,0;102,1;100,0;12,0;-8,0;-8,0;50,9
23/03/2026 05:40;450,0;102,1;100,0;12,0;-8,0;-8,0;50,9
23/03/2026 05:41;450,0;102,1;100,0;12,0;-8,0;-8,0;50,9
23/03/2026 05:42;450,0;102,1;100,0;12,0;-8,0;-8,0;50,9
23/03/2026 05:43;450,0;101,8;100,0;12,0;-8,0;-8,0;50,8
23/03/2026 05:44;450,0;101,8;100,0;12,0;-8,0;-8,0;50,8
23/03/2026 05:45;450,0;101,8;100,0;12,0;-8,0;-8,0;50,8
23/03/2026 05:46;450,0;101,8;100,0;12,0;-8,0;-8,0;50,8
23/03/2026 05:47;450,0;101,8;100,0;12,0;-8,0;-9,0;50,5
23/03/2026 05:48;450,0;101,5;100,0;12,0;-8,0;-8,0;50,8
23/03/2026 05:49;450,0;101,2;100,0;12,0;-8,0;-8,0;50,6
23/03/2026 05:50;450,0;101,2;100,0;12,0;-8,0;-8,0;50,7
23/03/2026 05:51;450,0;101,2;100,0;12,0;-8,0;-8,0;50,7
23/03/2026 05:52;450,0;100,9;100,0;12,0;-8,0;-8,0;50,6
23/03/2026 05:53;450,0;100,4;100,0;12,0;-8,0;-8,0;50,6
23/03/2026 05:54;450,0;100,6;100,0;12,0;-8,0;-8,0;50,6
23/03/2026 05:55;450,0;100,6;100,0;12,0;-8,0;-8,0;50,6
23/03/2026 05:56;450,0;100,6;100,0;12,0;-8,0;-8,0;50,6
23/03/2026 05:57;450,0;100,6;100,0;12,0;-8,0;-8,0;50,6
23/03/2026 05:58;450,0;100,4;100,0;12,0;-8,0;-8,0;50,6
23/03/2026 05:59;450,0;100,6;100,0;12,0;-8,0;-8,0;50,6
23/03/2026 06:00;450,0;100,4;100,0;12,0;-8,0;-8,0;50,6
23/03/2026 06:01;450,0;100,6;100,0;12,0;-8,0;-8,0;50,6
23/03/2026 06:02;450,0;100,4;100,0;12,0;-8,0;-8,0;50,4
23/03/2026 06:03;450,0;100,4;100,0;12,0;-8,0;-8,0;50,5
23/03/2026 06:04;450,0;100,4;100,0;12,0;-8,0;-8,0;50,5
23/03/2026 06:05;450,0;100,4;100,0;12,0;-8,0;-8,0;50,5
23/03/2026 06:06;450,0;100,4;100,0;12,0;-8,0;-8,0;50,5
23/03/2026 06:07;450,0;100,4;100,0;12,0;-8,0;-8,0;50,5
23/03/2026 06:08;450,0;100,4;100,0;12,0;-8,0;-8,0;50,5
23/03/2026 06:09;450,0;100,4;100,0;12,0;-8,0;-8,0;50,5
23/03/2026 06:10;450,0;100,4;100,0;12,0;-8,0;-8,0;50,5
23/03/2026 06:11;450,0;99,5;100,0;12,0;-8,0;-8,0;50,5
23/03/2026 06:12;450,0;99,2;100,0;12,0;-8,0;-8,0;50,5
23/03/2026 06:13;450,0;98,9;100,0;12,0;-8,0;-8,0;50,5
23/03/2026 06:14;450,0;98,9;100,0;12,0;-8,0;-8,0;50,5
23/03/2026 06:15;450,0;98,9;100,0;12,0;-8,0;-9,0;50,1
23/03/2026 06:16;450,0;99,2;100,0;12,0;-8,0;-8,0;50,5
23/03/2026 06:17;450,0;98,6;100,0;12,0;-8,0;-8,0;50,5
23/03/2026 06:18;450,0;98,6;100,0;12,0;-8,0;-8,0;50,4
23/03/2026 06:19;450,0;98,9;100,0;12,0;-8,0;-8,0;50,5
23/03/2026 06:20;450,0;98,9;100,0;12,0;-8,0;-8,0;50,4
23/03/2026 06:21;450,0;98,9;100,0;12,0;-8,0;-8,0;50,4
23/03/2026 06:22;450,0;98,9;100,0;12,0;-8,0;-8,0;50,4
23/03/2026 06:23;450,0;98,9;100,0;12,0;-8,0;-8,0;50,4
23/03/2026 06:24;450,0;98,9;100,0;12,0;-8,0;-8,0;50,4
23/03/2026 06:25;450,0;98,9;100,0;12,0;-8,0;-8,0;50,4
23/03/2026 06:26;450,0;98,9;100,0;12,0;-8,0;-8,0;50,4
23/03/2026 06:27;450,0;98,9;100,0;12,0;-8,0;-8,0;50,4
23/03/2026 06:28;450,0;98,9;100,0;12,0;-8,0;-8,0;50,4
23/03/2026 06:29;450,0;98,3;100,0;12,0;-8,0;-8,0;50,4
23/03/2026 06:30;450,0;98,3;100,0;12,0;-8,0;-8,0;50,4
23/03/2026 06:31;450,0;98,0;100,0;12,0;-8,0;-8,0;50,4
23/03/2026 06:32;450,0;98,0;100,0;12,0;-8,0;-8,0;50,4
23/03/2026 06:33;450,0;98,3;100,0;12,0;-8,0;-8,0;50,4
23/03/2026 06:34;450,0;98,3;100,0;12,0;-8,0;-8,0;50,4
23/03/2026 06:35;450,0;97,4;100,0;12,0;-8,0;-8,0;50,4
23/03/2026 06:36;450,0;97,4;100,0;12,0;-8,0;-8,0;50,4
23/03/2026 06:37;450,0;97,1;100,0;12,0;-8,0;-8,0;50,3
23/03/2026 06:38;450,0;97,4;100,0;12,0;-8,0;-8,0;50,3
23/03/2026 06:39;450,0;97,1;100,0;12,0;-8,0;-8,0;50,3
23/03/2026 06:40;450,0;96,8;100,0;12,0;-8,0;-8,0;50,3
23/03/2026 06:41;450,0;97,1;100,0;12,0;-8,0;-8,0;50,3
23/03/2026 06:42;450,0;96,8;100,0;12,0;-8,0;-8,0;50,3
23/03/2026 06:43;450,0;97,1;100,0;12,0;-8,0;-8,0;50,3
23/03/2026 06:44;450,0;96,8;100,0;12,0;-8,0;-8,0;50,3
23/03/2026 06:45;450,0;96,8;100,0;12,0;-8,0;-8,0;50,3
23/03/2026 06:46;450,0;97,1;100,0;12,0;-8,0;-9,0;49,9
23/03/2026 06:47;450,0;97,1;100,0;12,0;-8,0;-8,0;50,2
23/03/2026 06:48;450,0;96,8;100,0;12,0;-8,0;-8,0;50,1
23/03/2026 06:49;450,0;97,1;100,0;12,0;-8,0;-8,0;50,1
23/03/2026 06:50;450,0;97,1;100,0;12,0;-8,0;-8,0;50,1
23/03/2026 06:51;450,0;97,1;100,0;12,0;-8,0;-8,0;50,1
23/03/2026 06:52;450,0;96,3;100,0;12,0;-8,0;-8,0;50,0
23/03/2026 06:53;450,0;96,0;100,0;12,0;-8,0;-8,0;50,0
23/03/2026 06:54;450,0;95,7;100,0;12,0;-8,0;-8,0;50,0
23/03/2026 06:55;450,0;95,7;100,0;12,0;-8,0;-8,0;50,0
23/03/2026 06:56;450,0;95,7;100,0;12,0;-8,0;-8,0;50,0
23/03/2026 06:57;450,0;95,4;100,0;12,0;-8,0;-9,0;49,6
23/03/2026 06:58;450,0;95,7;100,0;12,0;-8,0;-8,0;50,1
23/03/2026 06:59;450,0;95,7;100,0;12,0;-8,0;-8,0;49,9
23/03/2026 07:00;450,0;95,7;100,0;12,0;-8,0;-8,0;49,9
23/03/2026 07:01;450,0;96,0;100,0;12,0;-8,0;-8,0;49,7
23/03/2026 07:02;450,0;95,7;100,0;12,0;-8,0;-8,0;49,8
23/03/2026 07:03;450,0;96,0;100,0;12,0;-8,0;-8,0;49,8
23/03/2026 07:04;450,0;96,0;100,0;12,0;-8,0;-8,0;49,7
23/03/2026 07:05;450,0;96,0;100,0;12,0;-8,0;-8,0;49,7
23/03/2026 07:06;450,0;95,7;100,0;12,0;-8,0;-8,0;49,7
23/03/2026 07:07;450,0;96,3;100,0;12,0;-8,0;-8,0;49,7
23/03/2026 07:08;450,0;96,0;100,0;12,0;-8,0;-8,0;49,6
23/03/2026 07:09;450,0;96,3;100,0;12,0;-8,0;-9,0;49,1
23/03/2026 07:10;450,0;96,3;100,0;12,0;-8,0;-9,0;49,0
23/03/2026 07:11;450,0;96,3;100,0;12,0;-8,0;-8,0;49,4
23/03/2026 07:12;450,0;98,6;100,0;12,0;-8,0;-7,0;50,8
23/03/2026 07:13;450,0;113,0;100,0;12,0;-8,0;-6,0;50,7
23/03/2026 07:14;450,0;126,4;100,0;12,0;-8,0;-8,0;49,8
23/03/2026 07:15;450,0;139,0;100,0;12,0;-8,0;-6,0;51,4
23/03/2026 07:16;450,0;148,7;100,0;12,0;-8,0;-7,0;51,2
23/03/2026 07:17;450,0;156,3;100,0;12,0;-8,0;-6,0;52,1
23/03/2026 07:18;450,0;170,7;100,0;12,0;-8,0;-7,0;51,9
23/03/2026 07:19;450,0;191,5;100,0;12,0;-8,0;-4,0;54,8
23/03/2026 07:20;450,0;253,0;100,0;12,0;-8,0;-3,0;56,9
23/03/2026 07:21;450,0;379,3;100,0;12,0;-8,0;-3,0;58,9
23/03/2026 07:22;450,0;470,4;94,6;0,0;-8,0;-5,0;59,5
23/03/2026 07:23;450,0;508,2;28,5;0,0;-8,0;-17,0;52,6
23/03/2026 07:24;450,0;467,5;11,8;0,0;-8,0;-18,0;48,8
23/03/2026 07:25;450,0;422,9;38,7;12,0;-8,0;-14,0;48,0
23/03/2026 07:26;450,0;399,8;87,3;12,0;-8,0;-4,0;52,6
23/03/2026 07:27;450,0;446,1;97,0;12,0;-8,0;-3,0;55,1
23/03/2026 07:28;450,0;493,6;53,9;0,0;-8,0;-12,0;51,6
23/03/2026 07:29;450,0;472,2;27,3;0,0;-8,0;-15,0;48,0
23/03/2026 07:30;450,0;427,1;49,0;12,0;-8,0;-11,0;48,1
23/03/2026 07:31;450,0;408,9;91,4;12,0;-8,0;-3,0;52,7
23/03/2026 07:32;450,0;461,0;88,1;1,8;-8,0;-4,0;54,1
23/03/2026 07:33;450,0;498,8;38,9;0,0;-8,0;-13,0;50,1
23/03/2026 07:34;450,0;469,8;16,7;0,0;-8,0;-15,0;46,9
23/03/2026 07:35;450,0;426,8;37,4;12,0;-8,0;-12,0;46,5
23/03/2026 07:36;450,0;405,1;79,9;12,0;-8,0;-3,0;50,7
23/03/2026 07:37;450,0;451,7;88,7;10,1;-8,0;-2,0;53,3
23/03/2026 07:38;450,0;508,5;33,4;0,0;-8,0;-13,0;49,2
23/03/2026 07:39;450,0;484,8;0,0;0,0;-8,0;-15,0;45,5
23/03/2026 07:40;450,0;446,4;0,0;3,1;-8,0;-14,0;43,9
23/03/2026 07:41;450,0;413,0;35,3;12,0;-8,0;-11,0;43,5
23/03/2026 07:42;450,0;403,9;80,7;12,0;-8,0;-3,0;47,9
23/03/2026 07:43;450,0;463,1;72,5;0,0;-8,0;-2,0;49,9
23/03/2026 07:44;450,0;504,4;10,4;0,0;-8,0;-13,0;44,7
23/03/2026 07:45;450,0;477,7;0,0;0,0;-8,0;-14,0;42,7
23/03/2026 07:46;450,0;445,2;0,3;3,8;-8,0;-13,0;41,2
23/03/2026 07:47;450,0;417,7;30,0;12,0;-8,0;-10,0;41,5
23/03/2026 07:48;450,0;410,6;68,5;12,0;-8,0;-5,0;44,2
23/03/2026 07:49;450,0;459,9;66,5;0,0;-8,0;-3,0;47,3
23/03/2026 07:50;450,0;507,9;1,8;0,0;-8,0;-13,0;42,2
23/03/2026 07:51;450,0;483,6;0,0;0,0;-8,0;-12,0;41,0
23/03/2026 07:52;450,0;454,0;0,0;0,0;-8,0;-12,0;39,9
23/03/2026 07:53;450,0;428,8;15,8;12,0;-8,0;-11,0;39,2
23/03/2026 07:54;450,0;413,0;49,3;12,0;-8,0;-7,0;40,5
23/03/2026 07:55;450,0;435,3;68,6;12,0;-8,0;-3,0;44,0
23/03/2026 07:56;450,0;487,4;33,8;0,0;-8,0;-9,0;42,5
23/03/2026 07:57;450,0;485,7;0,0;0,0;-8,0;-11,0;40,1
23/03/2026 07:58;450,0;462,2;0,0;0,0;-8,0;-11,0;39,0
23/03/2026 07:59;450,0;441,1;3,9;8,0;-8,0;-11,0;37,9
23/03/2026 08:00;450,0;423,2;27,1;12,0;-8,0;-9,0;38,0
23/03/2026 08:01;450,0;418,8;55,6;12,0;-8,0;-5,0;40,1
23/03/2026 08:02;450,0;458,4;56,6;0,0;-8,0;-4,0;42,1
23/03/2026 08:03;450,0;502,6;6,1;0,0;-8,0;-11,0;39,2
23/03/2026 08:04;450,0;489,8;0,0;0,0;-8,0;-11,0;38,0
23/03/2026 08:05;450,0;469,0;0,0;0,0;-8,0;-11,0;37,2
23/03/2026 08:06;450,0;451,1;0,0;0,0;-8,0;-11,0;36,3
23/03/2026 08:07;450,0;434,1;14,1;12,0;-8,0;-10,0;35,9
23/03/2026 08:08;450,0;423,2;38,4;12,0;-8,0;-7,0;37,0
23/03/2026 08:09;450,0;433,2;55,2;12,0;-8,0;-4,0;38,8
23/03/2026 08:10;450,0;460,7;46,1;0,0;-8,0;-6,0;39,5
23/03/2026 08:11;450,0;482,4;12,9;0,0;-8,0;-10,0;37,8
23/03/2026 08:12;450,0;476,3;0,0;0,0;-8,0;-11,0;36,5
23/03/2026 08:13;450,0;462,2;0,0;0,0;-8,0;-10,0;36,1
23/03/2026 08:14;450,0;447,6;0,2;1,9;-8,0;-11,0;35,1
23/03/2026 08:15;450,0;435,8;13,0;12,0;-8,0;-9,0;35,5
23/03/2026 08:16;450,0;430,6;30,9;12,0;-8,0;-7,0;36,1
23/03/2026 08:17;450,0;438,5;41,5;12,0;-8,0;-6,0;37,1
23/03/2026 08:18;450,0;455,2;36,8;0,0;-8,0;-7,0;37,3
23/03/2026 08:19;450,0;468,1;20,9;0,0;-8,0;-8,0;37,2
23/03/2026 08:20;450,0;470,4;2,7;0,0;-8,0;-10,0;35,8
23/03/2026 08:21;450,0;463,4;0,0;0,0;-8,0;-10,0;35,2
23/03/2026 08:22;450,0;455,5;0,0;0,0;-8,0;-9,0;35,0
23/03/2026 08:23;450,0;447,0;1,1;2,7;-8,0;-9,0;34,6
23/03/2026 08:24;450,0;437,6;11,6;12,0;-8,0;-9,0;34,2
23/03/2026 08:25;450,0;433,8;26,1;12,0;-8,0;-7,0;35,0
23/03/2026 08:26;450,0;436,1;38,5;12,0;-8,0;-6,0;35,9
23/03/2026 08:27;450,0;452,5;38,5;2,4;-8,0;-5,0;37,0
23/03/2026 08:28;450,0;469,2;22,1;0,0;-8,0;-8,0;36,2
23/03/2026 08:29;450,0;476,0;0,0;0,0;-8,0;-9,0;35,6
23/03/2026 08:30;450,0;470,4;0,0;0,0;-8,0;-9,0;35,1
23/03/2026 08:31;450,0;464,8;0,0;0,0;-8,0;-9,0;34,6
23/03/2026 08:32;450,0;458,4;0,0;0,0;-8,0;-9,0;34,2
23/03/2026 08:33;450,0;452,5;0,0;0,0;-8,0;-9,0;34,0
23/03/2026 08:34;450,0;446,7;2,3;3,1;-8,0;-9,0;33,6
23/03/2026 08:35;450,0;441,1;10,0;8,9;-8,0;-9,0;33,4
23/03/2026 08:36;450,0;439,4;19,8;11,5;-8,0;-7,0;34,0
23/03/2026 08:37;450,0;443,5;26,5;8,8;-8,0;-7,0;34,3
23/03/2026 08:38;450,0;453,1;23,9;0,3;-8,0;-7,0;34,6
23/03/2026 08:39;450,0;459,9;13,9;0,0;-8,0;-8,0;34,3
23/03/2026 08:40;450,0;459,6;5,2;0,0;-8,0;-9,0;33,7
23/03/2026 08:41;450,0;457,2;0,0;0,0;-8,0;-9,0;33,4
23/03/2026 08:42;450,0;453,7;0,0;0,0;-8,0;-9,0;33,0
23/03/2026 08:43;450,0;448,1;0,3;1,5;-8,0;-8,0;33,1
23/03/2026 08:44;450,0;442,3;7,6;7,6;-8,0;-8,0;33,0
23/03/2026 08:45;450,0;437,6;18,1;12,0;-8,0;-8,0;33,0
23/03/2026 08:46;450,0;440,8;27,0;11,2;-8,0;-7,0;33,7
23/03/2026 08:47;450,0;453,4;25,4;0,4;-8,0;-7,0;33,9
23/03/2026 08:48;450,0;466,3;10,6;0,0;-8,0;-8,0;33,8
23/03/2026 08:49;450,0;470,7;0,0;0,0;-8,0;-9,0;33,2
23/03/2026 08:50;450,0;473,3;0,0;0,0;-8,0;-9,0;33,0
23/03/2026 08:51;450,0;470,4;0,0;0,0;-8,0;-9,0;32,7
23/03/2026 08:52;450,0;467,2;0,0;0,0;-8,0;-8,0;32,9
23/03/2026 08:53;450,0;464,0;0,0;0,0;-8,0;-8,0;32,6
23/03/2026 08:54;450,0;460,7;0,0;0,0;-8,0;-9,0;32,1
23/03/2026 08:55;450,0;457,2;0,0;0,0;-8,0;-9,0;31,9
23/03/2026 08:56;450,0;453,7;0,0;0,0;-8,0;-9,0;31,9
23/03/2026 08:57;450,0;448,4;0,5;1,4;-8,0;-8,0;32,1
23/03/2026 08:58;450,0;445,2;4,6;4,7;-8,0;-8,0;31,9
23/03/2026 08:59;450,0;442,9;11,1;7,5;-8,0;-8,0;31,9
23/03/2026 09:00;450,0;443,8;17,2;7,4;-8,0;-8,0;32,0
23/03/2026 09:01;450,0;449,3;17,2;2,5;-8,0;-8,0;32,3
23/03/2026 09:02;450,0;456,9;11,0;0,0;-8,0;-8,0;32,5
23/03/2026 09:03;450,0;460,5;1,2;0,0;-8,0;-8,0;32,4
23/03/2026 09:04;450,0;458,7;0,0;0,0;-8,0;-8,0;32,1
23/03/2026 09:05;450,0;457,2;0,0;0,0;-8,0;-9,0;31,7
23/03/2026 09:06;450,0;455,5;0,0;0,0;-8,0;-9,0;31,5
23/03/2026 09:07;450,0;453,7;0,0;0,0;-8,0;-9,0;31,5
23/03/2026 09:08;450,0;451,4;0,0;0,0;-8,0;-8,0;31,7
23/03/2026 09:09;450,0;448,1;1,1;1,7;-8,0;-8,0;31,6
23/03/2026 09:10;450,0;444,9;5,2;5,0;-8,0;-8,0;31,6
23/03/2026 09:11;450,0;443,8;10,3;6,6;-8,0;-8,0;31,5
23/03/2026 09:12;450,0;444,9;14,7;6,1;-8,0;-8,0;31,8
23/03/2026 09:13;450,0;450,5;15,1;1,4;-8,0;-7,0;32,3
23/03/2026 09:14;450,0;458,4;8,0;0,0;-8,0;-8,0;31,9
23/03/2026 09:15;450,0;461,6;0,0;0,0;-8,0;-8,0;31,7
23/03/2026 09:16;450,0;462,5;0,0;0,0;-8,0;-8,0;31,7
23/03/2026 09:17;450,0;462,2;0,0;0,0;-8,0;-8,0;31,7
23/03/2026 09:18;450,0;461,0;0,0;0,0;-8,0;-8,0;31,6
23/03/2026 09:19;450,0;457,8;0,0;0,0;-8,0;-8,0;31,6
23/03/2026 09:20;450,0;452,2;0,0;0,0;-8,0;-8,0;31,5
23/03/2026 09:21;450,0;447,6;1,2;2,1;-8,0;-8,0;31,4
23/03/2026 09:22;450,0;444,6;6,3;5,4;-8,0;-8,0;31,5
23/03/2026 09:23;450,0;442,3;13,3;8,3;-8,0;-8,0;31,7
23/03/2026 09:24;450,0;444,3;18,2;7,0;-8,0;-7,0;32,2
23/03/2026 09:25;450,0;449,3;19,1;2,7;-8,0;-7,0;32,5
23/03/2026 09:26;450,0;455,2;14,0;0,0;-8,0;-7,0;32,6
23/03/2026 09:27;450,0;460,5;4,2;0,0;-8,0;-8,0;32,3
23/03/2026 09:28;450,0;462,2;0,0;0,0;-8,0;-8,0;32,1
23/03/2026 09:29;450,0;460,7;0,0;0,0;-8,0;-9,0;31,8
23/03/2026 09:30;450,0;457,5;0,0;0,0;-8,0;-8,0;32,2
23/03/2026 09:31;450,0;455,8;0,0;0,0;-8,0;-8,0;32,1
23/03/2026 09:32;450,0;453,7;0,0;0,0;-8,0;-8,0;31,8
23/03/2026 09:33;450,0;451,4;0,0;0,0;-8,0;-8,0;31,9
23/03/2026 09:34;450,0;449,3;0,4;0,6;-8,0;-9,0;31,4
23/03/2026 09:35;450,0;447,3;2,5;2,6;-8,0;-8,0;31,7
23/03/2026 09:36;450,0;445,2;5,9;4,8;-8,0;-8,0;31,9
23/03/2026 09:37;450,0;445,2;11,0;5,4;-8,0;-8,0;31,8
23/03/2026 09:38;450,0;445,2;14,7;5,9;-8,0;-7,0;32,3
23/03/2026 09:39;450,0;447,0;17,4;4,6;-8,0;-7,0;32,4
23/03/2026 09:40;450,0;452,0;16,3;0,2;-8,0;-7,0;32,7
23/03/2026 09:41;450,0;457,2;10,3;0,0;-8,0;-8,0;32,6
23/03/2026 09:42;450,0;460,5;0,7;0,0;-8,0;-8,0;32,5
23/03/2026 09:43;450,0;460,5;0,0;0,0;-8,0;-8,0;32,4
23/03/2026 09:44;450,0;459,6;0,0;0,0;-8,0;-8,0;32,3
23/03/2026 09:45;450,0;458,1;0,0;0,0;-8,0;-8,0;32,2
23/03/2026 09:46;450,0;454,6;0,0;0,0;-8,0;-9,0;31,9
23/03/2026 09:47;450,0;451,1;0,0;0,0;-8,0;-8,0;32,1
23/03/2026 09:48;450,0;447,6;1,8;2,3;-8,0;-8,0;32,1
23/03/2026 09:49;450,0;444,6;6,7;5,4;-8,0;-7,0;32,4
23/03/2026 09:50;450,0;442,9;13,1;7,7;-8,0;-8,0;32,0
23/03/2026 09:51;450,0;445,8;16,7;5,6;-8,0;-7,0;32,5
23/03/2026 09:52;450,0;449,9;15,8;1,8;-8,0;-8,0;32,3
23/03/2026 09:53;450,0;455,8;11,6;0,0;-8,0;-8,0;32,6
23/03/2026 09:54;450,0;460,5;1,8;0,0;-8,0;-8,0;32,5
23/03/2026 09:55;450,0;459,3;0,0;0,0;-8,0;-8,0;32,3
23/03/2026 09:56;450,0;457,5;0,0;0,0;-8,0;-8,0;32,3
23/03/2026 09:57;450,0;454,6;0,0;0,0;-8,0;-8,0;32,3
23/03/2026 09:58;450,0;452,0;0,0;0,0;-8,0;-8,0;32,2
23/03/2026 09:59;450,0;448,7;0,5;1,2;-8,0;-9,0;31,7
23/03/2026 10:00;450,0;443,8;5,7;6,1;-8,0;-8,0;32,1
23/03/2026 10:01;450,0;441,1;12,9;9,3;-8,0;-7,0;32,6
23/03/2026 10:02;450,0;444,0;18,6;7,3;-8,0;-7,0;32,8
23/03/2026 10:03;450,0;451,4;18,1;0,9;-8,0;-8,0;32,5
23/03/2026 10:04;450,0;458,7;10,0;0,0;-8,0;-8,0;32,9
23/03/2026 10:05;450,0;463,4;0,0;0,0;-8,0;-9,0;32,4
23/03/2026 10:06;450,0;464,6;0,0;0,0;-8,0;-8,0;32,6
23/03/2026 10:07;450,0;463,1;0,0;0,0;-8,0;-8,0;32,5
23/03/2026 10:08;450,0;460,7;0,0;0,0;-8,0;-8,0;32,3
23/03/2026 10:09;450,0;457,5;0,0;0,0;-8,0;-9,0;31,8
23/03/2026 10:10;450,0;453,4;0,0;0,0;-8,0;-9,0;31,9
23/03/2026 10:11;450,0;451,1;0,0;0,0;-8,0;-8,0;32,2
23/03/2026 10:12;450,0;448,1;0,9;1,6;-8,0;-8,0;32,2
23/03/2026 10:13;450,0;446,1;4,9;3,9;-8,0;-8,0;32,1
23/03/2026 10:14;450,0;443,2;10,9;7,1;-8,0;-7,0;32,5
23/03/2026 10:15;450,0;443,5;16,4;7,5;-8,0;-7,0;32,6
23/03/2026 10:16;450,0;448,7;17,8;3,2;-8,0;-8,0;32,6
23/03/2026 10:17;450,0;455,8;12,4;0,0;-8,0;-8,0;32,9
23/03/2026 10:18;450,0;461,6;2,6;0,0;-8,0;-8,0;32,9
23/03/2026 10:19;450,0;461,6;0,0;0,0;-8,0;-8,0;32,7
23/03/2026 10:20;450,0;461,0;0,0;0,0;-8,0;-8,0;32,6
23/03/2026 10:21;450,0;457,2;0,0;0,0;-8,0;-8,0;32,4
23/03/2026 10:22;450,0;453,4;0,0;0,0;-8,0;-9,0;32,1
23/03/2026 10:23;450,0;451,7;0,0;0,0;-8,0;-8,0;32,4
23/03/2026 10:24;450,0;449,6;0,1;0,3;-8,0;-8,0;32,3
23/03/2026 10:25;450,0;445,8;3,4;4,0;-8,0;-8,0;32,2
23/03/2026 10:26;450,0;442,3;10,6;8,0;-8,0;-8,0;32,2
23/03/2026 10:27;450,0;444,3;15,8;6,8;-8,0;-8,0;32,3
23/03/2026 10:28;450,0;452,2;14,8;0,0;-8,0;-8,0;32,5
23/03/2026 10:29;450,0;458,7;7,2;0,0;-8,0;-8,0;32,5
23/03/2026 10:30;450,0;461,3;0,0;0,0;-8,0;-8,0;32,5
23/03/2026 10:31;450,0;460,5;0,0;0,0;-8,0;-8,0;32,3
23/03/2026 10:32;450,0;460,2;0,0;0,0;-8,0;-8,0;32,2
23/03/2026 10:33;450,0;458,1;0,0;0,0;-8,0;-8,0;32,1
23/03/2026 10:34;450,0;456,6;0,0;0,0;-8,0;-9,0;31,8
23/03/2026 10:35;450,0;453,1;0,0;0,0;-8,0;-8,0;32,1
23/03/2026 10:36;450,0;451,4;0,0;0,0;-8,0;-8,0;32,0
23/03/2026 10:37;450,0;450,2;0,0;0,0;-8,0;-8,0;31,9
23/03/2026 10:38;450,0;448,1;1,3;1,7;-8,0;-9,0;31,5
23/03/2026 10:39;450,0;446,7;3,6;3,2;-8,0;-8,0;31,8
23/03/2026 10:40;450,0;444,9;7,2;5,2;-8,0;-8,0;31,7
23/03/2026 10:41;450,0;445,5;11,6;5,2;-8,0;-8,0;31,8
23/03/2026 10:42;450,0;447,9;12,7;3,2;-8,0;-7,0;32,2
23/03/2026 10:43;450,0;452,0;11,6;0,0;-8,0;-8,0;32,0
23/03/2026 10:44;450,0;455,5;6,4;0,0;-8,0;-8,0;32,1
23/03/2026 10:45;450,0;455,2;2,2;0,0;-8,0;-8,0;32,0
23/03/2026 10:46;450,0;455,2;0,0;0,0;-8,0;-8,0;31,9
23/03/2026 10:47;450,0;453,4;0,0;0,0;-8,0;-8,0;31,8
23/03/2026 10:48;450,0;452,0;0,0;0,0;-8,0;-8,0;31,8
23/03/2026 10:49;450,0;449,6;0,0;0,3;-8,0;-8,0;31,7
23/03/2026 10:50;450,0;446,4;2,9;3,4;-8,0;-8,0;31,7
23/03/2026 10:51;450,0;444,3;7,9;5,9;-8,0;-7,0;32,1
23/03/2026 10:52;450,0;444,3;12,7;6,4;-8,0;-8,0;31,7
23/03/2026 10:53;450,0;447,6;14,8;3,8;-8,0;-8,0;32,1
23/03/2026 10:54;450,0;453,1;12,3;0,0;-8,0;-8,0;32,0
23/03/2026 10:55;450,0;458,1;5,8;0,0;-8,0;-8,0;32,1
23/03/2026 10:56;450,0;459,6;0,0;0,0;-8,0;-8,0;31,9
23/03/2026 10:57;450,0;459,3;0,0;0,0;-8,0;-8,0;32,0
23/03/2026 10:58;450,0;456,6;0,0;0,0;-8,0;-8,0;31,9
23/03/2026 10:59;450,0;454,9;0,0;0,0;-8,0;-8,0;31,9
23/03/2026 11:00;450,0;452,2;0,0;0,0;-8,0;-8,0;31,9
23/03/2026 11:01;450,0;450,5;0,0;0,0;-8,0;-9,0;31,5
23/03/2026 11:02;450,0;449,3;0,5;0,6;-8,0;-8,0;31,8
23/03/2026 11:03;450,0;447,3;2,7;2,6;-8,0;-8,0;31,7
23/03/2026 11:04;450,0;446,1;6,5;4,1;-8,0;-8,0;31,7
23/03/2026 11:05;450,0;447,0;9,5;3,7;-8,0;-8,0;31,7
23/03/2026 11:06;450,0;449,3;9,7;1,6;-8,0;-8,0;31,9
23/03/2026 11:07;450,0;453,4;6,7;0,0;-8,0;-7,0;32,3
23/03/2026 11:08;450,0;456,1;1,3;0,0;-8,0;-8,0;31,8
23/03/2026 11:09;450,0;454,6;0,0;0,0;-8,0;-8,0;31,6
23/03/2026 11:10;450,0;453,1;0,0;0,0;-8,0;-8,0;31,7
23/03/2026 11:11;450,0;451,4;0,0;0,0;-8,0;-8,0;31,7
23/03/2026 11:12;450,0;449,9;0,1;0,0;-8,0;-8,0;31,8
23/03/2026 11:13;450,0;447,0;2,4;2,8;-8,0;-8,0;31,8
23/03/2026 11:14;450,0;445,2;7,1;5,0;-8,0;-8,0;31,9
23/03/2026 11:15;450,0;444,0;12,5;6,7;-8,0;-7,0;32,4
23/03/2026 11:16;450,0;448,1;14,4;3,2;-8,0;-7,0;32,6
23/03/2026 11:17;450,0;453,4;11,8;0,0;-8,0;-8,0;32,3
23/03/2026 11:18;450,0;459,0;4,1;0,0;-8,0;-8,0;32,4
23/03/2026 11:19;450,0;461,0;0,0;0,0;-8,0;-8,0;32,4
23/03/2026 11:20;450,0;459,6;0,0;0,0;-8,0;-8,0;32,3
23/03/2026 11:21;450,0;457,5;0,0;0,0;-8,0;-8,0;32,1
23/03/2026 11:22;450,0;454,0;0,0;0,0;-8,0;-9,0;31,6
23/03/2026 11:23;450,0;450,8;0,0;0,0;-8,0;-8,0;32,0
23/03/2026 11:24;450,0;449,3;0,5;0,6;-8,0;-8,0;31,9
23/03/2026 11:25;450,0;446,4;3,7;3,5;-8,0;-8,0;31,9
23/03/2026 11:26;450,0;444,3;8,8;6,0;-8,0;-8,0;31,9
23/03/2026 11:27;450,0;444,6;13,4;6,2;-8,0;-7,0;32,2
23/03/2026 11:28;450,0;449,3;14,4;2,2;-8,0;-7,0;32,5
23/03/2026 11:29;450,0;455,2;9,6;0,0;-8,0;-8,0;32,1
23/03/2026 11:30;450,0;458,4;1,7;0,0;-8,0;-8,0;32,1
23/03/2026 11:31;450,0;459,3;0,0;0,0;-8,0;-8,0;32,0
23/03/2026 11:32;450,0;459,6;0,0;0,0;-8,0;-8,0;32,0
23/03/2026 11:33;450,0;458,7;0,0;0,0;-8,0;-8,0;32,0
23/03/2026 11:34;450,0;456,4;0,0;0,0;-8,0;-8,0;32,0
23/03/2026 11:35;450,0;454,3;0,0;0,0;-8,0;-8,0;32,0
23/03/2026 11:36;450,0;452,5;0,0;0,0;-8,0;-8,0;31,9
23/03/2026 11:37;450,0;449,6;0,0;0,2;-8,0;-8,0;31,9
23/03/2026 11:38;450,0;447,9;2,0;2,0;-8,0;-8,0;31,9
23/03/2026 11:39;450,0;445,2;5,7;4,8;-8,0;-8,0;31,9
23/03/2026 11:40;450,0;443,2;11,8;7,3;-8,0;-8,0;31,9
23/03/2026 11:41;450,0;444,6;17,3;6,7;-8,0;-8,0;32,1
23/03/2026 11:42;450,0;451,4;16,6;0,7;-8,0;-7,0;32,7
23/03/2026 11:43;450,0;457,8;9,6;0,0;-8,0;-8,0;32,3
23/03/2026 11:44;450,0;461,6;0,0;0,0;-8,0;-9,0;32,1
23/03/2026 11:45;450,0;461,9;0,0;0,0;-8,0;-8,0;32,3
23/03/2026 11:46;450,0;459,9;0,0;0,0;-8,0;-8,0;32,3
23/03/2026 11:47;450,0;459,0;0,0;0,0;-8,0;-8,0;32,1
23/03/2026 11:48;450,0;456,9;0,0;0,0;-8,0;-8,0;32,2
23/03/2026 11:49;450,0;454,9;0,0;0,0;-8,0;-8,0;32,1
23/03/2026 11:50;450,0;453,4;0,0;0,0;-8,0;-8,0;32,0
23/03/2026 11:51;450,0;450,5;0,0;0,0;-8,0;-8,0;32,0
23/03/2026 11:52;450,0;448,7;0,8;1,2;-8,0;-8,0;32,0
23/03/2026 11:53;450,0;447,3;3,0;2,7;-8,0;-8,0;32,0
23/03/2026 11:54;450,0;444,6;7,4;5,5;-8,0;-8,0;32,0
23/03/2026 11:55;450,0;442,9;14,2;7,8;-8,0;-7,0;32,5
23/03/2026 11:56;450,0;445,5;18,5;6,1;-8,0;-7,0;32,7
23/03/2026 11:57;450,0;452,2;16,4;0,0;-8,0;-8,0;32,7
23/03/2026 11:58;450,0;461,3;6,4;0,0;-8,0;-8,0;32,6
23/03/2026 11:59;450,0;465,4;0,0;0,0;-8,0;-8,0;32,3
23/03/2026 12:00;450,0;465,4;0,0;0,0;-8,0;-9,0;32,1
23/03/2026 12:01;450,0;464,6;0,0;0,0;-8,0;-8,0;32,3
23/03/2026 12:02;450,0;461,9;0,0;0,0;-8,0;-8,0;32,1
23/03/2026 12:03;450,0;460,2;0,0;0,0;-8,0;-8,0;32,2
23/03/2026 12:04;450,0;455,2;0,0;0,0;-8,0;-8,0;32,1
23/03/2026 12:05;450,0;451,1;0,0;0,0;-8,0;-8,0;32,1
23/03/2026 12:06;450,0;447,6;1,8;2,2;-8,0;-9,0;31,7
23/03/2026 12:07;450,0;445,5;5,6;4,6;-8,0;-8,0;32,0
23/03/2026 12:08;450,0;443,5;11,1;6,9;-8,0;-8,0;31,9
23/03/2026 12:09;450,0;446,4;14,6;4,7;-8,0;-8,0;32,2
23/03/2026 12:10;450,0;454,0;12,3;0,0;-8,0;-8,0;32,3
23/03/2026 12:11;450,0;457,8;5,8;0,0;-8,0;-8,0;32,2
23/03/2026 12:12;450,0;459,9;0,0;0,0;-8,0;-9,0;31,8
23/03/2026 12:13;450,0;459,6;0,0;0,0;-8,0;-9,0;31,8
23/03/2026 12:14;450,0;459,3;0,0;0,0;-8,0;-8,0;31,9
23/03/2026 12:15;450,0;457,8;0,0;0,0;-8,0;-9,0;31,7
23/03/2026 12:16;450,0;457,8;0,0;0,0;-8,0;-8,0;32,0
23/03/2026 12:17;450,0;456,4;0,0;0,0;-8,0;-8,0;31,8
23/03/2026 12:18;450,0;453,4;0,0;0,0;-8,0;-8,0;31,9
23/03/2026 12:19;450,0;450,5;0,0;0,0;-8,0;-8,0;31,8
23/03/2026 12:20;450,0;447,3;1,7;2,4;-8,0;-8,0;31,8
23/03/2026 12:21;450,0;445,2;6,0;4,9;-8,0;-8,0;31,8
23/03/2026 12:22;450,0;443,8;11,6;6,8;-8,0;-7,0;32,2
23/03/2026 12:23;450,0;445,8;15,9;5,6;-8,0;-8,0;32,2
23/03/2026 12:24;450,0;453,4;12,7;0,0;-8,0;-8,0;32,2
23/03/2026 12:25;450,0;458,1;5,2;0,0;-8,0;-8,0;32,1
23/03/2026 12:26;450,0;461,0;0,0;0,0;-8,0;-8,0;32,2
23/03/2026 12:27;450,0;460,5;0,0;0,0;-8,0;-8,0;32,1
23/03/2026 12:28;450,0;460,5;0,0;0,0;-8,0;-8,0;32,1
23/03/2026 12:29;450,0;458,1;0,0;0,0;-8,0;-8,0;32,1
23/03/2026 12:30;450,0;455,8;0,0;0,0;-8,0;-8,0;32,0
23/03/2026 12:31;450,0;454,0;0,0;0,0;-8,0;-8,0;32,0
23/03/2026 12:32;450,0;451,1;0,0;0,0;-8,0;-8,0;31,9
23/03/2026 12:33;450,0;446,7;1,9;2,9;-8,0;-8,0;31,6
23/03/2026 12:34;450,0;442,0;8,6;8,0;-8,0;-8,0;31,7
23/03/2026 12:35;450,0;440,2;17,6;10,6;-8,0;-7,0;32,3
23/03/2026 12:36;450,0;447,0;21,6;5,1;-8,0;-7,0;32,6
23/03/2026 12:37;450,0;455,8;16,8;0,0;-8,0;-7,0;32,9
23/03/2026 12:38;450,0;461,9;6,6;0,0;-8,0;-8,0;32,6
23/03/2026 12:39;450,0;463,1;0,0;0,0;-8,0;-8,0;32,4
23/03/2026 12:40;450,0;463,1;0,0;0,0;-8,0;-8,0;32,5
23/03/2026 12:41;450,0;461,6;0,0;0,0;-8,0;-9,0;32,0
23/03/2026 12:42;450,0;459,3;0,0;0,0;-8,0;-9,0;31,8
23/03/2026 12:43;450,0;457,2;0,0;0,0;-8,0;-8,0;32,2
23/03/2026 12:44;450,0;454,6;0,0;0,0;-8,0;-8,0;32,1
23/03/2026 12:45;450,0;452,5;0,0;0,0;-8,0;-8,0;32,1
23/03/2026 12:46;450,0;449,6;0,0;0,3;-8,0;-8,0;32,1
23/03/2026 12:47;450,0;447,9;1,9;2,0;-8,0;-8,0;32,0
23/03/2026 12:48;450,0;444,9;6,1;5,1;-8,0;-8,0;32,0
23/03/2026 12:49;450,0;441,7;13,4;8,8;-8,0;-8,0;31,9
23/03/2026 12:50;450,0;443,5;19,3;7,8;-8,0;-7,0;32,6
23/03/2026 12:51;450,0;452,5;18,1;0,0;-8,0;-7,0;32,8
23/03/2026 12:52;450,0;461,9;6,9;0,0;-8,0;-8,0;32,6
23/03/2026 12:53;450,0;464,8;0,0;0,0;-8,0;-8,0;32,6
23/03/2026 12:54;450,0;462,8;0,0;0,0;-8,0;-8,0;32,3
23/03/2026 12:55;450,0;460,5;0,0;0,0;-8,0;-8,0;32,4
23/03/2026 12:56;450,0;455,8;0,0;0,0;-8,0;-8,0;32,3
23/03/2026 12:57;450,0;452,0;0,0;0,0;-8,0;-8,0;32,3
23/03/2026 12:58;450,0;449,6;0,2;0,3;-8,0;-9,0;31,8
23/03/2026 12:59;450,0;445,8;3,7;4,1;-8,0;-8,0;32,2
23/03/2026 13:00;450,0;444,0;9,0;6,3;-8,0;-8,0;32,1
23/03/2026 13:01;450,0;444,3;15,1;6,7;-8,0;-7,0;32,5
23/03/2026 13:02;450,0;450,5;14,6;1,3;-8,0;-7,0;32,9
23/03/2026 13:03;450,0;457,8;8,0;0,0;-8,0;-8,0;32,5
23/03/2026 13:04;450,0;462,5;0,0;0,0;-8,0;-8,0;32,5
23/03/2026 13:05;450,0;462,5;0,0;0,0;-8,0;-8,0;32,4
23/03/2026 13:06;450,0;461,0;0,0;0,0;-8,0;-8,0;32,4
23/03/2026 13:07;450,0;459,9;0,0;0,0;-8,0;-8,0;32,3
23/03/2026 13:08;450,0;456,1;0,0;0,0;-8,0;-9,0;31,8
23/03/2026 13:09;450,0;454,0;0,0;0,0;-8,0;-8,0;32,2
23/03/2026 13:10;450,0;449,3;0,0;0,5;-8,0;-8,0;32,1
23/03/2026 13:11;450,0;446,7;2,5;3,0;-8,0;-8,0;32,1
23/03/2026 13:12;450,0;444,3;7,5;5,8;-8,0;-8,0;32,1
23/03/2026 13:13;450,0;444,0;13,0;6,7;-8,0;-8,0;32,1
23/03/2026 13:14;450,0;449,6;13,6;1,9;-8,0;-7,0;32,8
23/03/2026 13:15;450,0;455,5;9,3;0,0;-8,0;-8,0;32,4
23/03/2026 13:16;450,0;460,5;0,1;0,0;-8,0;-8,0;32,4
23/03/2026 13:17;450,0;461,9;0,0;0,0;-8,0;-8,0;32,4
23/03/2026 13:18;450,0;460,5;0,0;0,0;-8,0;-8,0;32,3
23/03/2026 13:19;450,0;460,2;0,0;0,0;-8,0;-8,0;32,1
23/03/2026 13:20;450,0;459,0;0,0;0,0;-8,0;-8,0;32,2
23/03/2026 13:21;450,0;456,9;0,0;0,0;-8,0;-8,0;32,2
23/03/2026 13:22;450,0;454,3;0,0;0,0;-8,0;-9,0;31,7
23/03/2026 13:23;450,0;452,8;0,0;0,0;-8,0;-8,0;32,2
23/03/2026 13:24;450,0;451,4;0,0;0,0;-8,0;-8,0;32,1
23/03/2026 13:25;450,0;448,1;0,7;1,6;-8,0;-8,0;32,1
23/03/2026 13:26;450,0;446,4;4,3;3,6;-8,0;-8,0;32,1
23/03/2026 13:27;450,0;443,8;9,1;6,4;-8,0;-8,0;32,2
23/03/2026 13:28;450,0;446,7;13,0;4,3;-8,0;-7,0;32,7
23/03/2026 13:29;450,0;452,5;10,9;0,0;-8,0;-8,0;32,4
23/03/2026 13:30;450,0;457,2;3,7;0,0;-8,0;-8,0;32,4
23/03/2026 13:31;450,0;460,5;0,0;0,0;-8,0;-9,0;32,0
23/03/2026 13:32;450,0;460,2;0,0;0,0;-8,0;-8,0;32,4
23/03/2026 13:33;450,0;458,4;0,0;0,0;-8,0;-9,0;31,9
23/03/2026 13:34;450,0;457,2;0,0;0,0;-8,0;-8,0;32,2
23/03/2026 13:35;450,0;454,3;10,0;0,0;-8,0;-9,0;31,8
23/03/2026 13:36;450,0;451,7;10,0;0,0;-8,0;-8,0;32,2
23/03/2026 13:37;450,0;450,5;10,0;0,0;-8,0;-8,0;32,2
23/03/2026 13:38;450,0;448,7;0,0;0,0;-8,0;0,0;0,0
23/03/2026 13:39;NaN;NaN;NaN;NaN;NaN;NaN;NaN
23/03/2026 13:40;NaN;NaN;NaN;NaN;NaN;NaN;NaN
23/03/2026 13:41;NaN;NaN;NaN;NaN;NaN;NaN;NaN
23/03/2026 13:42;450,0;417,7;0,0;0,0;-8,0;0,0;0,0
23/03/2026 13:43;450,0;413,3;31,8;12,0;-8,0;0,0;34,2
23/03/2026 13:44;450,0;414,5;63,8;12,0;-8,0;-2,0;35,2
23/03/2026 13:45;450,0;443,8;72,1;12,0;-8,0;0,0;38,6
23/03/2026 13:46;450,0;527,0;10,0;0,0;-8,0;-8,0;36,3
23/03/2026 13:47;450,0;541,3;0,0;0,0;-8,0;-9,0;35,5
23/03/2026 13:48;450,0;524,0;0,0;0,0;-8,0;-9,0;35,1
23/03/2026 13:49;450,0;508,2;0,0;0,0;-8,0;-9,0;34,8
23/03/2026 13:50;450,0;491,2;0,0;0,0;-8,0;-9,0;34,5
23/03/2026 13:51;450,0;478,6;0,0;0,0;-8,0;-9,0;34,2
23/03/2026 13:52;450,0;465,4;10,0;0,0;-8,0;-8,0;34,2
23/03/2026 13:53;450,0;456,1;10,0;0,0;-8,0;-8,0;34,3
23/03/2026 13:54;450,0;448,1;10,2;1,5;-8,0;-8,0;34,2
23/03/2026 13:55;450,0;442,6;17,2;7,2;-8,0;-7,0;34,6
23/03/2026 13:56;450,0;440,2;26,1;10,4;-8,0;-7,0;34,8
23/03/2026 13:57;450,0;445,8;30,8;6,1;-8,0;-7,0;35,3
23/03/2026 13:58;450,0;464,0;20,5;0,0;-8,0;-7,0;35,7
23/03/2026 13:59;450,0;472,2;10,0;0,0;-8,0;-9,0;34,9
23/03/2026 14:00;450,0;469,8;10,0;0,0;-8,0;-9,0;34,7
23/03/2026 14:01;450,0;466,0;10,0;0,0;-8,0;-8,0;34,8
23/03/2026 14:02;450,0;463,4;10,0;0,0;-8,0;-9,0;34,5
23/03/2026 14:03;450,0;460,7;10,0;0,0;-8,0;-9,0;34,3
23/03/2026 14:04;450,0;458,7;10,0;0,0;-8,0;-9,0;34,2
23/03/2026 14:05;450,0;455,5;10,0;0,0;-8,0;-8,0;34,5
23/03/2026 14:06;450,0;452,0;10,0;0,0;-8,0;-8,0;34,5
23/03/2026 14:07;450,0;447,9;11,2;1,8;-8,0;-8,0;34,4
23/03/2026 14:08;450,0;445,8;15,0;4,2;-8,0;-8,0;34,4
23/03/2026 14:09;450,0;443,8;20,3;6,5;-8,0;-7,0;34,7
23/03/2026 14:10;450,0;446,4;24,6;4,9;-8,0;-7,0;35,2
23/03/2026 14:11;450,0;456,1;19,4;0,0;-8,0;-8,0;35,1
23/03/2026 14:12;450,0;464,8;10,0;0,0;-8,0;-8,0;34,9
23/03/2026 14:13;450,0;467,2;10,0;0,0;-8,0;-9,0;34,6
23/03/2026 14:14;450,0;465,4;10,0;0,0;-8,0;-9,0;34,4
23/03/2026 14:15;450,0;461,0;10,0;0,0;-8,0;-8,0;34,7
23/03/2026 14:16;450,0;456,1;10,0;0,0;-8,0;-8,0;34,6
23/03/2026 14:17;450,0;451,1;10,0;0,0;-8,0;-8,0;34,6
23/03/2026 14:18;450,0;447,3;12,1;2,6;-8,0;-8,0;34,5
23/03/2026 14:19;450,0;442,6;18,3;7,3;-8,0;-7,0;34,9
23/03/2026 14:20;450,0;444,3;23,4;6,5;-8,0;-7,0;35,2
23/03/2026 14:21;450,0;452,0;22,3;0,0;-8,0;-7,0;35,5
23/03/2026 14:22;450,0;463,4;10,8;0,0;-8,0;-8,0;35,3
23/03/2026 14:23;450,0;467,2;10,0;0,0;-8,0;-8,0;35,2
23/03/2026 14:24;450,0;467,2;10,0;0,0;-8,0;-9,0;34,7
23/03/2026 14:25;450,0;464,6;10,0;0,0;-8,0;-8,0;34,9
23/03/2026 14:26;450,0;461,9;10,0;0,0;-8,0;-8,0;34,8
23/03/2026 14:27;450,0;459,6;10,0;0,0;-8,0;-8,0;34,6
23/03/2026 14:28;450,0;456,1;10,0;0,0;-8,0;-8,0;34,6
23/03/2026 14:29;450,0;452,0;10,0;0,0;-8,0;-9,0;34,1
23/03/2026 14:30;450,0;447,0;11,9;2,7;-8,0;-8,0;34,4
23/03/2026 14:31;450,0;444,3;17,1;5,8;-8,0;-8,0;34,4
23/03/2026 14:32;450,0;444,6;22,2;6,1;-8,0;-8,0;34,5
23/03/2026 14:33;450,0;452,0;20,3;0,0;-8,0;-7,0;35,2
23/03/2026 14:34;450,0;463,1;10,0;0,0;-8,0;-9,0;34,5
23/03/2026 14:35;450,0;466,0;10,0;0,0;-8,0;-8,0;34,6
23/03/2026 14:36;450,0;465,1;10,0;0,0;-8,0;-9,0;34,2
23/03/2026 14:37;450,0;459,9;10,0;0,0;-8,0;-9,0;34,1
23/03/2026 14:38;450,0;454,3;10,0;0,0;-8,0;-9,0;34,1
23/03/2026 14:39;450,0;449,0;10,3;0,9;-8,0;-8,0;34,4
23/03/2026 14:40;450,0;443,5;16,1;6,2;-8,0;-7,0;34,7
23/03/2026 14:41;450,0;443,5;22,6;7,1;-8,0;-7,0;34,8
23/03/2026 14:42;450,0;452,0;21,0;0,0;-8,0;-7,0;35,2
23/03/2026 14:43;450,0;463,7;10,0;0,0;-8,0;-8,0;34,7
23/03/2026 14:44;450,0;468,1;10,0;0,0;-8,0;-8,0;34,7
23/03/2026 14:45;450,0;467,2;10,0;0,0;-8,0;-8,0;34,7
23/03/2026 14:46;450,0;463,4;10,0;0,0;-8,0;-8,0;34,4
23/03/2026 14:47;450,0;459,0;10,0;0,0;-8,0;-8,0;34,5
23/03/2026 14:48;450,0;454,3;10,0;0,0;-8,0;-8,0;34,3
23/03/2026 14:49;450,0;450,8;10,0;0,0;-8,0;-9,0;34,0
23/03/2026 14:50;450,0;445,8;13,0;3,9;-8,0;-8,0;34,4
23/03/2026 14:51;450,0;443,8;18,6;6,3;-8,0;-7,0;34,8
23/03/2026 14:52;450,0;448,1;21,4;2,9;-8,0;-7,0;35,1
23/03/2026 14:53;450,0;459,6;14,2;0,0;-8,0;-8,0;34,8
23/03/2026 14:54;450,0;465,7;10,0;0,0;-8,0;-9,0;34,2
23/03/2026 14:55;450,0;465,7;10,0;0,0;-8,0;-9,0;34,3
23/03/2026 14:56;450,0;464,6;10,0;0,0;-8,0;-8,0;34,5
23/03/2026 14:57;450,0;462,8;10,0;0,0;-8,0;-8,0;34,5
23/03/2026 14:58;450,0;459,9;10,0;0,0;-8,0;-8,0;34,5
23/03/2026 14:59;450,0;456,4;10,0;0,0;-8,0;-9,0;34,1
23/03/2026 15:00;450,0;451,7;10,0;0,0;-8,0;-8,0;34,4
23/03/2026 15:01;450,0;447,0;11,9;2,8;-8,0;-8,0;34,3
23/03/2026 15:02;450,0;443,2;17,9;6,7;-8,0;-7,0;34,7
23/03/2026 15:03;450,0;444,9;22,8;5,9;-8,0;-7,0;34,9
23/03/2026 15:04;450,0;454,0;19,6;0,0;-8,0;-8,0;34,9
23/03/2026 15:05;450,0;462,5;10,0;0,0;-8,0;-8,0;34,8
23/03/2026 15:06;450,0;465,1;10,0;0,0;-8,0;-8,0;34,8
23/03/2026 15:07;450,0;463,7;10,0;0,0;-8,0;-8,0;34,5
23/03/2026 15:08;450,0;460,7;10,0;0,0;-8,0;-8,0;34,6
23/03/2026 15:09;450,0;457,2;10,0;0,0;-8,0;-8,0;34,5
23/03/2026 15:10;450,0;453,7;10,0;0,0;-8,0;-9,0;34,0
23/03/2026 15:11;450,0;449,0;10,2;0,8;-8,0;-8,0;34,4
23/03/2026 15:12;450,0;444,6;15,0;5,2;-8,0;-8,0;34,2
23/03/2026 15:13;450,0;444,0;20,6;6,4;-8,0;-7,0;34,7
23/03/2026 15:14;450,0;450,5;21,5;1,0;-8,0;-7,0;35,1
23/03/2026 15:15;450,0;462,5;11,1;0,0;-8,0;-8,0;34,7
23/03/2026 15:16;450,0;467,2;10,0;0,0;-8,0;-8,0;34,8
23/03/2026 15:17;450,0;467,2;10,0;0,0;-8,0;-8,0;34,8
23/03/2026 15:18;450,0;465,7;10,0;0,0;-8,0;-9,0;34,1
23/03/2026 15:19;450,0;464,0;10,0;0,0;-8,0;-8,0;34,5
23/03/2026 15:20;450,0;459,9;10,0;0,0;-8,0;-8,0;34,5
23/03/2026 15:21;450,0;454,6;10,0;0,0;-8,0;-8,0;34,4
23/03/2026 15:22;450,0;448,7;10,3;1,0;-8,0;-8,0;34,3
23/03/2026 15:23;450,0;443,5;16,5;6,4;-8,0;-8,0;34,4
23/03/2026 15:24;450,0;442,9;22,9;7,7;-8,0;-7,0;35,0
23/03/2026 15:25;450,0;450,8;22,9;0,9;-8,0;-7,0;35,3
23/03/2026 15:26;450,0;461,0;12,8;0,0;-8,0;-8,0;35,1
23/03/2026 15:27;450,0;469,0;10,0;0,0;-8,0;-8,0;35,0
23/03/2026 15:28;450,0;469,5;10,0;0,0;-8,0;-8,0;34,9
23/03/2026 15:29;450,0;467,8;10,0;0,0;-8,0;-8,0;34,9
23/03/2026 15:30;450,0;466,0;10,0;0,0;-8,0;-8,0;34,7
23/03/2026 15:31;450,0;462,2;10,0;0,0;-8,0;-8,0;34,7
23/03/2026 15:32;450,0;457,2;10,0;0,0;-8,0;-9,0;34,3
23/03/2026 15:33;450,0;452,8;10,0;0,0;-8,0;-8,0;34,5
23/03/2026 15:34;450,0;447,6;11,3;2,1;-8,0;-8,0;34,4
23/03/2026 15:35;450,0;442,3;18,0;7,7;-8,0;-8,0;34,4
23/03/2026 15:36;450,0;441,7;25,7;9,1;-8,0;-7,0;35,0
23/03/2026 15:37;450,0;449,6;27,1;2,4;-8,0;-7,0;35,6
23/03/2026 15:38;450,0;464,3;15,1;0,0;-8,0;-8,0;35,4
23/03/2026 15:39;450,0;469,8;10,0;0,0;-8,0;-9,0;34,8
23/03/2026 15:40;450,0;470,4;10,0;0,0;-8,0;-8,0;35,0
23/03/2026 15:41;450,0;468,4;10,0;0,0;-8,0;-8,0;34,8
23/03/2026 15:42;450,0;464,8;10,0;0,0;-8,0;-8,0;34,9
23/03/2026 15:43;450,0;460,5;10,0;0,0;-8,0;-9,0;34,2
23/03/2026 15:44;450,0;455,8;10,0;0,0;-8,0;-8,0;34,6
23/03/2026 15:45;450,0;450,8;10,0;0,0;-8,0;-8,0;34,5
23/03/2026 15:46;450,0;446,1;12,7;3,6;-8,0;-8,0;34,5
23/03/2026 15:47;450,0;442,3;20,0;7,8;-8,0;-7,0;35,0
23/03/2026 15:48;450,0;445,8;24,1;5,3;-8,0;-7,0;35,3
23/03/2026 15:49;450,0;455,5;20,0;0,0;-8,0;-8,0;35,1
23/03/2026 15:50;450,0;464,3;10,0;0,0;-8,0;-8,0;35,0
23/03/2026 15:51;450,0;466,6;10,0;0,0;-8,0;-8,0;35,0
23/03/2026 15:52;450,0;466,6;10,0;0,0;-8,0;-9,0;34,5
23/03/2026 15:53;450,0;463,4;10,0;0,0;-8,0;-8,0;34,7
23/03/2026 15:54;450,0;459,6;10,0;0,0;-8,0;-9,0;34,3
23/03/2026 15:55;450,0;454,9;10,0;0,0;-8,0;-9,0;34,1
23/03/2026 15:56;450,0;448,1;10,9;1,6;-8,0;-8,0;34,3
23/03/2026 15:57;450,0;444,0;16,5;6,0;-8,0;-8,0;34,2
23/03/2026 15:58;450,0;444,0;21,9;6,6;-8,0;-7,0;34,7
23/03/2026 15:59;450,0;452,5;19,8;0,0;-8,0;-7,0;35,0
23/03/2026 16:00;450,0;461,3;10,1;0,0;-8,0;-8,0;34,8
23/03/2026 16:01;450,0;464,3;10,0;0,0;-8,0;-8,0;34,6
23/03/2026 16:02;450,0;463,1;10,0;0,0;-8,0;-8,0;34,7
23/03/2026 16:03;450,0;460,2;10,0;0,0;-8,0;-8,0;34,6
23/03/2026 16:04;450,0;456,6;10,0;0,0;-8,0;-8,0;34,6
23/03/2026 16:05;450,0;450,5;10,0;0,0;-8,0;-8,0;34,6
23/03/2026 16:06;450,0;446,1;12,7;3,7;-8,0;-8,0;34,4
23/03/2026 16:07;450,0;442,9;18,9;7,2;-8,0;-7,0;35,0
23/03/2026 16:08;450,0;445,8;23,4;5,2;-8,0;-7,0;35,2
23/03/2026 16:09;450,0;455,8;19,2;0,0;-8,0;-8,0;35,1
23/03/2026 16:10;450,0;465,7;10,0;0,0;-8,0;-8,0;35,0
23/03/2026 16:11;450,0;469,0;10,0;0,0;-8,0;-8,0;35,0
23/03/2026 16:12;450,0;468,7;10,0;0,0;-8,0;-8,0;34,9
23/03/2026 16:13;450,0;465,1;10,0;0,0;-8,0;-9,0;34,5
23/03/2026 16:14;450,0;461,9;10,0;0,0;-8,0;-8,0;34,6
23/03/2026 16:15;450,0;458,4;10,0;0,0;-8,0;-8,0;34,6
23/03/2026 16:16;450,0;456,6;10,0;0,0;-8,0;-8,0;34,6
23/03/2026 16:17;450,0;452,8;10,0;0,0;-8,0;-8,0;34,7
23/03/2026 16:18;450,0;449,0;10,2;0,8;-8,0;-8,0;34,5
23/03/2026 16:19;450,0;444,9;14,8;4,9;-8,0;-8,0;34,5
23/03/2026 16:20;450,0;444,0;21,0;6,5;-8,0;-7,0;35,0
23/03/2026 16:21;450,0;451,1;20,9;0,7;-8,0;-7,0;35,3
23/03/2026 16:22;450,0;461,0;10,3;0,0;-8,0;-8,0;34,9
23/03/2026 16:23;450,0;462,5;10,0;0,0;-8,0;-9,0;34,3
23/03/2026 16:24;450,0;461,0;10,0;0,0;-8,0;-8,0;34,5
23/03/2026 16:25;450,0;456,9;10,0;0,0;-8,0;-9,0;34,1
23/03/2026 16:26;450,0;452,2;10,0;0,0;-8,0;-9,0;34,1
23/03/2026 16:27;450,0;447,6;11,2;2,1;-8,0;-8,0;34,4
23/03/2026 16:28;450,0;444,3;16,1;5,6;-8,0;-8,0;34,4
23/03/2026 16:29;450,0;446,7;19,6;3,9;-8,0;-8,0;34,4
23/03/2026 16:30;450,0;454,0;17,0;0,0;-8,0;-8,0;34,6
23/03/2026 16:31;450,0;462,8;10,0;0,0;-8,0;-8,0;34,6
23/03/2026 16:32;450,0;465,4;10,0;0,0;-8,0;-8,0;34,6
23/03/2026 16:33;450,0;464,8;10,0;0,0;-8,0;-9,0;34,0
23/03/2026 16:34;450,0;461,9;10,0;0,0;-8,0;-8,0;34,4
23/03/2026 16:35;450,0;458,7;10,0;0,0;-8,0;-8,0;34,3
23/03/2026 16:36;450,0;455,8;10,0;0,0;-8,0;-8,0;34,3
23/03/2026 16:37;450,0;452,5;10,0;0,0;-8,0;-8,0;34,3
23/03/2026 16:38;450,0;449,3;10,4;0,6;-8,0;-8,0;34,3
23/03/2026 16:39;450,0;444,9;14,7;4,9;-8,0;-8,0;34,3
23/03/2026 16:40;450,0;443,2;20,1;7,1;-8,0;-8,0;34,3
23/03/2026 16:41;450,0;449,0;22,3;2,3;-8,0;-7,0;35,2
23/03/2026 16:42;450,0;458,4;15,1;0,0;-8,0;-8,0;34,9
23/03/2026 16:43;450,0;464,3;10,0;0,0;-8,0;-8,0;34,9
23/03/2026 16:44;450,0;464,6;10,0;0,0;-8,0;-9,0;34,1
23/03/2026 16:45;450,0;462,2;10,0;0,0;-8,0;-8,0;34,5
23/03/2026 16:46;450,0;459,6;10,0;0,0;-8,0;-8,0;34,4
23/03/2026 16:47;450,0;456,4;10,0;0,0;-8,0;-8,0;34,5
23/03/2026 16:48;450,0;452,0;10,0;0,0;-8,0;-8,0;34,5
23/03/2026 16:49;450,0;447,6;11,4;2,1;-8,0;-8,0;34,5
23/03/2026 16:50;450,0;444,0;17,0;6,0;-8,0;-8,0;34,5
23/03/2026 16:51;450,0;444,3;22,1;6,3;-8,0;-7,0;35,0
23/03/2026 16:52;450,0;452,5;20,4;0,0;-8,0;-7,0;35,3
23/03/2026 16:53;450,0;464,6;10,0;0,0;-8,0;-8,0;35,0
23/03/2026 16:54;450,0;468,4;10,0;0,0;-8,0;-8,0;34,7
23/03/2026 16:55;450,0;467,5;10,0;0,0;-8,0;-9,0;34,4
23/03/2026 16:56;450,0;463,4;10,0;0,0;-8,0;-8,0;34,7
23/03/2026 16:57;450,0;457,5;10,0;0,0;-8,0;-9,0;34,2
23/03/2026 16:58;450,0;454,0;10,0;0,0;-8,0;-8,0;34,6
23/03/2026 16:59;450,0;450,2;10,0;0,0;-8,0;-8,0;34,6
23/03/2026 17:00;450,0;446,4;12,6;3,3;-8,0;-8,0;34,6
23/03/2026 17:01;450,0;445,2;16,9;5,0;-8,0;-8,0;34,6
23/03/2026 17:02;450,0;447,6;19,7;3,1;-8,0;-7,0;35,3
23/03/2026 17:03;450,0;456,1;15,5;0,0;-8,0;-8,0;35,1
23/03/2026 17:04;450,0;462,8;10,0;0,0;-8,0;-8,0;34,9
23/03/2026 17:05;450,0;464,3;10,0;0,0;-8,0;-8,0;34,9
23/03/2026 17:06;450,0;464,0;10,0;0,0;-8,0;-9,0;34,5
23/03/2026 17:07;450,0;462,8;10,0;0,0;-8,0;-8,0;34,6
23/03/2026 17:08;450,0;461,3;10,0;0,0;-8,0;-8,0;34,7
23/03/2026 17:09;450,0;457,5;10,0;0,0;-8,0;-8,0;34,6
23/03/2026 17:10;450,0;454,3;10,0;0,0;-8,0;-8,0;34,6
23/03/2026 17:11;450,0;449,9;10,0;0,0;-8,0;-8,0;34,6
23/03/2026 17:12;450,0;445,5;13,8;4,3;-8,0;-8,0;34,5
23/03/2026 17:13;450,0;443,5;19,8;6,7;-8,0;-8,0;34,6
23/03/2026 17:14;450,0;446,4;23,0;4,6;-8,0;-7,0;35,3
23/03/2026 17:15;450,0;453,4;20,0;0,0;-8,0;-8,0;35,6
23/03/2026 17:16;450,0;458,4;12,1;0,0;-8,0;-8,0;35,3
23/03/2026 17:17;450,0;461,0;10,0;0,0;-8,0;-8,0;35,1
23/03/2026 17:18;450,0;460,2;10,0;0,0;-8,0;-8,0;35,1
23/03/2026 17:19;450,0;457,8;10,0;0,0;-8,0;-8,0;34,9
23/03/2026 17:20;450,0;454,0;10,0;0,0;-8,0;-8,0;35,0
23/03/2026 17:21;450,0;450,5;10,0;0,0;-8,0;-8,0;35,0
23/03/2026 17:22;450,0;447,3;12,0;2,6;-8,0;-8,0;34,9
23/03/2026 17:23;450,0;443,5;17,9;6,5;-8,0;-8,0;34,9
23/03/2026 17:24;450,0;444,9;22,9;5,9;-8,0;-7,0;35,6
23/03/2026 17:25;450,0;454,0;20,1;0,0;-8,0;-7,0;36,0
23/03/2026 17:26;450,0;460,2;10,8;0,0;-8,0;-8,0;35,5
23/03/2026 17:27;450,0;464,3;10,0;0,0;-8,0;-9,0;35,1
23/03/2026 17:28;450,0;464,6;10,0;0,0;-8,0;-8,0;35,4
23/03/2026 17:29;450,0;461,6;10,0;0,0;-8,0;-8,0;35,4
23/03/2026 17:30;450,0;460,5;10,0;0,0;-8,0;-8,0;35,4
23/03/2026 17:31;450,0;459,0;10,0;0,0;-8,0;-8,0;35,3
23/03/2026 17:32;450,0;455,2;10,0;0,0;-8,0;-8,0;35,3
23/03/2026 17:33;450,0;450,8;10,0;0,0;-8,0;-8,0;35,2
23/03/2026 17:34;450,0;444,3;14,3;5,1;-8,0;-8,0;35,3
23/03/2026 17:35;450,0;442,0;21,8;8,4;-8,0;-7,0;35,9
23/03/2026 17:36;450,0;447,6;24,8;3,9;-8,0;-7,0;36,2
23/03/2026 17:37;450,0;457,5;18,1;0,0;-8,0;-7,0;36,7
23/03/2026 17:38;450,0;465,4;10,0;0,0;-8,0;-9,0;35,7
23/03/2026 17:39;450,0;467,8;10,0;0,0;-8,0;-8,0;36,1
23/03/2026 17:40;450,0;466,3;10,0;0,0;-8,0;-8,0;36,1
23/03/2026 17:41;450,0;462,2;10,0;0,0;-8,0;-8,0;36,0
23/03/2026 17:42;450,0;457,8;10,0;0,0;-8,0;-8,0;36,0
23/03/2026 17:43;450,0;452,2;10,0;0,0;-8,0;-8,0;36,0
23/03/2026 17:44;450,0;446,7;12,4;3,0;-8,0;-8,0;36,0
23/03/2026 17:45;450,0;443,5;18,5;6,6;-8,0;-7,0;36,4
23/03/2026 17:46;450,0;444,9;23,3;6,0;-8,0;-7,0;36,8
23/03/2026 17:47;450,0;453,1;21,2;0,0;-8,0;-7,0;37,0
23/03/2026 17:48;450,0;464,6;10,0;0,0;-8,0;-8,0;36,8
23/03/2026 17:49;450,0;467,5;10,0;0,0;-8,0;-8,0;36,6
23/03/2026 17:50;450,0;466,0;10,0;0,0;-8,0;-8,0;36,5
23/03/2026 17:51;450,0;460,7;10,0;0,0;-8,0;-9,0;36,0
23/03/2026 17:52;450,0;454,6;10,0;0,0;-8,0;-8,0;36,3
23/03/2026 17:53;450,0;448,4;10,5;1,4;-8,0;-9,0;35,7
23/03/2026 17:54;450,0;444,0;15,4;5,9;-8,0;-8,0;36,0
23/03/2026 17:55;450,0;442,6;23,0;8,0;-8,0;-7,0;36,6
23/03/2026 17:56;450,0;450,5;22,2;1,0;-8,0;-7,0;36,9
23/03/2026 17:57;450,0;460,7;13,2;0,0;-8,0;-8,0;36,7
23/03/2026 17:58;450,0;465,4;10,0;0,0;-8,0;-8,0;36,5
23/03/2026 17:59;450,0;466,0;10,0;0,0;-8,0;-9,0;35,9
23/03/2026 18:00;450,0;464,0;10,0;0,0;-8,0;-8,0;36,2
23/03/2026 18:01;450,0;460,5;10,0;0,0;-8,0;-8,0;36,2
23/03/2026 18:02;450,0;455,5;10,0;0,0;-8,0;-8,0;36,1
23/03/2026 18:03;450,0;448,1;10,5;1,5;-8,0;-8,0;36,1
23/03/2026 18:04;450,0;443,2;17,0;6,7;-8,0;-8,0;36,1
23/03/2026 18:05;450,0;442,9;23,5;7,7;-8,0;-7,0;36,7
23/03/2026 18:06;450,0;449,6;24,0;1,9;-8,0;-7,0;36,9
23/03/2026 18:07;450,0;459,9;15,3;0,0;-8,0;-8,0;36,8
23/03/2026 18:08;450,0;464,0;10,0;0,0;-8,0;-9,0;36,2
23/03/2026 18:09;450,0;461,3;10,0;0,0;-8,0;-8,0;36,5
23/03/2026 18:10;450,0;459,3;10,0;0,0;-8,0;-8,0;36,3
23/03/2026 18:11;450,0;455,5;10,0;0,0;-8,0;-8,0;36,1
23/03/2026 18:12;450,0;450,8;10,0;0,0;-8,0;-8,0;36,0
23/03/2026 18:13;450,0;448,4;11,2;1,5;-8,0;-8,0;35,9
23/03/2026 18:14;450,0;447,3;13,6;2,7;-8,0;-8,0;35,9
23/03/2026 18:15;450,0;447,3;16,3;3,0;-8,0;-8,0;35,9
23/03/2026 18:16;450,0;450,5;16,7;0,4;-8,0;-8,0;35,9
23/03/2026 18:17;450,0;456,9;10,7;0,0;-8,0;-8,0;35,9
23/03/2026 18:18;450,0;457,8;10,0;0,0;-8,0;-8,0;35,8
23/03/2026 18:19;450,0;456,4;10,0;0,0;-8,0;-8,0;35,8
23/03/2026 18:20;450,0;453,1;10,0;0,0;-8,0;-8,0;35,8
23/03/2026 18:21;450,0;447,0;11,9;2,7;-8,0;-8,0;35,8
23/03/2026 18:22;450,0;442,9;17,6;7,0;-8,0;-7,0;36,2
23/03/2026 18:23;450,0;444,3;23,8;6,5;-8,0;-7,0;36,5
23/03/2026 18:24;450,0;452,5;21,7;0,0;-8,0;-7,0;36,8
23/03/2026 18:25;450,0;462,2;10,4;0,0;-8,0;-8,0;36,5
23/03/2026 18:26;450,0;466,6;10,0;0,0;-8,0;-8,0;36,4
23/03/2026 18:27;450,0;464,6;10,0;0,0;-8,0;-8,0;36,2
23/03/2026 18:28;450,0;461,6;10,0;0,0;-8,0;-8,0;36,3
23/03/2026 18:29;450,0;457,5;10,0;0,0;-8,0;-9,0;35,8
23/03/2026 18:30;450,0;453,1;10,0;0,0;-8,0;-8,0;35,9
23/03/2026 18:31;450,0;450,2;10,0;0,0;-8,0;-9,0;35,6
23/03/2026 18:32;450,0;446,7;12,9;3,1;-8,0;-8,0;35,9
23/03/2026 18:33;450,0;443,8;18,4;6,4;-8,0;-7,0;36,4
23/03/2026 18:34;450,0;447,6;20,5;3,2;-8,0;-7,0;36,7
23/03/2026 18:35;450,0;455,8;15,6;0,0;-8,0;-8,0;36,4
23/03/2026 18:36;450,0;460,5;10,0;0,0;-8,0;-9,0;35,9
23/03/2026 18:37;450,0;460,2;10,0;0,0;-8,0;-7,0;36,7
23/03/2026 18:38;450,0;458,1;10,0;0,0;-8,0;-9,0;36,0
23/03/2026 18:39;450,0;454,3;10,0;0,0;-8,0;-8,0;36,2
23/03/2026 18:40;450,0;450,8;10,0;0,0;-8,0;-8,0;36,0
23/03/2026 18:41;450,0;447,6;11,6;2,2;-8,0;-8,0;36,2
23/03/2026 18:42;450,0;445,8;14,8;4,1;-8,0;-8,0;36,1
23/03/2026 18:44;450,0;450,5;20,2;0,8;-8,0;-8,0;36,3
23/03/2026 18:45;450,0;461,0;11,6;0,0;-8,0;-8,0;36,5
23/03/2026 18:46;450,0;465,7;10,0;0,0;-8,0;-9,0;35,9
23/03/2026 18:47;450,0;464,6;10,0;0,0;-8,0;-9,0;35,7
23/03/2026 18:48;450,0;461,3;10,0;0,0;-8,0;-8,0;36,1
23/03/2026 18:49;450,0;456,6;10,0;0,0;-8,0;-8,0;36,2
23/03/2026 18:50;450,0;453,1;10,0;0,0;-8,0;-8,0;35,9
23/03/2026 18:51;450,0;447,6;11,6;2,2;-8,0;-8,0;35,9
23/03/2026 18:52;450,0;443,8;16,8;6,1;-8,0;-8,0;36,0
23/03/2026 18:53;450,0;443,8;22,5;6,8;-8,0;-7,0;36,7
23/03/2026 18:54;450,0;449,9;22,8;1,5;-8,0;-7,0;37,0
23/03/2026 18:55;450,0;459,3;14,8;0,0;-8,0;-8,0;36,7
23/03/2026 18:56;450,0;466,0;10,0;0,0;-8,0;-9,0;36,2
23/03/2026 18:57;450,0;467,8;10,0;0,0;-8,0;-8,0;36,5
23/03/2026 18:58;450,0;464,8;10,0;0,0;-8,0;-9,0;36,0
23/03/2026 18:59;450,0;460,5;10,0;0,0;-8,0;-9,0;35,8
23/03/2026 19:00;450,0;456,6;10,0;0,0;-8,0;-9,0;35,5
23/03/2026 19:01;450,0;452,0;10,0;0,0;-8,0;-8,0;35,9
23/03/2026 19:02;450,0;447,9;11,6;1,9;-8,0;-8,0;35,9
23/03/2026 19:03;450,0;447,3;13,7;2,7;-8,0;-9,0;35,5
23/03/2026 19:04;450,0;446,4;17,0;3,9;-8,0;-8,0;35,8
23/03/2026 19:05;450,0;447,6;18,7;3,0;-8,0;-7,0;36,3
23/03/2026 19:06;450,0;452,0;17,4;0,0;-8,0;-8,0;36,0
23/03/2026 19:07;450,0;457,8;10,5;0,0;-8,0;-9,0;35,5
23/03/2026 19:08;450,0;457,8;10,0;0,0;-8,0;-9,0;35,3
23/03/2026 19:09;450,0;454,6;10,0;0,0;-8,0;-8,0;35,5
23/03/2026 19:10;450,0;452,0;10,0;0,0;-8,0;-8,0;35,5
23/03/2026 19:11;450,0;448,4;10,7;1,4;-8,0;-9,0;34,9
23/03/2026 19:12;450,0;446,4;14,0;3,5;-8,0;-8,0;35,3
23/03/2026 19:13;450,0;444,9;18,9;5,4;-8,0;-6,0;36,3
23/03/2026 19:14;450,0;447,6;21,6;3,4;-8,0;-8,0;35,5
23/03/2026 19:15;450,0;455,8;16,3;0,0;-8,0;-8,0;35,7
23/03/2026 19:16;450,0;461,6;10,0;0,0;-8,0;-8,0;35,5
23/03/2026 19:17;450,0;462,5;10,0;0,0;-8,0;-8,0;35,4
23/03/2026 19:18;450,0;459,3;10,0;0,0;-8,0;-9,0;34,8
23/03/2026 19:19;450,0;454,3;10,0;0,0;-8,0;-8,0;35,0
23/03/2026 19:20;450,0;449,9;10,0;0,0;-8,0;-9,0;34,5
23/03/2026 19:21;450,0;445,5;14,1;4,4;-8,0;-7,0;35,4
23/03/2026 19:22;450,0;444,3;19,1;6,0;-8,0;-8,0;35,1
23/03/2026 19:23;450,0;446,4;22,6;4,6;-8,0;-7,0;35,6
23/03/2026 19:24;450,0;454,9;18,9;0,0;-8,0;-8,0;35,5
23/03/2026 19:25;450,0;462,2;10,0;0,0;-8,0;-8,0;35,5
23/03/2026 19:26;450,0;465,7;10,0;0,0;-8,0;-9,0;34,9
23/03/2026 19:27;450,0;465,1;10,0;0,0;-8,0;-9,0;34,8
23/03/2026 19:28;450,0;463,4;10,0;0,0;-8,0;-9,0;34,8
23/03/2026 19:29;450,0;460,2;10,0;0,0;-8,0;-8,0;35,1
23/03/2026 19:30;450,0;456,9;10,0;0,0;-8,0;-8,0;35,1
23/03/2026 19:31;450,0;453,7;10,0;0,0;-8,0;-9,0;34,6
23/03/2026 19:32;450,0;452,0;10,0;0,0;-8,0;-8,0;34,8
23/03/2026 19:33;450,0;447,6;11,4;2,1;-8,0;-7,0;35,2
23/03/2026 19:34;450,0;444,3;16,8;5,7;-8,0;-8,0;35,0
23/03/2026 19:35;450,0;444,3;21,8;6,3;-8,0;-7,0;35,4
23/03/2026 19:36;450,0;449,9;22,0;1,5;-8,0;-7,0;35,6
23/03/2026 19:37;450,0;456,4;15,5;0,0;-8,0;-7,0;35,9
23/03/2026 19:38;450,0;459,9;10,0;0,0;-8,0;-9,0;35,2
23/03/2026 19:39;450,0;457,8;10,0;0,0;-8,0;-8,0;35,4
23/03/2026 19:40;450,0;454,6;10,0;0,0;-8,0;-8,0;35,3
23/03/2026 19:41;450,0;450,8;10,0;0,0;-8,0;-8,0;35,2
23/03/2026 19:42;450,0;449,3;10,6;0,6;-8,0;-8,0;35,2
23/03/2026 19:43;450,0;446,7;13,5;3,2;-8,0;-8,0;35,1
23/03/2026 19:44;450,0;445,5;17,7;4,8;-8,0;-8,0;35,1
23/03/2026 19:45;450,0;446,1;20,9;4,6;-8,0;-7,0;35,7
23/03/2026 19:46;450,0;453,7;18,5;0,0;-8,0;-8,0;35,6
23/03/2026 19:47;450,0;461,3;10,0;0,0;-8,0;-8,0;35,5
23/03/2026 19:48;450,0;464,6;10,0;0,0;-8,0;-8,0;35,5
23/03/2026 19:49;450,0;464,6;10,0;0,0;-8,0;-7,0;35,9
23/03/2026 19:50;450,0;463,1;10,0;0,0;-8,0;-8,0;35,4
23/03/2026 19:51;450,0;460,5;10,0;0,0;-8,0;-8,0;35,5
23/03/2026 19:52;450,0;457,5;10,0;0,0;-8,0;-8,0;35,4
23/03/2026 19:53;450,0;454,6;10,0;0,0;-8,0;-8,0;35,4
23/03/2026 19:54;450,0;451,1;10,0;0,0;-8,0;-8,0;35,4
23/03/2026 19:55;450,0;448,1;11,1;1,7;-8,0;-8,0;35,3
23/03/2026 19:56;450,0;445,8;15,1;4,2;-8,0;-8,0;35,3
23/03/2026 19:57;450,0;444,9;19,9;5,5;-8,0;-7,0;35,8
23/03/2026 19:58;450,0;449,6;19,6;1,3;-8,0;-7,0;36,1
23/03/2026 19:59;450,0;455,8;14,3;0,0;-8,0;-8,0;35,7
23/03/2026 20:00;450,0;460,7;10,0;0,0;-8,0;-8,0;35,6
23/03/2026 20:01;450,0;462,8;10,0;0,0;-8,0;-7,0;35,9
23/03/2026 20:02;450,0;461,6;10,0;0,0;-8,0;-9,0;35,2
23/03/2026 20:03;450,0;458,4;10,0;0,0;-8,0;-8,0;35,3
23/03/2026 20:04;450,0;454,9;10,0;0,0;-8,0;-8,0;35,4
23/03/2026 20:05;450,0;449,9;10,0;0,0;-8,0;-8,0;35,2
23/03/2026 20:06;450,0;445,5;14,0;4,3;-8,0;-8,0;35,2
23/03/2026 20:07;450,0;444,3;19,4;6,0;-8,0;-7,0;35,6
23/03/2026 20:08;450,0;446,7;22,6;4,3;-8,0;-7,0;35,8
23/03/2026 20:09;450,0;452,8;20,5;0,0;-8,0;-7,0;36,0
23/03/2026 20:10;450,0;461,9;10,0;0,0;-8,0;-9,0;35,4
23/03/2026 20:11;450,0;464,0;10,0;0,0;-8,0;-9,0;35,4
23/03/2026 20:12;450,0;465,1;10,0;0,0;-8,0;-8,0;35,4
23/03/2026 20:13;450,0;462,8;10,0;0,0;-8,0;-7,0;35,8
23/03/2026 20:14;450,0;459,3;10,0;0,0;-8,0;-9,0;34,9
23/03/2026 20:15;450,0;454,6;10,0;0,0;-8,0;-8,0;35,3
23/03/2026 20:16;450,0;450,8;10,0;0,0;-8,0;-8,0;35,2
23/03/2026 20:17;450,0;446,7;12,3;3,0;-8,0;-7,0;35,5
23/03/2026 20:18;450,0;443,8;17,4;6,3;-8,0;-8,0;35,2
23/03/2026 20:19;450,0;444,9;22,1;5,9;-8,0;-7,0;35,7
23/03/2026 20:20;450,0;452,5;20,8;0,0;-8,0;-7,0;35,9
23/03/2026 20:21;450,0;461,9;10,0;0,0;-8,0;-7,0;35,9
23/03/2026 20:22;450,0;466,9;10,0;0,0;-8,0;-8,0;35,5
23/03/2026 20:23;450,0;468,4;10,0;0,0;-8,0;-8,0;35,5
23/03/2026 20:24;450,0;468,1;10,0;0,0;-8,0;-8,0;35,1
23/03/2026 20:25;450,0;467,2;10,0;0,0;-8,0;-8,0;35,1
23/03/2026 20:26;450,0;465,1;10,0;0,0;-8,0;-9,0;34,8
23/03/2026 20:27;450,0;462,2;10,0;0,0;-8,0;-9,0;34,5
23/03/2026 20:28;450,0;459,6;10,0;0,0;-8,0;-8,0;34,9
23/03/2026 20:29;450,0;456,6;10,0;0,0;-8,0;-7,0;35,2
23/03/2026 20:30;450,0;452,2;10,0;0,0;-8,0;-8,0;34,9
23/03/2026 20:31;450,0;447,6;11,2;2,1;-8,0;-8,0;34,8
23/03/2026 20:32;450,0;444,0;16,9;6,0;-8,0;-8,0;35,0
23/03/2026 20:33;450,0;444,0;22,7;6,7;-8,0;-6,0;36,0
23/03/2026 20:34;450,0;449,9;22,6;1,5;-8,0;-7,0;35,8
23/03/2026 20:35;450,0;456,9;16,8;0,0;-8,0;-8,0;35,5
23/03/2026 20:36;450,0;461,3;10,0;0,0;-8,0;-8,0;35,5
23/03/2026 20:37;450,0;461,0;10,0;0,0;-8,0;-8,0;35,4
23/03/2026 20:38;450,0;459,6;10,0;0,0;-8,0;-8,0;35,2
23/03/2026 20:39;450,0;458,4;10,0;0,0;-8,0;-9,0;34,7
23/03/2026 20:40;450,0;458,1;10,0;0,0;-8,0;-8,0;35,0
23/03/2026 20:41;450,0;454,3;10,0;0,0;-8,0;-8,0;34,8
23/03/2026 20:42;450,0;450,8;10,0;0,0;-8,0;-8,0;35,0
23/03/2026 20:43;450,0;446,4;12,4;3,2;-8,0;-8,0;34,9
23/03/2026 20:44;450,0;443,5;19,4;6,7;-8,0;-8,0;34,9
23/03/2026 20:45;450,0;445,5;23,6;5,5;-8,0;-6,0;36,0
23/03/2026 20:46;450,0;453,1;20,8;0,0;-8,0;-7,0;36,0
23/03/2026 20:47;450,0;459,3;11,5;0,0;-8,0;-8,0;35,6
23/03/2026 20:48;450,0;460,5;10,0;0,0;-8,0;-8,0;35,3
23/03/2026 20:49;450,0;459,0;10,0;0,0;-8,0;-8,0;35,3
23/03/2026 20:50;450,0;457,5;10,0;0,0;-8,0;-9,0;34,8
23/03/2026 20:51;450,0;453,1;10,0;0,0;-8,0;-9,0;34,6
23/03/2026 20:52;450,0;449,3;10,3;0,6;-8,0;-8,0;34,9
23/03/2026 20:53;450,0;445,5;14,5;4,4;-8,0;-8,0;35,0
23/03/2026 20:54;450,0;444,0;20,1;6,4;-8,0;-8,0;34,9
23/03/2026 20:55;450,0;449,9;20,3;1,2;-8,0;-7,0;35,7
23/03/2026 20:56;450,0;456,4;14,9;0,0;-8,0;-8,0;35,3
23/03/2026 20:57;450,0;460,2;10,0;0,0;-8,0;-8,0;35,3
23/03/2026 20:58;450,0;461,0;10,0;0,0;-8,0;-8,0;35,2
23/03/2026 20:59;450,0;458,1;10,0;0,0;-8,0;-8,0;35,0
23/03/2026 21:00;450,0;454,9;10,0;0,0;-8,0;-8,0;34,8
23/03/2026 21:01;450,0;451,7;10,0;0,0;-8,0;-8,0;34,9
23/03/2026 21:02;450,0;447,3;11,5;2,4;-8,0;-8,0;34,9
23/03/2026 21:03;450,0;444,6;16,2;5,3;-8,0;-8,0;34,9
23/03/2026 21:04;450,0;445,2;20,3;5,4;-8,0;-8,0;35,1
23/03/2026 21:05;450,0;449,6;21,0;1,6;-8,0;-7,0;35,6
23/03/2026 21:06;450,0;456,1;16,0;0,0;-8,0;-8,0;35,4
23/03/2026 21:07;450,0;459,6;10,0;0,0;-8,0;-8,0;35,3
23/03/2026 21:08;450,0;459,3;10,0;0,0;-8,0;-8,0;35,3
23/03/2026 21:09;450,0;457,5;10,0;0,0;-8,0;-8,0;35,0
23/03/2026 21:10;450,0;454,6;10,0;0,0;-8,0;-8,0;35,1
23/03/2026 21:11;450,0;451,1;10,0;0,0;-8,0;-9,0;34,6
23/03/2026 21:12;450,0;448,4;11,1;1,5;-8,0;-8,0;34,9
23/03/2026 21:13;450,0;445,2;15,4;4,8;-8,0;-8,0;35,0
23/03/2026 21:14;450,0;442,0;22,2;8,4;-8,0;-7,0;35,5
23/03/2026 21:15;450,0;443,8;27,5;7,4;-8,0;-7,0;35,8
23/03/2026 21:16;450,0;450,5;27,4;1,7;-8,0;-7,0;36,1
23/03/2026 21:17;450,0;461,3;17,6;0,0;-8,0;-8,0;36,0
23/03/2026 21:18;450,0;466,9;10,0;0,0;-8,0;-9,0;35,4
23/03/2026 21:19;450,0;469,8;10,0;0,0;-8,0;-9,0;35,1
23/03/2026 21:20;450,0;468,1;10,0;0,0;-8,0;-8,0;35,3
23/03/2026 21:21;450,0;463,1;10,0;0,0;-8,0;-8,0;35,3
23/03/2026 21:22;450,0;458,4;10,0;0,0;-8,0;-8,0;35,3
23/03/2026 21:23;450,0;452,5;10,0;0,0;-8,0;-9,0;34,6
23/03/2026 21:24;450,0;448,1;10,8;1,7;-8,0;-8,0;35,0
23/03/2026 21:25;450,0;445,2;15,1;4,8;-8,0;-8,0;34,9
23/03/2026 21:26;450,0;443,8;20,6;6,6;-8,0;-7,0;35,5
23/03/2026 21:27;450,0;448,1;22,3;3,0;-8,0;-7,0;35,7
23/03/2026 21:28;450,0;454,0;19,4;0,0;-8,0;-8,0;35,6
23/03/2026 21:29;450,0;461,0;10,0;0,0;-8,0;-9,0;35,2
23/03/2026 21:30;450,0;462,8;10,0;0,0;-8,0;-8,0;35,4
23/03/2026 21:31;450,0;461,0;10,0;0,0;-8,0;-8,0;35,4
23/03/2026 21:32;450,0;457,2;10,0;0,0;-8,0;-8,0;35,4
23/03/2026 21:33;450,0;454,0;10,0;0,0;-8,0;-8,0;35,4
23/03/2026 21:34;450,0;450,8;10,0;0,0;-8,0;-8,0;35,4
23/03/2026 21:35;450,0;447,6;11,3;2,1;-8,0;-8,0;35,3
23/03/2026 21:36;450,0;446,1;15,3;4,0;-8,0;-7,0;35,7
23/03/2026 21:37;450,0;445,5;20,0;5,1;-8,0;-7,0;36,1
23/03/2026 21:38;450,0;449,0;21,1;2,1;-8,0;-7,0;36,3
23/03/2026 21:39;450,0;455,5;16,3;0,0;-8,0;-8,0;36,0
23/03/2026 21:40;450,0;459,3;10,0;0,0;-8,0;-8,0;35,9
23/03/2026 21:41;450,0;459,0;10,0;0,0;-8,0;-8,0;35,8
23/03/2026 21:42;450,0;456,4;10,0;0,0;-8,0;-8,0;35,8
23/03/2026 21:43;450,0;453,4;10,0;0,0;-8,0;-8,0;35,7
23/03/2026 21:44;450,0;447,6;11,5;2,1;-8,0;-8,0;35,4
23/03/2026 21:45;450,0;445,2;16,0;4,9;-8,0;-7,0;35,9
23/03/2026 21:46;450,0;446,4;19,9;4,2;-8,0;-8,0;36,2
23/03/2026 21:47;450,0;449,9;20,3;1,1;-8,0;-7,0;36,4
23/03/2026 21:48;450,0;456,1;15,7;0,0;-8,0;-8,0;36,1
23/03/2026 21:49;450,0;460,2;10,0;0,0;-8,0;-8,0;36,1
23/03/2026 21:50;450,0;460,2;10,0;0,0;-8,0;-8,0;36,0
23/03/2026 21:51;450,0;458,1;10,0;0,0;-8,0;-8,0;35,9
23/03/2026 21:52;450,0;454,3;10,0;0,0;-8,0;-8,0;35,9
23/03/2026 21:53;450,0;449,9;10,0;0,0;-8,0;-8,0;35,9
23/03/2026 21:54;450,0;445,2;13,2;4,4;-8,0;-8,0;35,8
23/03/2026 21:55;450,0;441,4;20,8;8,7;-8,0;-7,0;36,2
23/03/2026 21:56;450,0;442,6;28,4;8,8;-8,0;-7,0;36,6
23/03/2026 21:57;450,0;449,6;27,5;2,3;-8,0;-7,0;37,1
23/03/2026 21:58;450,0;455,8;22,3;0,0;-8,0;-7,0;37,3
23/03/2026 21:59;450,0;461,0;11,6;0,0;-8,0;-8,0;36,9
23/03/2026 22:00;450,0;461,6;10,0;0,0;-8,0;-9,0;36,1
23/03/2026 22:01;450,0;458,1;10,0;0,0;-8,0;-8,0;36,3
23/03/2026 22:02;450,0;453,1;10,0;0,0;-8,0;-9,0;35,7
23/03/2026 22:03;450,0;448,4;10,5;1,3;-8,0;-9,0;35,8
23/03/2026 22:04;450,0;445,2;15,2;4,8;-8,0;-8,0;36,0
23/03/2026 22:05;450,0;443,2;21,1;7,2;-8,0;-8,0;36,5
23/03/2026 22:06;450,0;447,6;24,0;3,8;-8,0;-7,0;36,7
23/03/2026 22:07;450,0;455,5;18,8;0,0;-8,0;-8,0;36,6
23/03/2026 22:08;450,0;460,2;10,0;0,0;-8,0;-9,0;36,3
23/03/2026 22:09;450,0;458,1;10,0;0,0;-8,0;-9,0;35,9
23/03/2026 22:10;450,0;454,3;10,0;0,0;-8,0;-9,0;35,7
23/03/2026 22:11;450,0;450,5;10,0;0,0;-8,0;-8,0;35,9
23/03/2026 22:12;450,0;447,0;12,7;2,9;-8,0;-8,0;35,9
23/03/2026 22:13;450,0;443,8;18,4;6,4;-8,0;-8,0;35,9
23/03/2026 22:14;450,0;443,8;24,3;7,1;-8,0;-7,0;36,5
23/03/2026 22:15;450,0;450,5;24,3;1,3;-8,0;-7,0;36,8
23/03/2026 22:16;450,0;459,0;16,8;0,0;-8,0;-8,0;36,5
23/03/2026 22:17;450,0;462,2;10,0;0,0;-8,0;-8,0;36,4
23/03/2026 22:18;450,0;461,9;10,0;0,0;-8,0;-8,0;36,2
23/03/2026 22:19;450,0;458,7;10,0;0,0;-8,0;-9,0;35,6
23/03/2026 22:20;450,0;454,9;10,0;0,0;-8,0;-9,0;35,4
23/03/2026 22:21;450,0;450,8;10,0;0,0;-8,0;-8,0;35,7
23/03/2026 22:22;450,0;446,4;12,7;3,3;-8,0;-8,0;35,6
23/03/2026 22:23;450,0;443,5;18,4;6,5;-8,0;-7,0;36,0
23/03/2026 22:24;450,0;444,9;23,5;6,0;-8,0;-7,0;36,4
23/03/2026 22:25;450,0;448,1;24,6;3,2;-8,0;-7,0;36,7
23/03/2026 22:26;450,0;455,2;20,3;0,0;-8,0;-7,0;36,8
23/03/2026 22:27;450,0;459,9;11,3;0,0;-8,0;-9,0;36,2
23/03/2026 22:28;450,0;458,7;10,0;0,0;-8,0;-9,0;35,7
23/03/2026 22:29;450,0;457,2;10,0;0,0;-8,0;-9,0;35,7
23/03/2026 22:30;450,0;454,3;10,0;0,0;-8,0;-9,0;35,4
23/03/2026 22:31;450,0;450,2;10,0;0,0;-8,0;-8,0;35,7
23/03/2026 22:32;450,0;447,0;12,8;2,9;-8,0;-8,0;35,7
23/03/2026 22:33;450,0;445,8;16,5;4,4;-8,0;-8,0;35,7
23/03/2026 22:34;450,0;448,4;17,8;2,3;-8,0;-8,0;35,7
23/03/2026 22:35;450,0;450,2;18,4;1,0;-8,0;-8,0;35,7
23/03/2026 22:36;450,0;454,9;14,3;0,0;-8,0;-8,0;35,8
23/03/2026 22:37;450,0;456,6;10,0;0,0;-8,0;-9,0;35,4
23/03/2026 22:38;450,0;453,7;10,0;0,0;-8,0;-8,0;35,4
23/03/2026 22:39;450,0;450,2;10,0;0,0;-8,0;-7,0;35,8
23/03/2026 22:40;450,0;445,8;13,2;4,0;-8,0;-8,0;35,5
23/03/2026 22:41;450,0;442,9;19,2;7,2;-8,0;-8,0;35,5
23/03/2026 22:42;450,0;445,8;23,0;5,2;-8,0;-7,0;36,2
23/03/2026 22:43;450,0;453,1;20,6;0,0;-8,0;-8,0;36,1
23/03/2026 22:44;450,0;459,6;10,5;0,0;-8,0;-8,0;36,1
23/03/2026 22:45;450,0;459,6;10,0;0,0;-8,0;-8,0;35,8
23/03/2026 22:46;450,0;457,8;10,0;0,0;-8,0;-9,0;35,4
23/03/2026 22:47;450,0;453,7;10,0;0,0;-8,0;-9,0;35,2
23/03/2026 22:48;450,0;448,7;10,6;1,1;-8,0;-8,0;35,5
23/03/2026 22:49;450,0;444,9;14,9;4,9;-8,0;-8,0;35,4
23/03/2026 22:50;450,0;443,2;21,2;7,2;-8,0;-7,0;36,0
23/03/2026 22:51;450,0;445,2;26,2;6,1;-8,0;-7,0;36,3
23/03/2026 22:52;450,0;450,5;25,5;1,4;-8,0;-7,0;36,6
23/03/2026 22:53;450,0;457,5;18,7;0,0;-8,0;-8,0;36,4
23/03/2026 22:54;450,0;461,3;10,0;0,0;-8,0;-9,0;36,1
23/03/2026 22:55;450,0;459,9;10,0;0,0;-8,0;-8,0;36,4
23/03/2026 22:56;450,0;454,9;10,0;0,0;-8,0;-8,0;36,1
23/03/2026 22:57;450,0;449,0;10,2;0,9;-8,0;-9,0;35,6
23/03/2026 22:58;450,0;444,0;15,3;5,9;-8,0;-8,0;35,8
23/03/2026 22:59;450,0;442,9;21,4;7,5;-8,0;-7,0;36,2
23/03/2026 23:00;450,0;443,8;26,9;7,4;-8,0;-7,0;36,4
23/03/2026 23:01;450,0;451,1;26,0;0,9;-8,0;-7,0;36,8
23/03/2026 23:02;450,0;460,7;16,8;0,0;-8,0;-8,0;36,6
23/03/2026 23:03;450,0;464,0;10,0;0,0;-8,0;-8,0;36,3
23/03/2026 23:04;450,0;461,9;10,0;0,0;-8,0;-8,0;36,1
23/03/2026 23:05;450,0;457,2;10,0;0,0;-8,0;-8,0;35,9
23/03/2026 23:06;450,0;454,0;10,0;0,0;-8,0;-8,0;36,0
23/03/2026 23:07;450,0;449,3;10,0;0,5;-8,0;-8,0;35,5
23/03/2026 23:08;450,0;445,5;13,6;4,2;-8,0;-8,0;35,8
23/03/2026 23:09;450,0;443,8;19,3;6,5;-8,0;-7,0;36,1
23/03/2026 23:10;450,0;446,4;22,3;4,6;-8,0;-7,0;36,4
23/03/2026 23:11;450,0;451,7;20,8;0,0;-8,0;-8,0;36,4
23/03/2026 23:12;450,0;458,1;12,8;0,0;-8,0;-8,0;36,4
23/03/2026 23:13;450,0;458,7;10,0;0,0;-8,0;-9,0;35,9
23/03/2026 23:14;450,0;457,8;10,0;0,0;-8,0;-8,0;36,1
23/03/2026 23:15;450,0;454,9;10,0;0,0;-8,0;-8,0;35,9
23/03/2026 23:16;450,0;449,0;10,2;0,8;-8,0;-8,0;35,9
23/03/2026 23:17;450,0;444,3;15,2;5,6;-8,0;-8,0;35,9
23/03/2026 23:18;450,0;440,8;23,6;9,6;-8,0;-7,0;36,4
23/03/2026 23:19;450,0;443,8;29,8;7,8;-8,0;-6,0;37,2
23/03/2026 23:20;450,0;452,5;27,8;0,0;-8,0;-7,0;37,4
23/03/2026 23:21;450,0;461,0;18,0;0,0;-8,0;-8,0;37,1
23/03/2026 23:22;450,0;464,6;10,0;0,0;-8,0;-9,0;36,6
23/03/2026 23:23;450,0;462,8;10,0;0,0;-8,0;-9,0;36,5
23/03/2026 23:24;450,0;459,0;10,0;0,0;-8,0;-9,0;36,2
23/03/2026 23:25;450,0;455,5;10,0;0,0;-8,0;-9,0;35,8
23/03/2026 23:26;450,0;450,2;10,0;0,0;-8,0;-8,0;36,1
23/03/2026 23:27;450,0;444,9;13,9;4,8;-8,0;-8,0;36,2
23/03/2026 23:28;450,0;441,1;21,6;9,1;-8,0;-7,0;36,6
23/03/2026 23:29;450,0;443,5;27,3;7,6;-8,0;-7,0;36,8
23/03/2026 23:30;450,0;449,0;28,5;3,0;-8,0;-7,0;37,2
23/03/2026 23:31;450,0;456,4;23,0;0,0;-8,0;-8,0;37,2
23/03/2026 23:32;450,0;461,0;11,7;0,0;-8,0;-9,0;36,7
23/03/2026 23:33;450,0;461,0;10,0;0,0;-8,0;-9,0;36,4
23/03/2026 23:34;450,0;457,8;10,0;0,0;-8,0;-9,0;36,2
23/03/2026 23:35;450,0;454,3;10,0;0,0;-8,0;-8,0;36,2
23/03/2026 23:36;450,0;450,5;10,0;0,0;-8,0;-9,0;35,8
23/03/2026 23:37;450,0;446,4;13,2;3,4;-8,0;-8,0;36,1
23/03/2026 23:38;450,0;443,8;18,9;6,4;-8,0;-8,0;36,1
23/03/2026 23:39;450,0;443,5;24,7;7,3;-8,0;-7,0;36,7
23/03/2026 23:40;450,0;447,9;26,3;3,6;-8,0;-7,0;37,0
23/03/2026 23:41;450,0;453,1;23,4;0,0;-8,0;-7,0;37,3
23/03/2026 23:42;450,0;458,7;15,7;0,0;-8,0;-8,0;37,2
23/03/2026 23:43;450,0;460,2;10,0;0,0;-8,0;-9,0;36,5
23/03/2026 23:44;450,0;456,9;10,0;0,0;-8,0;-8,0;36,8
23/03/2026 23:45;450,0;452,5;10,0;0,0;-8,0;-9,0;36,0
23/03/2026 23:46;450,0;447,0;11,8;2,7;-8,0;-8,0;36,3
23/03/2026 23:47;450,0;443,8;17,0;6,2;-8,0;-8,0;36,3
23/03/2026 23:48;450,0;443,5;22,6;7,1;-8,0;-8,0;36,4
23/03/2026 23:49;450,0;448,1;25,0;3,4;-8,0;-7,0;37,1
23/03/2026 23:50;450,0;456,1;20,1;0,0;-8,0;-7,0;37,3
23/03/2026 23:51;450,0;460,7;10,5;0,0;-8,0;-8,0;36,8
23/03/2026 23:52;450,0;460,5;10,0;0,0;-8,0;-9,0;36,1
23/03/2026 23:53;450,0;458,4;10,0;0,0;-8,0;-8,0;36,3
23/03/2026 23:54;450,0;453,7;10,0;0,0;-8,0;-9,0;35,8
23/03/2026 23:55;450,0;447,9;10,7;1,7;-8,0;-8,0;36,1
23/03/2026 23:56;450,0;442,3;18,3;7,6;-8,0;-8,0;36,1
23/03/2026 23:57;450,0;440,8;26,0;9,9;-8,0;-6,0;37,0
23/03/2026 23:58;450,0;445,2;30,0;6,6;-8,0;-7,0;37,1
23/03/2026 23:59;450,0;454,3;25,7;0,0;-8,0;-7,0;37,5
24/03/2026 00:00;450,0;460,2;15,8;0,0;-8,0;-8,0;37,1
24/03/2026 00:01;450,0;461,3;10,0;0,0;-8,0;-9,0;36,6
24/03/2026 00:02;450,0;458,4;10,0;0,0;-8,0;-9,0;36,2
24/03/2026 00:03;450,0;454,6;10,0;0,0;-8,0;-9,0;35,9
24/03/2026 00:04;450,0;448,1;10,7;1,6;-8,0;-8,0;36,1
24/03/2026 00:05;450,0;442,9;17,2;6,9;-8,0;-8,0;36,1
24/03/2026 00:06;450,0;440,8;25,5;9,8;-8,0;-7,0;36,6
24/03/2026 00:07;450,0;444,3;30,4;7,4;-8,0;-6,0;37,5
24/03/2026 00:08;450,0;451,7;28,5;0,7;-8,0;-7,0;37,4
24/03/2026 00:09;450,0;459,0;20,9;0,0;-8,0;-8,0;37,1
24/03/2026 00:10;450,0;463,7;10,0;0,0;-8,0;-9,0;36,6
24/03/2026 00:11;450,0;462,2;10,0;0,0;-8,0;-9,0;36,3
24/03/2026 00:12;450,0;457,8;10,0;0,0;-8,0;-9,0;36,1
24/03/2026 00:13;450,0;453,4;10,0;0,0;-8,0;-8,0;36,4
24/03/2026 00:14;450,0;450,5;10,0;0,0;-8,0;-8,0;36,2
24/03/2026 00:15;450,0;448,4;11,0;1,5;-8,0;-8,0;36,0
24/03/2026 00:16;450,0;447,0;13,6;3,0;-8,0;-8,0;35,9
24/03/2026 00:17;450,0;445,5;17,7;4,8;-8,0;-8,0;36,0
24/03/2026 00:18;450,0;447,0;19,9;3,7;-8,0;-7,0;36,4
24/03/2026 00:19;450,0;451,4;18,8;0,0;-8,0;-7,0;36,2
24/03/2026 00:20;450,0;454,6;14,7;0,0;-8,0;-8,0;36,2
24/03/2026 00:21;450,0;454,3;10,8;0,0;-8,0;-8,0;36,2
24/03/2026 00:22;450,0;451,4;10,0;0,0;-8,0;-8,0;36,0
24/03/2026 00:23;450,0;448,4;10,6;1,4;-8,0;-9,0;35,6
24/03/2026 00:24;450,0;447,3;13,5;2,7;-8,0;-8,0;35,9
24/03/2026 00:25;450,0;447,0;16,1;3,3;-8,0;-8,0;35,9
24/03/2026 00:26;450,0;447,6;18,7;3,0;-8,0;-8,0;35,9
24/03/2026 00:27;450,0;452,2;17,0;0,0;-8,0;-8,0;35,9
24/03/2026 00:28;450,0;455,8;11,4;0,0;-8,0;-8,0;35,9
24/03/2026 00:29;450,0;456,1;10,0;0,0;-8,0;-8,0;35,9
24/03/2026 00:30;450,0;452,8;10,0;0,0;-8,0;-9,0;35,5
24/03/2026 00:31;450,0;448,1;11,3;1,7;-8,0;-8,0;35,6
24/03/2026 00:32;450,0;445,5;15,4;4,5;-8,0;-8,0;35,7
24/03/2026 00:33;450,0;445,2;19,7;5,3;-8,0;-7,0;36,0
24/03/2026 00:34;450,0;448,1;21,5;2,9;-8,0;-7,0;36,3
24/03/2026 00:35;450,0;451,7;19,9;0,0;-8,0;-8,0;35,9
24/03/2026 00:36;450,0;453,7;16,8;0,0;-8,0;-8,0;36,0
24/03/2026 00:37;450,0;452,8;14,5;0,0;-8,0;-8,0;36,0
24/03/2026 00:38;450,0;451,1;13,6;0,0;-8,0;-8,0;36,0
24/03/2026 00:39;450,0;448,1;15,3;2,2;-8,0;-8,0;36,0
24/03/2026 00:40;450,0;444,9;19,3;5,4;-8,0;-8,0;35,9
24/03/2026 00:41;450,0;445,5;23,4;5,5;-8,0;-7,0;36,7
24/03/2026 00:42;450,0;450,2;23,5;1,5;-8,0;-7,0;36,9
24/03/2026 00:43;450,0;456,6;17,9;0,0;-8,0;-8,0;36,7
24/03/2026 00:44;450,0;460,5;10,0;0,0;-8,0;-8,0;36,5
24/03/2026 00:45;450,0;460,2;10,0;0,0;-8,0;-9,0;36,3
24/03/2026 00:46;450,0;454,9;10,0;0,0;-8,0;-9,0;36,0
24/03/2026 00:47;450,0;449,3;10,2;0,6;-8,0;-9,0;35,6
24/03/2026 00:48;450,0;444,0;15,1;5,8;-8,0;-8,0;35,9
24/03/2026 00:49;450,0;443,2;21,4;7,2;-8,0;-7,0;36,3
24/03/2026 00:50;450,0;445,5;25,6;5,7;-8,0;-7,0;36,6
24/03/2026 00:51;450,0;451,7;24,7;0,3;-8,0;-7,0;37,0
24/03/2026 00:52;450,0;458,4;16,8;0,0;-8,0;-8,0;36,7
24/03/2026 00:53;450,0;460,2;10,0;0,0;-8,0;-9,0;36,2
24/03/2026 00:54;450,0;459,0;10,0;0,0;-8,0;-9,0;35,9
24/03/2026 00:55;450,0;456,6;10,0;0,0;-8,0;-8,0;36,1
24/03/2026 00:56;450,0;451,4;10,0;0,0;-8,0;-8,0;35,8
24/03/2026 00:57;450,0;446,4;12,4;3,3;-8,0;-8,0;35,8
24/03/2026 00:58;450,0;442,6;19,1;7,5;-8,0;-8,0;35,8
24/03/2026 00:59;450,0;444,0;24,4;6,9;-8,0;-7,0;36,4
24/03/2026 01:00;450,0;449,6;24,5;2,0;-8,0;-6,0;37,3
24/03/2026 01:01;450,0;454,9;20,4;0,0;-8,0;-8,0;36,6
24/03/2026 01:02;450,0;458,7;12,5;0,0;-8,0;-8,0;36,6
24/03/2026 01:03;450,0;456,6;10,0;0,0;-8,0;-9,0;35,9
24/03/2026 01:04;450,0;452,5;10,0;0,0;-8,0;-9,0;35,7
24/03/2026 01:05;450,0;448,7;10,4;1,1;-8,0;-8,0;35,8
24/03/2026 01:06;450,0;444,6;15,1;5,2;-8,0;-8,0;35,7
24/03/2026 01:07;450,0;441,1;22,5;9,1;-8,0;-7,0;36,0
24/03/2026 01:08;450,0;442,9;29,3;8,5;-8,0;-7,0;36,4
24/03/2026 01:09;450,0;449,0;30,5;3,2;-8,0;-6,0;37,3
24/03/2026 01:10;450,0;459,9;22,1;0,0;-8,0;-8,0;36,8
24/03/2026 01:11;450,0;465,4;10,0;0,0;-8,0;-9,0;36,3
24/03/2026 01:12;450,0;464,3;10,0;0,0;-8,0;-9,0;36,0
24/03/2026 01:13;450,0;459,9;10,0;0,0;-8,0;-9,0;35,9
24/03/2026 01:14;450,0;454,9;10,0;0,0;-8,0;-9,0;35,5
24/03/2026 01:15;450,0;449,6;10,0;0,2;-8,0;-8,0;35,7
24/03/2026 01:16;450,0;445,2;14,8;4,7;-8,0;-8,0;36,0
24/03/2026 01:17;450,0;444,0;19,9;6,4;-8,0;-8,0;36,1
24/03/2026 01:18;450,0;445,8;23,7;5,2;-8,0;-7,0;36,5
24/03/2026 01:19;450,0;451,4;22,6;0,3;-8,0;-8,0;36,4
24/03/2026 01:20;450,0;457,8;15,2;0,0;-8,0;-8,0;36,4
24/03/2026 01:21;450,0;458,7;10,0;0,0;-8,0;-8,0;36,4
24/03/2026 01:22;450,0;456,9;10,0;0,0;-8,0;-9,0;35,6
24/03/2026 01:23;450,0;452,5;10,0;0,0;-8,0;-9,0;35,5
24/03/2026 01:24;450,0;448,7;10,6;1,2;-8,0;-8,0;35,6
24/03/2026 01:25;450,0;444,6;15,1;5,2;-8,0;-8,0;35,7
24/03/2026 01:26;450,0;443,5;20,5;6,8;-8,0;-7,0;36,3
24/03/2026 01:27;450,0;446,4;23,9;4,7;-8,0;-7,0;36,5
24/03/2026 01:28;450,0;452,2;22,1;0,0;-8,0;-7,0;36,6
24/03/2026 01:29;450,0;457,2;15,6;0,0;-8,0;-8,0;36,4
24/03/2026 01:30;450,0;459,0;10,0;0,0;-8,0;-9,0;35,9
24/03/2026 01:31;450,0;458,7;10,0;0,0;-8,0;-8,0;36,1
24/03/2026 01:32;450,0;456,4;10,0;0,0;-8,0;-9,0;35,8
24/03/2026 01:33;450,0;451,7;10,0;0,0;-8,0;-8,0;36,0
24/03/2026 01:34;450,0;446,4;12,2;3,3;-8,0;-8,0;36,0
24/03/2026 01:35;450,0;443,5;18,0;6,5;-8,0;-8,0;36,0
24/03/2026 01:36;450,0;443,2;23,9;7,5;-8,0;-7,0;36,5
24/03/2026 01:37;450,0;447,3;26,4;4,2;-8,0;-7,0;36,8
24/03/2026 01:38;450,0;455,2;23,2;0,0;-8,0;-8,0;36,8
24/03/2026 01:39;450,0;461,9;13,2;0,0;-8,0;-9,0;36,4
24/03/2026 01:40;450,0;461,9;10,0;0,0;-8,0;-9,0;36,0
24/03/2026 01:41;450,0;458,4;10,0;0,0;-8,0;-8,0;36,3
24/03/2026 01:42;450,0;454,0;10,0;0,0;-8,0;-9,0;35,8
24/03/2026 01:43;450,0;448,4;10,6;1,4;-8,0;-9,0;35,7
24/03/2026 01:44;450,0;445,2;14,9;4,8;-8,0;-8,0;36,0
24/03/2026 01:45;450,0;444,0;20,2;6,4;-8,0;-8,0;35,9
24/03/2026 01:46;450,0;446,7;23,0;4,4;-8,0;-7,0;36,4
24/03/2026 01:47;450,0;452,8;20,8;0,0;-8,0;-7,0;36,9
24/03/2026 01:48;450,0;459,3;12,7;0,0;-8,0;-8,0;36,5
24/03/2026 01:49;450,0;460,7;10,0;0,0;-8,0;-9,0;35,9
24/03/2026 01:50;450,0;459,0;10,0;0,0;-8,0;-8,0;36,0
24/03/2026 01:51;450,0;455,8;10,0;0,0;-8,0;-9,0;35,5
24/03/2026 01:52;450,0;451,4;10,0;0,0;-8,0;-9,0;35,4
24/03/2026 01:53;450,0;446,4;12,4;3,3;-8,0;-8,0;35,7
24/03/2026 01:54;450,0;443,5;18,0;6,5;-8,0;-8,0;35,7
24/03/2026 01:55;450,0;442,9;24,2;7,8;-8,0;-7,0;36,3
24/03/2026 01:56;450,0;447,6;26,6;3,9;-8,0;-7,0;36,6
24/03/2026 01:57;450,0;456,6;21,7;0,0;-8,0;-8,0;36,5
24/03/2026 01:58;450,0;464,0;10,0;0,0;-8,0;-9,0;36,0
24/03/2026 01:59;450,0;464,0;10,0;0,0;-8,0;-9,0;35,7
24/03/2026 02:00;450,0;460,7;10,0;0,0;-8,0;-9,0;35,6
24/03/2026 02:01;450,0;457,5;10,0;0,0;-8,0;-8,0;35,8
24/03/2026 02:02;450,0;453,1;10,0;0,0;-8,0;-8,0;35,7
24/03/2026 02:03;450,0;448,1;10,7;1,7;-8,0;-8,0;35,6
24/03/2026 02:04;450,0;445,5;14,8;4,5;-8,0;-8,0;35,6
24/03/2026 02:05;450,0;442,9;20,7;7,4;-8,0;-8,0;35,6
24/03/2026 02:06;450,0;443,5;27,4;7,6;-8,0;-7,0;36,3
24/03/2026 02:07;450,0;449,3;28,2;2,7;-8,0;-7,0;36,6
24/03/2026 02:08;450,0;458,7;20,5;0,0;-8,0;-8,0;36,5
24/03/2026 02:09;450,0;466,0;10,0;0,0;-8,0;-8,0;36,3
24/03/2026 02:10;450,0;464,8;10,0;0,0;-8,0;-9,0;35,7
24/03/2026 02:11;450,0;461,3;10,0;0,0;-8,0;-8,0;35,9
24/03/2026 02:12;450,0;456,4;10,0;0,0;-8,0;-9,0;35,4
24/03/2026 02:13;450,0;453,1;10,0;0,0;-8,0;-9,0;35,1
24/03/2026 02:14;450,0;448,4;10,7;1,4;-8,0;-8,0;35,4
24/03/2026 02:15;450,0;444,6;15,4;5,3;-8,0;-8,0;35,4
24/03/2026 02:16;450,0;444,0;20,6;6,4;-8,0;-8,0;35,4
24/03/2026 02:17;450,0;445,5;24,5;5,6;-8,0;-7,0;36,2
24/03/2026 02:18;450,0;450,5;23,8;1,2;-8,0;-7,0;36,5
24/03/2026 02:19;450,0;457,2;17,4;0,0;-8,0;-8,0;36,4
24/03/2026 02:20;450,0;459,6;10,0;0,0;-8,0;-9,0;36,1
24/03/2026 02:21;450,0;456,4;10,0;0,0;-8,0;-8,0;36,1
24/03/2026 02:22;450,0;450,8;10,0;0,0;-8,0;-8,0;35,9
24/03/2026 02:23;450,0;445,8;13,0;3,9;-8,0;-8,0;35,8
24/03/2026 02:24;450,0;441,7;20,8;8,5;-8,0;-8,0;35,8
24/03/2026 02:25;450,0;443,2;27,1;7,9;-8,0;-7,0;36,4
24/03/2026 02:26;450,0;451,1;26,6;1,1;-8,0;-7,0;36,7
24/03/2026 02:27;450,0;458,1;19,6;0,0;-8,0;-8,0;36,7
24/03/2026 02:28;450,0;461,3;10,1;0,0;-8,0;-8,0;36,6
24/03/2026 02:29;450,0;458,7;10,0;0,0;-8,0;-9,0;35,9
24/03/2026 02:30;450,0;453,4;10,0;0,0;-8,0;-9,0;35,6
24/03/2026 02:31;450,0;448,7;10,8;1,2;-8,0;-9,0;35,5
24/03/2026 02:32;450,0;444,6;15,2;5,2;-8,0;-8,0;35,9
24/03/2026 02:33;450,0;443,2;21,3;7,2;-8,0;-7,0;36,2
24/03/2026 02:34;450,0;445,5;25,5;5,8;-8,0;-6,0;37,2
24/03/2026 02:35;450,0;453,1;22,9;0,0;-8,0;-7,0;37,1
24/03/2026 02:36;450,0;458,4;15,1;0,0;-8,0;-8,0;36,8
24/03/2026 02:37;450,0;459,3;10,0;0,0;-8,0;-9,0;36,1
24/03/2026 02:38;450,0;457,5;10,0;0,0;-8,0;-9,0;35,9
24/03/2026 02:39;450,0;452,8;10,0;0,0;-8,0;-9,0;35,6
24/03/2026 02:40;450,0;446,7;11,9;2,9;-8,0;-8,0;35,9
24/03/2026 02:41;450,0;441,7;18,8;8,2;-8,0;-8,0;35,8
24/03/2026 02:42;450,0;440,5;27,0;10,3;-8,0;-7,0;36,4
24/03/2026 02:43;450,0;444,9;31,5;6,9;-8,0;-6,0;37,4
24/03/2026 02:44;450,0;454,6;28,0;0,0;-8,0;-7,0;37,4
24/03/2026 02:45;450,0;462,2;16,8;0,0;-8,0;-8,0;37,1
24/03/2026 02:46;450,0;461,0;10,0;0,0;-8,0;-9,0;36,6
24/03/2026 02:47;450,0;457,5;10,0;0,0;-8,0;-9,0;36,1
24/03/2026 02:48;450,0;452,2;10,0;0,0;-8,0;-9,0;35,8
24/03/2026 02:49;450,0;446,4;12,5;3,4;-8,0;-8,0;36,1
24/03/2026 02:50;450,0;443,5;18,6;6,6;-8,0;-7,0;36,6
24/03/2026 02:51;450,0;443,5;24,0;7,2;-8,0;-8,0;36,4
24/03/2026 02:52;450,0;450,2;24,8;1,7;-8,0;-7,0;37,1
24/03/2026 02:53;450,0;458,4;17,4;0,0;-8,0;-8,0;36,8
24/03/2026 02:54;450,0;460,5;10,0;0,0;-8,0;-9,0;36,2
24/03/2026 02:55;450,0;459,3;10,0;0,0;-8,0;-9,0;36,0
24/03/2026 02:56;450,0;454,6;10,0;0,0;-8,0;-9,0;35,6
24/03/2026 02:57;450,0;449,9;10,0;0,0;-8,0;-8,0;35,8
24/03/2026 02:58;450,0;445,2;14,3;4,6;-8,0;-8,0;35,7
24/03/2026 02:59;450,0;442,0;21,4;8,3;-8,0;-8,0;35,6
24/03/2026 03:00;450,0;444,6;26,2;6,6;-8,0;-7,0;36,4
24/03/2026 03:01;450,0;452,8;23,9;0,0;-8,0;-8,0;36,3
24/03/2026 03:02;450,0;459,0;15,3;0,0;-8,0;-8,0;36,4
24/03/2026 03:03;450,0;459,3;10,0;0,0;-8,0;-9,0;35,8
24/03/2026 03:04;450,0;456,1;10,0;0,0;-8,0;-8,0;35,9
24/03/2026 03:05;450,0;452,8;10,0;0,0;-8,0;-8,0;35,9
24/03/2026 03:06;450,0;447,9;10,7;1,8;-8,0;-8,0;35,8
24/03/2026 03:07;450,0;443,5;16,4;6,3;-8,0;-8,0;35,8
24/03/2026 03:08;450,0;440,5;24,8;10,0;-8,0;-7,0;36,4
24/03/2026 03:09;450,0;442,0;31,7;9,6;-8,0;-6,0;37,4
24/03/2026 03:10;450,0;448,4;33,1;4,1;-8,0;-7,0;37,2
24/03/2026 03:11;450,0;455,8;28,4;0,0;-8,0;-7,0;37,7
24/03/2026 03:12;450,0;461,9;18,1;0,0;-8,0;-8,0;37,5
24/03/2026 03:13;450,0;464,6;10,0;0,0;-8,0;-9,0;36,9
24/03/2026 03:14;450,0;461,9;10,0;0,0;-8,0;-9,0;36,6
24/03/2026 03:15;450,0;458,4;10,0;0,0;-8,0;-9,0;36,4
24/03/2026 03:16;450,0;455,2;10,0;0,0;-8,0;-9,0;36,1
24/03/2026 03:17;450,0;451,7;10,0;0,0;-8,0;-9,0;35,7
24/03/2026 03:18;450,0;448,7;10,7;1,2;-8,0;-9,0;35,6
24/03/2026 03:19;450,0;446,4;13,5;3,5;-8,0;-8,0;35,9
24/03/2026 03:20;450,0;446,4;16,7;3,8;-8,0;-8,0;35,9
24/03/2026 03:21;450,0;447,6;19,2;3,1;-8,0;-7,0;36,4
24/03/2026 03:22;450,0;450,8;18,5;0,3;-8,0;-8,0;36,2
24/03/2026 03:23;450,0;454,0;14,9;0,0;-8,0;-8,0;36,2
24/03/2026 03:24;450,0;455,5;10,1;0,0;-8,0;-8,0;36,2
24/03/2026 03:25;450,0;453,7;10,0;0,0;-8,0;-8,0;35,9
24/03/2026 03:26;450,0;450,5;10,0;0,0;-8,0;-9,0;35,4
24/03/2026 03:27;450,0;447,3;12,2;2,6;-8,0;-8,0;35,7
24/03/2026 03:28;450,0;443,2;18,5;6,9;-8,0;-8,0;35,7
24/03/2026 03:29;450,0;442,9;24,4;7,8;-8,0;-7,0;36,3
24/03/2026 03:30;450,0;446,1;27,7;5,4;-8,0;-7,0;36,6
24/03/2026 03:31;450,0;451,4;26,3;0,7;-8,0;-7,0;36,9
24/03/2026 03:32;450,0;458,1;19,3;0,0;-8,0;-8,0;36,8
24/03/2026 03:33;450,0;461,6;10,0;0,0;-8,0;-8,0;36,6
24/03/2026 03:34;450,0;459,9;10,0;0,0;-8,0;-8,0;36,4
24/03/2026 03:35;450,0;455,5;10,0;0,0;-8,0;-8,0;36,3
24/03/2026 03:36;450,0;450,8;10,0;0,0;-8,0;-8,0;36,1
24/03/2026 03:37;450,0;446,7;12,3;3,1;-8,0;-8,0;36,2
24/03/2026 03:38;450,0;443,5;17,5;6,5;-8,0;-8,0;36,1
24/03/2026 03:39;450,0;442,3;24,2;8,4;-8,0;-7,0;36,5
24/03/2026 03:40;450,0;447,0;27,4;4,7;-8,0;-7,0;36,9
24/03/2026 03:41;450,0;457,8;21,2;0,0;-8,0;-8,0;36,9
24/03/2026 03:42;450,0;464,0;10,0;0,0;-8,0;-9,0;36,4
24/03/2026 03:43;450,0;463,1;10,0;0,0;-8,0;-9,0;36,0
24/03/2026 03:44;450,0;457,8;10,0;0,0;-8,0;-9,0;35,8
24/03/2026 03:45;450,0;451,7;10,0;0,0;-8,0;-9,0;35,5
24/03/2026 03:46;450,0;446,7;12,1;3,0;-8,0;-8,0;35,8
24/03/2026 03:47;450,0;442,0;19,9;8,1;-8,0;-8,0;35,8
24/03/2026 03:48;450,0;442,0;26,7;8,9;-8,0;-7,0;36,4
24/03/2026 03:49;450,0;446,4;29,7;5,5;-8,0;-7,0;36,7
24/03/2026 03:50;450,0;454,3;25,8;0,0;-8,0;-7,0;37,1
24/03/2026 03:51;450,0;461,9;14,7;0,0;-8,0;-8,0;36,8
24/03/2026 03:52;450,0;461,9;10,0;0,0;-8,0;-8,0;36,5
24/03/2026 03:53;450,0;458,7;10,0;0,0;-8,0;-9,0;36,1
24/03/2026 03:54;450,0;454,3;10,0;0,0;-8,0;-9,0;35,8
24/03/2026 03:55;450,0;449,9;10,0;0,0;-8,0;-8,0;35,9
24/03/2026 03:56;450,0;444,9;14,5;4,8;-8,0;-8,0;35,7
24/03/2026 03:57;450,0;443,8;20,2;6,6;-8,0;-8,0;35,8
24/03/2026 03:58;450,0;445,5;24,1;5,5;-8,0;-7,0;36,4
24/03/2026 03:59;450,0;451,4;23,0;0,3;-8,0;-7,0;36,6
24/03/2026 04:00;450,0;457,2;16,9;0,0;-8,0;-8,0;36,2
24/03/2026 04:01;450,0;458,7;10,0;0,0;-8,0;-9,0;35,7
24/03/2026 04:02;450,0;457,2;10,0;0,0;-8,0;-8,0;35,8
24/03/2026 04:03;450,0;454,3;10,0;0,0;-8,0;-9,0;35,1
24/03/2026 04:04;450,0;449,9;10,0;0,0;-8,0;-9,0;34,8
24/03/2026 04:05;450,0;445,2;13,8;4,6;-8,0;-8,0;35,1
24/03/2026 04:06;450,0;442,9;19,8;7,3;-8,0;-7,0;35,6
24/03/2026 04:07;450,0;443,5;25,5;7,4;-8,0;-7,0;35,9
24/03/2026 04:08;450,0;447,0;28,6;4,8;-8,0;-6,0;36,8
24/03/2026 04:09;450,0;452,8;26,2;0,0;-8,0;-7,0;36,7
24/03/2026 04:10;450,0;457,8;20,3;0,0;-8,0;-8,0;36,5
24/03/2026 04:11;450,0;459,6;11,8;0,0;-8,0;-9,0;36,1
24/03/2026 04:12;450,0;457,8;10,0;0,0;-8,0;-9,0;35,7
24/03/2026 04:13;450,0;454,6;10,0;0,0;-8,0;-9,0;35,4
24/03/2026 04:14;450,0;451,4;10,0;0,0;-8,0;-9,0;35,2
24/03/2026 04:15;450,0;447,0;12,1;2,8;-8,0;-8,0;35,3
24/03/2026 04:16;450,0;444,0;17,7;6,1;-8,0;-8,0;35,4
24/03/2026 04:17;450,0;445,8;21,7;5,0;-8,0;-8,0;35,6
24/03/2026 04:18;450,0;450,2;21,0;1,1;-8,0;-8,0;35,7
24/03/2026 04:19;450,0;454,9;16,9;0,0;-8,0;-8,0;35,7
24/03/2026 04:20;450,0;457,8;10,0;0,0;-8,0;-8,0;35,5
24/03/2026 04:21;450,0;454,9;10,0;0,0;-8,0;-9,0;34,9
24/03/2026 04:22;450,0;450,2;10,0;0,0;-8,0;-8,0;35,1
24/03/2026 04:23;450,0;444,6;14,9;5,2;-8,0;-8,0;35,1
24/03/2026 04:24;450,0;442,0;21,8;8,4;-8,0;-7,0;35,8
24/03/2026 04:25;450,0;443,5;26,9;7,5;-8,0;-7,0;36,2
24/03/2026 04:26;450,0;447,6;28,9;4,2;-8,0;-7,0;36,5
24/03/2026 04:27;450,0;456,6;24,1;0,0;-8,0;-7,0;36,8
24/03/2026 04:28;450,0;463,7;12,0;0,0;-8,0;-9,0;36,1
24/03/2026 04:29;450,0;464,0;10,0;0,0;-8,0;-9,0;35,8
24/03/2026 04:30;450,0;459,3;10,0;0,0;-8,0;-9,0;35,5
24/03/2026 04:31;450,0;454,9;10,0;0,0;-8,0;-9,0;35,3
24/03/2026 04:32;450,0;449,6;10,0;0,2;-8,0;-9,0;35,0
24/03/2026 04:33;450,0;444,9;14,2;4,9;-8,0;-8,0;35,5
24/03/2026 04:34;450,0;442,3;20,6;7,9;-8,0;-8,0;35,5
24/03/2026 04:35;450,0;443,5;26,8;7,6;-8,0;-7,0;36,1
24/03/2026 04:36;450,0;449,6;27,7;2,3;-8,0;-7,0;36,4
24/03/2026 04:37;450,0;456,6;21,5;0,0;-8,0;-8,0;36,3
24/03/2026 04:38;450,0;461,6;10,9;0,0;-8,0;-8,0;36,1
24/03/2026 04:39;450,0;463,1;10,0;0,0;-8,0;-8,0;35,9
24/03/2026 04:40;450,0;459,9;10,0;0,0;-8,0;-9,0;35,5
24/03/2026 04:41;450,0;454,3;10,0;0,0;-8,0;-8,0;35,7
24/03/2026 04:42;450,0;449,0;10,4;0,9;-8,0;-9,0;35,2
24/03/2026 04:43;450,0;443,2;16,2;6,3;-8,0;-8,0;35,4
24/03/2026 04:44;450,0;443,5;22,8;7,2;-8,0;-7,0;35,9
24/03/2026 04:45;450,0;448,4;24,4;3,1;-8,0;-7,0;36,2
24/03/2026 04:46;450,0;454,6;20,6;0,0;-8,0;-8,0;36,0
24/03/2026 04:47;450,0;461,0;11,0;0,0;-8,0;-8,0;36,0
24/03/2026 04:48;450,0;461,9;10,0;0,0;-8,0;-8,0;35,7
24/03/2026 04:49;450,0;459,3;10,0;0,0;-8,0;-9,0;35,1
24/03/2026 04:50;450,0;454,3;10,0;0,0;-8,0;-8,0;35,2
24/03/2026 04:51;450,0;447,9;10,9;1,8;-8,0;-8,0;35,1
24/03/2026 04:52;450,0;442,6;17,2;7,3;-8,0;-8,0;35,2
24/03/2026 04:53;450,0;442,3;23,7;8,3;-8,0;-7,0;35,7
24/03/2026 04:54;450,0;444,6;28,3;6,8;-8,0;-7,0;36,1
24/03/2026 04:55;450,0;449,3;28,9;2,8;-8,0;-6,0;37,0
24/03/2026 04:56;450,0;454,6;25,6;0,0;-8,0;-7,0;36,9
24/03/2026 04:57;450,0;461,6;16,1;0,0;-8,0;-8,0;36,7
24/03/2026 04:58;450,0;462,8;10,0;0,0;-8,0;-9,0;36,0
24/03/2026 04:59;450,0;459,6;10,0;0,0;-8,0;-9,0;35,7
24/03/2026 05:00;450,0;456,4;10,0;0,0;-8,0;-8,0;35,9
24/03/2026 05:01;450,0;451,7;10,0;0,0;-8,0;-8,0;35,6
24/03/2026 05:02;450,0;448,1;11,4;1,7;-8,0;-8,0;35,3
24/03/2026 05:03;450,0;445,2;15,8;4,9;-8,0;-8,0;35,3
24/03/2026 05:04;450,0;444,3;20,7;6,2;-8,0;-8,0;35,3
24/03/2026 05:05;450,0;445,2;24,8;5,9;-8,0;-7,0;36,1
24/03/2026 05:06;450,0;450,2;24,4;1,6;-8,0;-7,0;36,4
24/03/2026 05:07;450,0;455,5;18,9;0,0;-8,0;-8,0;36,0
24/03/2026 05:08;450,0;456,4;13,2;0,0;-8,0;-8,0;36,1
24/03/2026 05:09;450,0;453,7;10,0;0,0;-8,0;-9,0;35,4
24/03/2026 05:10;450,0;450,8;10,0;0,0;-8,0;-9,0;35,3
24/03/2026 05:11;450,0;447,0;12,4;2,9;-8,0;-8,0;35,7
24/03/2026 05:12;450,0;443,2;18,1;6,8;-8,0;-8,0;35,7
24/03/2026 05:13;450,0;442,3;24,9;8,4;-8,0;-7,0;36,3
24/03/2026 05:14;450,0;444,6;30,0;7,0;-8,0;-7,0;36,6
24/03/2026 05:15;450,0;456,1;25,3;0,0;-8,0;-7,0;36,9
24/03/2026 05:16;450,0;464,0;13,0;0,0;-8,0;-8,0;36,6
24/03/2026 05:17;450,0;464,3;10,0;0,0;-8,0;-9,0;35,9
24/03/2026 05:18;450,0;461,0;10,0;0,0;-8,0;-9,0;35,6
24/03/2026 05:19;450,0;457,2;10,0;0,0;-8,0;-9,0;35,2
24/03/2026 05:20;450,0;453,1;10,0;0,0;-8,0;-8,0;35,4
24/03/2026 05:21;450,0;447,3;11,5;2,4;-8,0;-8,0;35,4
24/03/2026 05:22;450,0;442,9;17,5;7,0;-8,0;-8,0;35,4
24/03/2026 05:23;450,0;442,9;23,5;7,7;-8,0;-7,0;36,1
24/03/2026 05:24;450,0;447,0;26,8;4,6;-8,0;-7,0;36,4
24/03/2026 05:25;450,0;453,4;24,3;0,0;-8,0;-7,0;36,7
24/03/2026 05:26;450,0;458,1;17,1;0,0;-8,0;-8,0;36,5
24/03/2026 05:27;450,0;457,5;10,0;0,0;-8,0;-9,0;36,2
24/03/2026 05:28;450,0;454,6;10,0;0,0;-8,0;-9,0;35,9
24/03/2026 05:29;450,0;449,0;10,2;0,8;-8,0;-9,0;35,6
24/03/2026 05:30;450,0;446,1;14,2;3,8;-8,0;-8,0;36,0
24/03/2026 05:31;450,0;444,6;19,2;5,7;-8,0;-8,0;36,0
24/03/2026 05:32;450,0;445,8;23,2;5,2;-8,0;-7,0;36,4
24/03/2026 05:33;450,0;451,7;22,2;0,1;-8,0;-8,0;36,4
24/03/2026 05:34;450,0;459,6;13,6;0,0;-8,0;-8,0;36,3
24/03/2026 05:35;450,0;461,6;10,0;0,0;-8,0;-9,0;35,8
24/03/2026 05:36;450,0;461,3;10,0;0,0;-8,0;-9,0;35,6
24/03/2026 05:37;450,0;458,4;10,0;0,0;-8,0;-9,0;35,5
24/03/2026 05:38;450,0;454,9;10,0;0,0;-8,0;-8,0;35,7
24/03/2026 05:39;450,0;450,8;10,0;0,0;-8,0;-9,0;35,5
24/03/2026 05:40;450,0;447,0;12,0;2,8;-8,0;-8,0;35,4
24/03/2026 05:41;450,0;444,0;17,5;6,1;-8,0;-7,0;35,8
24/03/2026 05:42;450,0;444,3;22,3;6,4;-8,0;-6,0;36,8
24/03/2026 05:43;450,0;450,5;22,1;1,0;-8,0;-8,0;36,2
24/03/2026 05:44;450,0;457,5;15,7;0,0;-8,0;-8,0;36,2
24/03/2026 05:45;450,0;459,9;10,0;0,0;-8,0;-9,0;35,7
24/03/2026 05:46;450,0;460,5;10,0;0,0;-8,0;-9,0;35,5
24/03/2026 05:47;450,0;456,1;10,0;0,0;-8,0;-9,0;35,5
24/03/2026 05:48;450,0;452,0;10,0;0,0;-8,0;-9,0;35,2
24/03/2026 05:49;450,0;447,6;11,2;2,1;-8,0;-8,0;35,6
24/03/2026 05:50;450,0;443,5;17,9;6,5;-8,0;-8,0;35,6
24/03/2026 05:51;450,0;443,8;23,9;7,1;-8,0;-7,0;36,2
24/03/2026 05:52;450,0;449,3;24,1;2,2;-8,0;-7,0;36,7
24/03/2026 05:53;450,0;457,5;17,2;0,0;-8,0;-8,0;36,4
24/03/2026 05:54;450,0;461,0;10,0;0,0;-8,0;-9,0;35,9
24/03/2026 05:55;450,0;457,8;10,0;0,0;-8,0;-8,0;36,0
24/03/2026 05:56;450,0;451,7;10,0;0,0;-8,0;-7,0;36,4
24/03/2026 05:57;450,0;447,0;12,0;2,8;-8,0;-8,0;36,0
24/03/2026 05:58;450,0;443,8;17,4;6,3;-8,0;-8,0;36,0
24/03/2026 05:59;450,0;445,2;21,5;5,5;-8,0;-7,0;36,5
24/03/2026 06:00;450,0;449,9;21,7;1,5;-8,0;-8,0;36,3
24/03/2026 06:01;450,0;454,6;17,1;0,0;-8,0;-7,0;36,7
24/03/2026 06:02;450,0;458,7;10,0;0,0;-8,0;-9,0;36,0
24/03/2026 06:03;450,0;458,4;10,0;0,0;-8,0;-9,0;35,6
24/03/2026 06:04;450,0;454,6;10,0;0,0;-8,0;-8,0;35,9
24/03/2026 06:05;450,0;451,4;10,0;0,0;-8,0;-8,0;35,8
24/03/2026 06:06;450,0;446,7;11,9;2,9;-8,0;-8,0;35,7
24/03/2026 06:07;450,0;443,5;17,8;6,5;-8,0;-8,0;35,7
24/03/2026 06:08;450,0;441,7;24,9;8,9;-8,0;-7,0;36,2
24/03/2026 06:09;450,0;447,6;27,5;4,4;-8,0;-7,0;36,5
24/03/2026 06:10;450,0;456,9;22,2;0,0;-8,0;-8,0;36,3
24/03/2026 06:11;450,0;461,6;11,8;0,0;-8,0;-8,0;36,5
24/03/2026 06:12;450,0;460,2;10,0;0,0;-8,0;-9,0;35,9
24/03/2026 06:13;450,0;455,5;10,0;0,0;-8,0;-9,0;35,6
24/03/2026 06:14;450,0;449,9;10,0;0,0;-8,0;-9,0;35,3
24/03/2026 06:15;450,0;444,9;14,3;4,8;-8,0;-8,0;35,6
24/03/2026 06:16;450,0;443,2;20,5;7,1;-8,0;-7,0;36,3
24/03/2026 06:17;450,0;444,3;25,7;6,8;-8,0;-7,0;36,6
24/03/2026 06:18;450,0;451,1;24,9;0,9;-8,0;-7,0;36,9
24/03/2026 06:19;450,0;458,4;16,9;0,0;-8,0;-8,0;36,5
24/03/2026 06:20;450,0;458,7;10,0;0,0;-8,0;-9,0;35,9
24/03/2026 06:21;450,0;456,1;10,0;0,0;-8,0;-9,0;35,9
24/03/2026 06:22;450,0;451,1;10,0;0,0;-8,0;-9,0;35,8
24/03/2026 06:23;450,0;446,1;13,0;3,7;-8,0;-8,0;35,9
24/03/2026 06:24;450,0;442,6;19,0;7,4;-8,0;-8,0;36,0
24/03/2026 06:25;450,0;444,6;24,0;6,3;-8,0;-7,0;36,4
24/03/2026 06:26;450,0;449,9;24,1;1,7;-8,0;-7,0;36,9
24/03/2026 06:27;450,0;456,1;19,1;0,0;-8,0;-8,0;36,7
24/03/2026 06:28;450,0;458,4;11,6;0,0;-8,0;-9,0;36,3
24/03/2026 06:29;450,0;456,4;10,0;0,0;-8,0;-9,0;35,9
24/03/2026 06:30;450,0;452,2;10,0;0,0;-8,0;-8,0;35,9
24/03/2026 06:31;450,0;448,7;10,4;1,1;-8,0;-9,0;35,5
24/03/2026 06:32;450,0;444,6;15,0;5,2;-8,0;-8,0;35,8
24/03/2026 06:33;450,0;442,3;21,6;8,1;-8,0;-8,0;35,8
24/03/2026 06:34;450,0;443,8;27,6;7,4;-8,0;-7,0;36,5
24/03/2026 06:35;450,0;452,2;26,8;0,1;-8,0;-6,0;37,6
24/03/2026 06:36;450,0;460,7;17,9;0,0;-8,0;-8,0;37,0
24/03/2026 06:37;450,0;464,0;10,0;0,0;-8,0;-9,0;36,3
24/03/2026 06:38;450,0;462,5;10,0;0,0;-8,0;-8,0;36,4
24/03/2026 06:39;450,0;457,5;10,0;0,0;-8,0;-9,0;35,7
24/03/2026 06:40;450,0;452,5;10,0;0,0;-8,0;-8,0;36,0
24/03/2026 06:41;450,0;447,9;11,0;1,8;-8,0;-9,0;35,5
24/03/2026 06:42;450,0;444,3;16,2;5,7;-8,0;-8,0;35,7
24/03/2026 06:43;450,0;443,5;21,9;7,0;-8,0;-7,0;36,1
24/03/2026 06:44;450,0;447,3;24,8;4,1;-8,0;-7,0;36,4
24/03/2026 06:45;450,0;456,4;19,3;0,0;-8,0;-7,0;36,8
24/03/2026 06:46;450,0;462,5;10,0;0,0;-8,0;-9,0;36,0
24/03/2026 06:47;450,0;462,2;10,0;0,0;-8,0;-9,0;35,8
24/03/2026 06:48;450,0;458,4;10,0;0,0;-8,0;-8,0;35,8
24/03/2026 06:49;450,0;454,3;10,0;0,0;-8,0;-8,0;35,7
24/03/2026 06:50;450,0;449,3;10,0;0,5;-8,0;-8,0;35,8
24/03/2026 06:51;450,0;443,5;15,8;6,3;-8,0;-8,0;35,7
24/03/2026 06:52;450,0;441,1;23,3;9,3;-8,0;-7,0;36,1
24/03/2026 06:53;450,0;444,9;28,2;6,5;-8,0;-7,0;36,5
24/03/2026 06:54;450,0;450,8;27,2;1,2;-8,0;-7,0;36,8
24/03/2026 06:55;450,0;459,0;20,1;0,0;-8,0;-8,0;36,9
24/03/2026 06:56;450,0;461,6;10,0;0,0;-8,0;-9,0;36,3
24/03/2026 06:57;450,0;459,0;10,0;0,0;-8,0;-9,0;35,9
24/03/2026 06:58;450,0;455,5;10,0;0,0;-8,0;-8,0;36,1
24/03/2026 06:59;450,0;452,2;10,0;0,0;-8,0;-8,0;35,9
24/03/2026 07:00;450,0;448,7;10,5;1,2;-8,0;-9,0;35,4
24/03/2026 07:01;450,0;445,2;14,8;4,8;-8,0;-8,0;35,3
24/03/2026 07:02;450,0;444,3;19,5;6,0;-8,0;-8,0;35,5
24/03/2026 07:03;450,0;444,3;24,2;6,6;-8,0;-7,0;36,1
24/03/2026 07:04;450,0;448,7;25,5;2,9;-8,0;-6,0;36,8
24/03/2026 07:05;450,0;456,4;19,6;0,0;-8,0;-8,0;36,3
24/03/2026 07:06;450,0;459,9;10,2;0,0;-8,0;-9,0;35,8
24/03/2026 07:07;450,0;460,2;10,0;0,0;-8,0;-9,0;35,6
24/03/2026 07:08;450,0;458,7;10,0;0,0;-8,0;-9,0;35,3
24/03/2026 07:09;450,0;454,9;10,0;0,0;-8,0;-8,0;35,5
24/03/2026 07:10;450,0;448,7;10,2;1,0;-8,0;-9,0;34,8
24/03/2026 07:11;450,0;443,5;16,1;6,3;-8,0;-8,0;35,2
24/03/2026 07:12;450,0;440,5;24,0;9,9;-8,0;-7,0;35,8
24/03/2026 07:13;450,0;442,0;31,1;9,4;-8,0;-6,0;36,6
24/03/2026 07:14;450,0;451,1;31,1;1,6;-8,0;-5,0;37,8
24/03/2026 07:15;450,0;462,2;20,2;0,0;-8,0;-8,0;37,0
24/03/2026 07:16;450,0;464,6;10,0;0,0;-8,0;-8,0;36,9
24/03/2026 07:17;450,0;460,5;10,0;0,0;-8,0;-9,0;36,0
24/03/2026 07:18;450,0;455,8;10,0;0,0;-8,0;-9,0;35,8
24/03/2026 07:19;450,0;450,5;10,0;0,0;-8,0;-8,0;36,1
24/03/2026 07:20;450,0;446,1;12,9;3,6;-8,0;-8,0;35,9
24/03/2026 07:21;450,0;443,8;18,7;6,4;-8,0;-8,0;36,0
24/03/2026 07:22;450,0;444,6;23,5;6,2;-8,0;-7,0;36,6
24/03/2026 07:23;450,0;451,7;23,0;0,1;-8,0;-8,0;36,5
24/03/2026 07:24;450,0;459,6;15,4;0,0;-8,0;-9,0;36,5
24/03/2026 07:25;450,0;461,9;10,0;0,0;-8,0;-9,0;36,0
24/03/2026 07:26;450,0;459,0;10,0;0,0;-8,0;-9,0;35,8
24/03/2026 07:27;450,0;454,6;10,0;0,0;-8,0;-9,0;35,5
24/03/2026 07:28;450,0;449,0;10,3;0,9;-8,0;-7,0;36,1
24/03/2026 07:29;450,0;444,9;14,7;4,9;-8,0;-8,0;35,9
24/03/2026 07:30;450,0;443,5;20,7;6,8;-8,0;-8,0;35,9
24/03/2026 07:31;450,0;444,9;25,5;6,2;-8,0;-7,0;36,6
24/03/2026 07:32;450,0;451,4;23,8;0,4;-8,0;-7,0;36,9
24/03/2026 07:33;450,0;459,0;15,4;0,0;-8,0;-7,0;37,0
24/03/2026 07:34;450,0;461,6;10,0;0,0;-8,0;-8,0;36,7
24/03/2026 07:35;450,0;458,4;10,0;0,0;-8,0;-9,0;35,9
24/03/2026 07:36;450,0;453,1;10,0;0,0;-8,0;-9,0;35,7
24/03/2026 07:37;450,0;448,1;10,8;1,6;-8,0;-9,0;35,5
24/03/2026 07:38;450,0;443,5;16,5;6,4;-8,0;-7,0;36,4
24/03/2026 07:39;450,0;441,7;23,8;8,8;-8,0;-7,0;36,5
24/03/2026 07:40;450,0;445,2;28,3;6,3;-8,0;-7,0;36,8
24/03/2026 07:41;450,0;450,2;28,5;2,0;-8,0;-7,0;37,2
24/03/2026 07:42;450,0;458,7;21,1;0,0;-8,0;-8,0;37,2
24/03/2026 07:43;450,0;462,2;10,1;0,0;-8,0;-8,0;37,1
24/03/2026 07:44;450,0;461,6;10,0;0,0;-8,0;-8,0;36,9
24/03/2026 07:45;450,0;459,0;10,0;0,0;-8,0;-9,0;36,2
24/03/2026 07:46;450,0;454,3;10,0;0,0;-8,0;-8,0;36,5
24/03/2026 07:47;450,0;449,6;10,0;0,3;-8,0;-9,0;35,9
24/03/2026 07:48;450,0;443,8;15,2;6,0;-8,0;-8,0;36,2
24/03/2026 07:49;450,0;442,9;21,3;7,5;-8,0;-7,0;36,6
24/03/2026 07:50;450,0;446,7;24,6;4,4;-8,0;-7,0;36,9
24/03/2026 07:51;450,0;452,8;21,5;0,0;-8,0;-7,0;37,1
24/03/2026 07:52;450,0;457,5;14,6;0,0;-8,0;-8,0;36,8
24/03/2026 07:53;450,0;457,5;10,0;0,0;-8,0;-9,0;36,4
24/03/2026 07:54;450,0;454,3;10,0;0,0;-8,0;-9,0;36,1
24/03/2026 07:55;450,0;449,3;10,2;0,6;-8,0;-8,0;36,0
24/03/2026 07:56;450,0;444,9;14,9;5,0;-8,0;-8,0;36,3
24/03/2026 07:57;450,0;442,3;21,7;8,1;-8,0;-8,0;36,2
24/03/2026 07:58;450,0;445,5;25,5;5,7;-8,0;-7,0;36,9
24/03/2026 07:59;450,0;454,0;22,2;0,0;-8,0;-7,0;37,2
24/03/2026 08:00;450,0;460,5;12,7;0,0;-8,0;-9,0;36,3
24/03/2026 08:01;450,0;459,6;10,0;0,0;-8,0;-9,0;36,0
24/03/2026 08:02;450,0;457,5;10,0;0,0;-8,0;-8,0;36,3
24/03/2026 08:03;450,0;454,0;10,0;0,0;-8,0;-9,0;35,6
24/03/2026 08:04;450,0;449,9;10,0;0,0;-8,0;-9,0;35,5
24/03/2026 08:05;450,0;445,2;14,0;4,6;-8,0;-7,0;36,2
24/03/2026 08:06;450,0;442,9;20,1;7,3;-8,0;-7,0;36,0
24/03/2026 08:07;450,0;443,5;26,0;7,5;-8,0;-7,0;36,7
24/03/2026 08:08;450,0;450,8;26,1;1,3;-8,0;-6,0;37,5
24/03/2026 08:09;450,0;458,7;18,4;0,0;-8,0;-8,0;36,9
24/03/2026 08:10;450,0;462,2;10,0;0,0;-8,0;-9,0;36,4
24/03/2026 08:11;450,0;459,3;10,0;0,0;-8,0;-9,0;36,2
24/03/2026 08:12;450,0;454,0;10,0;0,0;-8,0;-9,0;36,1
24/03/2026 08:13;450,0;449,3;10,1;0,5;-8,0;-8,0;36,1
24/03/2026 08:14;450,0;446,4;13,9;3,5;-8,0;-8,0;36,0
24/03/2026 08:15;450,0;444,6;18,6;5,7;-8,0;-8,0;36,2
24/03/2026 08:16;450,0;447,6;20,8;3,3;-8,0;-8,0;36,3
24/03/2026 08:17;450,0;453,1;17,8;0,0;-8,0;-8,0;36,3
24/03/2026 08:18;450,0;457,2;10,9;0,0;-8,0;-8,0;36,3
24/03/2026 08:19;450,0;456,9;10,0;0,0;-8,0;-9,0;35,7
24/03/2026 08:20;450,0;452,5;10,0;0,0;-8,0;-8,0;35,9
24/03/2026 08:21;450,0;447,6;11,6;2,2;-8,0;-7,0;36,3
24/03/2026 08:22;450,0;444,6;16,8;5,5;-8,0;-8,0;35,8
24/03/2026 08:23;450,0;445,5;20,9;5,2;-8,0;-7,0;36,4
24/03/2026 08:24;450,0;448,7;21,6;2,4;-8,0;-7,0;36,4
24/03/2026 08:25;450,0;456,9;16,3;0,0;-8,0;-8,0;36,3
24/03/2026 08:26;450,0;461,3;10,0;0,0;-8,0;-9,0;35,8
24/03/2026 08:27;450,0;459,9;10,0;0,0;-8,0;-8,0;35,9
24/03/2026 08:28;450,0;456,4;10,0;0,0;-8,0;-8,0;36,0
24/03/2026 08:29;450,0;452,0;10,0;0,0;-8,0;-8,0;35,9
24/03/2026 08:30;450,0;447,6;11,5;2,2;-8,0;-8,0;35,7
24/03/2026 08:31;450,0;444,6;16,8;5,4;-8,0;-8,0;35,8
24/03/2026 08:32;450,0;445,2;21,0;5,5;-8,0;-8,0;35,7
24/03/2026 08:33;450,0;449,0;22,1;2,2;-8,0;-8,0;35,8
24/03/2026 08:34;450,0;455,2;17,6;0,0;-8,0;-8,0;36,2
24/03/2026 08:35;450,0;456,9;11,3;0,0;-8,0;-9,0;35,6
24/03/2026 08:36;450,0;454,9;10,0;0,0;-8,0;-9,0;35,6
24/03/2026 08:37;450,0;450,2;10,0;0,0;-8,0;-8,0;35,8
24/03/2026 08:38;450,0;447,9;11,4;1,8;-8,0;-8,0;35,6
24/03/2026 08:39;450,0;444,6;16,2;5,3;-8,0;-8,0;35,7
24/03/2026 08:40;450,0;444,0;21,5;6,6;-8,0;-7,0;36,4
24/03/2026 08:41;450,0;447,6;24,1;3,8;-8,0;-7,0;36,6
24/03/2026 08:42;450,0;455,5;19,0;0,0;-8,0;-8,0;36,3
24/03/2026 08:43;450,0;458,7;10,7;0,0;-8,0;-8,0;36,2
24/03/2026 08:44;450,0;458,4;10,0;0,0;-8,0;-9,0;35,7
24/03/2026 08:45;450,0;452,8;10,0;0,0;-8,0;-9,0;35,5
24/03/2026 08:46;450,0;447,3;11,5;2,4;-8,0;-8,0;35,8
24/03/2026 08:47;450,0;444,3;16,8;5,7;-8,0;-8,0;35,8
24/03/2026 08:48;450,0;442,6;23,5;8,0;-8,0;-7,0;36,2
24/03/2026 08:49;450,0;446,7;26,2;4,6;-8,0;-7,0;36,5
24/03/2026 08:50;450,0;453,7;23,2;0,0;-8,0;-7,0;36,9
24/03/2026 08:51;450,0;459,9;14,4;0,0;-8,0;-8,0;36,6
24/03/2026 08:52;450,0;462,2;10,0;0,0;-8,0;-9,0;36,1
24/03/2026 08:53;450,0;459,9;10,0;0,0;-8,0;-8,0;36,3
24/03/2026 08:54;450,0;454,9;10,0;0,0;-8,0;-9,0;35,6
24/03/2026 08:55;450,0;450,5;10,0;0,0;-8,0;-8,0;36,0
24/03/2026 08:56;450,0;446,1;13,0;3,6;-8,0;-8,0;36,0
24/03/2026 08:57;450,0;442,6;19,9;7,6;-8,0;-8,0;36,1
24/03/2026 08:58;450,0;442,6;26,5;8,4;-8,0;-7,0;36,7
24/03/2026 08:59;450,0;449,9;27,6;2,1;-8,0;-6,0;37,5
24/03/2026 09:00;450,0;460,2;17,9;0,0;-8,0;-8,0;37,1
24/03/2026 09:01;450,0;466,3;10,0;0,0;-8,0;-9,0;36,4
24/03/2026 09:02;450,0;466,0;10,0;0,0;-8,0;-8,0;36,5
24/03/2026 09:03;450,0;462,8;10,0;0,0;-8,0;-9,0;36,0
24/03/2026 09:04;450,0;458,7;10,0;0,0;-8,0;-9,0;35,7
24/03/2026 09:05;450,0;453,7;10,0;0,0;-8,0;-9,0;35,7
24/03/2026 09:06;450,0;449,6;10,0;0,3;-8,0;-9,0;35,6
24/03/2026 09:07;450,0;445,2;14,1;4,6;-8,0;-8,0;35,8
24/03/2026 09:08;450,0;440,5;22,2;9,6;-8,0;-8,0;35,7
24/03/2026 09:09;450,0;440,8;30,3;10,4;-8,0;-6,0;37,2
24/03/2026 09:10;450,0;447,0;32,7;5,3;-8,0;-6,0;37,8
24/03/2026 09:11;450,0;456,6;26,6;0,0;-8,0;-7,0;37,7
24/03/2026 09:12;450,0;463,1;14,6;0,0;-8,0;-9,0;37,2
24/03/2026 09:13;450,0;462,8;10,0;0,0;-8,0;-9,0;36,8
24/03/2026 09:14;450,0;459,3;10,0;0,0;-8,0;-9,0;36,5
24/03/2026 09:15;450,0;455,2;10,0;0,0;-8,0;-8,0;36,7
24/03/2026 09:16;450,0;450,8;10,0;0,0;-8,0;-9,0;36,1
24/03/2026 09:17;450,0;447,3;12,2;2,6;-8,0;-8,0;36,3
24/03/2026 09:18;450,0;444,3;17,6;5,8;-8,0;-7,0;36,6
24/03/2026 09:19;450,0;444,3;22,6;6,4;-8,0;-7,0;36,8
24/03/2026 09:20;450,0;449,9;22,9;1,5;-8,0;-8,0;36,8
24/03/2026 09:21;450,0;456,4;18,1;0,0;-8,0;-8,0;36,9
24/03/2026 09:22;450,0;461,0;10,0;0,0;-8,0;-9,0;36,4
24/03/2026 09:23;450,0;459,0;10,0;0,0;-8,0;-10,0;35,5
24/03/2026 09:24;450,0;454,6;10,0;0,0;-8,0;-9,0;35,7
24/03/2026 09:25;450,0;447,3;11,1;2,3;-8,0;-9,0;35,6
24/03/2026 09:26;450,0;439,9;19,7;9,9;-8,0;-8,0;35,7
24/03/2026 09:27;450,0;441,1;27,9;9,8;-8,0;-7,0;36,2
24/03/2026 09:28;450,0;452,2;28,0;0,3;-8,0;-7,0;36,7
24/03/2026 09:29;450,0;468,7;12,0;0,0;-8,0;-9,0;36,1
24/03/2026 09:30;450,0;470,7;10,0;0,0;-8,0;-9,0;35,7
24/03/2026 09:31;450,0;467,2;10,0;0,0;-8,0;-8,0;35,9
24/03/2026 09:32;450,0;461,3;10,0;0,0;-8,0;-9,0;35,3
24/03/2026 09:33;450,0;456,6;10,0;0,0;-8,0;-9,0;35,1
24/03/2026 09:34;450,0;452,2;10,0;0,0;-8,0;-8,0;35,2
24/03/2026 09:35;450,0;449,0;10,5;0,9;-8,0;-9,0;34,7
24/03/2026 09:36;450,0;445,8;14,0;4,1;-8,0;-8,0;35,0
24/03/2026 09:37;450,0;443,2;19,9;7,0;-8,0;-7,0;35,4
24/03/2026 09:38;450,0;446,4;23,5;4,7;-8,0;-7,0;35,9
24/03/2026 09:39;450,0;455,5;19,0;0,0;-8,0;-8,0;35,6
24/03/2026 09:40;450,0;461,3;10,0;0,0;-8,0;-9,0;35,1
24/03/2026 09:41;450,0;461,0;10,0;0,0;-8,0;-9,0;35,1
24/03/2026 09:42;450,0;455,8;10,0;0,0;-8,0;-9,0;34,7
24/03/2026 09:43;450,0;450,5;10,0;0,0;-8,0;-8,0;35,1
24/03/2026 09:44;450,0;446,7;12,7;3,1;-8,0;-8,0;35,2
24/03/2026 09:45;450,0;444,0;18,1;6,2;-8,0;-8,0;35,2
24/03/2026 09:46;450,0;446,4;21,3;4,4;-8,0;-8,0;35,3
24/03/2026 09:47;450,0;455,5;18,0;0,0;-8,0;-7,0;36,1
24/03/2026 09:48;450,0;463,4;10,0;0,0;-8,0;-9,0;35,3
24/03/2026 09:49;450,0;462,5;10,0;0,0;-8,0;-8,0;35,4
24/03/2026 09:50;450,0;456,1;10,0;0,0;-8,0;-8,0;35,4
24/03/2026 09:51;450,0;451,7;10,0;0,0;-8,0;-9,0;34,7
24/03/2026 09:52;450,0;447,9;11,5;1,9;-8,0;-8,0;35,1
24/03/2026 09:53;450,0;444,0;17,3;6,1;-8,0;-7,0;35,5
24/03/2026 09:54;450,0;444,0;22,8;6,7;-8,0;-7,0;35,8
24/03/2026 09:55;450,0;451,1;22,1;0,5;-8,0;-7,0;36,2
24/03/2026 09:56;450,0;459,6;12,6;0,0;-8,0;-8,0;35,8
24/03/2026 09:57;450,0;461,9;10,0;0,0;-8,0;-8,0;35,9
24/03/2026 09:58;450,0;459,0;10,0;0,0;-8,0;-9,0;35,3
24/03/2026 09:59;450,0;454,6;10,0;0,0;-8,0;-8,0;35,6
24/03/2026 10:00;450,0;450,2;10,0;0,0;-8,0;-8,0;35,7
24/03/2026 10:01;450,0;445,5;14,0;4,4;-8,0;-8,0;35,6
24/03/2026 10:02;450,0;442,9;20,6;7,4;-8,0;-7,0;36,2
24/03/2026 10:03;450,0;448,4;22,9;3,0;-8,0;-7,0;36,4
24/03/2026 10:04;450,0;461,6;12,4;0,0;-8,0;-8,0;36,2
24/03/2026 10:05;450,0;464,3;10,0;0,0;-8,0;-8,0;36,2
24/03/2026 10:06;450,0;458,7;10,0;0,0;-8,0;-8,0;36,3
24/03/2026 10:07;450,0;452,8;10,0;0,0;-8,0;-9,0;35,8
24/03/2026 10:08;450,0;447,0;11,8;2,7;-8,0;-8,0;36,2
24/03/2026 10:09;450,0;443,2;18,1;6,8;-8,0;-7,0;36,4
24/03/2026 10:10;450,0;445,2;22,5;5,6;-8,0;-7,0;36,8
24/03/2026 10:11;450,0;454,3;19,9;0,0;-8,0;-8,0;36,7
24/03/2026 10:12;450,0;461,0;10,2;0,0;-8,0;-8,0;36,5
24/03/2026 10:13;450,0;459,9;10,0;0,0;-8,0;-9,0;36,2
24/03/2026 10:14;450,0;456,4;10,0;0,0;-8,0;-9,0;35,9
24/03/2026 10:15;450,0;452,8;10,0;0,0;-8,0;-8,0;36,4
24/03/2026 10:16;450,0;448,7;10,6;1,2;-8,0;-9,0;36,0
24/03/2026 10:17;450,0;445,5;14,2;4,4;-8,0;-8,0;36,2
24/03/2026 10:18;450,0;444,0;19,7;6,3;-8,0;-7,0;36,6
24/03/2026 10:19;450,0;450,8;20,8;0,7;-8,0;-7,0;37,0
24/03/2026 10:20;450,0;461,0;10,1;0,0;-8,0;-8,0;36,5
24/03/2026 10:21;450,0;462,5;10,0;0,0;-8,0;-8,0;36,5
24/03/2026 10:22;450,0;457,5;10,0;0,0;-8,0;-8,0;36,4
24/03/2026 10:23;450,0;452,2;10,0;0,0;-8,0;-9,0;35,9
24/03/2026 10:24;450,0;445,5;13,2;4,2;-8,0;-8,0;36,2
24/03/2026 10:25;450,0;441,1;21,2;9,1;-8,0;-7,0;36,7
24/03/2026 10:26;450,0;446,1;25,5;5,2;-8,0;-7,0;36,8
24/03/2026 10:27;450,0;458,7;17,9;0,0;-8,0;-8,0;36,9
24/03/2026 10:28;450,0;464,6;10,0;0,0;-8,0;-8,0;36,6
24/03/2026 10:29;450,0;464,6;10,0;0,0;-8,0;-9,0;36,2
24/03/2026 10:30;450,0;461,3;10,0;0,0;-8,0;-8,0;36,1
24/03/2026 10:31;450,0;456,1;10,0;0,0;-8,0;-8,0;36,1
24/03/2026 10:32;450,0;450,5;10,0;0,0;-8,0;-8,0;36,1
24/03/2026 10:33;450,0;445,5;13,5;4,2;-8,0;-8,0;36,0
24/03/2026 10:34;450,0;442,6;20,4;7,7;-8,0;-7,0;36,4
24/03/2026 10:35;450,0;448,1;22,6;3,1;-8,0;-7,0;36,7
24/03/2026 10:36;450,0;460,2;14,5;0,0;-8,0;-8,0;36,6
24/03/2026 10:37;450,0;465,7;10,0;0,0;-8,0;-9,0;36,1
24/03/2026 10:38;450,0;464,0;10,0;0,0;-8,0;-8,0;36,6
24/03/2026 10:39;450,0;459,6;10,0;0,0;-8,0;-9,0;36,0
24/03/2026 10:40;450,0;453,4;10,0;0,0;-8,0;-8,0;36,3
24/03/2026 10:41;450,0;447,0;11,9;2,7;-8,0;-8,0;36,2
24/03/2026 10:42;450,0;443,2;18,0;6,7;-8,0;-8,0;36,2
24/03/2026 10:43;450,0;444,3;23,0;6,5;-8,0;-7,0;36,7
24/03/2026 10:44;450,0;451,7;21,4;0,0;-8,0;-6,0;37,6
24/03/2026 10:45;450,0;460,7;11,2;0,0;-8,0;-8,0;36,9
24/03/2026 10:46;450,0;460,7;10,0;0,0;-8,0;-9,0;36,3
24/03/2026 10:47;450,0;457,8;10,0;0,0;-8,0;-8,0;36,4
24/03/2026 10:48;450,0;455,2;10,0;0,0;-8,0;-9,0;35,8
24/03/2026 10:49;450,0;451,1;10,0;0,0;-8,0;-8,0;36,2
24/03/2026 10:50;450,0;446,4;12,9;3,4;-8,0;-8,0;36,0
24/03/2026 10:51;450,0;443,5;19,0;6,6;-8,0;-8,0;36,1
24/03/2026 10:52;450,0;444,9;23,9;6,0;-8,0;-7,0;36,8
24/03/2026 10:53;450,0;453,1;21,2;0,0;-8,0;-7,0;37,1
24/03/2026 10:54;450,0;460,2;11,4;0,0;-8,0;-8,0;37,0
24/03/2026 10:55;450,0;458,7;10,0;0,0;-8,0;-9,0;36,3
24/03/2026 10:56;450,0;454,3;10,0;0,0;-8,0;-8,0;36,5
24/03/2026 10:57;450,0;449,3;10,1;0,5;-8,0;-8,0;36,5
24/03/2026 10:58;450,0;445,2;14,5;4,6;-8,0;-8,0;36,4
24/03/2026 10:59;450,0;443,5;20,1;6,8;-8,0;-8,0;36,4
24/03/2026 11:00;450,0;446,4;23,6;4,6;-8,0;-7,0;37,1
24/03/2026 11:01;450,0;454,0;20,1;0,0;-8,0;-8,0;37,1
24/03/2026 11:02;450,0;461,9;10,0;0,0;-8,0;-9,0;36,6
24/03/2026 11:03;450,0;460,5;10,0;0,0;-8,0;-8,0;36,7
24/03/2026 11:04;450,0;456,9;10,0;0,0;-8,0;-9,0;36,2
24/03/2026 11:05;450,0;453,4;10,0;0,0;-8,0;-8,0;36,3
24/03/2026 11:06;450,0;448,1;11,1;1,7;-8,0;-8,0;36,2
24/03/2026 11:07;450,0;444,3;16,5;5,7;-8,0;-8,0;36,4
24/03/2026 11:08;450,0;443,5;22,8;7,2;-8,0;-7,0;36,9
24/03/2026 11:09;450,0;452,5;21,0;0,0;-8,0;-8,0;36,8
24/03/2026 11:10;450,0;462,2;10,0;0,0;-8,0;-9,0;36,4
24/03/2026 11:11;450,0;464,0;10,0;0,0;-8,0;-9,0;36,2
24/03/2026 11:12;450,0;459,9;10,0;0,0;-8,0;-8,0;36,3
24/03/2026 11:13;450,0;454,0;10,0;0,0;-8,0;-8,0;36,4
24/03/2026 11:14;450,0;448,4;10,5;1,3;-8,0;-8,0;36,2
24/03/2026 11:15;450,0;444,6;15,7;5,3;-8,0;-8,0;36,2
24/03/2026 11:16;450,0;445,2;20,6;5,5;-8,0;-7,0;36,8
24/03/2026 11:17;450,0;453,1;18,5;0,0;-8,0;-7,0;37,0
24/03/2026 11:18;450,0;460,5;10,0;0,0;-8,0;-9,0;36,2
24/03/2026 11:19;450,0;460,7;10,0;0,0;-8,0;-8,0;36,5
24/03/2026 11:20;450,0;457,5;10,0;0,0;-8,0;-8,0;36,4
24/03/2026 11:21;450,0;455,5;10,0;0,0;-8,0;-8,0;36,4
24/03/2026 11:22;450,0;451,4;10,0;0,0;-8,0;-8,0;36,0
24/03/2026 11:23;450,0;447,9;11,2;1,8;-8,0;-9,0;35,7
24/03/2026 11:24;450,0;444,9;16,1;5,1;-8,0;-8,0;36,0
24/03/2026 11:25;450,0;444,9;20,6;5,6;-8,0;-7,0;36,4
24/03/2026 11:26;450,0;451,7;19,8;0,0;-8,0;-8,0;36,5
24/03/2026 11:27;450,0;459,6;11,7;0,0;-8,0;-8,0;36,4
24/03/2026 11:28;450,0;461,9;10,0;0,0;-8,0;-9,0;35,8
24/03/2026 11:29;450,0;460,2;10,0;0,0;-8,0;-8,0;36,2
24/03/2026 11:30;450,0;455,5;10,0;0,0;-8,0;-9,0;35,7
24/03/2026 11:31;450,0;451,4;10,0;0,0;-8,0;-8,0;36,0
24/03/2026 11:32;450,0;447,3;11,6;2,5;-8,0;-8,0;36,1
24/03/2026 11:33;450,0;444,6;16,5;5,4;-8,0;-8,0;36,0
24/03/2026 11:34;450,0;447,3;20,0;3,5;-8,0;-8,0;36,2
24/03/2026 11:35;450,0;457,2;13,8;0,0;-8,0;-7,0;36,6
24/03/2026 11:36;450,0;461,6;10,0;0,0;-8,0;-8,0;36,0
24/03/2026 11:37;450,0;459,6;10,0;0,0;-8,0;-8,0;35,9
24/03/2026 11:38;450,0;455,5;10,0;0,0;-8,0;-7,0;36,4
24/03/2026 11:39;450,0;451,7;10,0;0,0;-8,0;-8,0;36,0
24/03/2026 11:40;450,0;447,3;11,8;2,5;-8,0;-8,0;35,8
24/03/2026 11:41;450,0;443,5;17,9;6,5;-8,0;-7,0;36,3
24/03/2026 11:42;450,0;444,9;22,6;5,9;-8,0;-7,0;36,7
24/03/2026 11:43;450,0;452,5;20,6;0,0;-8,0;-8,0;36,6
24/03/2026 11:44;450,0;460,2;11,1;0,0;-8,0;-8,0;36,6
24/03/2026 11:45;450,0;461,6;10,0;0,0;-8,0;-8,0;36,6
24/03/2026 11:46;450,0;458,7;10,0;0,0;-8,0;-8,0;36,3
24/03/2026 11:47;450,0;454,6;10,0;0,0;-8,0;-8,0;36,4
24/03/2026 11:48;450,0;449,3;10,1;0,6;-8,0;-8,0;36,5
24/03/2026 11:49;450,0;444,9;14,3;4,8;-8,0;-8,0;36,3
24/03/2026 11:50;450,0;445,5;19,1;5,0;-8,0;-8,0;36,4
24/03/2026 11:51;450,0;454,0;16,6;0,0;-8,0;-7,0;37,2
24/03/2026 11:52;450,0;460,2;10,0;0,0;-8,0;-9,0;36,2
24/03/2026 11:53;450,0;459,3;10,0;0,0;-8,0;-9,0;36,0
24/03/2026 11:54;450,0;455,2;10,0;0,0;-8,0;-8,0;36,4
24/03/2026 11:55;450,0;451,1;10,0;0,0;-8,0;-9,0;35,9
24/03/2026 11:56;450,0;446,4;12,7;3,3;-8,0;-8,0;36,2
24/03/2026 11:57;450,0;443,5;18,6;6,6;-8,0;-7,0;36,5
24/03/2026 11:58;450,0;446,1;21,9;4,7;-8,0;-8,0;36,4
24/03/2026 11:59;450,0;452,5;20,1;0,0;-8,0;-8,0;36,5
24/03/2026 12:00;450,0;460,7;10,0;0,0;-8,0;-8,0;36,5
24/03/2026 12:01;450,0;462,5;10,0;0,0;-8,0;-8,0;36,4
24/03/2026 12:02;450,0;460,7;10,0;0,0;-8,0;-9,0;35,8
24/03/2026 12:03;450,0;457,2;10,0;0,0;-8,0;-9,0;35,8
24/03/2026 12:04;450,0;452,0;10,0;0,0;-8,0;-9,0;35,6
24/03/2026 12:05;450,0;447,9;11,7;1,9;-8,0;-8,0;35,9
24/03/2026 12:06;450,0;444,6;16,7;5,4;-8,0;-8,0;35,9
24/03/2026 12:07;450,0;447,3;19,3;3,4;-8,0;-7,0;36,5
24/03/2026 12:08;450,0;454,9;15,6;0,0;-8,0;-8,0;36,2
24/03/2026 12:09;450,0;459,9;10,0;0,0;-8,0;-9,0;35,7
24/03/2026 12:10;450,0;461,0;10,0;0,0;-8,0;-8,0;35,9
24/03/2026 12:11;450,0;457,5;10,0;0,0;-8,0;-8,0;35,7
24/03/2026 12:12;450,0;452,2;10,0;0,0;-8,0;-8,0;35,5
24/03/2026 12:13;450,0;447,6;11,3;2,1;-8,0;-7,0;35,9
24/03/2026 12:14;450,0;444,9;15,8;4,9;-8,0;-8,0;35,6
24/03/2026 12:15;450,0;445,5;20,7;5,2;-8,0;-7,0;36,1
24/03/2026 12:16;450,0;455,5;17,1;0,0;-8,0;-7,0;36,3
24/03/2026 12:17;450,0;461,0;10,0;0,0;-8,0;-8,0;35,9
24/03/2026 12:18;450,0;459,9;10,0;0,0;-8,0;-8,0;35,9
24/03/2026 12:19;450,0;456,1;10,0;0,0;-8,0;-9,0;35,5
24/03/2026 12:20;450,0;452,2;10,0;0,0;-8,0;-8,0;35,9
24/03/2026 12:21;450,0;448,4;10,4;1,3;-8,0;-8,0;35,9
24/03/2026 12:22;450,0;443,8;15,9;6,0;-8,0;-8,0;35,8
24/03/2026 12:23;450,0;444,0;21,4;6,5;-8,0;-7,0;36,5
24/03/2026 12:24;450,0;453,7;19,4;0,0;-8,0;-8,0;36,2
24/03/2026 12:25;450,0;463,1;10,0;0,0;-8,0;-9,0;35,7
24/03/2026 12:26;450,0;464,6;10,0;0,0;-8,0;-8,0;36,0
24/03/2026 12:27;450,0;461,6;10,0;0,0;-8,0;-8,0;35,9
24/03/2026 12:28;450,0;457,8;10,0;0,0;-8,0;-8,0;35,9
24/03/2026 12:29;450,0;452,2;10,0;0,0;-8,0;-7,0;36,2
24/03/2026 12:30;450,0;446,7;12,2;3,0;-8,0;-8,0;35,8
24/03/2026 12:31;450,0;444,6;17,2;5,5;-8,0;-8,0;35,8
24/03/2026 12:32;450,0;447,9;19,6;2,9;-8,0;-7,0;36,1
24/03/2026 12:33;450,0;456,6;13,9;0,0;-8,0;-8,0;36,0
24/03/2026 12:34;450,0;462,5;10,0;0,0;-8,0;-9,0;35,6
24/03/2026 12:35;450,0;461,0;10,0;0,0;-8,0;-8,0;35,7
24/03/2026 12:36;450,0;455,2;10,0;0,0;-8,0;-8,0;35,7
24/03/2026 12:37;450,0;449,3;10,0;0,5;-8,0;-8,0;35,5
24/03/2026 12:38;450,0;444,9;14,0;4,8;-8,0;-8,0;35,5
24/03/2026 12:39;450,0;444,6;19,6;5,8;-8,0;-8,0;35,6
24/03/2026 12:40;450,0;450,8;19,2;0,4;-8,0;-8,0;35,8
24/03/2026 12:41;450,0;460,7;10,7;0,0;-8,0;-9,0;35,4
24/03/2026 12:42;450,0;465,4;10,0;0,0;-8,0;-8,0;35,7
24/03/2026 12:43;450,0;464,3;10,0;0,0;-8,0;-8,0;35,5
24/03/2026 12:44;450,0;462,2;10,0;0,0;-8,0;-9,0;35,0
24/03/2026 12:45;450,0;458,1;10,0;0,0;-8,0;-8,0;35,2
24/03/2026 12:46;450,0;454,3;10,0;0,0;-8,0;-8,0;35,3
24/03/2026 12:47;450,0;449,3;10,1;0,5;-8,0;-8,0;35,2
24/03/2026 12:48;450,0;444,3;15,2;5,5;-8,0;-7,0;35,7
24/03/2026 12:49;450,0;444,9;19,9;5,5;-8,0;-8,0;35,6
24/03/2026 12:50;450,0;453,4;17,4;0,0;-8,0;-8,0;35,5
24/03/2026 12:51;450,0;461,9;10,0;0,0;-8,0;-8,0;35,6
24/03/2026 12:52;450,0;466,0;10,0;0,0;-8,0;-9,0;35,2
24/03/2026 12:53;450,0;466,3;10,0;0,0;-8,0;-8,0;35,3
24/03/2026 12:54;450,0;463,4;10,0;0,0;-8,0;-8,0;35,3
24/03/2026 12:55;450,0;460,2;10,0;0,0;-8,0;-9,0;35,0
24/03/2026 12:56;450,0;456,6;10,0;0,0;-8,0;-8,0;35,1
24/03/2026 12:57;450,0;452,8;10,0;0,0;-8,0;-8,0;35,1
24/03/2026 12:58;450,0;451,4;10,0;0,0;-8,0;-8,0;35,1
24/03/2026 12:59;450,0;447,3;11,7;2,4;-8,0;-8,0;35,1
24/03/2026 13:00;450,0;444,6;16,5;5,4;-8,0;-8,0;35,1
24/03/2026 13:01;450,0;447,9;18,7;2,8;-8,0;-7,0;35,7
24/03/2026 13:02;450,0;455,2;14,6;0,0;-8,0;-8,0;35,4
24/03/2026 13:03;450,0;459,3;10,0;0,0;-8,0;-8,0;35,3
24/03/2026 13:04;450,0;459,9;10,0;0,0;-8,0;-8,0;35,3
24/03/2026 13:05;450,0;461,0;10,0;0,0;-8,0;-8,0;35,2
24/03/2026 13:06;450,0;458,1;10,0;0,0;-8,0;-8,0;35,3
24/03/2026 13:07;450,0;454,0;10,0;0,0;-8,0;-8,0;35,1
24/03/2026 13:08;450,0;451,7;10,0;0,0;-8,0;-9,0;34,8
24/03/2026 13:09;450,0;447,3;12,0;2,6;-8,0;-8,0;35,0
24/03/2026 13:10;450,0;444,3;16,8;5,7;-8,0;-7,0;35,5
24/03/2026 13:11;450,0;447,6;19,4;3,2;-8,0;-7,0;35,7
24/03/2026 13:12;450,0;456,6;13,3;0,0;-8,0;-8,0;35,5
24/03/2026 13:13;450,0;461,0;10,0;0,0;-8,0;-9,0;35,0
24/03/2026 13:14;450,0;458,1;10,0;0,0;-8,0;-9,0;35,0
24/03/2026 13:15;450,0;453,4;10,0;0,0;-8,0;-8,0;35,1
24/03/2026 13:16;450,0;450,2;10,0;0,0;-8,0;-9,0;34,8
24/03/2026 13:17;450,0;445,2;14,6;4,7;-8,0;-7,0;35,6
24/03/2026 13:18;450,0;442,3;21,5;8,1;-8,0;-7,0;35,5
24/03/2026 13:19;450,0;448,7;23,1;2,7;-8,0;-7,0;35,8
24/03/2026 13:20;450,0;459,9;14,0;0,0;-8,0;-7,0;36,2
24/03/2026 13:21;450,0;463,4;10,0;0,0;-8,0;-8,0;35,4
24/03/2026 13:22;450,0;461,0;10,0;0,0;-8,0;-8,0;35,5
24/03/2026 13:23;450,0;456,1;10,0;0,0;-8,0;-8,0;35,4
24/03/2026 13:24;450,0;450,5;10,0;0,0;-8,0;-8,0;35,5
24/03/2026 13:25;450,0;445,5;14,2;4,4;-8,0;-8,0;35,2
24/03/2026 13:26;450,0;444,9;18,6;5,4;-8,0;-7,0;35,7
24/03/2026 13:27;450,0;450,2;19,0;1,0;-8,0;-8,0;35,6
24/03/2026 13:28;450,0;458,1;12,3;0,0;-8,0;-8,0;35,7
24/03/2026 13:29;450,0;464,0;10,0;0,0;-8,0;-8,0;35,6
24/03/2026 13:30;450,0;464,8;10,0;0,0;-8,0;-8,0;35,5
24/03/2026 13:31;450,0;459,6;10,0;0,0;-8,0;-8,0;35,5
24/03/2026 13:32;450,0;453,4;10,0;0,0;-8,0;-8,0;35,2
24/03/2026 13:33;450,0;448,7;10,4;1,1;-8,0;-8,0;35,3
24/03/2026 13:34;450,0;444,3;15,2;5,6;-8,0;-8,0;35,3
24/03/2026 13:35;450,0;445,8;19,4;4,8;-8,0;-7,0;35,7
24/03/2026 13:36;450,0;452,5;18,1;0,0;-8,0;-8,0;35,8
24/03/2026 13:37;450,0;459,6;10,0;0,0;-8,0;-9,0;35,4
24/03/2026 13:38;450,0;461,0;10,0;0,0;-8,0;-9,0;35,2
24/03/2026 13:39;450,0;461,0;10,0;0,0;-8,0;-8,0;35,5
24/03/2026 13:40;450,0;458,4;10,0;0,0;-8,0;-8,0;35,4
24/03/2026 13:41;450,0;454,9;10,0;0,0;-8,0;-8,0;35,4
24/03/2026 13:42;450,0;448,7;10,4;1,1;-8,0;-8,0;35,4
24/03/2026 13:43;450,0;445,2;14,9;4,8;-8,0;-8,0;35,4
24/03/2026 13:44;450,0;444,9;19,9;5,5;-8,0;-7,0;35,9
24/03/2026 13:45;450,0;451,1;19,3;0,1;-8,0;-7,0;36,1
24/03/2026 13:46;450,0;459,0;11,4;0,0;-8,0;-8,0;35,9
24/03/2026 13:47;450,0;460,5;10,0;0,0;-8,0;-9,0;35,6
24/03/2026 13:48;450,0;458,7;10,0;0,0;-8,0;-8,0;35,7
24/03/2026 13:49;450,0;456,6;10,0;0,0;-8,0;-9,0;35,3
24/03/2026 13:50;450,0;453,7;10,0;0,0;-8,0;-8,0;35,4
24/03/2026 13:51;450,0;447,6;11,2;2,1;-8,0;-9,0;35,0
24/03/2026 13:52;450,0;444,3;16,6;5,7;-8,0;-7,0;35,9
24/03/2026 13:53;450,0;450,8;17,8;0,3;-8,0;-8,0;35,5
24/03/2026 13:54;450,0;462,2;10,0;0,0;-8,0;-8,0;35,7
24/03/2026 13:55;450,0;467,2;10,0;0,0;-8,0;-8,0;35,6
24/03/2026 13:56;450,0;467,5;10,0;0,0;-8,0;-8,0;35,6
24/03/2026 13:57;450,0;466,9;10,0;0,0;-8,0;-9,0;35,0
24/03/2026 13:58;450,0;463,1;10,0;0,0;-8,0;-8,0;35,4
24/03/2026 13:59;450,0;458,7;10,0;0,0;-8,0;-8,0;35,4
24/03/2026 14:00;450,0;454,0;10,0;0,0;-8,0;-8,0;35,4
24/03/2026 14:01;450,0;450,5;10,0;0,0;-8,0;-8,0;35,4
24/03/2026 14:02;450,0;449,9;10,0;0,0;-8,0;-8,0;35,5
24/03/2026 14:03;450,0;448,7;11,5;1,3;-8,0;-8,0;35,3
24/03/2026 14:04;450,0;447,3;14,1;2,8;-8,0;-8,0;35,4
24/03/2026 14:05;450,0;447,9;15,6;2,4;-8,0;-8,0;35,6
24/03/2026 14:06;450,0;453,1;13,4;0,0;-8,0;-8,0;35,6
24/03/2026 14:07;450,0;454,9;10,0;0,0;-8,0;-9,0;35,2
24/03/2026 14:08;450,0;453,1;10,0;0,0;-8,0;-8,0;35,6
24/03/2026 14:09;450,0;450,2;10,0;0,0;-8,0;-8,0;35,6
24/03/2026 14:10;450,0;447,3;12,0;2,5;-8,0;-8,0;35,6
24/03/2026 14:11;450,0;445,5;16,5;4,7;-8,0;-8,0;35,8
24/03/2026 14:12;450,0;445,8;20,4;4,8;-8,0;-7,0;36,3
24/03/2026 14:13;450,0;456,1;16,3;0,0;-8,0;-8,0;36,1
24/03/2026 14:14;450,0;464,8;10,0;0,0;-8,0;-8,0;36,0
24/03/2026 14:15;450,0;466,0;10,0;0,0;-8,0;-8,0;35,8
24/03/2026 14:16;450,0;462,2;10,0;0,0;-8,0;-9,0;35,3
24/03/2026 14:17;450,0;456,9;10,0;0,0;-8,0;-8,0;35,4
24/03/2026 14:18;450,0;450,8;10,0;0,0;-8,0;-9,0;35,1
24/03/2026 14:19;450,0;445,5;13,2;4,2;-8,0;-8,0;35,4
24/03/2026 14:20;450,0;444,0;18,6;6,2;-8,0;-7,0;35,8
24/03/2026 14:21;450,0;452,2;18,3;0,0;-8,0;-8,0;35,8
24/03/2026 14:22;450,0;463,1;10,0;0,0;-8,0;-8,0;35,9
24/03/2026 14:23;450,0;466,6;10,0;0,0;-8,0;-9,0;35,1
24/03/2026 14:24;450,0;464,8;10,0;0,0;-8,0;-8,0;35,6
24/03/2026 14:25;450,0;464,8;10,0;0,0;-8,0;-9,0;35,0
24/03/2026 14:26;450,0;460,2;10,0;0,0;-8,0;-9,0;34,9
24/03/2026 14:27;450,0;456,4;10,0;0,0;-8,0;-8,0;35,3
24/03/2026 14:28;450,0;452,8;10,0;0,0;-8,0;-8,0;35,1
24/03/2026 14:29;450,0;449,6;10,1;0,3;-8,0;-8,0;35,2
24/03/2026 14:30;450,0;447,0;12,9;2,9;-8,0;-7,0;35,8
24/03/2026 14:31;450,0;446,7;15,8;3,4;-8,0;-7,0;35,7
24/03/2026 14:32;450,0;451,4;14,8;0,0;-8,0;-8,0;35,3
24/03/2026 14:33;450,0;455,2;10,0;0,0;-8,0;-7,0;35,8
24/03/2026 14:34;450,0;458,4;10,0;0,0;-8,0;-8,0;35,4
24/03/2026 14:35;450,0;458,1;10,0;0,0;-8,0;-8,0;35,4
24/03/2026 14:36;450,0;454,9;10,0;0,0;-8,0;-8,0;35,4
24/03/2026 14:37;450,0;451,4;10,0;0,0;-8,0;-8,0;35,4
24/03/2026 14:38;450,0;447,0;12,3;2,9;-8,0;-8,0;35,4
24/03/2026 14:39;450,0;444,9;17,3;5,2;-8,0;-7,0;35,9
24/03/2026 14:40;450,0;447,6;20,3;3,3;-8,0;-7,0;36,2
24/03/2026 14:41;450,0;458,7;13,2;0,0;-8,0;-8,0;36,0
24/03/2026 14:42;450,0;463,1;10,0;0,0;-8,0;-8,0;36,0
24/03/2026 14:43;450,0;460,7;10,0;0,0;-8,0;-8,0;36,0
24/03/2026 14:44;450,0;458,4;10,0;0,0;-8,0;-8,0;36,0
24/03/2026 14:45;450,0;454,6;10,0;0,0;-8,0;-8,0;35,9
24/03/2026 14:46;450,0;450,5;10,0;0,0;-8,0;-8,0;36,1
24/03/2026 14:47;450,0;446,7;12,5;3,0;-8,0;-8,0;36,0
24/03/2026 14:48;450,0;444,9;17,4;5,2;-8,0;-8,0;36,0
24/03/2026 14:49;450,0;449,6;18,5;1,3;-8,0;-7,0;36,5
24/03/2026 14:50;450,0;456,1;12,9;0,0;-8,0;-8,0;36,2
24/03/2026 14:51;450,0;459,0;10,0;0,0;-8,0;-8,0;36,1
24/03/2026 14:52;450,0;457,5;10,0;0,0;-8,0;-8,0;36,1
24/03/2026 14:53;450,0;456,1;10,0;0,0;-8,0;-9,0;35,7
24/03/2026 14:54;450,0;452,5;10,0;0,0;-8,0;-8,0;35,8
24/03/2026 14:55;450,0;447,3;11,7;2,5;-8,0;-8,0;35,9
24/03/2026 14:56;450,0;443,8;17,5;6,3;-8,0;-8,0;36,0
24/03/2026 14:57;450,0;445,5;22,4;5,4;-8,0;-7,0;36,4
24/03/2026 14:58;450,0;458,1;15,6;0,0;-8,0;-8,0;36,3
24/03/2026 14:59;450,0;469,0;10,0;0,0;-8,0;-8,0;36,3
24/03/2026 15:00;450,0;470,4;10,0;0,0;-8,0;-8,0;36,2
24/03/2026 15:01;450,0;469,0;10,0;0,0;-8,0;-8,0;36,2
24/03/2026 15:02;450,0;466,6;10,0;0,0;-8,0;-8,0;36,2
24/03/2026 15:03;450,0;463,7;10,0;0,0;-8,0;-8,0;36,2
24/03/2026 15:04;450,0;460,7;10,0;0,0;-8,0;-8,0;36,2
24/03/2026 15:05;450,0;458,4;10,0;0,0;-8,0;-8,0;36,2
24/03/2026 15:06;450,0;455,8;10,0;0,0;-8,0;-8,0;36,2
24/03/2026 15:07;450,0;452,2;10,0;0,0;-8,0;-8,0;36,2
24/03/2026 15:08;450,0;449,0;10,3;0,9;-8,0;-8,0;36,2
24/03/2026 15:09;450,0;445,8;13,7;4,1;-8,0;-8,0;36,2
24/03/2026 15:10;450,0;445,2;18,4;5,2;-8,0;-8,0;36,1
24/03/2026 15:11;450,0;452,8;16,8;0,0;-8,0;-8,0;36,4
24/03/2026 15:12;450,0;461,3;10,0;0,0;-8,0;-9,0;36,0
24/03/2026 15:13;450,0;462,2;10,0;0,0;-8,0;-8,0;36,3
24/03/2026 15:14;450,0;459,0;10,0;0,0;-8,0;-8,0;36,1
24/03/2026 15:15;450,0;454,6;10,0;0,0;-8,0;-8,0;36,0
24/03/2026 15:16;450,0;450,8;10,0;0,0;-8,0;-8,0;36,0
24/03/2026 15:17;450,0;447,3;12,1;2,6;-8,0;-8,0;36,0
24/03/2026 15:18;450,0;446,7;15,1;3,4;-8,0;-8,0;36,0
24/03/2026 15:19;450,0;450,2;16,0;0,7;-8,0;-8,0;36,0
24/03/2026 15:20;450,0;455,5;10,8;0,0;-8,0;-8,0;36,0
24/03/2026 15:21;450,0;456,9;10,0;0,0;-8,0;-8,0;36,0
24/03/2026 15:22;450,0;454,9;10,0;0,0;-8,0;-9,0;35,6
24/03/2026 15:23;450,0;452,2;10,0;0,0;-8,0;-8,0;35,9
24/03/2026 15:24;450,0;448,4;10,6;1,5;-8,0;-8,0;35,9
24/03/2026 15:25;450,0;444,3;15,2;5,6;-8,0;-8,0;35,8
24/03/2026 15:26;450,0;442,6;21,7;7,8;-8,0;-7,0;36,2
24/03/2026 15:27;450,0;452,2;20,7;0,0;-8,0;-7,0;36,6
24/03/2026 15:28;450,0;464,3;10,0;0,0;-8,0;-8,0;36,3
24/03/2026 15:29;450,0;466,6;10,0;0,0;-8,0;-9,0;35,7
24/03/2026 15:30;450,0;464,3;10,0;0,0;-8,0;-8,0;35,9
24/03/2026 15:31;450,0;461,9;10,0;0,0;-8,0;-8,0;35,9
24/03/2026 15:32;450,0;458,4;10,0;0,0;-8,0;-9,0;35,4
24/03/2026 15:33;450,0;455,2;10,0;0,0;-8,0;-8,0;35,8
24/03/2026 15:34;450,0;453,7;10,0;0,0;-8,0;-8,0;35,8
24/03/2026 15:35;450,0;452,5;10,0;0,0;-8,0;-9,0;35,2
24/03/2026 15:36;450,0;450,5;10,0;0,0;-8,0;-8,0;35,6
24/03/2026 15:37;450,0;448,1;11,1;1,7;-8,0;-8,0;35,5
24/03/2026 15:38;450,0;446,4;14,2;3,6;-8,0;-8,0;35,5
24/03/2026 15:39;450,0;449,0;15,4;1,4;-8,0;-8,0;35,5
24/03/2026 15:40;450,0;455,5;11,4;0,0;-8,0;-8,0;35,5
24/03/2026 15:41;450,0;459,0;10,0;0,0;-8,0;-9,0;35,0
24/03/2026 15:42;450,0;457,5;10,0;0,0;-8,0;-9,0;34,7
24/03/2026 15:43;450,0;454,9;10,0;0,0;-8,0;-8,0;35,1
24/03/2026 15:44;450,0;452,0;10,0;0,0;-8,0;-8,0;34,9
24/03/2026 15:45;450,0;449,0;10,4;0,9;-8,0;-8,0;34,9
24/03/2026 15:46;450,0;448,1;12,3;1,8;-8,0;-8,0;34,9
24/03/2026 15:47;450,0;446,7;15,3;3,4;-8,0;-8,0;35,0
24/03/2026 15:48;450,0;447,6;17,7;3,2;-8,0;-8,0;34,9
24/03/2026 15:49;450,0;454,9;13,7;0,0;-8,0;-8,0;34,9
24/03/2026 15:50;450,0;459,3;10,0;0,0;-8,0;-8,0;34,8
24/03/2026 15:51;450,0;457,5;10,0;0,0;-8,0;-8,0;34,9
24/03/2026 15:52;450,0;454,0;10,0;0,0;-8,0;-8,0;34,5
24/03/2026 15:53;450,0;450,2;10,0;0,0;-8,0;-9,0;34,3
24/03/2026 15:54;450,0;446,7;12,3;3,0;-8,0;-8,0;34,5
24/03/2026 15:55;450,0;444,3;17,2;5,8;-8,0;-8,0;34,5
24/03/2026 15:56;450,0;446,7;20,8;4,0;-8,0;-7,0;35,0
24/03/2026 15:57;450,0;455,8;16,3;0,0;-8,0;-8,0;34,8
24/03/2026 15:58;450,0;461,0;10,0;0,0;-8,0;-9,0;34,2
24/03/2026 15:59;450,0;461,9;10,0;0,0;-8,0;-8,0;34,5
24/03/2026 16:00;450,0;457,5;10,0;0,0;-8,0;-9,0;33,9
24/03/2026 16:01;450,0;452,8;10,0;0,0;-8,0;-8,0;34,1
24/03/2026 16:02;450,0;449,0;10,6;0,9;-8,0;-8,0;34,1
24/03/2026 16:03;450,0;445,5;14,8;4,5;-8,0;-8,0;34,1
24/03/2026 16:04;450,0;446,4;18,5;4,0;-8,0;-8,0;34,2
24/03/2026 16:05;450,0;454,6;14,8;0,0;-8,0;-7,0;34,5
24/03/2026 16:06;450,0;459,9;10,0;0,0;-8,0;-9,0;33,6
24/03/2026 16:07;450,0;462,5;10,0;0,0;-8,0;-8,0;34,0
24/03/2026 16:08;450,0;461,6;10,0;0,0;-8,0;-8,0;33,7
24/03/2026 16:09;450,0;460,7;10,0;0,0;-8,0;-8,0;33,6
24/03/2026 16:10;450,0;459,0;10,0;0,0;-8,0;-8,0;33,6
24/03/2026 16:11;450,0;454,6;10,0;0,0;-8,0;-9,0;33,1
24/03/2026 16:12;450,0;451,4;10,0;0,0;-8,0;-9,0;33,1
24/03/2026 16:13;450,0;451,1;10,0;0,0;-8,0;-8,0;33,3
24/03/2026 16:14;450,0;447,9;11,5;1,9;-8,0;-8,0;33,3
24/03/2026 16:15;450,0;444,9;15,8;5,1;-8,0;-8,0;33,3
24/03/2026 16:16;450,0;446,4;19,1;4,1;-8,0;-7,0;33,8
24/03/2026 16:17;450,0;454,0;16,2;0,0;-8,0;-7,0;33,8
24/03/2026 16:18;450,0;461,0;10,0;0,0;-8,0;-8,0;33,5
24/03/2026 16:19;450,0;464,3;10,0;0,0;-8,0;-8,0;33,5
24/03/2026 16:20;450,0;461,6;10,0;0,0;-8,0;-8,0;33,4
24/03/2026 16:21;450,0;457,2;10,0;0,0;-8,0;-8,0;33,4
24/03/2026 16:22;450,0;453,1;10,0;0,0;-8,0;-8,0;33,3
24/03/2026 16:23;450,0;448,4;10,6;1,4;-8,0;-8,0;33,3
24/03/2026 16:24;450,0;445,5;15,0;4,5;-8,0;-8,0;33,3
24/03/2026 16:25;450,0;443,8;20,7;6,6;-8,0;-7,0;33,8
24/03/2026 16:26;450,0;451,1;20,7;0,4;-8,0;-8,0;33,5
24/03/2026 16:27;450,0;459,3;12,8;0,0;-8,0;-8,0;33,6
24/03/2026 16:28;450,0;462,8;10,0;0,0;-8,0;-8,0;33,6
24/03/2026 16:29;450,0;463,1;10,0;0,0;-8,0;-8,0;33,5
24/03/2026 16:30;450,0;463,4;10,0;0,0;-8,0;-8,0;33,3
24/03/2026 16:31;450,0;461,9;10,0;0,0;-8,0;-8,0;33,4
24/03/2026 16:32;450,0;459,0;10,0;0,0;-8,0;-9,0;32,8
24/03/2026 16:33;450,0;457,5;10,0;0,0;-8,0;-8,0;33,0
24/03/2026 16:34;450,0;454,6;10,0;0,0;-8,0;-8,0;33,1
24/03/2026 16:35;450,0;452,2;10,0;0,0;-8,0;-8,0;33,1
24/03/2026 16:36;450,0;448,7;10,6;1,1;-8,0;-8,0;33,0
24/03/2026 16:37;450,0;444,3;15,8;5,6;-8,0;-8,0;33,0
24/03/2026 16:38;450,0;445,5;20,0;5,1;-8,0;-7,0;33,6
24/03/2026 16:39;450,0;452,2;18,7;0,0;-8,0;-7,0;33,8
24/03/2026 16:41;450,0;462,5;10,0;0,0;-8,0;-8,0;33,4
24/03/2026 16:42;450,0;462,8;10,0;0,0;-8,0;-8,0;33,2
24/03/2026 16:43;450,0;462,8;10,0;0,0;-8,0;-8,0;33,3
24/03/2026 16:44;450,0;461,3;10,0;0,0;-8,0;-8,0;33,3
24/03/2026 16:45;450,0;458,4;10,0;0,0;-8,0;-8,0;33,2
24/03/2026 16:46;450,0;455,5;10,0;0,0;-8,0;-8,0;33,0
24/03/2026 16:47;450,0;452,2;10,0;0,0;-8,0;-8,0;33,1
24/03/2026 16:48;450,0;449,0;10,2;0,8;-8,0;-8,0;33,1
24/03/2026 16:49;450,0;447,0;13,0;2,9;-8,0;-8,0;33,1
24/03/2026 16:50;450,0;446,1;16,8;4,1;-8,0;-7,0;33,5
24/03/2026 16:51;450,0;449,9;17,7;0,9;-8,0;-8,0;33,1
24/03/2026 16:52;450,0;460,2;10,0;0,0;-8,0;-9,0;32,8
24/03/2026 16:53;450,0;464,6;10,0;0,0;-8,0;-8,0;33,1
24/03/2026 16:54;450,0;466,0;10,0;0,0;-8,0;-8,0;33,1
24/03/2026 16:55;450,0;466,0;10,0;0,0;-8,0;-8,0;33,1
24/03/2026 16:56;450,0;462,8;10,0;0,0;-8,0;-8,0;33,1
24/03/2026 16:57;450,0;460,5;10,0;0,0;-8,0;-8,0;33,1
24/03/2026 16:58;450,0;459,0;10,0;0,0;-8,0;-8,0;33,1
24/03/2026 16:59;450,0;454,3;10,0;0,0;-8,0;-8,0;33,1
24/03/2026 17:00;450,0;450,8;10,0;0,0;-8,0;-8,0;33,1
24/03/2026 17:01;450,0;446,7;13,0;3,1;-8,0;-8,0;33,1
24/03/2026 17:02;450,0;445,2;17,2;5,0;-8,0;-8,0;33,1
24/03/2026 17:03;450,0;449,3;18,1;1,5;-8,0;-7,0;33,6
24/03/2026 17:04;450,0;459,0;10,8;0,0;-8,0;-8,0;33,3
24/03/2026 17:05;450,0;464,6;10,0;0,0;-8,0;-8,0;33,0
24/03/2026 17:06;450,0;466,0;10,0;0,0;-8,0;-8,0;33,1
24/03/2026 17:07;450,0;466,0;10,0;0,0;-8,0;-8,0;33,1
24/03/2026 17:08;450,0;465,1;10,0;0,0;-8,0;-8,0;33,1
24/03/2026 17:09;450,0;462,8;10,0;0,0;-8,0;-8,0;33,1
24/03/2026 17:10;450,0;459,6;10,0;0,0;-8,0;-8,0;33,0
24/03/2026 17:11;450,0;455,2;10,0;0,0;-8,0;-8,0;33,0
24/03/2026 17:12;450,0;451,1;10,0;0,0;-8,0;-8,0;33,0
24/03/2026 17:13;450,0;448,7;11,0;1,2;-8,0;-9,0;32,7
24/03/2026 17:14;450,0;449,3;11,6;0,7;-8,0;-8,0;33,0
24/03/2026 17:15;450,0;447,6;13,3;2,4;-8,0;-8,0;33,0
24/03/2026 17:16;450,0;446,4;15,8;3,7;-8,0;-8,0;33,1
24/03/2026 17:17;450,0;447,0;19,0;3,6;-8,0;-8,0;33,0
24/03/2026 17:18;450,0;452,8;17,2;0,0;-8,0;-8,0;33,3
24/03/2026 17:19;450,0;459,9;10,0;0,0;-8,0;-8,0;33,2
24/03/2026 17:20;450,0;462,8;10,0;0,0;-8,0;-8,0;33,1
24/03/2026 17:21;450,0;461,9;10,0;0,0;-8,0;-8,0;33,1
24/03/2026 17:22;450,0;459,6;10,0;0,0;-8,0;-9,0;32,8
24/03/2026 17:23;450,0;457,5;10,0;0,0;-8,0;-9,0;32,7
24/03/2026 17:24;450,0;453,7;10,0;0,0;-8,0;-9,0;32,4
24/03/2026 17:25;450,0;450,8;10,0;0,0;-8,0;-8,0;32,8
24/03/2026 17:26;450,0;447,3;12,0;2,6;-8,0;-8,0;32,7
24/03/2026 17:27;450,0;444,3;16,7;5,7;-8,0;-7,0;33,1
24/03/2026 17:28;450,0;447,3;19,5;3,5;-8,0;-7,0;33,3
24/03/2026 17:29;450,0;457,2;13,1;0,0;-8,0;-9,0;33,0
24/03/2026 17:30;450,0;463,4;10,0;0,0;-8,0;-8,0;32,9
24/03/2026 17:31;450,0;464,0;10,0;0,0;-8,0;-8,0;32,9
24/03/2026 17:32;450,0;461,9;10,0;0,0;-8,0;-8,0;32,7
24/03/2026 17:33;450,0;459,3;10,0;0,0;-8,0;-9,0;32,3
24/03/2026 17:34;450,0;456,6;10,0;0,0;-8,0;-8,0;32,6
24/03/2026 17:35;450,0;453,1;10,0;0,0;-8,0;-8,0;32,4
24/03/2026 17:36;450,0;451,4;10,0;0,0;-8,0;-8,0;32,4
24/03/2026 17:37;450,0;447,0;12,2;2,8;-8,0;-8,0;32,4
24/03/2026 17:38;450,0;445,2;16,4;4,9;-8,0;-8,0;32,4
24/03/2026 17:39;450,0;448,4;18,4;2,4;-8,0;-8,0;32,3
24/03/2026 17:40;450,0;456,4;12,8;0,0;-8,0;-8,0;32,4
24/03/2026 17:41;450,0;460,7;10,0;0,0;-8,0;-9,0;32,0
24/03/2026 17:42;450,0;459,3;10,0;0,0;-8,0;-9,0;31,9
24/03/2026 17:43;450,0;457,5;10,0;0,0;-8,0;-8,0;32,2
24/03/2026 17:44;450,0;454,0;10,0;0,0;-8,0;-8,0;32,1
24/03/2026 17:45;450,0;451,4;10,0;0,0;-8,0;-8,0;32,0
24/03/2026 17:46;450,0;446,4;12,7;3,3;-8,0;-8,0;31,8
24/03/2026 17:47;450,0;442,3;18,6;7,7;-8,0;-7,0;32,4
24/03/2026 17:48;450,0;445,8;23,5;5,2;-8,0;-7,0;32,6
24/03/2026 17:49;450,0;455,2;18,9;0,0;-8,0;-8,0;32,4
24/03/2026 17:50;450,0;461,3;10,0;0,0;-8,0;-8,0;32,4
24/03/2026 17:51;450,0;462,2;10,0;0,0;-8,0;-9,0;31,9
24/03/2026 17:52;450,0;461,9;10,0;0,0;-8,0;-9,0;31,6
24/03/2026 17:53;450,0;459,6;10,0;0,0;-8,0;-8,0;32,0
24/03/2026 17:54;450,0;456,1;10,0;0,0;-8,0;-8,0;32,0
24/03/2026 17:55;450,0;451,4;10,0;0,0;-8,0;-8,0;31,7
24/03/2026 17:56;450,0;448,1;11,1;1,7;-8,0;-8,0;31,7
24/03/2026 17:57;450,0;445,2;15,8;4,9;-8,0;-8,0;31,7
24/03/2026 17:58;450,0;445,5;19,7;5,0;-8,0;-7,0;32,0
24/03/2026 17:59;450,0;453,4;16,9;0,0;-8,0;-7,0;32,4
24/03/2026 18:00;450,0;459,6;10,0;0,0;-8,0;-9,0;31,5
24/03/2026 18:01;450,0;460,5;10,0;0,0;-8,0;-8,0;31,8
24/03/2026 18:02;450,0;457,8;10,0;0,0;-8,0;-8,0;31,8
24/03/2026 18:03;450,0;454,9;10,0;0,0;-8,0;-8,0;31,7
24/03/2026 18:04;450,0;451,4;10,0;0,0;-8,0;-8,0;31,7
24/03/2026 18:05;450,0;448,1;11,2;1,7;-8,0;-8,0;31,6
24/03/2026 18:06;450,0;445,2;15,1;4,8;-8,0;-8,0;31,6
24/03/2026 18:07;450,0;444,6;19,9;5,8;-8,0;-7,0;32,2
24/03/2026 18:08;450,0;449,9;20,8;1,3;-8,0;-7,0;32,4
24/03/2026 18:09;450,0;456,9;14,9;0,0;-8,0;-8,0;32,1
24/03/2026 18:10;450,0;460,5;10,0;0,0;-8,0;-8,0;32,1
24/03/2026 18:11;450,0;459,6;10,0;0,0;-8,0;-8,0;32,2
24/03/2026 18:12;450,0;459,0;10,0;0,0;-8,0;-8,0;32,0
24/03/2026 18:13;450,0;456,1;10,0;0,0;-8,0;-9,0;31,5
24/03/2026 18:14;450,0;453,7;10,0;0,0;-8,0;-8,0;31,8
24/03/2026 18:15;450,0;448,1;10,7;1,6;-8,0;-8,0;31,8
24/03/2026 18:16;450,0;446,7;13,8;3,2;-8,0;-8,0;31,8
24/03/2026 18:17;450,0;448,1;15,8;2,3;-8,0;-8,0;31,8
24/03/2026 18:18;450,0;452,5;13,9;0,0;-8,0;-8,0;31,8
24/03/2026 18:19;450,0;455,8;10,0;0,0;-8,0;-8,0;31,8
24/03/2026 18:20;450,0;456,6;10,0;0,0;-8,0;-8,0;31,8
24/03/2026 18:21;450,0;456,4;10,0;0,0;-8,0;-8,0;31,8
24/03/2026 18:22;450,0;454,6;10,0;0,0;-8,0;-8,0;31,8
24/03/2026 18:23;450,0;452,0;10,0;0,0;-8,0;-8,0;31,8
24/03/2026 18:24;450,0;448,7;10,9;1,2;-8,0;-8,0;31,7
24/03/2026 18:25;450,0;446,4;13,9;3,5;-8,0;-8,0;31,7
24/03/2026 18:26;450,0;445,2;19,2;5,3;-8,0;-8,0;31,9
24/03/2026 18:27;450,0;450,8;18,9;0,5;-8,0;-8,0;31,9
24/03/2026 18:28;450,0;457,2;12,3;0,0;-8,0;-8,0;32,1
24/03/2026 18:29;450,0;460,7;10,0;0,0;-8,0;-8,0;32,0
24/03/2026 18:30;450,0;459,0;10,0;0,0;-8,0;-9,0;31,6
24/03/2026 18:31;450,0;456,4;10,0;0,0;-8,0;-8,0;32,0
24/03/2026 18:32;450,0;452,8;10,0;0,0;-8,0;-8,0;32,0
24/03/2026 18:33;450,0;450,2;10,0;0,0;-8,0;-8,0;31,9
24/03/2026 18:34;450,0;447,3;12,5;2,6;-8,0;-8,0;31,9
24/03/2026 18:35;450,0;445,8;16,4;4,4;-8,0;-8,0;32,0
24/03/2026 18:36;450,0;450,2;17,1;0,8;-8,0;-8,0;32,2
24/03/2026 18:37;450,0;455,2;12,7;0,0;-8,0;-8,0;32,1
24/03/2026 18:38;450,0;459,6;10,0;0,0;-8,0;-8,0;32,1
24/03/2026 18:39;450,0;459,3;10,0;0,0;-8,0;-8,0;32,1
24/03/2026 18:40;450,0;459,6;10,0;0,0;-8,0;-8,0;32,1
24/03/2026 18:41;450,0;457,5;10,0;0,0;-8,0;-8,0;32,1
24/03/2026 18:42;450,0;455,2;10,0;0,0;-8,0;-8,0;32,1
24/03/2026 18:43;450,0;452,8;10,0;0,0;-8,0;-8,0;32,1
24/03/2026 18:44;450,0;448,7;10,4;1,1;-8,0;-8,0;32,1
24/03/2026 18:45;450,0;447,9;12,6;2,0;-8,0;-8,0;32,1
24/03/2026 18:46;450,0;447,0;15,6;3,2;-8,0;-8,0;32,1
24/03/2026 18:47;450,0;449,9;15,6;0,6;-8,0;-8,0;32,3
24/03/2026 18:48;450,0;454,3;12,1;0,0;-8,0;-8,0;32,2
24/03/2026 18:49;450,0;456,1;10,0;0,0;-8,0;-8,0;32,2
24/03/2026 18:50;450,0;454,9;10,0;0,0;-8,0;-8,0;32,2
24/03/2026 18:51;450,0;451,4;10,0;0,0;-8,0;-8,0;32,2
24/03/2026 18:52;450,0;447,0;12,0;2,8;-8,0;-8,0;32,2
24/03/2026 18:53;450,0;444,0;16,8;5,9;-8,0;-8,0;32,2
24/03/2026 18:54;450,0;446,7;20,6;4,1;-8,0;-8,0;32,4
24/03/2026 18:55;450,0;453,7;17,7;0,0;-8,0;-8,0;32,6
24/03/2026 18:56;450,0;460,7;10,0;0,0;-8,0;-8,0;32,6
24/03/2026 18:57;450,0;463,7;10,0;0,0;-8,0;-8,0;32,5
24/03/2026 18:58;450,0;462,2;10,0;0,0;-8,0;-8,0;32,5
24/03/2026 18:59;450,0;459,0;10,0;0,0;-8,0;-8,0;32,5
24/03/2026 19:00;450,0;454,6;10,0;0,0;-8,0;-8,0;32,4
24/03/2026 19:01;450,0;451,4;10,0;0,0;-8,0;-8,0;32,4
24/03/2026 19:02;450,0;448,1;10,8;1,6;-8,0;-8,0;32,4
24/03/2026 19:03;450,0;446,7;14,2;3,3;-8,0;-8,0;32,4
24/03/2026 19:04;450,0;447,0;16,8;3,4;-8,0;-8,0;32,5
24/03/2026 19:05;450,0;450,2;16,9;0,7;-8,0;-8,0;32,5
24/03/2026 19:06;450,0;454,9;12,1;0,0;-8,0;-8,0;32,8
24/03/2026 19:07;450,0;456,4;10,0;0,0;-8,0;-8,0;32,7
24/03/2026 19:08;450,0;454,6;10,0;0,0;-8,0;-8,0;32,6
24/03/2026 19:09;450,0;451,7;10,0;0,0;-8,0;-8,0;32,6
24/03/2026 19:10;450,0;448,4;11,1;1,5;-8,0;-8,0;32,6
24/03/2026 19:11;450,0;445,2;15,5;4,8;-8,0;-8,0;32,6
24/03/2026 19:12;450,0;444,6;20,3;5,8;-8,0;-7,0;33,1
24/03/2026 19:13;450,0;449,0;21,7;2,2;-8,0;-7,0;33,3
24/03/2026 19:14;450,0;459,9;13,8;0,0;-8,0;-8,0;33,1
24/03/2026 19:15;450,0;464,8;10,0;0,0;-8,0;-8,0;33,0
24/03/2026 19:16;450,0;465,1;10,0;0,0;-8,0;-9,0;32,6
24/03/2026 19:17;450,0;461,3;10,0;0,0;-8,0;-8,0;32,9
24/03/2026 19:18;450,0;457,5;10,0;0,0;-8,0;-8,0;32,8
24/03/2026 19:19;450,0;454,6;10,0;0,0;-8,0;-8,0;32,8
24/03/2026 19:20;450,0;450,8;10,0;0,0;-8,0;-8,0;32,8
24/03/2026 19:21;450,0;446,7;12,1;3,0;-8,0;-8,0;32,8
24/03/2026 19:22;450,0;445,5;16,2;4,6;-8,0;-8,0;32,8
24/03/2026 19:23;450,0;445,5;20,3;5,1;-8,0;-7,0;33,2
24/03/2026 19:24;450,0;452,0;19,0;0,0;-8,0;-7,0;33,4
24/03/2026 19:25;450,0;457,5;12,4;0,0;-8,0;-8,0;33,1
24/03/2026 19:26;450,0;459,6;10,0;0,0;-8,0;-8,0;33,0
24/03/2026 19:27;450,0;459,6;10,0;0,0;-8,0;-9,0;32,6
24/03/2026 19:28;450,0;455,2;10,0;0,0;-8,0;-9,0;32,6
24/03/2026 19:29;450,0;451,1;10,0;0,0;-8,0;-8,0;32,8
24/03/2026 19:30;450,0;447,3;12,3;2,6;-8,0;-8,0;32,7
24/03/2026 19:31;450,0;444,6;17,3;5,5;-8,0;-8,0;32,8
24/03/2026 19:32;450,0;447,6;19,7;3,2;-8,0;-7,0;33,4
24/03/2026 19:33;450,0;455,5;14,9;0,0;-8,0;-7,0;33,4
24/03/2026 19:34;450,0;460,5;10,0;0,0;-8,0;-8,0;33,0
24/03/2026 19:35;450,0;461,3;10,0;0,0;-8,0;-9,0;32,4
24/03/2026 19:36;450,0;459,9;10,0;0,0;-8,0;-8,0;32,9
24/03/2026 19:37;450,0;456,9;10,0;0,0;-8,0;-8,0;32,8
24/03/2026 19:38;450,0;454,0;10,0;0,0;-8,0;-8,0;32,9
24/03/2026 19:39;450,0;450,8;10,0;0,0;-8,0;-8,0;32,9
24/03/2026 19:40;450,0;449,3;10,1;0,5;-8,0;-8,0;32,9
24/03/2026 19:41;450,0;446,4;12,9;3,3;-8,0;-8,0;32,9
24/03/2026 19:42;450,0;446,1;16,4;4,1;-8,0;-8,0;32,9
24/03/2026 19:43;450,0;450,2;17,0;0,7;-8,0;-8,0;33,2
24/03/2026 19:44;450,0;455,8;11,8;0,0;-8,0;-8,0;33,1
24/03/2026 19:45;450,0;458,1;10,0;0,0;-8,0;-9,0;32,7
24/03/2026 19:46;450,0;454,9;10,0;0,0;-8,0;-8,0;33,0
24/03/2026 19:47;450,0;452,5;10,0;0,0;-8,0;-8,0;32,9
24/03/2026 19:48;450,0;450,5;10,0;0,0;-8,0;-9,0;32,6
24/03/2026 19:49;450,0;447,0;12,5;2,9;-8,0;-8,0;32,9
24/03/2026 19:50;450,0;444,3;17,3;5,8;-8,0;-8,0;32,9
24/03/2026 19:51;450,0;446,7;20,8;4,1;-8,0;-8,0;33,0
24/03/2026 19:52;450,0;455,8;16,0;0,0;-8,0;-8,0;33,4
24/03/2026 19:53;450,0;463,7;10,0;0,0;-8,0;-8,0;33,3
24/03/2026 19:54;450,0;465,1;10,0;0,0;-8,0;-8,0;33,2
24/03/2026 19:55;450,0;463,7;10,0;0,0;-8,0;-8,0;33,2
24/03/2026 19:56;450,0;460,5;10,0;0,0;-8,0;-9,0;32,8
24/03/2026 19:57;450,0;457,8;10,0;0,0;-8,0;-9,0;32,8
24/03/2026 19:58;450,0;453,4;10,0;0,0;-8,0;-8,0;33,0
24/03/2026 19:59;450,0;448,7;10,5;1,1;-8,0;-8,0;33,0
24/03/2026 20:00;450,0;444,3;15,6;5,6;-8,0;-8,0;33,2
24/03/2026 20:01;450,0;444,3;20,4;6,1;-8,0;-7,0;33,6
24/03/2026 20:02;450,0;448,4;22,0;2,8;-8,0;-7,0;33,8
24/03/2026 20:03;450,0;455,2;17,3;0,0;-8,0;-8,0;33,5
24/03/2026 20:04;450,0;459,9;10,0;0,0;-8,0;-8,0;33,5
24/03/2026 20:05;450,0;459,9;10,0;0,0;-8,0;-8,0;33,3
24/03/2026 20:06;450,0;458,4;10,0;0,0;-8,0;-8,0;33,3
24/03/2026 20:07;450,0;457,8;10,0;0,0;-8,0;-8,0;33,3
24/03/2026 20:08;450,0;456,6;10,0;0,0;-8,0;-8,0;33,2
24/03/2026 20:09;450,0;453,7;10,0;0,0;-8,0;-9,0;32,9
24/03/2026 20:10;450,0;451,7;10,0;0,0;-8,0;-8,0;33,3
24/03/2026 20:11;450,0;449,6;10,0;0,3;-8,0;-8,0;33,2
24/03/2026 20:12;450,0;444,9;14,3;4,9;-8,0;-8,0;33,2
24/03/2026 20:13;450,0;444,6;19,2;5,7;-8,0;-8,0;33,3
24/03/2026 20:14;450,0;450,8;19,5;0,5;-8,0;-8,0;33,5
24/03/2026 20:15;450,0;460,5;10,9;0,0;-8,0;-8,0;33,4
24/03/2026 20:16;450,0;465,7;10,0;0,0;-8,0;-8,0;33,4
24/03/2026 20:17;450,0;465,7;10,0;0,0;-8,0;-8,0;33,4
24/03/2026 20:18;450,0;464,8;10,0;0,0;-8,0;-8,0;33,2
24/03/2026 20:19;450,0;462,8;10,0;0,0;-8,0;-9,0;32,8
24/03/2026 20:20;450,0;458,4;10,0;0,0;-8,0;-8,0;33,2
24/03/2026 20:21;450,0;453,1;10,0;0,0;-8,0;-9,0;32,8
24/03/2026 20:22;450,0;449,0;10,4;0,9;-8,0;-8,0;33,1
24/03/2026 20:23;450,0;444,6;15,6;5,3;-8,0;-8,0;33,1
24/03/2026 20:24;450,0;442,9;22,0;7,5;-8,0;-7,0;33,6
24/03/2026 20:25;450,0;448,1;23,6;3,2;-8,0;-7,0;34,0
24/03/2026 20:26;450,0;456,6;17,9;0,0;-8,0;-8,0;33,7
24/03/2026 20:27;450,0;460,2;10,0;0,0;-8,0;-9,0;33,1
24/03/2026 20:28;450,0;459,6;10,0;0,0;-8,0;-9,0;33,0
24/03/2026 20:29;450,0;456,1;10,0;0,0;-8,0;-8,0;33,1
24/03/2026 20:30;450,0;452,2;10,0;0,0;-8,0;-8,0;33,0
24/03/2026 20:31;450,0;447,9;11,1;1,8;-8,0;-8,0;33,0
24/03/2026 20:32;450,0;446,1;14,9;3,9;-8,0;-8,0;33,0
24/03/2026 20:33;450,0;445,2;19,2;5,3;-8,0;-8,0;33,1
24/03/2026 20:34;450,0;449,3;20,3;1,8;-8,0;-8,0;33,3
24/03/2026 20:35;450,0;455,8;14,9;0,0;-8,0;-8,0;33,3
24/03/2026 20:36;450,0;459,0;10,0;0,0;-8,0;-8,0;33,3
24/03/2026 20:37;450,0;458,7;10,0;0,0;-8,0;-8,0;33,3
24/03/2026 20:38;450,0;457,2;10,0;0,0;-8,0;-8,0;33,3
24/03/2026 20:39;450,0;454,3;10,0;0,0;-8,0;-8,0;33,3
24/03/2026 20:40;450,0;450,8;10,0;0,0;-8,0;-8,0;33,3
24/03/2026 20:41;450,0;445,8;13,1;3,9;-8,0;-8,0;33,2
24/03/2026 20:42;450,0;444,6;18,1;5,6;-8,0;-8,0;33,2
24/03/2026 20:43;450,0;447,9;20,7;3,0;-8,0;-8,0;33,2
24/03/2026 20:44;450,0;454,6;17,4;0,0;-8,0;-8,0;33,6
24/03/2026 20:45;450,0;459,9;10,0;0,0;-8,0;-8,0;33,5
24/03/2026 20:46;450,0;461,0;10,0;0,0;-8,0;-8,0;33,4
24/03/2026 20:47;450,0;457,8;10,0;0,0;-8,0;-8,0;33,3
24/03/2026 20:48;450,0;454,9;10,0;0,0;-8,0;-8,0;33,3
24/03/2026 20:49;450,0;452,5;10,0;0,0;-8,0;-8,0;33,1
24/03/2026 20:50;450,0;452,5;10,0;0,0;-8,0;-8,0;33,2
24/03/2026 20:51;450,0;449,9;10,0;0,0;-8,0;-8,0;33,0
24/03/2026 20:52;450,0;447,0;12,8;2,9;-8,0;-8,0;33,1
24/03/2026 20:53;450,0;447,0;16,0;3,3;-8,0;-8,0;33,1
24/03/2026 20:54;450,0;448,7;17,5;2,0;-8,0;-8,0;33,1
24/03/2026 20:55;450,0;452,0;15,6;0,0;-8,0;-8,0;33,2
24/03/2026 20:56;450,0;456,1;10,5;0,0;-8,0;-8,0;33,3
24/03/2026 20:57;450,0;457,2;10,0;0,0;-8,0;-8,0;33,3
24/03/2026 20:58;450,0;455,2;10,0;0,0;-8,0;-8,0;33,1
24/03/2026 20:59;450,0;452,0;10,0;0,0;-8,0;-8,0;33,2
24/03/2026 21:00;450,0;447,6;11,4;2,2;-8,0;-8,0;33,2
24/03/2026 21:01;450,0;444,6;16,1;5,3;-8,0;-8,0;33,2
24/03/2026 21:02;450,0;446,1;20,0;4,5;-8,0;-8,0;33,2
24/03/2026 21:03;450,0;451,4;19,4;0,0;-8,0;-7,0;33,9
24/03/2026 21:04;450,0;458,4;12,7;0,0;-8,0;-8,0;33,5
24/03/2026 21:05;450,0;461,6;10,0;0,0;-8,0;-8,0;33,4
24/03/2026 21:06;450,0;461,3;10,0;0,0;-8,0;-8,0;33,4
24/03/2026 21:07;450,0;459,6;10,0;0,0;-8,0;-9,0;33,0
24/03/2026 21:08;450,0;459,9;10,0;0,0;-8,0;-8,0;33,1
24/03/2026 21:09;450,0;458,1;10,0;0,0;-8,0;-8,0;33,2
24/03/2026 21:10;450,0;456,4;10,0;0,0;-8,0;-8,0;33,2
24/03/2026 21:11;450,0;452,2;10,0;0,0;-8,0;-8,0;33,1
24/03/2026 21:12;450,0;450,5;10,0;0,0;-8,0;-8,0;33,1
24/03/2026 21:13;450,0;449,3;10,1;0,5;-8,0;-8,0;33,1
24/03/2026 21:14;450,0;447,0;13,2;3,0;-8,0;-8,0;33,1
24/03/2026 21:15;450,0;443,8;18,8;6,4;-8,0;-8,0;33,1
24/03/2026 21:16;450,0;447,0;21,9;4,1;-8,0;-8,0;33,1
24/03/2026 21:17;450,0;453,4;18,7;0,0;-8,0;-8,0;33,4
24/03/2026 21:18;450,0;462,2;10,0;0,0;-8,0;-8,0;33,4
24/03/2026 21:19;450,0;465,1;10,0;0,0;-8,0;-8,0;33,2
24/03/2026 21:20;450,0;463,7;10,0;0,0;-8,0;-8,0;33,1
24/03/2026 21:21;450,0;458,1;10,0;0,0;-8,0;-8,0;33,0
24/03/2026 21:22;450,0;453,4;10,0;0,0;-8,0;-8,0;33,0
24/03/2026 21:23;450,0;451,4;10,0;0,0;-8,0;-8,0;32,9
24/03/2026 21:24;450,0;448,4;11,0;1,5;-8,0;-8,0;32,8
24/03/2026 21:25;450,0;448,4;12,2;1,6;-8,0;-8,0;32,9
24/03/2026 21:26;450,0;446,7;15,3;3,4;-8,0;-8,0;32,9
24/03/2026 21:27;450,0;447,0;17,8;3,5;-8,0;-8,0;33,1
24/03/2026 21:28;450,0;450,5;17,3;0,7;-8,0;-8,0;33,0
24/03/2026 21:29;450,0;454,6;13,2;0,0;-8,0;-8,0;33,0
24/03/2026 21:30;450,0;454,9;10,0;0,0;-8,0;-9,0;32,6
24/03/2026 21:31;450,0;452,5;10,0;0,0;-8,0;-8,0;32,9
24/03/2026 21:32;450,0;449,6;10,0;0,3;-8,0;-8,0;32,9
24/03/2026 21:33;450,0;447,6;12,2;2,3;-8,0;-8,0;32,8
24/03/2026 21:34;450,0;444,6;16,6;5,4;-8,0;-8,0;32,8
24/03/2026 21:35;450,0;447,0;20,1;3,8;-8,0;-7,0;33,3
24/03/2026 21:36;450,0;452,5;18,0;0,0;-8,0;-8,0;33,1
24/03/2026 21:37;450,0;459,0;10,0;0,0;-8,0;-8,0;33,1
24/03/2026 21:38;450,0;460,7;10,0;0,0;-8,0;-8,0;33,1
24/03/2026 21:39;450,0;458,7;10,0;0,0;-8,0;-9,0;32,7
24/03/2026 21:40;450,0;455,8;10,0;0,0;-8,0;-8,0;33,1
24/03/2026 21:41;450,0;452,8;10,0;0,0;-8,0;-8,0;33,1
24/03/2026 21:42;450,0;449,3;10,4;0,6;-8,0;-8,0;32,9
24/03/2026 21:43;450,0;446,4;13,6;3,5;-8,0;-8,0;33,1
24/03/2026 21:44;450,0;444,6;18,7;5,7;-8,0;-8,0;33,1
24/03/2026 21:45;450,0;448,4;20,7;2,9;-8,0;-7,0;33,5
24/03/2026 21:46;450,0;456,9;14,4;0,0;-8,0;-8,0;33,4
24/03/2026 21:47;450,0;461,9;10,0;0,0;-8,0;-8,0;33,3
24/03/2026 21:48;450,0;461,9;10,0;0,0;-8,0;-8,0;33,2
24/03/2026 21:49;450,0;460,2;10,0;0,0;-8,0;-9,0;32,7
24/03/2026 21:50;450,0;457,2;10,0;0,0;-8,0;-8,0;33,1
24/03/2026 21:51;450,0;455,8;10,0;0,0;-8,0;-8,0;32,9
24/03/2026 21:52;450,0;451,7;10,0;0,0;-8,0;-8,0;33,0
24/03/2026 21:53;450,0;448,1;10,9;1,6;-8,0;-8,0;33,0
24/03/2026 21:54;450,0;444,9;15,0;5,0;-8,0;-8,0;33,0
24/03/2026 21:55;450,0;444,9;19,5;5,5;-8,0;-7,0;33,5
24/03/2026 21:56;450,0;450,5;20,1;1,1;-8,0;-8,0;33,3
24/03/2026 21:57;450,0;458,7;13,2;0,0;-8,0;-8,0;33,4
24/03/2026 21:58;450,0;461,9;10,0;0,0;-8,0;-8,0;33,4
24/03/2026 21:59;450,0;460,2;10,0;0,0;-8,0;-8,0;33,1
24/03/2026 22:00;450,0;458,4;10,0;0,0;-8,0;-8,0;33,2
24/03/2026 22:01;450,0;454,3;10,0;0,0;-8,0;-8,0;33,1
24/03/2026 22:02;450,0;451,4;10,0;0,0;-8,0;-9,0;32,6
24/03/2026 22:03;450,0;447,9;11,2;1,8;-8,0;-8,0;33,0
24/03/2026 22:04;450,0;444,9;16,2;5,1;-8,0;-8,0;33,0
24/03/2026 22:05;450,0;446,1;20,0;4,6;-8,0;-7,0;33,5
24/03/2026 22:06;450,0;452,0;18,6;0,0;-8,0;-7,0;33,6
24/03/2026 22:07;450,0;458,1;10,9;0,0;-8,0;-8,0;33,3
24/03/2026 22:08;450,0;458,1;10,0;0,0;-8,0;-8,0;33,2
24/03/2026 22:09;450,0;457,2;10,0;0,0;-8,0;-9,0;32,9
24/03/2026 22:10;450,0;454,0;10,0;0,0;-8,0;-8,0;33,0
24/03/2026 22:11;450,0;450,8;10,0;0,0;-8,0;-8,0;33,0
24/03/2026 22:12;450,0;449,0;10,8;0,9;-8,0;-8,0;33,0
24/03/2026 22:13;450,0;446,1;14,1;3,8;-8,0;-8,0;33,0
24/03/2026 22:14;450,0;446,1;17,6;4,2;-8,0;-7,0;33,6
24/03/2026 22:15;450,0;450,2;17,9;0,8;-8,0;-8,0;33,1
24/03/2026 22:16;450,0;456,4;12,6;0,0;-8,0;-8,0;33,2
24/03/2026 22:17;450,0;459,0;10,0;0,0;-8,0;-9,0;32,7
24/03/2026 22:18;450,0;459,0;10,0;0,0;-8,0;-8,0;32,9
24/03/2026 22:19;450,0;456,6;10,0;0,0;-8,0;-8,0;32,9
24/03/2026 22:20;450,0;454,3;10,0;0,0;-8,0;-9,0;32,5
24/03/2026 22:21;450,0;451,7;10,0;0,0;-8,0;-8,0;32,9
24/03/2026 22:22;450,0;448,4;11,0;1,5;-8,0;-8,0;32,9
24/03/2026 22:23;450,0;444,9;15,7;5,0;-8,0;-8,0;32,8
24/03/2026 22:24;450,0;444,3;20,7;6,2;-8,0;-7,0;33,4
24/03/2026 22:25;450,0;449,0;21,6;2,2;-8,0;-7,0;33,4
24/03/2026 22:26;450,0;455,2;16,5;0,0;-8,0;-8,0;33,2
24/03/2026 22:27;450,0;459,9;10,0;0,0;-8,0;-8,0;33,2
24/03/2026 22:28;450,0;460,2;10,0;0,0;-8,0;-8,0;33,1
24/03/2026 22:29;450,0;460,5;10,0;0,0;-8,0;-8,0;33,1
24/03/2026 22:30;450,0;458,1;10,0;0,0;-8,0;-8,0;33,1
24/03/2026 22:31;450,0;454,9;10,0;0,0;-8,0;-9,0;32,6
24/03/2026 22:32;450,0;450,5;10,0;0,0;-8,0;-8,0;33,0
24/03/2026 22:33;450,0;447,3;12,1;2,6;-8,0;-8,0;33,0
24/03/2026 22:34;450,0;444,6;17,3;5,5;-8,0;-8,0;33,0
24/03/2026 22:35;450,0;447,6;19,5;3,1;-8,0;-7,0;33,4
24/03/2026 22:36;450,0;453,4;16,9;0,0;-8,0;-8,0;33,2
24/03/2026 22:37;450,0;458,1;10,0;0,0;-8,0;-8,0;33,2
24/03/2026 22:38;450,0;456,9;10,0;0,0;-8,0;-9,0;32,7
24/03/2026 22:39;450,0;455,2;10,0;0,0;-8,0;-9,0;32,7
24/03/2026 22:40;450,0;452,2;10,0;0,0;-8,0;-8,0;33,0
24/03/2026 22:41;450,0;449,0;10,2;0,8;-8,0;-8,0;32,9
24/03/2026 22:42;450,0;446,4;13,2;3,4;-8,0;-8,0;32,9
24/03/2026 22:43;450,0;444,6;17,9;5,6;-8,0;-8,0;32,9
24/03/2026 22:44;450,0;447,6;20,5;3,2;-8,0;-7,0;33,5
24/03/2026 22:45;450,0;457,2;14,8;0,0;-8,0;-7,0;33,4
24/03/2026 22:46;450,0;463,4;10,0;0,0;-8,0;-8,0;33,2
24/03/2026 22:47;450,0;464,0;10,0;0,0;-8,0;-8,0;33,2
24/03/2026 22:48;450,0;462,2;10,0;0,0;-8,0;-8,0;33,0
24/03/2026 22:49;450,0;458,7;10,0;0,0;-8,0;-8,0;33,0
24/03/2026 22:50;450,0;456,9;10,0;0,0;-8,0;-8,0;33,0
24/03/2026 22:51;450,0;455,2;10,0;0,0;-8,0;-8,0;33,0
24/03/2026 22:52;450,0;453,4;10,0;0,0;-8,0;-8,0;32,9
24/03/2026 22:53;450,0;450,5;10,0;0,0;-8,0;-8,0;32,9
24/03/2026 22:54;450,0;448,4;11,2;1,5;-8,0;-8,0;32,9
24/03/2026 22:55;450,0;445,8;14,4;4,1;-8,0;-8,0;32,8
24/03/2026 22:56;450,0;445,5;19,1;4,9;-8,0;-7,0;33,4
24/03/2026 22:57;450,0;450,5;18,8;0,7;-8,0;-8,0;33,1
24/03/2026 22:58;450,0;456,1;13,3;0,0;-8,0;-8,0;33,1
24/03/2026 22:59;450,0;455,5;10,0;0,0;-8,0;-8,0;33,2
24/03/2026 23:00;450,0;452,5;10,0;0,0;-8,0;-8,0;33,0
24/03/2026 23:01;450,0;449,3;10,0;0,5;-8,0;-8,0;33,1
24/03/2026 23:02;450,0;445,2;14,1;4,7;-8,0;-8,0;33,0
24/03/2026 23:03;450,0;442,0;21,0;8,3;-8,0;-8,0;33,0
24/03/2026 23:04;450,0;446,4;24,9;4,8;-8,0;-7,0;33,7
24/03/2026 23:05;450,0;460,5;16,6;0,0;-8,0;-8,0;33,5
24/03/2026 23:06;450,0;469,2;10,0;0,0;-8,0;-9,0;33,0
24/03/2026 23:07;450,0;471,0;10,0;0,0;-8,0;-9,0;32,9
24/03/2026 23:08;450,0;466,0;10,0;0,0;-8,0;-8,0;33,2
24/03/2026 23:09;450,0;460,2;10,0;0,0;-8,0;-9,0;32,7
24/03/2026 23:10;450,0;455,2;10,0;0,0;-8,0;-8,0;32,8
24/03/2026 23:11;450,0;449,9;10,0;0,0;-8,0;-8,0;32,9
24/03/2026 23:12;450,0;446,7;12,9;3,1;-8,0;-8,0;32,8
24/03/2026 23:13;450,0;444,6;17,9;5,6;-8,0;-8,0;33,0
24/03/2026 23:14;450,0;448,7;19,5;2,2;-8,0;-8,0;33,0
24/03/2026 23:15;450,0;457,5;13,2;0,0;-8,0;-8,0;33,0
24/03/2026 23:16;450,0;464,6;10,0;0,0;-8,0;-8,0;32,9
24/03/2026 23:17;450,0;465,7;10,0;0,0;-8,0;-8,0;32,8
24/03/2026 23:18;450,0;463,7;10,0;0,0;-8,0;-8,0;32,7
24/03/2026 23:19;450,0;458,7;10,0;0,0;-8,0;-8,0;32,8
24/03/2026 23:20;450,0;454,0;10,0;0,0;-8,0;-8,0;32,8
24/03/2026 23:21;450,0;449,0;10,2;0,8;-8,0;-8,0;32,6
24/03/2026 23:22;450,0;444,9;14,9;4,9;-8,0;-8,0;32,6
24/03/2026 23:23;450,0;443,8;20,8;6,7;-8,0;-8,0;32,7
24/03/2026 23:24;450,0;450,2;21,1;1,2;-8,0;-7,0;33,5
24/03/2026 23:25;450,0;459,6;13,0;0,0;-8,0;-8,0;33,1
24/03/2026 23:26;450,0;465,7;10,0;0,0;-8,0;-8,0;33,1
24/03/2026 23:27;450,0;464,0;10,0;0,0;-8,0;-8,0;33,0
24/03/2026 23:28;450,0;459,6;10,0;0,0;-8,0;-9,0;32,6
24/03/2026 23:29;450,0;454,9;10,0;0,0;-8,0;-8,0;32,9
24/03/2026 23:30;450,0;451,7;10,0;0,0;-8,0;-8,0;32,9
24/03/2026 23:31;450,0;448,7;10,7;1,2;-8,0;-8,0;32,9
24/03/2026 23:32;450,0;448,7;11,9;1,3;-8,0;-8,0;32,8
24/03/2026 23:33;450,0;449,0;12,7;1,1;-8,0;-8,0;32,9
24/03/2026 23:34;450,0;447,3;15,0;2,9;-8,0;-8,0;32,9
24/03/2026 23:35;450,0;444,6;19,8;5,8;-8,0;-8,0;33,0
24/03/2026 23:36;450,0;450,5;20,5;0,9;-8,0;-7,0;33,6
24/03/2026 23:37;450,0;457,5;13,2;0,0;-8,0;-8,0;33,2
24/03/2026 23:38;450,0;457,8;10,0;0,0;-8,0;-8,0;33,1
24/03/2026 23:39;450,0;456,6;10,0;0,0;-8,0;-8,0;33,0
24/03/2026 23:40;450,0;453,4;10,0;0,0;-8,0;-8,0;33,1
24/03/2026 23:41;450,0;449,6;10,0;0,3;-8,0;-9,0;32,5
24/03/2026 23:42;450,0;446,1;13,8;3,8;-8,0;-8,0;33,0
24/03/2026 23:43;450,0;445,2;18,3;5,1;-8,0;-8,0;33,0
24/03/2026 23:44;450,0;451,1;17,6;0,0;-8,0;-8,0;33,0
24/03/2026 23:45;450,0;457,8;10,6;0,0;-8,0;-8,0;33,1
24/03/2026 23:46;450,0;459,6;10,0;0,0;-8,0;-9,0;32,6
24/03/2026 23:47;450,0;459,9;10,0;0,0;-8,0;-8,0;32,8
24/03/2026 23:48;450,0;456,4;10,0;0,0;-8,0;-8,0;32,9
24/03/2026 23:49;450,0;452,5;10,0;0,0;-8,0;-8,0;32,5
24/03/2026 23:50;450,0;450,8;10,0;0,0;-8,0;-8,0;32,9
24/03/2026 23:51;450,0;448,4;10,9;1,5;-8,0;-8,0;32,8
24/03/2026 23:52;450,0;444,6;15,4;5,3;-8,0;-8,0;32,8
24/03/2026 23:53;450,0;444,6;21,2;6,0;-8,0;-7,0;33,4
24/03/2026 23:54;450,0;452,8;19,0;0,0;-8,0;-7,0;33,6
24/03/2026 23:55;450,0;460,7;10,0;0,0;-8,0;-9,0;32,9
24/03/2026 23:56;450,0;465,4;10,0;0,0;-8,0;-8,0;33,2
24/03/2026 23:57;450,0;462,2;10,0;0,0;-8,0;-8,0;33,1
24/03/2026 23:58;450,0;458,1;10,0;0,0;-8,0;-8,0;33,1
24/03/2026 23:59;450,0;453,7;10,0;0,0;-8,0;-8,0;33,0
25/03/2026 00:00;450,0;448,4;10,8;1,4;-8,0;-8,0;32,9
25/03/2026 00:01;450,0;443,8;16,3;6,1;-8,0;-8,0;32,9
25/03/2026 00:02;450,0;443,8;22,4;6,8;-8,0;-7,0;33,3
25/03/2026 00:03;450,0;451,1;21,4;0,5;-8,0;-8,0;33,2
25/03/2026 00:04;450,0;459,9;12,3;0,0;-8,0;-8,0;33,4
25/03/2026 00:05;450,0;464,0;10,0;0,0;-8,0;-9,0;32,8
25/03/2026 00:06;450,0;463,7;10,0;0,0;-8,0;-8,0;33,2
25/03/2026 00:07;450,0;461,3;10,0;0,0;-8,0;-8,0;33,0
25/03/2026 00:08;450,0;457,8;10,0;0,0;-8,0;-8,0;32,9
25/03/2026 00:09;450,0;453,7;10,0;0,0;-8,0;-8,0;32,9
25/03/2026 00:10;450,0;448,1;10,5;1,4;-8,0;-8,0;32,8
25/03/2026 00:11;450,0;444,3;15,8;5,5;-8,0;-8,0;32,8
25/03/2026 00:12;450,0;443,2;21,9;7,3;-8,0;-7,0;33,2
25/03/2026 00:13;450,0;447,6;24,8;3,9;-8,0;-7,0;33,7
25/03/2026 00:14;450,0;459,6;17,2;0,0;-8,0;-8,0;33,5
25/03/2026 00:15;450,0;468,1;10,0;0,0;-8,0;-8,0;33,4
25/03/2026 00:16;450,0;469,8;10,0;0,0;-8,0;-8,0;33,4
25/03/2026 00:17;450,0;468,4;10,0;0,0;-8,0;-8,0;33,3
25/03/2026 00:18;450,0;466,6;10,0;0,0;-8,0;-8,0;33,3
25/03/2026 00:19;450,0;463,4;10,0;0,0;-8,0;-8,0;33,2
25/03/2026 00:20;450,0;460,7;10,0;0,0;-8,0;-8,0;33,2
25/03/2026 00:21;450,0;457,2;10,0;0,0;-8,0;-8,0;33,3
25/03/2026 00:22;450,0;454,3;10,0;0,0;-8,0;-8,0;33,0
25/03/2026 00:23;450,0;451,1;10,0;0,0;-8,0;-9,0;32,8
25/03/2026 00:24;450,0;447,3;12,2;2,6;-8,0;-8,0;33,0
25/03/2026 00:25;450,0;444,6;17,2;5,5;-8,0;-8,0;33,0
25/03/2026 00:26;450,0;447,9;18,9;2,8;-8,0;-7,0;33,5
25/03/2026 00:27;450,0;456,1;13,7;0,0;-8,0;-8,0;33,2
25/03/2026 00:28;450,0;461,3;10,0;0,0;-8,0;-8,0;32,9
25/03/2026 00:29;450,0;464,6;10,0;0,0;-8,0;-9,0;32,5
25/03/2026 00:30;450,0;462,5;10,0;0,0;-8,0;-8,0;32,9
25/03/2026 00:31;450,0;459,6;10,0;0,0;-8,0;-8,0;32,9
25/03/2026 00:32;450,0;454,0;10,0;0,0;-8,0;-8,0;32,8
25/03/2026 00:33;450,0;451,1;10,0;0,0;-8,0;-8,0;32,8
25/03/2026 00:34;450,0;447,3;11,6;2,4;-8,0;-8,0;32,7
25/03/2026 00:35;450,0;444,3;16,5;5,6;-8,0;-7,0;33,3
25/03/2026 00:36;450,0;447,0;20,1;3,9;-8,0;-8,0;32,9
25/03/2026 00:37;450,0;453,1;17,1;0,0;-8,0;-7,0;33,5
25/03/2026 00:38;450,0;457,8;10,4;0,0;-8,0;-8,0;33,1
25/03/2026 00:39;450,0;459,0;10,0;0,0;-8,0;-9,0;32,7
25/03/2026 00:40;450,0;456,1;10,0;0,0;-8,0;-8,0;33,0
25/03/2026 00:41;450,0;452,5;10,0;0,0;-8,0;-8,0;32,9
25/03/2026 00:42;450,0;448,1;10,9;1,7;-8,0;-8,0;32,8
25/03/2026 00:43;450,0;444,3;15,6;5,5;-8,0;-8,0;32,9
25/03/2026 00:44;450,0;445,8;20,1;4,8;-8,0;-7,0;33,5
25/03/2026 00:45;450,0;453,4;18,0;0,0;-8,0;-8,0;33,4
25/03/2026 00:46;450,0;459,6;10,0;0,0;-8,0;-8,0;33,3
25/03/2026 00:47;450,0;462,5;10,0;0,0;-8,0;-8,0;33,2
25/03/2026 00:48;450,0;461,3;10,0;0,0;-8,0;-9,0;32,8
25/03/2026 00:49;450,0;457,2;10,0;0,0;-8,0;-8,0;33,1
25/03/2026 00:50;450,0;453,4;10,0;0,0;-8,0;-9,0;32,7
25/03/2026 00:51;450,0;449,0;10,2;0,8;-8,0;-8,0;33,0
25/03/2026 00:52;450,0;444,0;15,2;5,8;-8,0;-8,0;32,9
25/03/2026 00:53;450,0;443,2;21,5;7,2;-8,0;-7,0;33,3
25/03/2026 00:54;450,0;450,5;21,9;1,1;-8,0;-7,0;33,7
25/03/2026 00:55;450,0;459,9;12,5;0,0;-8,0;-8,0;33,3
25/03/2026 00:56;450,0;464,6;10,0;0,0;-8,0;-8,0;33,3
25/03/2026 00:57;450,0;464,6;10,0;0,0;-8,0;-8,0;33,1
25/03/2026 00:58;450,0;463,4;10,0;0,0;-8,0;-8,0;33,1
25/03/2026 00:59;450,0;460,5;10,0;0,0;-8,0;-8,0;33,1
25/03/2026 01:00;450,0;456,9;10,0;0,0;-8,0;-8,0;32,9
25/03/2026 01:01;450,0;452,2;10,0;0,0;-8,0;-8,0;32,9
25/03/2026 01:02;450,0;449,0;10,1;0,8;-8,0;-8,0;32,9
25/03/2026 01:03;450,0;444,6;14,8;5,2;-8,0;-8,0;32,9
25/03/2026 01:04;450,0;444,3;19,9;6,1;-8,0;-7,0;33,3
25/03/2026 01:05;450,0;449,6;20,7;1,5;-8,0;-7,0;33,5
25/03/2026 01:06;450,0;459,3;13,5;0,0;-8,0;-7,0;33,6
25/03/2026 01:07;450,0;464,6;10,0;0,0;-8,0;-8,0;33,3
25/03/2026 01:08;450,0;466,0;10,0;0,0;-8,0;-9,0;32,8
25/03/2026 01:09;450,0;465,4;10,0;0,0;-8,0;-8,0;33,0
25/03/2026 01:10;450,0;461,6;10,0;0,0;-8,0;-8,0;33,0
25/03/2026 01:11;450,0;456,6;10,0;0,0;-8,0;-8,0;32,8
25/03/2026 01:12;450,0;452,5;10,0;0,0;-8,0;-8,0;32,8
25/03/2026 01:13;450,0;448,4;10,8;1,5;-8,0;-8,0;32,6
25/03/2026 01:14;450,0;444,3;15,8;5,5;-8,0;-8,0;32,7
25/03/2026 01:15;450,0;443,8;22,1;6,9;-8,0;-7,0;33,2
25/03/2026 01:16;450,0;450,5;21,9;1,1;-8,0;-7,0;33,5
25/03/2026 01:17;450,0;458,1;14,5;0,0;-8,0;-8,0;33,2
25/03/2026 01:18;450,0;459,9;10,0;0,0;-8,0;-8,0;33,2
25/03/2026 01:19;450,0;459,0;10,0;0,0;-8,0;-8,0;33,0
25/03/2026 01:20;450,0;458,4;10,0;0,0;-8,0;-8,0;33,1
25/03/2026 01:21;450,0;455,5;10,0;0,0;-8,0;-8,0;32,9
25/03/2026 01:22;450,0;452,2;10,0;0,0;-8,0;-8,0;33,0
25/03/2026 01:23;450,0;447,6;11,2;2,1;-8,0;-8,0;32,8
25/03/2026 01:24;450,0;444,3;16,3;5,7;-8,0;-8,0;32,9
25/03/2026 01:25;450,0;444,9;20,8;5,6;-8,0;-8,0;33,0
25/03/2026 01:26;450,0;453,4;18,5;0,0;-8,0;-8,0;33,0
25/03/2026 01:27;450,0;460,2;10,1;0,0;-8,0;-8,0;33,0
25/03/2026 01:28;450,0;464,6;10,0;0,0;-8,0;-8,0;33,0
25/03/2026 01:29;450,0;463,4;10,0;0,0;-8,0;-8,0;33,0
25/03/2026 01:30;450,0;463,1;10,0;0,0;-8,0;-8,0;33,1
25/03/2026 01:31;450,0;460,5;10,0;0,0;-8,0;-8,0;32,8
25/03/2026 01:32;450,0;455,8;10,0;0,0;-8,0;-8,0;32,9
25/03/2026 01:33;450,0;451,1;10,0;0,0;-8,0;-9,0;32,5
25/03/2026 01:34;450,0;447,0;12,6;2,9;-8,0;-8,0;32,8
25/03/2026 01:35;450,0;444,0;18,0;6,1;-8,0;-8,0;33,0
25/03/2026 01:36;450,0;446,1;21,4;4,6;-8,0;-7,0;33,4
25/03/2026 01:37;450,0;452,8;19,2;0,0;-8,0;-7,0;33,6
25/03/2026 01:38;450,0;461,3;10,0;0,0;-8,0;-8,0;33,3
25/03/2026 01:39;450,0;464,8;10,0;0,0;-8,0;-8,0;33,3
25/03/2026 01:40;450,0;464,0;10,0;0,0;-8,0;-9,0;32,9
25/03/2026 01:41;450,0;460,5;10,0;0,0;-8,0;-8,0;33,2
25/03/2026 01:42;450,0;456,4;10,0;0,0;-8,0;-8,0;33,1
25/03/2026 01:43;450,0;453,4;10,0;0,0;-8,0;-8,0;33,1
25/03/2026 01:44;450,0;450,5;10,0;0,0;-8,0;-8,0;33,1
25/03/2026 01:45;450,0;446,4;12,9;3,4;-8,0;-8,0;33,0
25/03/2026 01:46;450,0;444,3;17,7;5,8;-8,0;-7,0;33,4
25/03/2026 01:47;450,0;447,3;20,0;3,5;-8,0;-8,0;33,1
25/03/2026 01:48;450,0;455,5;15,5;0,0;-8,0;-7,0;33,5
25/03/2026 01:49;450,0;463,1;10,0;0,0;-8,0;-9,0;32,8
25/03/2026 01:50;450,0;463,4;10,0;0,0;-8,0;-8,0;33,1
25/03/2026 01:51;450,0;461,9;10,0;0,0;-8,0;-8,0;33,1
25/03/2026 01:52;450,0;459,9;10,0;0,0;-8,0;-8,0;32,9
25/03/2026 01:53;450,0;457,2;10,0;0,0;-8,0;-8,0;32,9
25/03/2026 01:54;450,0;453,4;10,0;0,0;-8,0;-9,0;32,5
25/03/2026 01:55;450,0;450,8;10,0;0,0;-8,0;-8,0;32,8
25/03/2026 01:56;450,0;446,7;12,5;3,1;-8,0;-8,0;32,8
25/03/2026 01:57;450,0;443,5;18,5;6,5;-8,0;-8,0;32,8
25/03/2026 01:58;450,0;444,3;23,0;6,4;-8,0;-7,0;33,4
25/03/2026 01:59;450,0;451,7;23,2;0,2;-8,0;-7,0;33,7
25/03/2026 02:00;450,0;462,8;12,5;0,0;-8,0;-8,0;33,4
25/03/2026 02:01;450,0;466,0;10,0;0,0;-8,0;-8,0;33,4
25/03/2026 02:02;450,0;467,2;10,0;0,0;-8,0;-8,0;33,3
25/03/2026 02:03;450,0;464,6;10,0;0,0;-8,0;-8,0;33,2
25/03/2026 02:04;450,0;461,0;10,0;0,0;-8,0;-9,0;32,8
25/03/2026 02:05;450,0;457,8;10,0;0,0;-8,0;-8,0;33,1
25/03/2026 02:06;450,0;453,7;10,0;0,0;-8,0;-8,0;33,1
25/03/2026 02:07;450,0;449,9;10,0;0,0;-8,0;-8,0;32,8
25/03/2026 02:08;450,0;446,4;13,6;3,5;-8,0;-8,0;32,9
25/03/2026 02:09;450,0;446,7;17,5;3,7;-8,0;-8,0;33,1
25/03/2026 02:10;450,0;452,5;15,7;0,0;-8,0;-8,0;33,1
25/03/2026 02:11;450,0;457,2;10,0;0,0;-8,0;-9,0;32,7
25/03/2026 02:12;450,0;457,8;10,0;0,0;-8,0;-8,0;32,9
25/03/2026 02:13;450,0;456,1;10,0;0,0;-8,0;-8,0;32,9
25/03/2026 02:14;450,0;453,1;10,0;0,0;-8,0;-8,0;32,9
25/03/2026 02:15;450,0;449,9;10,0;0,0;-8,0;-8,0;32,9
25/03/2026 02:16;450,0;446,7;13,1;3,1;-8,0;-8,0;32,8
25/03/2026 02:17;450,0;446,7;16,4;3,5;-8,0;-8,0;32,8
25/03/2026 02:18;450,0;449,6;16,7;1,1;-8,0;-7,0;33,2
25/03/2026 02:19;450,0;453,4;13,7;0,0;-8,0;-8,0;32,8
25/03/2026 02:20;450,0;456,1;10,0;0,0;-8,0;-8,0;32,8
25/03/2026 02:21;450,0;456,1;10,0;0,0;-8,0;-8,0;32,7
25/03/2026 02:22;450,0;452,8;10,0;0,0;-8,0;-8,0;32,7
25/03/2026 02:23;450,0;448,1;10,6;1,5;-8,0;-8,0;32,6
25/03/2026 02:24;450,0;443,5;17,6;6,5;-8,0;-8,0;32,6
25/03/2026 02:25;450,0;443,5;23,9;7,3;-8,0;-7,0;33,4
25/03/2026 02:26;450,0;452,5;21,4;0,0;-8,0;-7,0;33,7
25/03/2026 02:27;450,0;462,2;10,0;0,0;-8,0;-8,0;33,3
25/03/2026 02:28;450,0;465,1;10,0;0,0;-8,0;-8,0;33,1
25/03/2026 02:29;450,0;465,1;10,0;0,0;-8,0;-8,0;33,1
25/03/2026 02:30;450,0;462,5;10,0;0,0;-8,0;-8,0;33,0
25/03/2026 02:31;450,0;461,9;10,0;0,0;-8,0;-8,0;32,8
25/03/2026 02:32;450,0;459,0;10,0;0,0;-8,0;-8,0;32,8
25/03/2026 02:33;450,0;456,1;10,0;0,0;-8,0;-8,0;32,8
25/03/2026 02:34;450,0;453,1;10,0;0,0;-8,0;-8,0;32,8
25/03/2026 02:35;450,0;449,9;10,0;0,0;-8,0;-8,0;32,8
25/03/2026 02:36;450,0;446,7;13,0;3,1;-8,0;-8,0;32,8
25/03/2026 02:37;450,0;444,9;17,5;5,2;-8,0;-8,0;32,8
25/03/2026 02:38;450,0;451,1;17,2;0,0;-8,0;-7,0;33,2
25/03/2026 02:39;450,0;458,1;10,0;0,0;-8,0;-8,0;32,9
25/03/2026 02:40;450,0;459,0;10,0;0,0;-8,0;-8,0;32,9
25/03/2026 02:41;450,0;458,1;10,0;0,0;-8,0;-8,0;32,9
25/03/2026 02:42;450,0;455,2;10,0;0,0;-8,0;-8,0;32,9
25/03/2026 02:43;450,0;452,2;10,0;0,0;-8,0;-8,0;32,8
25/03/2026 02:44;450,0;446,1;12,4;3,5;-8,0;-8,0;32,8
25/03/2026 02:45;450,0;442,6;18,4;7,4;-8,0;-8,0;32,8
25/03/2026 02:46;450,0;445,5;23,0;5,4;-8,0;-7,0;33,6
25/03/2026 02:47;450,0;453,1;20,9;0,0;-8,0;-8,0;33,8
25/03/2026 02:48;450,0;463,1;10,0;0,0;-8,0;-8,0;33,2
25/03/2026 02:49;450,0;465,4;10,0;0,0;-8,0;-8,0;33,3
25/03/2026 02:50;450,0;462,8;10,0;0,0;-8,0;-8,0;33,3
25/03/2026 02:51;450,0;458,7;10,0;0,0;-8,0;-8,0;33,3
25/03/2026 02:52;450,0;454,9;10,0;0,0;-8,0;-8,0;33,2
25/03/2026 02:53;450,0;452,2;10,0;0,0;-8,0;-8,0;33,0
25/03/2026 02:54;450,0;449,0;10,3;0,8;-8,0;-8,0;33,1
25/03/2026 02:55;450,0;446,1;13,6;3,8;-8,0;-8,0;33,1
25/03/2026 02:56;450,0;445,5;17,9;4,8;-8,0;-7,0;33,7
25/03/2026 02:57;450,0;447,6;20,1;3,3;-8,0;-8,0;33,4
25/03/2026 02:58;450,0;453,4;17,3;0,0;-8,0;-8,0;33,5
25/03/2026 02:59;450,0;458,1;10,2;0,0;-8,0;-9,0;32,9
25/03/2026 03:00;450,0;458,4;10,0;0,0;-8,0;-8,0;33,2
25/03/2026 03:01;450,0;456,6;10,0;0,0;-8,0;-8,0;33,1
25/03/2026 03:02;450,0;455,2;10,0;0,0;-8,0;-8,0;33,0
25/03/2026 03:03;450,0;453,4;10,0;0,0;-8,0;-9,0;32,6
25/03/2026 03:04;450,0;449,9;10,0;0,0;-8,0;-8,0;33,0
25/03/2026 03:05;450,0;447,6;12,3;2,3;-8,0;-8,0;33,0
25/03/2026 03:06;450,0;447,6;14,4;2,5;-8,0;-8,0;33,0
25/03/2026 03:07;450,0;449,9;14,4;0,5;-8,0;-8,0;33,0
25/03/2026 03:08;450,0;452,2;13,0;0,0;-8,0;-8,0;33,0
25/03/2026 03:09;450,0;454,9;10,0;0,0;-8,0;-8,0;33,0
25/03/2026 03:10;450,0;454,9;10,0;0,0;-8,0;-9,0;32,6
25/03/2026 03:11;450,0;453,4;10,0;0,0;-8,0;-8,0;32,9
25/03/2026 03:12;450,0;452,0;10,0;0,0;-8,0;-8,0;33,0
25/03/2026 03:13;450,0;448,4;10,5;1,4;-8,0;-8,0;32,8
25/03/2026 03:14;450,0;444,0;15,6;5,9;-8,0;-8,0;32,8
25/03/2026 03:15;450,0;445,2;20,8;5,5;-8,0;-7,0;33,4
25/03/2026 03:16;450,0;452,5;18,7;0,0;-8,0;-7,0;33,5
25/03/2026 03:17;450,0;459,6;10,0;0,0;-8,0;-8,0;33,1
25/03/2026 03:18;450,0;462,5;10,0;0,0;-8,0;-9,0;32,6
25/03/2026 03:19;450,0;460,7;10,0;0,0;-8,0;-8,0;33,0
25/03/2026 03:20;450,0;461,0;10,0;0,0;-8,0;-8,0;32,9
25/03/2026 03:21;450,0;459,3;10,0;0,0;-8,0;-8,0;32,9
25/03/2026 03:22;450,0;456,4;10,0;0,0;-8,0;-9,0;32,4
25/03/2026 03:23;450,0;453,1;10,0;0,0;-8,0;-8,0;32,8
25/03/2026 03:24;450,0;449,6;10,0;0,3;-8,0;-8,0;32,8
25/03/2026 03:25;450,0;447,3;12,9;2,6;-8,0;-8,0;32,8
25/03/2026 03:26;450,0;445,5;17,2;4,7;-8,0;-8,0;32,8
25/03/2026 03:27;450,0;448,7;18,5;2,1;-8,0;-7,0;33,4
25/03/2026 03:28;450,0;454,6;14,6;0,0;-8,0;-8,0;33,1
25/03/2026 03:29;450,0;457,5;10,0;0,0;-8,0;-8,0;33,1
25/03/2026 03:30;450,0;456,4;10,0;0,0;-8,0;-8,0;33,1
25/03/2026 03:31;450,0;454,3;10,0;0,0;-8,0;-8,0;33,0
25/03/2026 03:32;450,0;451,4;10,0;0,0;-8,0;-8,0;32,9
25/03/2026 03:33;450,0;447,0;12,4;2,9;-8,0;-8,0;33,0
25/03/2026 03:34;450,0;444,6;16,2;5,4;-8,0;-8,0;33,0
25/03/2026 03:35;450,0;444,9;20,9;5,6;-8,0;-8,0;33,2
25/03/2026 03:36;450,0;449,3;22,1;2,0;-8,0;-7,0;33,7
25/03/2026 03:37;450,0;456,4;16,3;0,0;-8,0;-8,0;33,5
25/03/2026 03:38;450,0;459,9;10,0;0,0;-8,0;-8,0;33,5
25/03/2026 03:39;450,0;458,4;10,0;0,0;-8,0;-8,0;33,4
25/03/2026 03:40;450,0;455,2;10,0;0,0;-8,0;-8,0;33,1
25/03/2026 03:41;450,0;452,2;10,0;0,0;-8,0;-8,0;33,1
25/03/2026 03:42;450,0;450,8;10,0;0,0;-8,0;-8,0;33,1
25/03/2026 03:43;450,0;449,0;10,2;0,8;-8,0;-8,0;33,1
25/03/2026 03:44;450,0;447,3;13,0;2,7;-8,0;-8,0;33,0
25/03/2026 03:45;450,0;447,3;15,5;2,9;-8,0;-8,0;33,0
25/03/2026 03:46;450,0;450,5;15,7;0,4;-8,0;-8,0;33,1
25/03/2026 03:47;450,0;455,2;10,9;0,0;-8,0;-8,0;33,1
25/03/2026 03:48;450,0;458,1;10,0;0,0;-8,0;-8,0;33,0
25/03/2026 03:49;450,0;456,4;10,0;0,0;-8,0;-8,0;33,0
25/03/2026 03:50;450,0;451,7;10,0;0,0;-8,0;-8,0;33,0
25/03/2026 03:51;450,0;447,6;11,2;2,1;-8,0;-8,0;32,9
25/03/2026 03:52;450,0;444,3;16,6;5,7;-8,0;-8,0;32,9
25/03/2026 03:53;450,0;445,8;20,7;4,9;-8,0;-7,0;33,4
25/03/2026 03:54;450,0;452,5;19,0;0,0;-8,0;-7,0;33,6
25/03/2026 03:55;450,0;458,1;11,9;0,0;-8,0;-8,0;33,2
25/03/2026 03:56;450,0;459,6;10,0;0,0;-8,0;-8,0;33,3
25/03/2026 03:57;450,0;458,1;10,0;0,0;-8,0;-8,0;33,2
25/03/2026 03:58;450,0;455,2;10,0;0,0;-8,0;-8,0;33,1
25/03/2026 03:59;450,0;453,4;10,0;0,0;-8,0;-8,0;33,2
25/03/2026 04:00;450,0;449,0;10,1;0,8;-8,0;-8,0;33,1
25/03/2026 04:01;450,0;445,8;14,0;4,1;-8,0;-8,0;33,1
25/03/2026 04:02;450,0;444,0;19,3;6,3;-8,0;-8,0;33,1
25/03/2026 04:03;450,0;447,9;20,9;3,0;-8,0;-7,0;33,6
25/03/2026 04:04;450,0;454,6;16,7;0,0;-8,0;-8,0;33,4
25/03/2026 04:05;450,0;457,8;10,0;0,0;-8,0;-8,0;33,2
25/03/2026 04:06;450,0;457,8;10,0;0,0;-8,0;-8,0;33,3
25/03/2026 04:07;450,0;454,9;10,0;0,0;-8,0;-8,0;33,0
25/03/2026 04:08;450,0;453,1;10,0;0,0;-8,0;-9,0;32,8
25/03/2026 04:09;450,0;450,2;10,0;0,0;-8,0;-8,0;32,9
25/03/2026 04:10;450,0;448,1;12,0;1,8;-8,0;-8,0;33,0
25/03/2026 04:11;450,0;446,4;15,5;3,7;-8,0;-8,0;33,0
25/03/2026 04:12;450,0;449,9;16,2;0,7;-8,0;-8,0;33,0
25/03/2026 04:13;450,0;455,8;11,1;0,0;-8,0;-8,0;33,0
25/03/2026 04:14;450,0;458,7;10,0;0,0;-8,0;-8,0;32,9
25/03/2026 04:15;450,0;458,4;10,0;0,0;-8,0;-8,0;32,7
25/03/2026 04:16;450,0;454,0;10,0;0,0;-8,0;-8,0;32,6
25/03/2026 04:17;450,0;450,2;10,0;0,0;-8,0;-8,0;32,7
25/03/2026 04:18;450,0;446,4;12,9;3,4;-8,0;-8,0;32,6
25/03/2026 04:19;450,0;444,6;17,5;5,5;-8,0;-8,0;32,6
25/03/2026 04:20;450,0;449,0;18,5;1,8;-8,0;-7,0;33,0
25/03/2026 04:21;450,0;454,9;15,1;0,0;-8,0;-8,0;32,6
25/03/2026 04:22;450,0;464,6;10,0;0,0;-8,0;-8,0;32,6
25/03/2026 04:23;450,0;470,4;10,0;0,0;-8,0;-8,0;32,6
25/03/2026 04:24;450,0;468,7;10,0;0,0;-8,0;-8,0;32,6
25/03/2026 04:25;450,0;465,1;10,0;0,0;-8,0;-8,0;32,5
25/03/2026 04:26;450,0;460,7;10,0;0,0;-8,0;-8,0;32,5
25/03/2026 04:27;450,0;455,8;10,0;0,0;-8,0;-8,0;32,5
25/03/2026 04:28;450,0;453,1;10,0;0,0;-8,0;-8,0;32,5
25/03/2026 04:29;450,0;449,9;10,0;0,0;-8,0;-8,0;32,5
25/03/2026 04:30;450,0;447,0;13,2;3,0;-8,0;-8,0;32,7
25/03/2026 04:31;450,0;445,2;17,8;5,1;-8,0;-8,0;32,6
25/03/2026 04:32;450,0;447,6;20,2;3,2;-8,0;-7,0;33,2
25/03/2026 04:33;450,0;452,8;17,7;0,0;-8,0;-8,0;32,9
25/03/2026 04:34;450,0;458,4;10,1;0,0;-8,0;-8,0;32,9
25/03/2026 04:35;450,0;458,7;10,0;0,0;-8,0;-8,0;32,7
25/03/2026 04:36;450,0;457,8;10,0;0,0;-8,0;-8,0;32,8
25/03/2026 04:37;450,0;455,8;10,0;0,0;-8,0;-8,0;32,7
25/03/2026 04:38;450,0;451,4;10,0;0,0;-8,0;-8,0;32,6
25/03/2026 04:39;450,0;448,4;10,6;1,4;-8,0;-9,0;32,2
25/03/2026 04:40;450,0;446,7;13,6;3,2;-8,0;-8,0;32,5
25/03/2026 04:41;450,0;446,1;17,8;4,5;-8,0;-8,0;32,5
25/03/2026 04:42;450,0;453,4;15,8;0,0;-8,0;-8,0;32,6
25/03/2026 04:43;450,0;459,6;10,0;0,0;-8,0;-8,0;32,6
25/03/2026 04:44;450,0;461,0;10,0;0,0;-8,0;-8,0;32,6
25/03/2026 04:45;450,0;460,7;10,0;0,0;-8,0;-8,0;32,6
25/03/2026 04:46;450,0;461,0;10,0;0,0;-8,0;-8,0;32,8
25/03/2026 04:47;450,0;459,0;10,0;0,0;-8,0;-8,0;32,7
25/03/2026 04:48;450,0;454,0;10,0;0,0;-8,0;-8,0;32,7
25/03/2026 04:49;450,0;447,3;11,4;2,4;-8,0;-9,0;32,3
25/03/2026 04:50;450,0;443,2;17,5;6,8;-8,0;-8,0;32,6
25/03/2026 04:51;450,0;442,9;23,9;7,8;-8,0;-7,0;33,4
25/03/2026 04:52;450,0;449,9;23,8;1,6;-8,0;-7,0;33,6
25/03/2026 04:53;450,0;458,7;16,0;0,0;-8,0;-8,0;33,3
25/03/2026 04:54;450,0;462,5;10,0;0,0;-8,0;-9,0;32,8
25/03/2026 04:55;450,0;461,0;10,0;0,0;-8,0;-9,0;32,5
25/03/2026 04:56;450,0;458,1;10,0;0,0;-8,0;-9,0;32,5
25/03/2026 04:57;450,0;455,8;10,0;0,0;-8,0;-8,0;32,7
25/03/2026 04:58;450,0;453,4;10,0;0,0;-8,0;-8,0;32,7
25/03/2026 04:59;450,0;451,4;10,0;0,0;-8,0;-8,0;32,5
25/03/2026 05:00;450,0;448,4;10,8;1,5;-8,0;-8,0;32,5
25/03/2026 05:01;450,0;447,0;13,5;3,0;-8,0;-8,0;32,6
25/03/2026 05:02;450,0;445,5;17,7;4,8;-8,0;-8,0;32,6
25/03/2026 05:03;450,0;450,2;17,8;0,8;-8,0;-8,0;32,7
25/03/2026 05:04;450,0;457,5;11,5;0,0;-8,0;-8,0;32,7
25/03/2026 05:05;450,0;463,1;10,0;0,0;-8,0;-9,0;32,2
25/03/2026 05:06;450,0;465,4;10,0;0,0;-8,0;-8,0;32,4
25/03/2026 05:07;450,0;464,8;10,0;0,0;-8,0;-8,0;32,5
25/03/2026 05:08;450,0;462,8;10,0;0,0;-8,0;-8,0;32,4
25/03/2026 05:09;450,0;459,9;10,0;0,0;-8,0;-8,0;32,4
25/03/2026 05:10;450,0;455,5;10,0;0,0;-8,0;-8,0;32,4
25/03/2026 05:11;450,0;450,5;10,0;0,0;-8,0;-8,0;32,3
25/03/2026 05:12;450,0;446,1;13,8;3,8;-8,0;-8,0;32,3
25/03/2026 05:13;450,0;444,9;19,1;5,5;-8,0;-8,0;32,3
25/03/2026 05:14;450,0;449,9;18,8;0,9;-8,0;-7,0;32,9
25/03/2026 05:15;450,0;457,8;12,8;0,0;-8,0;-8,0;32,6
25/03/2026 05:16;450,0;465,1;10,0;0,0;-8,0;-8,0;32,5
25/03/2026 05:17;450,0;463,7;10,0;0,0;-8,0;-8,0;32,4
25/03/2026 05:18;450,0;463,1;10,0;0,0;-8,0;-8,0;32,4
25/03/2026 05:19;450,0;461,0;10,0;0,0;-8,0;-8,0;32,3
25/03/2026 05:20;450,0;457,8;10,0;0,0;-8,0;-8,0;32,3
25/03/2026 05:21;450,0;454,3;10,0;0,0;-8,0;-8,0;32,3
25/03/2026 05:22;450,0;450,2;10,0;0,0;-8,0;-9,0;31,9
25/03/2026 05:23;450,0;448,4;11,5;1,5;-8,0;-8,0;32,2
25/03/2026 05:24;450,0;447,6;13,7;2,5;-8,0;-8,0;32,2
25/03/2026 05:25;450,0;447,3;15,8;3,0;-8,0;-8,0;32,2
25/03/2026 05:26;450,0;452,0;14,3;0,0;-8,0;-8,0;32,3
25/03/2026 05:27;450,0;455,5;10,1;0,0;-8,0;-8,0;32,3
25/03/2026 05:28;450,0;455,2;10,0;0,0;-8,0;-8,0;32,3
25/03/2026 05:29;450,0;452,8;10,0;0,0;-8,0;-8,0;32,3
25/03/2026 05:30;450,0;451,1;10,0;0,0;-8,0;-8,0;32,3
25/03/2026 05:31;450,0;448,4;11,0;1,5;-8,0;-8,0;32,3
25/03/2026 05:32;450,0;447,3;12,8;2,7;-8,0;-8,0;32,2
25/03/2026 05:33;450,0;444,3;17,6;5,8;-8,0;-8,0;32,6
25/03/2026 05:34;450,0;447,0;20,7;3,8;-8,0;-7,0;33,1
25/03/2026 05:35;450,0;454,9;17,5;0,0;-8,0;-8,0;32,9
25/03/2026 05:36;450,0;461,6;10,0;0,0;-8,0;-9,0;32,6
25/03/2026 05:37;450,0;463,4;10,0;0,0;-8,0;-8,0;32,9
25/03/2026 05:38;450,0;461,9;10,0;0,0;-8,0;-8,0;32,8
25/03/2026 05:39;450,0;459,0;10,0;0,0;-8,0;-8,0;32,8
25/03/2026 05:40;450,0;455,2;10,0;0,0;-8,0;-8,0;32,8
25/03/2026 05:41;450,0;450,5;10,0;0,0;-8,0;-8,0;32,8
25/03/2026 05:42;450,0;446,7;12,8;3,1;-8,0;-8,0;32,8
25/03/2026 05:43;450,0;446,1;16,5;4,1;-8,0;-7,0;33,2
25/03/2026 05:44;450,0;450,2;16,5;0,8;-8,0;-8,0;32,9
25/03/2026 05:45;450,0;453,4;13,1;0,0;-8,0;-8,0;32,9
25/03/2026 05:46;450,0;454,6;10,0;0,0;-8,0;-8,0;32,9
25/03/2026 05:47;450,0;454,9;10,0;0,0;-8,0;-8,0;32,9
25/03/2026 05:48;450,0;453,1;10,0;0,0;-8,0;-7,0;33,3
25/03/2026 05:49;450,0;450,5;10,0;0,0;-8,0;-8,0;32,9
25/03/2026 05:50;450,0;446,7;12,5;3,1;-8,0;-8,0;32,9
25/03/2026 05:51;450,0;444,0;17,9;6,1;-8,0;-8,0;32,9
25/03/2026 05:52;450,0;445,8;22,0;5,1;-8,0;-7,0;33,5
25/03/2026 05:53;450,0;454,3;18,4;0,0;-8,0;-8,0;33,4
25/03/2026 05:54;450,0;462,2;10,0;0,0;-8,0;-8,0;33,4
25/03/2026 05:55;450,0;462,8;10,0;0,0;-8,0;-8,0;33,3
25/03/2026 05:56;450,0;461,6;10,0;0,0;-8,0;-8,0;33,3
25/03/2026 05:57;450,0;459,9;10,0;0,0;-8,0;-8,0;33,2
25/03/2026 05:58;450,0;457,8;10,0;0,0;-8,0;-8,0;33,2
25/03/2026 05:59;450,0;455,2;10,0;0,0;-8,0;-8,0;33,1
25/03/2026 06:00;450,0;453,7;10,0;0,0;-8,0;-8,0;33,1
25/03/2026 06:01;450,0;450,5;10,0;0,0;-8,0;-8,0;33,1
25/03/2026 06:02;450,0;446,1;12,7;3,7;-8,0;-8,0;33,1
25/03/2026 06:03;450,0;444,6;17,4;5,5;-8,0;-7,0;33,4
25/03/2026 06:04;450,0;448,7;19,3;2,2;-8,0;-7,0;33,7
25/03/2026 06:05;450,0;453,7;15,5;0,0;-8,0;-8,0;33,3
25/03/2026 06:06;450,0;456,6;10,0;0,0;-8,0;-8,0;33,3
25/03/2026 06:07;450,0;455,5;10,0;0,0;-8,0;-8,0;33,1
25/03/2026 06:08;450,0;453,7;10,0;0,0;-8,0;-8,0;33,2
25/03/2026 06:09;450,0;451,4;10,0;0,0;-8,0;-8,0;33,2
25/03/2026 06:10;450,0;448,1;11,2;1,7;-8,0;-8,0;33,2
25/03/2026 06:11;450,0;444,9;15,9;5,1;-8,0;-8,0;33,1
25/03/2026 06:12;450,0;448,1;18,2;2,7;-8,0;-7,0;33,6
25/03/2026 06:13;450,0;457,2;12,0;0,0;-8,0;-8,0;33,2
25/03/2026 06:14;450,0;464,6;10,0;0,0;-8,0;-8,0;33,2
25/03/2026 06:15;450,0;467,8;10,0;0,0;-8,0;-8,0;33,2
25/03/2026 06:16;450,0;466,9;10,0;0,0;-8,0;-8,0;33,2
25/03/2026 06:17;450,0;465,1;10,0;0,0;-8,0;-8,0;33,2
25/03/2026 06:18;450,0;461,9;10,0;0,0;-8,0;-8,0;33,2
25/03/2026 06:19;450,0;461,6;10,0;0,0;-8,0;-8,0;33,2
25/03/2026 06:20;450,0;459,6;10,0;0,0;-8,0;-8,0;33,3
25/03/2026 06:21;450,0;457,2;10,0;0,0;-8,0;-8,0;33,3
25/03/2026 06:22;450,0;454,9;10,0;0,0;-8,0;-8,0;33,3
25/03/2026 06:23;450,0;451,4;10,0;0,0;-8,0;-8,0;33,3
25/03/2026 06:24;450,0;448,4;10,8;1,4;-8,0;-8,0;33,3
25/03/2026 06:25;450,0;445,5;14,6;4,5;-8,0;-8,0;33,3
25/03/2026 06:26;450,0;448,1;16,9;2,4;-8,0;-8,0;33,3
25/03/2026 06:27;450,0;454,6;13,0;0,0;-8,0;-8,0;33,4
25/03/2026 06:28;450,0;456,4;10,0;0,0;-8,0;-8,0;33,3
25/03/2026 06:29;450,0;454,9;10,0;0,0;-8,0;-8,0;33,2
25/03/2026 06:30;450,0;450,5;10,0;0,0;-8,0;-8,0;33,1
25/03/2026 06:31;450,0;446,4;12,9;3,4;-8,0;-8,0;33,2
25/03/2026 06:32;450,0;442,6;19,1;7,4;-8,0;-8,0;33,1
25/03/2026 06:33;450,0;446,7;23,0;4,4;-8,0;-7,0;33,7
25/03/2026 06:34;450,0;455,8;17,5;0,0;-8,0;-8,0;33,5
25/03/2026 06:35;450,0;463,1;10,0;0,0;-8,0;-8,0;33,5
25/03/2026 06:36;450,0;462,5;10,0;0,0;-8,0;-9,0;33,0
25/03/2026 06:37;450,0;460,2;10,0;0,0;-8,0;-8,0;33,1
25/03/2026 06:38;450,0;456,6;10,0;0,0;-8,0;-8,0;33,1
25/03/2026 06:39;450,0;453,7;10,0;0,0;-8,0;-8,0;33,1
25/03/2026 06:40;450,0;452,0;10,0;0,0;-8,0;-8,0;33,0
25/03/2026 06:41;450,0;448,7;10,9;1,2;-8,0;-8,0;33,0
25/03/2026 06:42;450,0;445,8;14,4;4,1;-8,0;-8,0;33,0
25/03/2026 06:43;450,0;445,5;18,8;4,9;-8,0;-8,0;33,0
25/03/2026 06:44;450,0;450,5;18,8;0,7;-8,0;-8,0;33,3
25/03/2026 06:45;450,0;457,8;12,3;0,0;-8,0;-8,0;33,2
25/03/2026 06:46;450,0;462,5;10,0;0,0;-8,0;-8,0;33,2
25/03/2026 06:47;450,0;462,5;10,0;0,0;-8,0;-8,0;33,0
25/03/2026 06:48;450,0;460,7;10,0;0,0;-8,0;-9,0;32,5
25/03/2026 06:49;450,0;456,4;10,0;0,0;-8,0;-8,0;32,8
25/03/2026 06:50;450,0;452,0;10,0;0,0;-8,0;-8,0;32,8
25/03/2026 06:51;450,0;448,7;10,6;1,1;-8,0;-8,0;32,9
25/03/2026 06:52;450,0;446,4;13,7;3,5;-8,0;-8,0;32,7
25/03/2026 06:53;450,0;444,6;18,4;5,6;-8,0;-8,0;32,8
25/03/2026 06:54;450,0;448,4;19,3;2,4;-8,0;-8,0;33,0
25/03/2026 06:55;450,0;454,0;15,9;0,0;-8,0;-8,0;33,0
25/03/2026 06:56;450,0;458,4;10,0;0,0;-8,0;-8,0;33,0
25/03/2026 06:57;450,0;458,7;10,0;0,0;-8,0;-8,0;33,0
25/03/2026 06:58;450,0;455,5;10,0;0,0;-8,0;-8,0;33,0
25/03/2026 06:59;450,0;452,2;10,0;0,0;-8,0;-8,0;32,9
25/03/2026 07:00;450,0;449,3;10,5;0,6;-8,0;-8,0;32,9
25/03/2026 07:01;450,0;447,9;12,4;2,0;-8,0;-8,0;32,8
25/03/2026 07:02;450,0;446,1;15,8;4,0;-8,0;-8,0;32,8
25/03/2026 07:03;450,0;449,3;16,2;1,3;-8,0;-8,0;32,8
25/03/2026 07:04;450,0;455,5;11,6;0,0;-8,0;-8,0;32,8
25/03/2026 07:05;450,0;458,4;10,0;0,0;-8,0;-8,0;32,8
25/03/2026 07:06;450,0;458,4;10,0;0,0;-8,0;-8,0;32,7
25/03/2026 07:07;450,0;455,5;10,0;0,0;-8,0;-8,0;32,8
25/03/2026 07:08;450,0;452,8;10,0;0,0;-8,0;-8,0;32,6
25/03/2026 07:09;450,0;447,9;10,8;1,8;-8,0;-8,0;32,6
25/03/2026 07:10;450,0;444,9;15,3;5,0;-8,0;-8,0;32,6
25/03/2026 07:11;450,0;445,8;19,5;4,8;-8,0;-7,0;32,9
25/03/2026 07:12;450,0;451,7;18,5;0,0;-8,0;-8,0;32,8
25/03/2026 07:13;450,0;459,0;11,6;0,0;-8,0;-9,0;32,4
25/03/2026 07:14;450,0;462,2;10,0;0,0;-8,0;-8,0;32,5
25/03/2026 07:15;450,0;462,2;10,0;0,0;-8,0;-8,0;32,5
25/03/2026 07:16;450,0;459,3;10,0;0,0;-8,0;-8,0;32,4
25/03/2026 07:17;450,0;456,9;10,0;0,0;-8,0;-8,0;32,5
25/03/2026 07:18;450,0;455,2;10,0;0,0;-8,0;-8,0;32,4
25/03/2026 07:19;450,0;453,4;10,0;0,0;-8,0;-8,0;32,4
25/03/2026 07:20;450,0;450,8;10,0;0,0;-8,0;-8,0;32,4
25/03/2026 07:21;450,0;448,7;11,0;1,2;-8,0;-7,0;32,8
25/03/2026 07:22;450,0;447,6;13,1;2,4;-8,0;-8,0;32,5
25/03/2026 07:23;450,0;446,4;15,9;3,8;-8,0;-8,0;32,5
25/03/2026 07:24;450,0;451,4;15,6;0,0;-8,0;-8,0;32,5
25/03/2026 07:25;450,0;458,7;10,0;0,0;-8,0;-8,0;32,6
25/03/2026 07:26;450,0;461,0;10,0;0,0;-8,0;-8,0;32,5
25/03/2026 07:27;450,0;459,6;10,0;0,0;-8,0;-8,0;32,5
25/03/2026 07:28;450,0;456,4;10,0;0,0;-8,0;-8,0;32,5
25/03/2026 07:29;450,0;451,7;10,0;0,0;-8,0;-8,0;32,5
25/03/2026 07:30;450,0;446,7;12,0;2,9;-8,0;-8,0;32,5
25/03/2026 07:31;450,0;443,8;17,9;6,3;-8,0;-7,0;32,8
25/03/2026 07:32;450,0;445,8;22,1;5,1;-8,0;-7,0;33,1
25/03/2026 07:33;450,0;456,6;16,9;0,0;-8,0;-8,0;33,0
25/03/2026 07:34;450,0;464,8;10,0;0,0;-8,0;-8,0;32,8
25/03/2026 07:35;450,0;468,4;10,0;0,0;-8,0;-8,0;32,9
25/03/2026 07:36;450,0;468,1;10,0;0,0;-8,0;-8,0;32,8
25/03/2026 07:37;450,0;466,9;10,0;0,0;-8,0;-8,0;32,8
25/03/2026 07:38;450,0;464,3;10,0;0,0;-8,0;-8,0;32,8
25/03/2026 07:39;450,0;459,3;10,0;0,0;-8,0;-8,0;32,6
25/03/2026 07:40;450,0;455,8;10,0;0,0;-8,0;-8,0;32,7
25/03/2026 07:41;450,0;452,8;10,0;0,0;-8,0;-8,0;32,7
25/03/2026 07:42;450,0;449,0;10,2;0,8;-8,0;-8,0;32,5
25/03/2026 07:43;450,0;446,7;13,1;3,1;-8,0;-8,0;32,6
25/03/2026 07:44;450,0;445,2;17,5;5,1;-8,0;-8,0;32,6
25/03/2026 07:45;450,0;449,3;18,3;1,5;-8,0;-8,0;32,6
25/03/2026 07:46;450,0;456,6;12,6;0,0;-8,0;-8,0;32,7
25/03/2026 07:47;450,0;462,8;10,0;0,0;-8,0;-8,0;32,5
25/03/2026 07:48;450,0;463,1;10,0;0,0;-8,0;-8,0;32,6
25/03/2026 07:49;450,0;459,9;10,0;0,0;-8,0;-9,0;32,1
25/03/2026 07:50;450,0;456,4;10,0;0,0;-8,0;-8,0;32,4
25/03/2026 07:51;450,0;451,4;10,0;0,0;-8,0;-8,0;32,3
25/03/2026 07:52;450,0;446,7;12,5;3,1;-8,0;-8,0;32,3
25/03/2026 07:53;450,0;444,3;17,7;5,8;-8,0;-8,0;32,3
25/03/2026 07:54;450,0;448,1;19,6;2,7;-8,0;-6,0;33,4
25/03/2026 07:55;450,0;456,9;14,0;0,0;-8,0;-8,0;32,6
25/03/2026 07:56;450,0;466,0;10,0;0,0;-8,0;-8,0;32,6
25/03/2026 07:57;450,0;469,5;10,0;0,0;-8,0;-8,0;32,6
25/03/2026 07:58;450,0;469,5;10,0;0,0;-8,0;-8,0;32,5
25/03/2026 07:59;450,0;466,6;10,0;0,0;-8,0;-9,0;32,0
25/03/2026 08:00;450,0;461,3;10,0;0,0;-8,0;-8,0;32,5
25/03/2026 08:01;450,0;456,9;10,0;0,0;-8,0;-9,0;32,1
25/03/2026 08:02;450,0;453,7;10,0;0,0;-8,0;-8,0;32,4
25/03/2026 08:03;450,0;452,0;10,0;0,0;-8,0;-8,0;32,4
25/03/2026 08:04;450,0;448,7;10,9;1,2;-8,0;-8,0;32,3
25/03/2026 08:05;450,0;445,8;14,8;4,2;-8,0;-8,0;32,3
25/03/2026 08:06;450,0;447,9;17,0;2,5;-8,0;-8,0;32,3
25/03/2026 08:07;450,0;454,6;13,0;0,0;-8,0;-8,0;32,4
25/03/2026 08:08;450,0;458,7;10,0;0,0;-8,0;-8,0;32,4
25/03/2026 08:09;450,0;459,6;10,0;0,0;-8,0;-9,0;32,1
25/03/2026 08:10;450,0;459,6;10,0;0,0;-8,0;-8,0;32,4
25/03/2026 08:11;450,0;456,9;10,0;0,0;-8,0;-8,0;32,3
25/03/2026 08:12;450,0;452,5;10,0;0,0;-8,0;-9,0;32,0
25/03/2026 08:13;450,0;448,1;10,8;1,6;-8,0;-8,0;32,2
25/03/2026 08:14;450,0;444,9;15,4;5,0;-8,0;-8,0;32,3
25/03/2026 08:15;450,0;448,4;17,0;2,2;-8,0;-8,0;32,3
25/03/2026 08:16;450,0;454,0;14,3;0,0;-8,0;-8,0;32,5
25/03/2026 08:17;450,0;457,8;10,0;0,0;-8,0;-8,0;32,4
25/03/2026 08:18;450,0;459,0;10,0;0,0;-8,0;-8,0;32,4
25/03/2026 08:19;450,0;455,2;10,0;0,0;-8,0;-8,0;32,3
25/03/2026 08:20;450,0;452,0;10,0;0,0;-8,0;-8,0;32,5
25/03/2026 08:21;450,0;448,4;10,5;1,4;-8,0;-8,0;32,2
25/03/2026 08:22;450,0;445,5;14,8;4,5;-8,0;-8,0;32,3
25/03/2026 08:23;450,0;445,8;19,8;4,8;-8,0;-7,0;32,9
25/03/2026 08:24;450,0;453,1;17,0;0,0;-8,0;-8,0;32,6
25/03/2026 08:25;450,0;461,6;10,0;0,0;-8,0;-8,0;32,6
25/03/2026 08:26;450,0;464,0;10,0;0,0;-8,0;-8,0;32,3
25/03/2026 08:27;450,0;461,6;10,0;0,0;-8,0;-8,0;32,3
25/03/2026 08:28;450,0;459,6;10,0;0,0;-8,0;-8,0;32,4
25/03/2026 08:29;450,0;456,9;10,0;0,0;-8,0;-8,0;32,4
25/03/2026 08:30;450,0;454,3;10,0;0,0;-8,0;-8,0;32,4
25/03/2026 08:31;450,0;451,4;10,0;0,0;-8,0;-8,0;32,4
25/03/2026 08:32;450,0;448,4;10,9;1,5;-8,0;-8,0;32,2
25/03/2026 08:33;450,0;446,4;14,0;3,5;-8,0;-8,0;32,4
25/03/2026 08:34;450,0;447,3;16,7;3,1;-8,0;-8,0;32,4
25/03/2026 08:35;450,0;452,5;14,9;0,0;-8,0;-8,0;32,4
25/03/2026 08:36;450,0;457,2;10,0;0,0;-8,0;-8,0;32,4
25/03/2026 08:37;450,0;458,7;10,0;0,0;-8,0;-8,0;32,4
25/03/2026 08:38;450,0;457,2;10,0;0,0;-8,0;-8,0;32,3
25/03/2026 08:39;450,0;453,1;10,0;0,0;-8,0;-8,0;32,3
25/03/2026 08:40;450,0;449,6;10,0;0,3;-8,0;-8,0;32,4
25/03/2026 08:41;450,0;444,6;14,7;5,2;-8,0;-8,0;32,3
25/03/2026 08:42;450,0;443,5;20,4;6,8;-8,0;-7,0;32,9
25/03/2026 08:43;450,0;449,0;21,6;2,2;-8,0;-7,0;33,1
25/03/2026 08:44;450,0;456,9;16,0;0,0;-8,0;-8,0;32,9
25/03/2026 08:45;450,0;461,3;10,0;0,0;-8,0;-8,0;32,6
25/03/2026 08:46;450,0;460,7;10,0;0,0;-8,0;-8,0;32,6
25/03/2026 08:47;450,0;458,7;10,0;0,0;-8,0;-8,0;32,5
25/03/2026 08:48;450,0;455,8;10,0;0,0;-8,0;-8,0;32,5
25/03/2026 08:49;450,0;452,2;10,0;0,0;-8,0;-8,0;32,3
25/03/2026 08:50;450,0;447,6;12,0;2,3;-8,0;-8,0;32,3
25/03/2026 08:51;450,0;444,6;17,2;5,5;-8,0;-8,0;32,5
25/03/2026 08:52;450,0;446,1;20,2;4,5;-8,0;-7,0;32,9
25/03/2026 08:53;450,0;451,7;19,3;0,0;-8,0;-8,0;32,8
25/03/2026 08:54;450,0;458,7;11,2;0,0;-8,0;-8,0;32,9
25/03/2026 08:55;450,0;461,6;10,0;0,0;-8,0;-9,0;32,4
25/03/2026 08:56;450,0;460,2;10,0;0,0;-8,0;-8,0;32,7
25/03/2026 08:57;450,0;457,8;10,0;0,0;-8,0;-8,0;32,8
25/03/2026 08:58;450,0;454,3;10,0;0,0;-8,0;-8,0;32,7
25/03/2026 08:59;450,0;450,2;10,0;0,0;-8,0;-8,0;32,7
25/03/2026 09:00;450,0;447,3;12,2;2,6;-8,0;-8,0;32,5
25/03/2026 09:01;450,0;446,7;15,8;3,5;-8,0;-8,0;32,5
25/03/2026 09:02;450,0;449,6;16,4;1,3;-8,0;-8,0;32,7
25/03/2026 09:03;450,0;455,8;11,6;0,0;-8,0;-8,0;32,6
25/03/2026 09:04;450,0;459,0;10,0;0,0;-8,0;-8,0;32,6
25/03/2026 09:05;450,0;458,7;10,0;0,0;-8,0;-8,0;32,5
25/03/2026 09:06;450,0;456,9;10,0;0,0;-8,0;-8,0;32,5
25/03/2026 09:07;450,0;454,0;10,0;0,0;-8,0;-9,0;32,0
25/03/2026 09:08;450,0;451,1;10,0;0,0;-8,0;-8,0;32,3
25/03/2026 09:09;450,0;448,4;11,1;1,5;-8,0;-8,0;32,2
25/03/2026 09:10;450,0;446,7;13,9;3,2;-8,0;-8,0;32,2
25/03/2026 09:11;450,0;446,7;16,8;3,6;-8,0;-7,0;32,6
25/03/2026 09:12;450,0;448,1;18,9;2,6;-8,0;-7,0;32,8
25/03/2026 09:13;450,0;455,2;15,0;0,0;-8,0;-8,0;32,5
25/03/2026 09:14;450,0;459,0;10,0;0,0;-8,0;-8,0;32,5
25/03/2026 09:15;450,0;460,2;10,0;0,0;-8,0;-8,0;32,5
25/03/2026 09:16;450,0;458,7;10,0;0,0;-8,0;-9,0;32,1
25/03/2026 09:17;450,0;457,2;10,0;0,0;-8,0;-8,0;32,2
25/03/2026 09:18;450,0;454,0;10,0;0,0;-8,0;-8,0;32,3
25/03/2026 09:19;450,0;450,2;10,0;0,0;-8,0;-9,0;31,9
25/03/2026 09:20;450,0;446,4;13,2;3,4;-8,0;-8,0;32,2
25/03/2026 09:22;450,0;445,2;24,3;5,9;-8,0;-7,0;33,0
25/03/2026 09:23;450,0;454,9;20,0;0,0;-8,0;-8,0;33,0
25/03/2026 09:24;450,0;465,1;10,0;0,0;-8,0;-8,0;32,9
25/03/2026 09:25;450,0;467,8;10,0;0,0;-8,0;-8,0;32,8
25/03/2026 09:26;450,0;466,6;10,0;0,0;-8,0;-9,0;32,2
25/03/2026 09:27;450,0;464,8;10,0;0,0;-8,0;-8,0;32,6
25/03/2026 09:28;450,0;463,4;10,0;0,0;-8,0;-8,0;32,6
25/03/2026 09:29;450,0;461,0;10,0;0,0;-8,0;-8,0;32,5
25/03/2026 09:30;450,0;458,7;10,0;0,0;-8,0;-8,0;32,5
25/03/2026 09:31;450,0;455,8;10,0;0,0;-8,0;-8,0;32,4
25/03/2026 09:32;450,0;454,3;10,0;0,0;-8,0;-8,0;32,4
25/03/2026 09:33;450,0;451,1;10,0;0,0;-8,0;-9,0;32,0
25/03/2026 09:34;450,0;448,1;11,2;1,7;-8,0;-8,0;32,2
25/03/2026 09:35;450,0;446,7;13,9;3,0;-8,0;-8,0;32,3
25/03/2026 09:36;450,0;446,1;17,0;4,1;-8,0;-8,0;32,2
25/03/2026 09:37;450,0;451,1;16,7;0,0;-8,0;-8,0;32,3
25/03/2026 09:38;450,0;456,4;10,3;0,0;-8,0;-8,0;32,5
25/03/2026 09:39;450,0;458,1;10,0;0,0;-8,0;-8,0;32,3
25/03/2026 09:40;450,0;458,1;10,0;0,0;-8,0;-8,0;32,3
25/03/2026 09:41;450,0;455,2;10,0;0,0;-8,0;-8,0;32,2
25/03/2026 09:42;450,0;452,0;10,0;0,0;-8,0;-8,0;32,2
25/03/2026 09:43;450,0;449,0;10,6;0,9;-8,0;-8,0;32,2
25/03/2026 09:44;450,0;445,8;14,0;4,0;-8,0;-8,0;32,2
25/03/2026 09:45;450,0;444,0;19,2;6,3;-8,0;-7,0;32,7
25/03/2026 09:46;450,0;447,3;21,8;3,7;-8,0;-8,0;32,4
25/03/2026 09:47;450,0;454,6;17,9;0,0;-8,0;-7,0;32,9
25/03/2026 09:48;450,0;463,4;10,0;0,0;-8,0;-8,0;32,7
25/03/2026 09:49;450,0;465,7;10,0;0,0;-8,0;-8,0;32,6
25/03/2026 09:50;450,0;465,4;10,0;0,0;-8,0;-8,0;32,6
25/03/2026 09:51;450,0;464,8;10,0;0,0;-8,0;-8,0;32,6
25/03/2026 09:52;450,0;464,0;10,0;0,0;-8,0;-8,0;32,7
25/03/2026 09:53;450,0;461,0;10,0;0,0;-8,0;-8,0;32,7
25/03/2026 09:54;450,0;456,6;10,0;0,0;-8,0;-8,0;32,7
25/03/2026 09:55;450,0;453,1;10,0;0,0;-8,0;-8,0;32,7
25/03/2026 09:56;450,0;449,0;10,3;0,9;-8,0;-8,0;32,7
25/03/2026 09:57;450,0;444,9;14,1;4,8;-8,0;-8,0;32,7
25/03/2026 09:58;450,0;443,2;20,2;7,1;-8,0;-7,0;33,4
25/03/2026 09:59;450,0;449,3;22,6;2,1;-8,0;-7,0;33,7
25/03/2026 10:00;450,0;463,4;10,3;0,0;-8,0;-8,0;33,5
25/03/2026 10:01;450,0;469,5;10,0;0,0;-8,0;-8,0;33,3
25/03/2026 10:02;450,0;468,7;10,0;0,0;-8,0;-8,0;33,3
25/03/2026 10:03;450,0;465,4;10,0;0,0;-8,0;-9,0;32,9
25/03/2026 10:04;450,0;462,5;10,0;0,0;-8,0;-8,0;33,2
25/03/2026 10:05;450,0;459,0;10,0;0,0;-8,0;-8,0;33,0
25/03/2026 10:06;450,0;455,2;10,0;0,0;-8,0;-9,0;32,7
25/03/2026 10:07;450,0;451,4;10,0;0,0;-8,0;-9,0;32,6
25/03/2026 10:08;450,0;447,3;11,8;2,4;-8,0;-8,0;33,0
25/03/2026 10:09;450,0;446,4;15,1;3,7;-8,0;-8,0;33,0
25/03/2026 10:10;450,0;449,6;15,4;0,9;-8,0;-8,0;33,0
25/03/2026 10:11;450,0;456,1;10,2;0,0;-8,0;-9,0;32,6
25/03/2026 10:12;450,0;457,8;10,0;0,0;-8,0;-8,0;32,8
25/03/2026 10:13;450,0;456,1;10,0;0,0;-8,0;-8,0;32,7
25/03/2026 10:14;450,0;454,6;10,0;0,0;-8,0;-8,0;32,6
25/03/2026 10:15;450,0;451,1;10,0;0,0;-8,0;-8,0;32,6
25/03/2026 10:16;450,0;446,7;12,2;3,1;-8,0;-8,0;32,6
25/03/2026 10:17;450,0;443,5;17,9;6,5;-8,0;-7,0;32,9
25/03/2026 10:18;450,0;445,8;22,2;5,0;-8,0;-8,0;32,8
25/03/2026 10:19;450,0;454,3;19,2;0,0;-8,0;-8,0;33,2
25/03/2026 10:20;450,0;462,8;10,0;0,0;-8,0;-9,0;32,7
25/03/2026 10:21;450,0;465,7;10,0;0,0;-8,0;-8,0;32,9
25/03/2026 10:22;450,0;464,3;10,0;0,0;-8,0;-8,0;32,9
25/03/2026 10:23;450,0;463,4;10,0;0,0;-8,0;-9,0;32,5
25/03/2026 10:24;450,0;461,6;10,0;0,0;-8,0;-9,0;32,5
25/03/2026 10:25;450,0;460,7;10,0;0,0;-8,0;-8,0;32,8
25/03/2026 10:26;450,0;457,8;10,0;0,0;-8,0;-8,0;32,8
25/03/2026 10:27;450,0;454,0;10,0;0,0;-8,0;-8,0;32,7
25/03/2026 10:28;450,0;450,2;10,0;0,0;-8,0;-8,0;32,7
25/03/2026 10:29;450,0;447,3;12,6;2,6;-8,0;-8,0;32,7
25/03/2026 10:30;450,0;447,0;15,4;3,2;-8,0;-7,0;33,2
25/03/2026 10:31;450,0;449,3;15,9;1,2;-8,0;-8,0;32,9
25/03/2026 10:32;450,0;456,1;10,3;0,0;-8,0;-8,0;32,9
25/03/2026 10:33;450,0;459,9;10,0;0,0;-8,0;-8,0;32,7
25/03/2026 10:34;450,0;459,9;10,0;0,0;-8,0;-8,0;32,8
25/03/2026 10:35;450,0;457,8;10,0;0,0;-8,0;-8,0;32,7
25/03/2026 10:36;450,0;452,8;10,0;0,0;-8,0;-8,0;32,6
25/03/2026 10:37;450,0;448,1;10,7;1,6;-8,0;-9,0;32,2
25/03/2026 10:38;450,0;444,3;15,1;5,5;-8,0;-8,0;32,6
25/03/2026 10:39;450,0;444,3;20,2;6,1;-8,0;-8,0;32,8
25/03/2026 10:40;450,0;450,8;20,0;0,6;-8,0;-8,0;32,9
25/03/2026 10:41;450,0;461,6;10,0;0,0;-8,0;-8,0;33,0
25/03/2026 10:42;450,0;464,8;10,0;0,0;-8,0;-8,0;32,8
25/03/2026 10:43;450,0;467,2;10,0;0,0;-8,0;-8,0;32,6
25/03/2026 10:44;450,0;467,5;10,0;0,0;-8,0;-9,0;32,0
25/03/2026 10:45;450,0;465,1;10,0;0,0;-8,0;-9,0;32,1
25/03/2026 10:46;450,0;461,3;10,0;0,0;-8,0;-8,0;32,4
25/03/2026 10:47;450,0;458,4;10,0;0,0;-8,0;-9,0;31,9
25/03/2026 10:48;450,0;455,2;10,0;0,0;-8,0;-9,0;31,9
25/03/2026 10:49;450,0;452,0;10,0;0,0;-8,0;-9,0;31,9
25/03/2026 10:50;450,0;449,3;10,2;0,6;-8,0;-8,0;32,2
25/03/2026 10:51;450,0;446,4;13,3;3,5;-8,0;-8,0;32,2
25/03/2026 10:52;450,0;443,8;18,9;6,4;-8,0;-8,0;32,2
25/03/2026 10:53;450,0;445,5;23,1;5,4;-8,0;-7,0;32,4
25/03/2026 10:54;450,0;453,1;20,8;0,0;-8,0;-8,0;32,8
25/03/2026 10:55;450,0;462,8;10,0;0,0;-8,0;-9,0;32,4
25/03/2026 10:56;450,0;464,6;10,0;0,0;-8,0;-8,0;32,6
25/03/2026 10:57;450,0;462,8;10,0;0,0;-8,0;-8,0;32,5
25/03/2026 10:58;450,0;459,9;10,0;0,0;-8,0;-8,0;32,5
25/03/2026 10:59;450,0;458,1;10,0;0,0;-8,0;-8,0;32,5
25/03/2026 11:00;450,0;456,9;10,0;0,0;-8,0;-8,0;32,3
25/03/2026 11:01;450,0;453,1;10,0;0,0;-8,0;-9,0;31,9
25/03/2026 11:02;450,0;448,4;10,4;1,3;-8,0;-8,0;32,4
25/03/2026 11:03;450,0;447,3;12,8;2,7;-8,0;-8,0;32,4
25/03/2026 11:04;450,0;445,8;16,6;4,4;-8,0;-8,0;32,4
25/03/2026 11:05;450,0;450,5;17,1;0,5;-8,0;-8,0;32,4
25/03/2026 11:06;450,0;458,1;10,1;0,0;-8,0;-8,0;32,4
25/03/2026 11:07;450,0;460,5;10,0;0,0;-8,0;-8,0;32,3
25/03/2026 11:08;450,0;459,6;10,0;0,0;-8,0;-8,0;32,3
25/03/2026 11:09;450,0;456,6;10,0;0,0;-8,0;-8,0;32,1
25/03/2026 11:10;450,0;455,5;10,0;0,0;-8,0;-9,0;31,8
25/03/2026 11:11;450,0;452,5;10,0;0,0;-8,0;-8,0;32,2
25/03/2026 11:12;450,0;449,6;10,0;0,2;-8,0;-8,0;32,2
25/03/2026 11:13;450,0;446,1;13,0;3,7;-8,0;-8,0;32,2
25/03/2026 11:14;450,0;443,8;19,6;6,5;-8,0;-7,0;32,6
25/03/2026 11:15;450,0;446,4;23,2;4,7;-8,0;-7,0;33,0
25/03/2026 11:16;450,0;457,8;15,9;0,0;-8,0;-8,0;33,1
25/03/2026 11:17;450,0;465,4;10,0;0,0;-8,0;-8,0;32,9
25/03/2026 11:18;450,0;467,2;10,0;0,0;-8,0;-8,0;32,7
25/03/2026 11:19;450,0;464,6;10,0;0,0;-8,0;-8,0;32,6
25/03/2026 11:20;450,0;461,6;10,0;0,0;-8,0;-9,0;32,1
25/03/2026 11:21;450,0;458,1;10,0;0,0;-8,0;-8,0;32,5
25/03/2026 11:22;450,0;455,5;10,0;0,0;-8,0;-8,0;32,5
25/03/2026 11:23;450,0;452,2;10,0;0,0;-8,0;-9,0;32,1
25/03/2026 11:24;450,0;447,6;11,1;2,1;-8,0;-9,0;32,0
25/03/2026 11:25;450,0;446,1;15,3;4,0;-8,0;-8,0;32,4
25/03/2026 11:26;450,0;447,6;18,0;3,0;-8,0;-8,0;32,4
25/03/2026 11:27;450,0;453,7;14,7;0,0;-8,0;-8,0;32,4
25/03/2026 11:28;450,0;458,4;10,0;0,0;-8,0;-8,0;32,3
25/03/2026 11:29;450,0;459,9;10,0;0,0;-8,0;-8,0;32,4
25/03/2026 11:30;450,0;459,6;10,0;0,0;-8,0;-8,0;32,4
25/03/2026 11:31;450,0;459,6;10,0;0,0;-8,0;-8,0;32,4
25/03/2026 11:32;450,0;460,5;10,0;0,0;-8,0;-8,0;32,3
25/03/2026 11:33;450,0;458,4;10,0;0,0;-8,0;-8,0;32,3
25/03/2026 11:34;450,0;456,1;10,0;0,0;-8,0;-8,0;32,3
25/03/2026 11:35;450,0;453,1;10,0;0,0;-8,0;-8,0;32,3
25/03/2026 11:36;450,0;450,2;10,0;0,0;-8,0;-8,0;32,2
25/03/2026 11:37;450,0;445,8;13,3;4,0;-8,0;-8,0;32,3
25/03/2026 11:38;450,0;443,8;18,7;6,4;-8,0;-7,0;32,7
25/03/2026 11:39;450,0;449,9;20,0;1,2;-8,0;-8,0;32,7
25/03/2026 11:40;450,0;458,7;11,1;0,0;-8,0;-8,0;32,6
25/03/2026 11:41;450,0;461,9;10,0;0,0;-8,0;-8,0;32,5
25/03/2026 11:42;450,0;461,6;10,0;0,0;-8,0;-8,0;32,5
25/03/2026 11:43;450,0;459,0;10,0;0,0;-8,0;-8,0;32,5
25/03/2026 11:44;450,0;455,8;10,0;0,0;-8,0;-8,0;32,4
25/03/2026 11:45;450,0;453,4;10,0;0,0;-8,0;-8,0;32,4
25/03/2026 11:46;450,0;450,2;10,0;0,0;-8,0;-8,0;32,4
25/03/2026 11:47;450,0;447,0;12,9;2,9;-8,0;-8,0;32,4
25/03/2026 11:48;450,0;444,3;18,0;5,9;-8,0;-7,0;32,8
25/03/2026 11:49;450,0;446,7;21,1;4,1;-8,0;-7,0;33,2
25/03/2026 11:50;450,0;454,6;17,6;0,0;-8,0;-8,0;32,9
25/03/2026 11:51;450,0;461,0;10,0;0,0;-8,0;-8,0;33,0
25/03/2026 11:52;450,0;462,2;10,0;0,0;-8,0;-8,0;33,0
25/03/2026 11:53;450,0;461,6;10,0;0,0;-8,0;-8,0;32,8
25/03/2026 11:54;450,0;458,4;10,0;0,0;-8,0;-9,0;32,4
25/03/2026 11:55;450,0;454,0;10,0;0,0;-8,0;-8,0;32,6
25/03/2026 11:56;450,0;450,5;10,0;0,0;-8,0;-8,0;32,6
25/03/2026 11:57;450,0;447,0;11,9;2,8;-8,0;-8,0;32,5
25/03/2026 11:58;450,0;445,5;15,9;4,6;-8,0;-8,0;32,5
25/03/2026 11:59;450,0;447,0;18,9;3,6;-8,0;-7,0;32,9
25/03/2026 12:00;450,0;452,0;17,6;0,0;-8,0;-8,0;32,6
25/03/2026 12:01;450,0;455,8;12,4;0,0;-8,0;-8,0;32,6
25/03/2026 12:02;450,0;458,4;10,0;0,0;-8,0;-8,0;32,5
25/03/2026 12:03;450,0;456,9;10,0;0,0;-8,0;-8,0;32,5
25/03/2026 12:04;450,0;454,6;10,0;0,0;-8,0;-8,0;32,5
25/03/2026 12:05;450,0;453,1;10,0;0,0;-8,0;-9,0;32,1
25/03/2026 12:06;450,0;449,9;10,0;0,0;-8,0;-8,0;32,4
25/03/2026 12:07;450,0;448,4;11,3;1,5;-8,0;-8,0;32,4
25/03/2026 12:08;450,0;445,8;15,3;4,2;-8,0;-8,0;32,5
25/03/2026 12:09;450,0;447,0;18,1;3,5;-8,0;-8,0;32,4
25/03/2026 12:10;450,0;451,1;17,3;0,0;-8,0;-8,0;32,5
25/03/2026 12:11;450,0;454,3;13,2;0,0;-8,0;-8,0;32,6
25/03/2026 12:12;450,0;456,1;10,0;0,0;-8,0;-8,0;32,6
25/03/2026 12:13;450,0;454,9;10,0;0,0;-8,0;-8,0;32,6
25/03/2026 12:14;450,0;454,3;10,0;0,0;-8,0;-8,0;32,4
25/03/2026 12:15;450,0;452,0;10,0;0,0;-8,0;-8,0;32,5
25/03/2026 12:16;450,0;449,0;10,2;0,8;-8,0;-8,0;32,4
25/03/2026 12:17;450,0;447,6;12,5;2,3;-8,0;-8,0;32,4
25/03/2026 12:18;450,0;447,6;14,3;2,5;-8,0;-8,0;32,4
25/03/2026 12:19;450,0;448,7;15,6;1,7;-8,0;-8,0;32,4
25/03/2026 12:20;450,0;452,0;14,3;0,0;-8,0;-8,0;32,4
25/03/2026 12:21;450,0;455,2;10,0;0,0;-8,0;-8,0;32,5
25/03/2026 12:22;450,0;454,3;10,0;0,0;-8,0;-8,0;32,5
25/03/2026 12:23;450,0;452,2;10,0;0,0;-8,0;-8,0;32,4
25/03/2026 12:24;450,0;450,2;10,0;0,0;-8,0;-9,0;31,9
25/03/2026 12:25;450,0;447,3;12,0;2,5;-8,0;-8,0;32,3
25/03/2026 12:26;450,0;444,0;17,2;6,1;-8,0;-8,0;32,3
25/03/2026 12:27;450,0;447,3;20,3;3,6;-8,0;-7,0;32,8
25/03/2026 12:28;450,0;455,5;16,5;0,0;-8,0;-8,0;32,6
25/03/2026 12:29;450,0;462,8;10,0;0,0;-8,0;-8,0;32,7
25/03/2026 12:30;450,0;463,4;10,0;0,0;-8,0;-9,0;32,0
25/03/2026 12:31;450,0;462,8;10,0;0,0;-8,0;-8,0;32,4
25/03/2026 12:32;450,0;459,9;10,0;0,0;-8,0;-8,0;32,4
25/03/2026 12:33;450,0;457,5;10,0;0,0;-8,0;-8,0;32,4
25/03/2026 12:34;450,0;454,0;10,0;0,0;-8,0;-8,0;32,4
25/03/2026 12:35;450,0;450,8;10,0;0,0;-8,0;-8,0;32,4
25/03/2026 12:36;450,0;447,6;12,0;2,3;-8,0;-8,0;32,3
25/03/2026 12:37;450,0;444,6;16,8;5,4;-8,0;-8,0;32,3
25/03/2026 12:38;450,0;445,8;20,9;4,9;-8,0;-7,0;32,9
25/03/2026 12:39;450,0;454,3;17,2;0,0;-8,0;-8,0;32,7
25/03/2026 12:40;450,0;463,1;10,0;0,0;-8,0;-7,0;33,1
25/03/2026 12:41;450,0;466,3;10,0;0,0;-8,0;-8,0;32,7
25/03/2026 12:42;450,0;464,6;10,0;0,0;-8,0;-8,0;32,6
25/03/2026 12:43;450,0;463,1;10,0;0,0;-8,0;-8,0;32,6
25/03/2026 12:44;450,0;460,2;10,0;0,0;-8,0;-8,0;32,6
25/03/2026 12:45;450,0;456,9;10,0;0,0;-8,0;-8,0;32,6
25/03/2026 12:46;450,0;455,8;10,0;0,0;-8,0;-8,0;32,5
25/03/2026 12:47;450,0;452,5;10,0;0,0;-8,0;-8,0;32,5
25/03/2026 12:48;450,0;449,3;10,1;0,6;-8,0;-8,0;32,5
25/03/2026 12:49;450,0;446,7;12,7;3,1;-8,0;-8,0;32,5
25/03/2026 12:50;450,0;443,8;17,8;6,3;-8,0;-8,0;32,5
25/03/2026 12:51;450,0;448,1;19,7;2,7;-8,0;-7,0;33,0
25/03/2026 12:52;450,0;456,1;15,2;0,0;-8,0;-8,0;32,7
25/03/2026 12:53;450,0;461,0;10,0;0,0;-8,0;-8,0;32,9
25/03/2026 12:54;450,0;461,0;10,0;0,0;-8,0;-8,0;32,8
25/03/2026 12:55;450,0;459,6;10,0;0,0;-8,0;-8,0;32,8
25/03/2026 12:56;450,0;457,8;10,0;0,0;-8,0;-8,0;32,7
25/03/2026 12:57;450,0;454,3;10,0;0,0;-8,0;-9,0;32,4
25/03/2026 12:58;450,0;452,0;10,0;0,0;-8,0;-8,0;32,6
25/03/2026 12:59;450,0;449,3;10,4;0,6;-8,0;-8,0;32,6
25/03/2026 13:00;450,0;445,5;14,7;4,5;-8,0;-8,0;32,6
25/03/2026 13:01;450,0;445,2;19,1;5,2;-8,0;-8,0;32,8
25/03/2026 13:02;450,0;449,9;18,9;1,0;-8,0;-8,0;32,9
25/03/2026 13:03;450,0;457,8;12,2;0,0;-8,0;-8,0;32,9
25/03/2026 13:04;450,0;462,2;10,0;0,0;-8,0;-8,0;32,8
25/03/2026 13:05;450,0;462,2;10,0;0,0;-8,0;-9,0;32,5
25/03/2026 13:06;450,0;460,2;10,0;0,0;-8,0;-8,0;32,7
25/03/2026 13:07;450,0;458,1;10,0;0,0;-8,0;-8,0;32,6
25/03/2026 13:08;450,0;456,6;10,0;0,0;-8,0;-8,0;32,6
25/03/2026 13:09;450,0;455,5;10,0;0,0;-8,0;-8,0;32,6
25/03/2026 13:10;450,0;450,8;10,0;0,0;-8,0;-8,0;32,4
25/03/2026 13:11;450,0;447,0;12,0;2,8;-8,0;-8,0;32,3
25/03/2026 13:12;450,0;445,5;15,9;4,5;-8,0;-8,0;32,3
25/03/2026 13:13;450,0;447,9;18,2;2,7;-8,0;-8,0;32,5
25/03/2026 13:14;450,0;453,1;16,1;0,0;-8,0;-8,0;32,5
25/03/2026 13:15;450,0;457,2;10,0;0,0;-8,0;-8,0;32,5
25/03/2026 13:16;450,0;457,8;10,0;0,0;-8,0;-8,0;32,6
25/03/2026 13:17;450,0;457,8;10,0;0,0;-8,0;-9,0;32,1
25/03/2026 13:18;450,0;457,5;10,0;0,0;-8,0;-9,0;32,1
25/03/2026 13:19;450,0;456,4;10,0;0,0;-8,0;-8,0;32,3
25/03/2026 13:20;450,0;453,1;10,0;0,0;-8,0;-8,0;32,3
25/03/2026 13:21;450,0;447,9;11,4;1,9;-8,0;-8,0;32,3
25/03/2026 13:22;450,0;443,5;17,6;6,5;-8,0;-8,0;32,3
25/03/2026 13:23;450,0;444,0;23,5;6,8;-8,0;-7,0;32,9
25/03/2026 13:24;450,0;453,4;20,6;0,0;-8,0;-8,0;32,7
25/03/2026 13:25;450,0;462,2;10,0;0,0;-8,0;-8,0;32,9
25/03/2026 13:26;450,0;466,6;10,0;0,0;-8,0;-8,0;32,8
25/03/2026 13:27;450,0;469,0;10,0;0,0;-8,0;-8,0;32,5
25/03/2026 13:28;450,0;467,2;10,0;0,0;-8,0;-8,0;32,6
25/03/2026 13:29;450,0;464,0;10,0;0,0;-8,0;-9,0;32,3
25/03/2026 13:30;450,0;461,6;10,0;0,0;-8,0;-9,0;32,2
25/03/2026 13:31;450,0;459,0;10,0;0,0;-8,0;-9,0;32,1
25/03/2026 13:32;450,0;456,1;10,0;0,0;-8,0;-8,0;32,3
25/03/2026 13:33;450,0;452,2;10,0;0,0;-8,0;-9,0;31,8
25/03/2026 13:34;450,0;448,4;10,9;1,5;-8,0;-8,0;32,1
25/03/2026 13:35;450,0;443,8;15,8;5,9;-8,0;-8,0;32,1
25/03/2026 13:36;450,0;443,5;22,7;7,1;-8,0;-7,0;32,5
25/03/2026 13:37;450,0;449,3;23,7;2,2;-8,0;-7,0;32,9
25/03/2026 13:38;450,0;458,4;16,8;0,0;-8,0;-8,0;32,8
25/03/2026 13:39;450,0;466,3;10,0;0,0;-8,0;-9,0;32,3
25/03/2026 13:40;450,0;467,2;10,0;0,0;-8,0;-8,0;32,7
25/03/2026 13:41;450,0;463,7;10,0;0,0;-8,0;-9,0;32,2
25/03/2026 13:42;450,0;460,5;10,0;0,0;-8,0;-8,0;32,5
25/03/2026 13:43;450,0;459,0;10,0;0,0;-8,0;-9,0;32,0
25/03/2026 13:44;450,0;455,8;10,0;0,0;-8,0;-8,0;32,3
25/03/2026 13:45;450,0;453,1;10,0;0,0;-8,0;-8,0;32,3
25/03/2026 13:46;450,0;451,4;10,0;0,0;-8,0;-8,0;32,3
25/03/2026 13:47;450,0;449,0;10,6;0,9;-8,0;-8,0;32,3
25/03/2026 13:48;450,0;448,7;12,3;1,4;-8,0;-8,0;32,2
25/03/2026 13:49;450,0;448,7;14,0;1,5;-8,0;-8,0;32,2
25/03/2026 13:50;450,0;451,4;13,1;0,0;-8,0;-8,0;32,2
25/03/2026 13:51;450,0;452,2;10,7;0,0;-8,0;-8,0;32,2
25/03/2026 13:52;450,0;452,5;10,0;0,0;-8,0;-8,0;32,2
25/03/2026 13:53;450,0;449,9;10,0;0,0;-8,0;-8,0;32,2
25/03/2026 13:54;450,0;447,0;13,0;2,9;-8,0;-8,0;32,2
25/03/2026 13:55;450,0;446,4;16,5;3,8;-8,0;-7,0;32,5
25/03/2026 13:56;450,0;450,8;16,2;0,2;-8,0;-8,0;32,3
25/03/2026 13:57;450,0;456,6;10,0;0,0;-8,0;-8,0;32,5
25/03/2026 13:58;450,0;460,7;10,0;0,0;-8,0;-8,0;32,4
25/03/2026 13:59;450,0;461,0;10,0;0,0;-8,0;-9,0;32,0
25/03/2026 14:00;450,0;458,7;10,0;0,0;-8,0;-9,0;32,0
25/03/2026 14:01;450,0;457,2;10,0;0,0;-8,0;-8,0;32,4
25/03/2026 14:02;450,0;456,1;10,0;0,0;-8,0;-8,0;32,4
25/03/2026 14:03;450,0;452,5;10,0;0,0;-8,0;-8,0;32,3
25/03/2026 14:04;450,0;449,6;10,0;0,3;-8,0;-8,0;32,3
25/03/2026 14:05;450,0;445,5;13,7;4,4;-8,0;-8,0;32,4
25/03/2026 14:06;450,0;444,0;19,1;6,3;-8,0;-8,0;32,4
25/03/2026 14:07;450,0;449,0;20,5;2,1;-8,0;-7,0;33,1
25/03/2026 14:08;450,0;457,8;14,4;0,0;-8,0;-8,0;32,8
25/03/2026 14:09;450,0;466,9;10,0;0,0;-8,0;-8,0;32,8
25/03/2026 14:10;450,0;469,8;10,0;0,0;-8,0;-8,0;32,7
25/03/2026 14:11;450,0;468,1;10,0;0,0;-8,0;-8,0;32,6
25/03/2026 14:12;450,0;465,7;10,0;0,0;-8,0;-9,0;32,2
25/03/2026 14:13;450,0;460,5;10,0;0,0;-8,0;-8,0;32,5
25/03/2026 14:14;450,0;455,2;10,0;0,0;-8,0;-8,0;32,4
25/03/2026 14:15;450,0;450,2;10,0;0,0;-8,0;-8,0;32,4
25/03/2026 14:16;450,0;445,2;13,9;4,5;-8,0;-8,0;32,4
25/03/2026 14:17;450,0;442,9;20,6;7,4;-8,0;-8,0;32,6
25/03/2026 14:18;450,0;449,0;22,1;2,2;-8,0;-7,0;33,2
25/03/2026 14:19;450,0;459,9;14,0;0,0;-8,0;-8,0;32,9
25/03/2026 14:20;450,0;468,7;10,0;0,0;-8,0;-8,0;32,8
25/03/2026 14:21;450,0;470,7;10,0;0,0;-8,0;-8,0;32,6
25/03/2026 14:22;450,0;469,5;10,0;0,0;-8,0;-9,0;32,2
25/03/2026 14:23;450,0;466,9;10,0;0,0;-8,0;-9,0;31,9
25/03/2026 14:24;450,0;464,8;10,0;0,0;-8,0;-8,0;32,2
25/03/2026 14:25;450,0;461,9;10,0;0,0;-8,0;-8,0;32,3
25/03/2026 14:26;450,0;458,7;10,0;0,0;-8,0;-8,0;32,1
25/03/2026 14:27;450,0;456,1;10,0;0,0;-8,0;-8,0;32,2
25/03/2026 14:28;450,0;452,8;10,0;0,0;-8,0;-8,0;32,1
25/03/2026 14:29;450,0;450,2;10,0;0,0;-8,0;-8,0;32,2
25/03/2026 14:30;450,0;447,9;12,0;1,9;-8,0;-8,0;32,1
25/03/2026 14:31;450,0;444,6;16,1;5,4;-8,0;-8,0;32,1
25/03/2026 14:32;450,0;447,0;19,2;3,6;-8,0;-8,0;32,3
25/03/2026 14:33;450,0;453,4;17,0;0,0;-8,0;-7,0;32,9
25/03/2026 14:34;450,0;459,9;10,0;0,0;-8,0;-8,0;32,5
25/03/2026 14:35;450,0;462,5;10,0;0,0;-8,0;-8,0;32,4
25/03/2026 14:36;450,0;462,8;10,0;0,0;-8,0;-8,0;32,4
25/03/2026 14:37;450,0;460,7;10,0;0,0;-8,0;-8,0;32,4
25/03/2026 14:38;450,0;457,5;10,0;0,0;-8,0;-8,0;32,2
25/03/2026 14:39;450,0;454,0;10,0;0,0;-8,0;-9,0;32,0
25/03/2026 14:40;450,0;450,5;10,0;0,0;-8,0;-8,0;32,2
25/03/2026 14:41;450,0;446,4;12,7;3,4;-8,0;-8,0;32,2
25/03/2026 14:42;450,0;444,9;17,2;5,2;-8,0;-8,0;32,4
25/03/2026 14:43;450,0;448,4;19,0;2,5;-8,0;-7,0;32,9
25/03/2026 14:44;450,0;454,0;15,5;0,0;-8,0;-8,0;32,5
25/03/2026 14:45;450,0;457,2;10,0;0,0;-8,0;-8,0;32,5
25/03/2026 14:46;450,0;456,1;10,0;0,0;-8,0;-8,0;32,3
25/03/2026 14:47;450,0;454,9;10,0;0,0;-8,0;-8,0;32,4
25/03/2026 14:48;450,0;451,7;10,0;0,0;-8,0;-8,0;32,4
25/03/2026 14:49;450,0;449,3;10,2;0,6;-8,0;-8,0;32,3
25/03/2026 14:50;450,0;447,6;12,2;2,3;-8,0;-8,0;32,3
25/03/2026 14:51;450,0;446,4;14,9;3,6;-8,0;-8,0;32,3
25/03/2026 14:52;450,0;450,5;15,3;0,3;-8,0;-8,0;32,3
25/03/2026 14:53;450,0;457,8;10,0;0,0;-8,0;-8,0;32,4
25/03/2026 14:54;450,0;461,6;10,0;0,0;-8,0;-9,0;31,9
25/03/2026 14:55;450,0;461,9;10,0;0,0;-8,0;-8,0;32,2
25/03/2026 14:56;450,0;460,2;10,0;0,0;-8,0;-8,0;32,2
25/03/2026 14:57;450,0;457,8;10,0;0,0;-8,0;-8,0;32,2
25/03/2026 14:58;450,0;454,0;10,0;0,0;-8,0;-8,0;32,1
25/03/2026 14:59;450,0;450,8;10,0;0,0;-8,0;-9,0;31,6
25/03/2026 15:00;450,0;447,9;11,2;1,9;-8,0;-8,0;31,9
25/03/2026 15:01;450,0;444,6;16,1;5,3;-8,0;-8,0;32,0
25/03/2026 15:02;450,0;445,8;20,0;4,8;-8,0;-7,0;32,5
25/03/2026 15:03;450,0;452,2;18,1;0,0;-8,0;-8,0;32,4
25/03/2026 15:04;450,0;459,6;10,0;0,0;-8,0;-9,0;31,9
25/03/2026 15:05;450,0;461,3;10,0;0,0;-8,0;-8,0;32,3
25/03/2026 15:06;450,0;460,5;10,0;0,0;-8,0;-8,0;32,0
25/03/2026 15:07;450,0;458,1;10,0;0,0;-8,0;-8,0;32,0
25/03/2026 15:08;450,0;455,2;10,0;0,0;-8,0;-9,0;31,5
25/03/2026 15:09;450,0;452,5;10,0;0,0;-8,0;-8,0;31,9
25/03/2026 15:10;450,0;448,7;10,9;1,2;-8,0;-8,0;31,9
25/03/2026 15:11;450,0;446,1;14,0;3,8;-8,0;-8,0;31,9
25/03/2026 15:12;450,0;445,8;17,7;4,5;-8,0;-7,0;32,3
25/03/2026 15:13;450,0;450,8;17,4;0,2;-8,0;-8,0;32,2
25/03/2026 15:14;450,0;457,5;10,5;0,0;-8,0;-8,0;32,3
25/03/2026 15:15;450,0;461,0;10,0;0,0;-8,0;-8,0;32,2
25/03/2026 15:16;450,0;461,0;10,0;0,0;-8,0;-8,0;32,1
25/03/2026 15:17;450,0;459,6;10,0;0,0;-8,0;-8,0;32,2
25/03/2026 15:18;450,0;457,8;10,0;0,0;-8,0;-8,0;32,0
25/03/2026 15:19;450,0;454,3;10,0;0,0;-8,0;-8,0;32,1
25/03/2026 15:20;450,0;451,4;10,0;0,0;-8,0;-8,0;32,0
25/03/2026 15:21;450,0;448,4;10,8;1,4;-8,0;-8,0;32,0
25/03/2026 15:22;450,0;444,9;15,4;5,0;-8,0;-8,0;32,0
25/03/2026 15:23;450,0;445,2;19,5;5,3;-8,0;-7,0;32,5
25/03/2026 15:24;450,0;452,2;17,5;0,0;-8,0;-8,0;32,1
25/03/2026 15:25;450,0;463,4;10,0;0,0;-8,0;-8,0;32,1
25/03/2026 15:26;450,0;466,0;10,0;0,0;-8,0;-8,0;32,1
25/03/2026 15:27;450,0;465,1;10,0;0,0;-8,0;-8,0;32,0
25/03/2026 15:28;450,0;461,0;10,0;0,0;-8,0;-8,0;32,0
25/03/2026 15:29;450,0;459,9;10,0;0,0;-8,0;-8,0;31,9
25/03/2026 15:30;450,0;457,5;10,0;0,0;-8,0;-8,0;31,9
25/03/2026 15:31;450,0;454,3;10,0;0,0;-8,0;-8,0;31,8
25/03/2026 15:32;450,0;450,5;10,0;0,0;-8,0;-8,0;31,6
25/03/2026 15:33;450,0;447,9;11,8;2,0;-8,0;-8,0;31,7
25/03/2026 15:34;450,0;445,2;16,0;4,9;-8,0;-8,0;31,7
25/03/2026 15:35;450,0;447,9;17,4;2,6;-8,0;-8,0;31,6
25/03/2026 15:36;450,0;453,1;15,0;0,0;-8,0;-8,0;31,8
25/03/2026 15:37;450,0;458,4;10,0;0,0;-8,0;-8,0;31,8
25/03/2026 15:38;450,0;459,9;10,0;0,0;-8,0;-8,0;31,7
25/03/2026 15:39;450,0;458,1;10,0;0,0;-8,0;-9,0;31,3
25/03/2026 15:40;450,0;455,8;10,0;0,0;-8,0;-8,0;31,7
25/03/2026 15:41;450,0;452,5;10,0;0,0;-8,0;-8,0;31,7
25/03/2026 15:42;450,0;449,0;10,2;0,8;-8,0;-8,0;31,6
25/03/2026 15:43;450,0;446,7;13,6;3,2;-8,0;-8,0;31,6
25/03/2026 15:44;450,0;445,2;18,0;5,1;-8,0;-8,0;31,5
25/03/2026 15:45;450,0;450,8;18,2;0,4;-8,0;-8,0;31,7
25/03/2026 15:46;450,0;457,2;11,4;0,0;-8,0;-8,0;31,8
25/03/2026 15:47;450,0;461,3;10,0;0,0;-8,0;-8,0;31,6
25/03/2026 15:48;450,0;462,8;10,0;0,0;-8,0;-8,0;31,7
25/03/2026 15:49;450,0;461,3;10,0;0,0;-8,0;-8,0;31,7
25/03/2026 15:50;450,0;458,1;10,0;0,0;-8,0;-8,0;31,7
25/03/2026 15:51;450,0;455,5;10,0;0,0;-8,0;-8,0;31,7
25/03/2026 15:52;450,0;454,6;10,0;0,0;-8,0;-8,0;31,7
25/03/2026 15:53;450,0;453,4;10,0;0,0;-8,0;-8,0;31,6
25/03/2026 15:54;450,0;450,8;10,0;0,0;-8,0;-8,0;31,6
25/03/2026 15:55;450,0;446,4;12,8;3,4;-8,0;-8,0;31,6
25/03/2026 15:56;450,0;444,3;17,9;5,9;-8,0;-7,0;32,0
25/03/2026 15:57;450,0;445,8;21,9;5,1;-8,0;-7,0;32,1
25/03/2026 15:58;450,0;453,7;19,0;0,0;-8,0;-8,0;32,0
25/03/2026 15:59;450,0;459,9;10,0;0,0;-8,0;-8,0;32,0
25/03/2026 16:00;450,0;464,0;10,0;0,0;-8,0;-8,0;31,9
25/03/2026 16:01;450,0;467,2;10,0;0,0;-8,0;-8,0;31,9
25/03/2026 16:02;450,0;466,9;10,0;0,0;-8,0;-8,0;31,9
25/03/2026 16:03;450,0;468,1;10,0;0,0;-8,0;-8,0;31,8
25/03/2026 16:04;450,0;466,0;10,0;0,0;-8,0;-8,0;31,8
25/03/2026 16:05;450,0;463,1;10,0;0,0;-8,0;-8,0;31,8
25/03/2026 16:06;450,0;459,0;10,0;0,0;-8,0;-8,0;31,8
25/03/2026 16:07;450,0;455,5;10,0;0,0;-8,0;-9,0;31,3
25/03/2026 16:08;450,0;451,7;10,0;0,0;-8,0;-8,0;31,5
25/03/2026 16:09;450,0;448,1;11,0;1,7;-8,0;-8,0;31,6
25/03/2026 16:10;450,0;444,9;15,6;5,0;-8,0;-8,0;31,6
25/03/2026 16:11;450,0;445,8;20,4;4,8;-8,0;-7,0;32,3
25/03/2026 16:12;450,0;453,4;17,6;0,0;-8,0;-8,0;32,2
25/03/2026 16:13;450,0;462,2;10,0;0,0;-8,0;-8,0;32,1
25/03/2026 16:14;450,0;465,1;10,0;0,0;-8,0;-9,0;31,7
25/03/2026 16:15;450,0;466,3;10,0;0,0;-8,0;-8,0;32,0
25/03/2026 16:16;450,0;464,3;10,0;0,0;-8,0;-8,0;31,8
25/03/2026 16:17;450,0;461,9;10,0;0,0;-8,0;-8,0;31,8
25/03/2026 16:18;450,0;459,0;10,0;0,0;-8,0;-9,0;31,4
25/03/2026 16:19;450,0;457,2;10,0;0,0;-8,0;-8,0;31,7
25/03/2026 16:20;450,0;454,3;10,0;0,0;-8,0;-8,0;31,6
25/03/2026 16:21;450,0;450,8;10,0;0,0;-8,0;-8,0;31,6
25/03/2026 16:22;450,0;446,4;12,5;3,3;-8,0;-8,0;31,6
25/03/2026 16:23;450,0;444,9;17,1;5,2;-8,0;-8,0;31,6
25/03/2026 16:24;450,0;446,7;20,5;4,1;-8,0;-7,0;32,2
25/03/2026 16:25;450,0;452,2;18,7;0,0;-8,0;-7,0;32,4
25/03/2026 16:26;450,0;457,5;12,3;0,0;-8,0;-8,0;32,1
25/03/2026 16:27;450,0;459,6;10,0;0,0;-8,0;-8,0;32,0
25/03/2026 16:28;450,0;458,7;10,0;0,0;-8,0;-8,0;31,9
25/03/2026 16:29;450,0;455,8;10,0;0,0;-8,0;-8,0;31,9
25/03/2026 16:30;450,0;452,8;10,0;0,0;-8,0;-8,0;31,8
25/03/2026 16:31;450,0;449,9;10,0;0,0;-8,0;-8,0;31,7
25/03/2026 16:32;450,0;446,7;12,4;3,0;-8,0;-8,0;31,7
25/03/2026 16:33;450,0;444,6;17,4;5,5;-8,0;-7,0;32,0
25/03/2026 16:34;450,0;448,7;19,3;2,2;-8,0;-8,0;31,9
25/03/2026 16:35;450,0;455,8;13,6;0,0;-8,0;-8,0;31,9
25/03/2026 16:36;450,0;460,5;10,0;0,0;-8,0;-9,0;31,5
25/03/2026 16:37;450,0;461,9;10,0;0,0;-8,0;-8,0;31,7
25/03/2026 16:38;450,0;462,2;10,0;0,0;-8,0;-9,0;31,3
25/03/2026 16:39;450,0;460,5;10,0;0,0;-8,0;-8,0;31,5
25/03/2026 16:40;450,0;457,8;10,0;0,0;-8,0;-8,0;31,6
25/03/2026 16:41;450,0;454,6;10,0;0,0;-8,0;-8,0;31,5
25/03/2026 16:42;450,0;452,0;10,0;0,0;-8,0;-8,0;31,5
25/03/2026 16:43;450,0;448,4;11,0;1,5;-8,0;-8,0;31,5
25/03/2026 16:44;450,0;445,2;15,4;4,7;-8,0;-8,0;31,5
25/03/2026 16:45;450,0;444,9;20,3;5,6;-8,0;-7,0;32,1
25/03/2026 16:46;450,0;451,4;19,7;0,0;-8,0;-8,0;32,0
25/03/2026 16:47;450,0;461,9;10,0;0,0;-8,0;-8,0;31,9
25/03/2026 16:48;450,0;465,1;10,0;0,0;-8,0;-8,0;31,9
25/03/2026 16:49;450,0;465,1;10,0;0,0;-8,0;-8,0;31,9
25/03/2026 16:50;450,0;462,8;10,0;0,0;-8,0;-8,0;31,7
25/03/2026 16:51;450,0;459,6;10,0;0,0;-8,0;-8,0;31,7
25/03/2026 16:52;450,0;455,5;10,0;0,0;-8,0;-8,0;31,6
25/03/2026 16:53;450,0;450,2;10,0;0,0;-8,0;-8,0;31,6
25/03/2026 16:54;450,0;447,3;12,2;2,5;-8,0;-8,0;31,6
25/03/2026 16:55;450,0;445,2;16,4;4,9;-8,0;-8,0;31,6
25/03/2026 16:56;450,0;448,1;19,0;2,7;-8,0;-8,0;31,8
25/03/2026 16:57;450,0;456,9;13,3;0,0;-8,0;-8,0;31,8
25/03/2026 16:58;450,0;462,2;10,0;0,0;-8,0;-8,0;31,8
25/03/2026 16:59;450,0;464,3;10,0;0,0;-8,0;-8,0;31,6
25/03/2026 17:00;450,0;465,7;10,0;0,0;-8,0;-8,0;31,5
25/03/2026 17:01;450,0;461,0;10,0;0,0;-8,0;-8,0;31,4
25/03/2026 17:02;450,0;459,0;10,0;0,0;-8,0;-9,0;30,9
25/03/2026 17:03;450,0;457,5;10,0;0,0;-8,0;-9,0;31,0
25/03/2026 17:04;450,0;455,8;10,0;0,0;-8,0;-8,0;31,3
25/03/2026 17:05;450,0;452,2;10,0;0,0;-8,0;-8,0;31,3
25/03/2026 17:06;450,0;448,7;10,5;1,1;-8,0;-8,0;31,3
25/03/2026 17:07;450,0;445,8;13,9;4,0;-8,0;-8,0;31,3
25/03/2026 17:08;450,0;445,5;17,8;4,8;-8,0;-8,0;31,3
25/03/2026 17:09;450,0;451,1;17,2;0,0;-8,0;-7,0;31,7
25/03/2026 17:10;450,0;456,1;11,7;0,0;-8,0;-8,0;31,5
25/03/2026 17:11;450,0;459,0;10,0;0,0;-8,0;-8,0;31,5
25/03/2026 17:12;450,0;458,7;10,0;0,0;-8,0;-8,0;31,2
25/03/2026 17:13;450,0;457,2;10,0;0,0;-8,0;-8,0;31,2
25/03/2026 17:14;450,0;454,9;10,0;0,0;-8,0;-8,0;31,1
25/03/2026 17:15;450,0;452,8;10,0;0,0;-8,0;-8,0;31,2
25/03/2026 17:16;450,0;450,8;10,0;0,0;-8,0;-8,0;31,2
25/03/2026 17:17;450,0;446,4;12,6;3,4;-8,0;-8,0;31,2
25/03/2026 17:18;450,0;444,3;17,3;5,8;-8,0;-8,0;31,2
25/03/2026 17:19;450,0;447,0;20,4;3,8;-8,0;-7,0;31,6
25/03/2026 17:20;450,0;454,9;17,1;0,0;-8,0;-8,0;31,3
25/03/2026 17:21;450,0;461,3;10,0;0,0;-8,0;-8,0;31,3
25/03/2026 17:22;450,0;464,3;10,0;0,0;-8,0;-8,0;31,2
25/03/2026 17:23;450,0;466,3;10,0;0,0;-8,0;-8,0;31,3
25/03/2026 17:24;450,0;469,2;10,0;0,0;-8,0;-8,0;31,3
25/03/2026 17:25;450,0;467,5;10,0;0,0;-8,0;-8,0;31,2
25/03/2026 17:26;450,0;464,0;10,0;0,0;-8,0;-8,0;31,1
25/03/2026 17:27;450,0;460,5;10,0;0,0;-8,0;-8,0;31,1
25/03/2026 17:28;450,0;457,2;10,0;0,0;-8,0;-8,0;31,1
25/03/2026 17:29;450,0;454,6;10,0;0,0;-8,0;-8,0;31,1
25/03/2026 17:30;450,0;450,5;10,0;0,0;-8,0;-8,0;31,1
25/03/2026 17:31;450,0;447,6;11,4;2,1;-8,0;-8,0;31,1
25/03/2026 17:32;450,0;444,6;16,1;5,3;-8,0;-8,0;31,1
25/03/2026 17:33;450,0;446,4;19,6;4,2;-8,0;-7,0;31,6
25/03/2026 17:34;450,0;452,5;17,8;0,0;-8,0;-8,0;31,3
25/03/2026 17:35;450,0;460,5;10,0;0,0;-8,0;-8,0;31,5
25/03/2026 17:36;450,0;462,5;10,0;0,0;-8,0;-8,0;31,5
25/03/2026 17:37;450,0;463,4;10,0;0,0;-8,0;-8,0;31,4
25/03/2026 17:38;450,0;460,7;10,0;0,0;-8,0;-8,0;31,3
25/03/2026 17:39;450,0;458,1;10,0;0,0;-8,0;-8,0;31,3
25/03/2026 17:40;450,0;454,9;10,0;0,0;-8,0;-8,0;31,3
25/03/2026 17:41;450,0;451,7;10,0;0,0;-8,0;-8,0;31,2
25/03/2026 17:42;450,0;447,0;12,3;2,9;-8,0;-8,0;31,1
25/03/2026 17:43;450,0;444,3;17,2;5,8;-8,0;-7,0;31,6
25/03/2026 17:44;450,0;445,8;21,3;5,0;-8,0;-7,0;31,7
25/03/2026 17:45;450,0;452,2;19,6;0,0;-8,0;-7,0;32,0
25/03/2026 17:46;450,0;460,2;11,0;0,0;-8,0;-8,0;31,8
25/03/2026 17:47;450,0;466,0;10,0;0,0;-8,0;-8,0;31,6
25/03/2026 17:48;450,0;465,4;10,0;0,0;-8,0;-8,0;31,6
25/03/2026 17:49;450,0;463,4;10,0;0,0;-8,0;-8,0;31,6
25/03/2026 17:50;450,0;460,5;10,0;0,0;-8,0;-8,0;31,4
25/03/2026 17:51;450,0;457,5;10,0;0,0;-8,0;-8,0;31,5
25/03/2026 17:52;450,0;454,3;10,0;0,0;-8,0;-8,0;31,5
25/03/2026 17:53;450,0;451,4;10,0;0,0;-8,0;-8,0;31,4
25/03/2026 17:54;450,0;448,1;11,3;1,7;-8,0;-8,0;31,4
25/03/2026 17:55;450,0;444,9;15,3;4,9;-8,0;-8,0;31,4
25/03/2026 17:56;450,0;447,0;18,1;3,5;-8,0;-8,0;31,4
25/03/2026 17:57;450,0;450,8;18,1;0,3;-8,0;-8,0;31,7
25/03/2026 17:58;450,0;456,9;12,1;0,0;-8,0;-8,0;31,6
25/03/2026 17:59;450,0;459,6;10,0;0,0;-8,0;-8,0;31,5
25/03/2026 18:00;450,0;458,1;10,0;0,0;-8,0;-8,0;31,6
25/03/2026 18:01;450,0;454,9;10,0;0,0;-8,0;-8,0;31,6
25/03/2026 18:02;450,0;452,2;10,0;0,0;-8,0;-8,0;31,6
25/03/2026 18:03;450,0;448,7;10,9;1,2;-8,0;-8,0;31,5
25/03/2026 18:04;450,0;446,1;14,3;3,8;-8,0;-8,0;31,5
25/03/2026 18:05;450,0;444,9;19,4;5,5;-8,0;-8,0;31,5
25/03/2026 18:06;450,0;449,0;20,2;2,0;-8,0;-7,0;32,4
25/03/2026 18:07;450,0;456,9;14,8;0,0;-8,0;-8,0;32,1
25/03/2026 18:08;450,0;462,2;10,0;0,0;-8,0;-8,0;32,0
25/03/2026 18:09;450,0;463,7;10,0;0,0;-8,0;-8,0;31,8
25/03/2026 18:10;450,0;462,8;10,0;0,0;-8,0;-8,0;31,8
25/03/2026 18:11;450,0;460,5;10,0;0,0;-8,0;-8,0;31,7
25/03/2026 18:12;450,0;456,9;10,0;0,0;-8,0;-8,0;31,6
25/03/2026 18:13;450,0;454,3;10,0;0,0;-8,0;-8,0;31,6
25/03/2026 18:14;450,0;451,4;10,0;0,0;-8,0;-8,0;31,5
25/03/2026 18:15;450,0;448,1;11,4;1,7;-8,0;-8,0;31,5
25/03/2026 18:16;450,0;446,1;14,9;3,6;-8,0;-8,0;31,5
25/03/2026 18:17;450,0;447,3;17,8;3,3;-8,0;-7,0;31,9
25/03/2026 18:18;450,0;450,2;17,6;0,8;-8,0;-8,0;31,7
25/03/2026 18:19;450,0;454,9;13,2;0,0;-8,0;-8,0;31,7
25/03/2026 18:20;450,0;458,1;10,0;0,0;-8,0;-8,0;31,7
25/03/2026 18:21;450,0;456,6;10,0;0,0;-8,0;-8,0;31,7
25/03/2026 18:22;450,0;454,9;10,0;0,0;-8,0;-8,0;31,7
25/03/2026 18:23;450,0;453,4;10,0;0,0;-8,0;-8,0;31,7
25/03/2026 18:24;450,0;452,0;10,0;0,0;-8,0;-8,0;31,7
25/03/2026 18:25;450,0;449,0;10,1;0,8;-8,0;-8,0;31,6
25/03/2026 18:26;450,0;446,7;13,2;3,2;-8,0;-8,0;31,6
25/03/2026 18:27;450,0;445,5;17,4;4,8;-8,0;-7,0;31,9
25/03/2026 18:28;450,0;449,3;18,7;1,6;-8,0;-8,0;31,9
25/03/2026 18:29;450,0;457,8;11,9;0,0;-8,0;-8,0;31,9
25/03/2026 18:30;450,0;461,6;10,0;0,0;-8,0;-8,0;32,0
25/03/2026 18:31;450,0;461,9;10,0;0,0;-8,0;-8,0;31,9
25/03/2026 18:32;450,0;459,6;10,0;0,0;-8,0;-8,0;31,9
25/03/2026 18:33;450,0;455,5;10,0;0,0;-8,0;-8,0;31,9
25/03/2026 18:34;450,0;451,7;10,0;0,0;-8,0;-8,0;31,9
25/03/2026 18:35;450,0;448,7;10,9;1,2;-8,0;-8,0;31,9
25/03/2026 18:36;450,0;445,5;14,4;4,4;-8,0;-8,0;31,9
25/03/2026 18:37;450,0;445,8;18,0;4,6;-8,0;-7,0;32,4
25/03/2026 18:38;450,0;451,4;17,4;0,0;-8,0;-7,0;32,5
25/03/2026 18:39;450,0;457,8;10,9;0,0;-8,0;-8,0;32,1
25/03/2026 18:40;450,0;459,6;10,0;0,0;-8,0;-8,0;32,1
25/03/2026 18:41;450,0;459,3;10,0;0,0;-8,0;-8,0;32,1
25/03/2026 18:42;450,0;455,5;10,0;0,0;-8,0;-8,0;32,1
25/03/2026 18:43;450,0;452,5;10,0;0,0;-8,0;-8,0;32,1
25/03/2026 18:44;450,0;450,8;10,0;0,0;-8,0;-8,0;32,1
25/03/2026 18:45;450,0;448,1;11,5;1,7;-8,0;-8,0;32,1
25/03/2026 18:46;450,0;444,9;16,0;5,1;-8,0;-8,0;32,1
25/03/2026 18:47;450,0;446,4;19,4;4,2;-8,0;-8,0;32,4
25/03/2026 18:48;450,0;451,4;18,6;0,0;-8,0;-8,0;32,5
25/03/2026 18:49;450,0;458,4;11,1;0,0;-8,0;-8,0;32,5
25/03/2026 18:50;450,0;462,8;10,0;0,0;-8,0;-8,0;32,5
25/03/2026 18:51;450,0;463,4;10,0;0,0;-8,0;-8,0;32,5
25/03/2026 18:52;450,0;461,3;10,0;0,0;-8,0;-8,0;32,5
25/03/2026 18:53;450,0;459,3;10,0;0,0;-8,0;-8,0;32,5
25/03/2026 18:54;450,0;454,9;10,0;0,0;-8,0;-8,0;32,5
25/03/2026 18:55;450,0;451,7;10,0;0,0;-8,0;-8,0;32,4
25/03/2026 18:56;450,0;448,1;11,0;1,7;-8,0;-8,0;32,5
25/03/2026 18:57;450,0;444,3;15,6;5,6;-8,0;-8,0;32,5
25/03/2026 18:58;450,0;444,6;20,3;5,9;-8,0;-7,0;32,8
25/03/2026 18:59;450,0;452,8;19,3;0,0;-8,0;-7,0;33,3
25/03/2026 19:00;450,0;461,9;10,0;0,0;-8,0;-8,0;33,0
25/03/2026 19:01;450,0;465,4;10,0;0,0;-8,0;-8,0;32,8
25/03/2026 19:02;450,0;465,7;10,0;0,0;-8,0;-8,0;32,9
25/03/2026 19:03;450,0;464,3;10,0;0,0;-8,0;-8,0;32,9
25/03/2026 19:04;450,0;461,3;10,0;0,0;-8,0;-9,0;32,5
25/03/2026 19:05;450,0;457,2;10,0;0,0;-8,0;-8,0;32,8
25/03/2026 19:06;450,0;453,4;10,0;0,0;-8,0;-8,0;32,8
25/03/2026 19:07;450,0;450,2;10,0;0,0;-8,0;-8,0;32,8
25/03/2026 19:08;450,0;447,9;12,2;2,0;-8,0;-8,0;32,8
25/03/2026 19:09;450,0;447,3;14,9;2,9;-8,0;-8,0;32,8
25/03/2026 19:10;450,0;450,5;14,9;0,2;-8,0;-8,0;32,8
25/03/2026 19:11;450,0;457,2;10,0;0,0;-8,0;-9,0;32,4
25/03/2026 19:12;450,0;458,4;10,0;0,0;-8,0;-8,0;32,8
25/03/2026 19:13;450,0;457,2;10,0;0,0;-8,0;-8,0;32,8
25/03/2026 19:14;450,0;454,6;10,0;0,0;-8,0;-8,0;32,7
25/03/2026 19:15;450,0;451,7;10,0;0,0;-8,0;-8,0;32,7
25/03/2026 19:16;450,0;448,4;10,9;1,5;-8,0;-8,0;32,7
25/03/2026 19:17;450,0;444,9;14,9;4,8;-8,0;-8,0;32,7
25/03/2026 19:18;450,0;446,1;19,0;4,4;-8,0;-7,0;33,4
25/03/2026 19:19;450,0;452,5;17,3;0,0;-8,0;-8,0;33,0
25/03/2026 19:20;450,0;459,3;10,0;0,0;-8,0;-8,0;33,0
25/03/2026 19:21;450,0;461,6;10,0;0,0;-8,0;-9,0;32,6
25/03/2026 19:22;450,0;459,6;10,0;0,0;-8,0;-8,0;32,9
25/03/2026 19:23;450,0;455,5;10,0;0,0;-8,0;-8,0;32,9
25/03/2026 19:24;450,0;451,4;10,0;0,0;-8,0;-8,0;32,9
25/03/2026 19:25;450,0;448,4;10,9;1,5;-8,0;-8,0;32,9
25/03/2026 19:26;450,0;445,8;14,7;4,2;-8,0;-8,0;32,9
25/03/2026 19:27;450,0;444,0;20,6;6,4;-8,0;-7,0;33,5
25/03/2026 19:28;450,0;452,5;18,7;0,0;-8,0;-7,0;33,7
25/03/2026 19:29;450,0;462,5;10,0;0,0;-8,0;-9,0;33,0
25/03/2026 19:30;450,0;463,7;10,0;0,0;-8,0;-8,0;33,4
25/03/2026 19:31;450,0;460,7;10,0;0,0;-8,0;-8,0;33,4
25/03/2026 19:32;450,0;456,4;10,0;0,0;-8,0;-8,0;33,4
25/03/2026 19:33;450,0;453,1;10,0;0,0;-8,0;-8,0;33,3
25/03/2026 19:34;450,0;448,4;10,5;1,4;-8,0;-8,0;33,2
25/03/2026 19:35;450,0;444,9;15,1;5,0;-8,0;-8,0;33,3
25/03/2026 19:36;450,0;443,8;20,9;6,7;-8,0;-7,0;33,8
25/03/2026 19:37;450,0;449,9;21,1;1,3;-8,0;-7,0;33,6
25/03/2026 19:38;450,0;457,2;14,8;0,0;-8,0;-8,0;33,8
25/03/2026 19:39;450,0;460,7;10,0;0,0;-8,0;-9,0;33,2
25/03/2026 19:40;450,0;461,0;10,0;0,0;-8,0;-8,0;33,6
25/03/2026 19:41;450,0;460,7;10,0;0,0;-8,0;-8,0;33,3
25/03/2026 19:42;450,0;461,9;10,0;0,0;-8,0;-8,0;33,4
25/03/2026 19:43;450,0;459,6;10,0;0,0;-8,0;-8,0;33,3
25/03/2026 19:44;450,0;456,9;10,0;0,0;-8,0;-8,0;33,1
25/03/2026 19:45;450,0;454,0;10,0;0,0;-8,0;-8,0;33,2
25/03/2026 19:46;450,0;450,8;10,0;0,0;-8,0;-8,0;33,0
25/03/2026 19:47;450,0;446,4;12,7;3,4;-8,0;-8,0;33,0
25/03/2026 19:48;450,0;444,3;17,6;5,8;-8,0;-7,0;33,4
25/03/2026 19:49;450,0;447,3;20,4;3,6;-8,0;-7,0;33,6
25/03/2026 19:50;450,0;454,6;17,2;0,0;-8,0;-8,0;33,4
25/03/2026 19:51;450,0;459,9;10,0;0,0;-8,0;-8,0;33,3
25/03/2026 19:52;450,0;459,9;10,0;0,0;-8,0;-8,0;33,3
25/03/2026 19:53;450,0;458,4;10,0;0,0;-8,0;-8,0;33,3
25/03/2026 19:54;450,0;455,5;10,0;0,0;-8,0;-8,0;33,0
25/03/2026 19:55;450,0;451,4;10,0;0,0;-8,0;-8,0;33,0
25/03/2026 19:56;450,0;450,2;10,0;0,0;-8,0;-8,0;33,1
25/03/2026 19:57;450,0;447,0;12,7;2,9;-8,0;-8,0;33,1
25/03/2026 19:58;450,0;444,3;18,0;5,9;-8,0;-8,0;33,1
25/03/2026 19:59;450,0;445,8;21,9;5,1;-8,0;-7,0;33,9
25/03/2026 20:00;450,0;455,5;17,4;0,0;-8,0;-7,0;34,1
25/03/2026 20:01;450,0;464,6;10,0;0,0;-8,0;-8,0;33,6
25/03/2026 20:02;450,0;467,8;10,0;0,0;-8,0;-8,0;33,6
25/03/2026 20:03;450,0;466,3;10,0;0,0;-8,0;-8,0;33,6
25/03/2026 20:04;450,0;460,7;10,0;0,0;-8,0;-8,0;33,4
25/03/2026 20:05;450,0;458,4;10,0;0,0;-8,0;-8,0;33,4
25/03/2026 20:06;450,0;455,2;10,0;0,0;-8,0;-8,0;33,4
25/03/2026 20:07;450,0;449,9;10,0;0,0;-8,0;-8,0;33,4
25/03/2026 20:08;450,0;448,1;11,8;1,8;-8,0;-8,0;33,4
25/03/2026 20:09;450,0;447,0;14,4;3,1;-8,0;-8,0;33,4
25/03/2026 20:10;450,0;447,9;16,4;2,5;-8,0;-8,0;33,6
25/03/2026 20:11;450,0;453,1;14,5;0,0;-8,0;-8,0;33,6
25/03/2026 20:12;450,0;459,6;10,0;0,0;-8,0;-8,0;33,6
25/03/2026 20:13;450,0;461,3;10,0;0,0;-8,0;-9,0;33,2
25/03/2026 20:14;450,0;460,7;10,0;0,0;-8,0;-9,0;33,1
25/03/2026 20:15;450,0;458,7;10,0;0,0;-8,0;-8,0;33,4
25/03/2026 20:16;450,0;457,2;10,0;0,0;-8,0;-8,0;33,4
25/03/2026 20:17;450,0;454,0;10,0;0,0;-8,0;-8,0;33,4
25/03/2026 20:18;450,0;451,1;10,0;0,0;-8,0;-8,0;33,4
25/03/2026 20:19;450,0;445,8;12,7;3,9;-8,0;-8,0;33,4
25/03/2026 20:20;450,0;442,3;19,1;7,7;-8,0;-7,0;34,0
25/03/2026 20:21;450,0;444,6;25,5;6,5;-8,0;-7,0;34,3
25/03/2026 20:22;450,0;455,2;21,8;0,0;-8,0;-8,0;34,2
25/03/2026 20:23;450,0;464,0;10,0;0,0;-8,0;-8,0;34,2
25/03/2026 20:24;450,0;464,8;10,0;0,0;-8,0;-9,0;33,7
25/03/2026 20:25;450,0;461,6;10,0;0,0;-8,0;-9,0;33,4
25/03/2026 20:26;450,0;457,2;10,0;0,0;-8,0;-8,0;33,7
25/03/2026 20:27;450,0;452,8;10,0;0,0;-8,0;-8,0;33,6
25/03/2026 20:28;450,0;449,3;10,3;0,6;-8,0;-8,0;33,6
25/03/2026 20:29;450,0;447,6;12,5;2,3;-8,0;-8,0;33,6
25/03/2026 20:30;450,0;447,3;14,9;2,9;-8,0;-8,0;33,6
25/03/2026 20:31;450,0;448,7;16,5;1,8;-8,0;-7,0;34,2
25/03/2026 20:32;450,0;453,7;14,0;0,0;-8,0;-8,0;33,8
25/03/2026 20:33;450,0;459,6;10,0;0,0;-8,0;-8,0;33,8
25/03/2026 20:34;450,0;460,7;10,0;0,0;-8,0;-9,0;33,2
25/03/2026 20:35;450,0;459,3;10,0;0,0;-8,0;-8,0;33,5
25/03/2026 20:36;450,0;455,8;10,0;0,0;-8,0;-8,0;33,2
25/03/2026 20:37;450,0;452,5;10,0;0,0;-8,0;-8,0;33,3
25/03/2026 20:38;450,0;448,7;10,7;1,2;-8,0;-8,0;33,3
25/03/2026 20:39;450,0;445,8;14,3;4,1;-8,0;-8,0;33,3
25/03/2026 20:40;450,0;446,1;19,0;4,5;-8,0;-7,0;33,6
25/03/2026 20:41;450,0;453,4;16,0;0,0;-8,0;-8,0;33,4
25/03/2026 20:42;450,0;460,5;10,0;0,0;-8,0;-9,0;33,1
25/03/2026 20:43;450,0;463,4;10,0;0,0;-8,0;-8,0;33,3
25/03/2026 20:44;450,0;460,7;10,0;0,0;-8,0;-8,0;33,3
25/03/2026 20:45;450,0;457,8;10,0;0,0;-8,0;-8,0;33,1
25/03/2026 20:46;450,0;454,9;10,0;0,0;-8,0;-8,0;33,2
25/03/2026 20:47;450,0;449,6;10,0;0,1;-8,0;-8,0;33,2
25/03/2026 20:48;450,0;444,3;15,0;5,5;-8,0;-8,0;33,1
25/03/2026 20:49;450,0;442,9;21,4;7,5;-8,0;-8,0;33,3
25/03/2026 20:50;450,0;450,2;21,8;1,3;-8,0;-7,0;33,9
25/03/2026 20:51;450,0;460,5;12,2;0,0;-8,0;-8,0;33,6
25/03/2026 20:52;450,0;464,6;10,0;0,0;-8,0;-8,0;33,6
25/03/2026 20:53;450,0;462,8;10,0;0,0;-8,0;-8,0;33,6
25/03/2026 20:54;450,0;460,5;10,0;0,0;-8,0;-8,0;33,5
25/03/2026 20:55;450,0;456,9;10,0;0,0;-8,0;-8,0;33,4
25/03/2026 20:56;450,0;453,1;10,0;0,0;-8,0;-8,0;33,5
25/03/2026 20:57;450,0;448,7;10,4;1,1;-8,0;-8,0;33,3
25/03/2026 20:58;450,0;447,0;13,2;3,0;-8,0;-8,0;33,3
25/03/2026 20:59;450,0;447,0;15,7;3,2;-8,0;-8,0;33,3
25/03/2026 21:00;450,0;451,7;14,6;0,0;-8,0;-8,0;33,3
25/03/2026 21:01;450,0;456,1;10,0;0,0;-8,0;-8,0;33,3
25/03/2026 21:02;450,0;455,8;10,0;0,0;-8,0;-8,0;33,2
25/03/2026 21:03;450,0;454,0;10,0;0,0;-8,0;-8,0;33,4
25/03/2026 21:04;450,0;449,9;10,0;0,0;-8,0;-8,0;33,4
25/03/2026 21:05;450,0;446,7;12,3;3,0;-8,0;-8,0;33,2
25/03/2026 21:06;450,0;443,5;18,1;6,5;-8,0;-7,0;33,6
25/03/2026 21:07;450,0;446,7;21,5;4,1;-8,0;-8,0;33,5
25/03/2026 21:08;450,0;456,1;17,6;0,0;-8,0;-8,0;33,6
25/03/2026 21:09;450,0;464,3;10,0;0,0;-8,0;-8,0;33,5
25/03/2026 21:10;450,0;466,6;10,0;0,0;-8,0;-8,0;33,6
25/03/2026 21:11;450,0;466,6;10,0;0,0;-8,0;-8,0;33,5
25/03/2026 21:12;450,0;463,4;10,0;0,0;-8,0;-8,0;33,4
25/03/2026 21:13;450,0;460,5;10,0;0,0;-8,0;-8,0;33,3
25/03/2026 21:14;450,0;457,5;10,0;0,0;-8,0;-8,0;33,4
25/03/2026 21:15;450,0;454,9;10,0;0,0;-8,0;-8,0;33,3
25/03/2026 21:16;450,0;450,8;10,0;0,0;-8,0;-9,0;32,9
25/03/2026 21:17;450,0;446,7;12,6;3,1;-8,0;-8,0;33,2
25/03/2026 21:18;450,0;444,6;17,4;5,5;-8,0;-8,0;33,2
25/03/2026 21:19;450,0;447,6;20,2;3,2;-8,0;-7,0;33,6
25/03/2026 21:20;450,0;457,5;14,0;0,0;-8,0;-8,0;33,4
25/03/2026 21:21;450,0;467,5;10,0;0,0;-8,0;-8,0;33,4
25/03/2026 21:22;450,0;469,0;10,0;0,0;-8,0;-8,0;33,2
25/03/2026 21:23;450,0;467,5;10,0;0,0;-8,0;-8,0;33,2
25/03/2026 21:24;450,0;463,1;10,0;0,0;-8,0;-8,0;33,0
25/03/2026 21:25;450,0;458,1;10,0;0,0;-8,0;-8,0;33,1
25/03/2026 21:26;450,0;453,7;10,0;0,0;-8,0;-8,0;33,0
25/03/2026 21:27;450,0;449,9;10,0;0,0;-8,0;-8,0;33,0
25/03/2026 21:28;450,0;446,1;12,7;3,5;-8,0;-8,0;33,0
25/03/2026 21:29;450,0;444,6;18,2;5,6;-8,0;-7,0;33,4
25/03/2026 21:30;450,0;444,9;21,7;5,7;-8,0;-7,0;33,7
25/03/2026 21:31;450,0;452,8;20,3;0,0;-8,0;-7,0;33,9
25/03/2026 21:32;450,0;460,2;11,5;0,0;-8,0;-8,0;33,5
25/03/2026 21:33;450,0;463,7;10,0;0,0;-8,0;-8,0;33,5
25/03/2026 21:34;450,0;464,0;10,0;0,0;-8,0;-9,0;33,1
25/03/2026 21:35;450,0;463,7;10,0;0,0;-8,0;-8,0;33,5
25/03/2026 21:36;450,0;460,5;10,0;0,0;-8,0;-8,0;33,5
25/03/2026 21:37;450,0;456,9;10,0;0,0;-8,0;-8,0;33,5
25/03/2026 21:38;450,0;454,0;10,0;0,0;-8,0;-8,0;33,5
25/03/2026 21:39;450,0;450,2;10,0;0,0;-8,0;-8,0;33,5
25/03/2026 21:40;450,0;447,0;12,7;2,9;-8,0;-8,0;33,5
25/03/2026 21:41;450,0;445,8;16,4;4,4;-8,0;-8,0;33,5
25/03/2026 21:42;450,0;446,4;20,4;4,3;-8,0;-7,0;34,2
25/03/2026 21:43;450,0;452,0;18,2;0,0;-8,0;-8,0;34,0
25/03/2026 21:44;450,0;459,0;10,2;0,0;-8,0;-8,0;34,0
25/03/2026 21:45;450,0;459,9;10,0;0,0;-8,0;-8,0;33,6
25/03/2026 21:46;450,0;458,7;10,0;0,0;-8,0;-8,0;34,0
25/03/2026 21:47;450,0;456,6;10,0;0,0;-8,0;-8,0;34,0
25/03/2026 21:48;450,0;454,0;10,0;0,0;-8,0;-8,0;34,0
25/03/2026 21:49;450,0;450,5;10,0;0,0;-8,0;-8,0;34,1
25/03/2026 21:50;450,0;447,6;11,4;2,2;-8,0;-8,0;34,0
25/03/2026 21:51;450,0;444,9;15,5;4,9;-8,0;-8,0;34,0
25/03/2026 21:52;450,0;445,5;19,8;5,1;-8,0;-7,0;34,5
25/03/2026 21:53;450,0;452,0;18,3;0,0;-8,0;-8,0;34,3
25/03/2026 21:54;450,0;460,5;10,0;0,0;-8,0;-8,0;34,3
25/03/2026 21:55;450,0;461,6;10,0;0,0;-8,0;-8,0;34,3
25/03/2026 21:56;450,0;461,6;10,0;0,0;-8,0;-8,0;34,3
25/03/2026 21:57;450,0;459,9;10,0;0,0;-8,0;-8,0;34,3
25/03/2026 21:58;450,0;456,4;10,0;0,0;-8,0;-8,0;34,3
25/03/2026 21:59;450,0;452,0;10,0;0,0;-8,0;-8,0;34,2
25/03/2026 22:00;450,0;448,7;10,9;1,2;-8,0;-8,0;34,3
25/03/2026 22:01;450,0;445,8;15,0;4,2;-8,0;-8,0;34,3
25/03/2026 22:02;450,0;445,8;18,5;4,6;-8,0;-8,0;34,3
25/03/2026 22:03;450,0;450,2;18,7;1,0;-8,0;-7,0;34,8
25/03/2026 22:04;450,0;456,1;13,0;0,0;-8,0;-8,0;34,5
25/03/2026 22:05;450,0;458,4;10,0;0,0;-8,0;-8,0;34,5
25/03/2026 22:06;450,0;455,8;10,0;0,0;-8,0;-8,0;34,4
25/03/2026 22:07;450,0;451,7;10,0;0,0;-8,0;-8,0;34,6
25/03/2026 22:08;450,0;447,3;11,9;2,5;-8,0;-9,0;34,0
25/03/2026 22:09;450,0;444,0;17,3;6,1;-8,0;-8,0;34,4
25/03/2026 22:10;450,0;445,8;21,0;4,9;-8,0;-8,0;34,4
25/03/2026 22:11;450,0;453,7;18,2;0,0;-8,0;-7,0;35,2
25/03/2026 22:12;450,0;459,3;10,0;0,0;-8,0;-9,0;34,4
25/03/2026 22:13;450,0;459,6;10,0;0,0;-8,0;-8,0;34,6
25/03/2026 22:14;450,0;457,8;10,0;0,0;-8,0;-9,0;34,1
25/03/2026 22:15;450,0;454,3;10,0;0,0;-8,0;-8,0;34,4
25/03/2026 22:16;450,0;450,2;10,0;0,0;-8,0;-9,0;33,9
25/03/2026 22:17;450,0;447,9;11,4;1,8;-8,0;-8,0;34,3
25/03/2026 22:18;450,0;446,1;15,0;3,9;-8,0;-8,0;34,5
25/03/2026 22:19;450,0;449,9;15,4;0,7;-8,0;-8,0;34,4
25/03/2026 22:20;450,0;456,1;10,5;0,0;-8,0;-8,0;34,4
25/03/2026 22:21;450,0;457,8;10,0;0,0;-8,0;-8,0;34,4
25/03/2026 22:22;450,0;455,2;10,0;0,0;-8,0;-8,0;34,3
25/03/2026 22:23;450,0;451,7;10,0;0,0;-8,0;-8,0;34,3
25/03/2026 22:24;450,0;447,3;11,6;2,4;-8,0;-8,0;34,3
25/03/2026 22:25;450,0;445,8;15,2;4,2;-8,0;-8,0;34,3
25/03/2026 22:26;450,0;446,1;18,7;4,3;-8,0;-8,0;34,3
25/03/2026 22:27;450,0;452,8;16,6;0,0;-8,0;-8,0;34,5
25/03/2026 22:28;450,0;458,4;10,0;0,0;-8,0;-8,0;34,4
25/03/2026 22:29;450,0;459,6;10,0;0,0;-8,0;-8,0;34,5
25/03/2026 22:30;450,0;460,5;10,0;0,0;-8,0;-9,0;34,1
25/03/2026 22:31;450,0;459,0;10,0;0,0;-8,0;-8,0;34,4
25/03/2026 22:32;450,0;454,3;10,0;0,0;-8,0;-8,0;34,3
25/03/2026 22:33;450,0;449,9;10,0;0,0;-8,0;-8,0;34,3
25/03/2026 22:34;450,0;445,2;13,9;4,7;-8,0;-8,0;34,3
25/03/2026 22:35;450,0;442,0;21,1;8,3;-8,0;-7,0;34,8
25/03/2026 22:36;450,0;445,5;26,0;6,1;-8,0;-7,0;35,3
25/03/2026 22:37;450,0;455,5;22,1;0,0;-8,0;-7,0;35,6
25/03/2026 22:38;450,0;464,8;10,0;0,0;-8,0;-9,0;34,7
25/03/2026 22:39;450,0;468,1;10,0;0,0;-8,0;-8,0;35,1
25/03/2026 22:40;450,0;468,7;10,0;0,0;-8,0;-8,0;34,9
25/03/2026 22:41;450,0;465,1;10,0;0,0;-8,0;-8,0;34,7
25/03/2026 22:42;450,0;461,0;10,0;0,0;-8,0;-8,0;34,6
25/03/2026 22:43;450,0;459,0;10,0;0,0;-8,0;-8,0;34,5
25/03/2026 22:44;450,0;456,9;10,0;0,0;-8,0;-8,0;34,5
25/03/2026 22:45;450,0;453,7;10,0;0,0;-8,0;-8,0;34,4
25/03/2026 22:46;450,0;449,3;10,1;0,5;-8,0;-8,0;34,3
25/03/2026 22:47;450,0;443,5;16,2;6,2;-8,0;-8,0;34,2
25/03/2026 22:48;450,0;442,0;23,4;8,6;-8,0;-7,0;34,7
25/03/2026 22:49;450,0;448,7;25,2;3,0;-8,0;-7,0;35,0
25/03/2026 22:50;450,0;457,8;17,7;0,0;-8,0;-8,0;35,1
25/03/2026 22:51;450,0;464,3;10,0;0,0;-8,0;-9,0;34,4
25/03/2026 22:52;450,0;464,3;10,0;0,0;-8,0;-8,0;34,5
25/03/2026 22:53;450,0;460,7;10,0;0,0;-8,0;-9,0;34,1
25/03/2026 22:54;450,0;456,9;10,0;0,0;-8,0;-9,0;33,7
25/03/2026 22:55;450,0;452,8;10,0;0,0;-8,0;-8,0;34,2
25/03/2026 22:56;450,0;448,7;10,5;1,2;-8,0;-8,0;34,1
25/03/2026 22:57;450,0;445,2;14,4;4,7;-8,0;-8,0;34,0
25/03/2026 22:58;450,0;444,9;19,2;5,4;-8,0;-8,0;34,0
25/03/2026 22:59;450,0;450,5;19,7;0,8;-8,0;-8,0;34,2
25/03/2026 23:00;450,0;458,7;12,4;0,0;-8,0;-7,0;34,6
25/03/2026 23:01;450,0;464,0;10,0;0,0;-8,0;-8,0;34,3
25/03/2026 23:02;450,0;463,7;10,0;0,0;-8,0;-9,0;33,8
25/03/2026 23:03;450,0;461,0;10,0;0,0;-8,0;-9,0;33,6
25/03/2026 23:04;450,0;457,2;10,0;0,0;-8,0;-8,0;34,0
25/03/2026 23:05;450,0;454,6;10,0;0,0;-8,0;-8,0;34,0
25/03/2026 23:06;450,0;451,1;10,0;0,0;-8,0;-8,0;33,9
25/03/2026 23:07;450,0;447,6;12,0;2,3;-8,0;-8,0;33,9
25/03/2026 23:08;450,0;444,6;16,3;5,3;-8,0;-8,0;33,9
25/03/2026 23:09;450,0;444,3;20,5;6,2;-8,0;-7,0;34,3
25/03/2026 23:10;450,0;452,5;19,1;0,0;-8,0;-7,0;34,7
25/03/2026 23:11;450,0;461,6;10,0;0,0;-8,0;-8,0;34,5
25/03/2026 23:12;450,0;464,6;10,0;0,0;-8,0;-9,0;33,9
25/03/2026 23:13;450,0;464,3;10,0;0,0;-8,0;-9,0;34,0
25/03/2026 23:14;450,0;462,2;10,0;0,0;-8,0;-8,0;34,2
25/03/2026 23:15;450,0;458,7;10,0;0,0;-8,0;-8,0;34,2
25/03/2026 23:16;450,0;455,5;10,0;0,0;-8,0;-8,0;34,1
25/03/2026 23:17;450,0;452,0;10,0;0,0;-8,0;-8,0;34,0
25/03/2026 23:18;450,0;447,9;11,1;1,8;-8,0;-8,0;34,0
25/03/2026 23:19;450,0;444,9;15,9;5,1;-8,0;-8,0;34,0
25/03/2026 23:20;450,0;447,6;17,8;2,9;-8,0;-7,0;34,4
25/03/2026 23:21;450,0;454,6;14,4;0,0;-8,0;-8,0;34,1
25/03/2026 23:22;450,0;459,9;10,0;0,0;-8,0;-8,0;34,1
25/03/2026 23:23;450,0;459,6;10,0;0,0;-8,0;-8,0;34,0
25/03/2026 23:24;450,0;455,2;10,0;0,0;-8,0;-8,0;34,0
25/03/2026 23:25;450,0;452,0;10,0;0,0;-8,0;-8,0;34,0
25/03/2026 23:26;450,0;447,6;11,5;2,2;-8,0;-8,0;34,0
25/03/2026 23:27;450,0;444,3;16,6;5,7;-8,0;-8,0;34,0
25/03/2026 23:28;450,0;446,1;20,5;4,6;-8,0;-7,0;34,4
25/03/2026 23:29;450,0;454,6;16,7;0,0;-8,0;-8,0;34,5
25/03/2026 23:30;450,0;460,2;10,0;0,0;-8,0;-8,0;34,4
25/03/2026 23:31;450,0;459,9;10,0;0,0;-8,0;-8,0;34,4
25/03/2026 23:32;450,0;457,8;10,0;0,0;-8,0;-8,0;34,4
25/03/2026 23:33;450,0;455,2;10,0;0,0;-8,0;-8,0;34,4
25/03/2026 23:34;450,0;450,8;10,0;0,0;-8,0;-8,0;34,5
25/03/2026 23:35;450,0;445,8;13,0;3,9;-8,0;-8,0;34,2
25/03/2026 23:36;450,0;444,3;18,4;5,9;-8,0;-8,0;34,3
25/03/2026 23:37;450,0;447,9;20,9;3,1;-8,0;-8,0;34,6
25/03/2026 23:38;450,0;455,2;15,9;0,0;-8,0;-8,0;34,5
25/03/2026 23:39;450,0;459,9;10,0;0,0;-8,0;-8,0;34,6
25/03/2026 23:40;450,0;459,3;10,0;0,0;-8,0;-8,0;34,4
25/03/2026 23:41;450,0;456,6;10,0;0,0;-8,0;-8,0;34,4
25/03/2026 23:42;450,0;453,1;10,0;0,0;-8,0;-8,0;34,0
25/03/2026 23:43;450,0;448,7;10,3;1,1;-8,0;-8,0;34,3
25/03/2026 23:44;450,0;445,8;14,3;4,1;-8,0;-8,0;34,2
25/03/2026 23:45;450,0;446,1;17,6;4,2;-8,0;-8,0;34,2
25/03/2026 23:46;450,0;451,4;17,0;0,0;-8,0;-8,0;34,5
25/03/2026 23:47;450,0;458,4;10,0;0,0;-8,0;-8,0;34,4
25/03/2026 23:48;450,0;460,2;10,0;0,0;-8,0;-8,0;34,4
25/03/2026 23:49;450,0;457,2;10,0;0,0;-8,0;-8,0;34,2
25/03/2026 23:50;450,0;453,4;10,0;0,0;-8,0;-9,0;33,7
25/03/2026 23:51;450,0;449,0;10,2;0,8;-8,0;-8,0;34,1
25/03/2026 23:52;450,0;444,6;14,7;5,2;-8,0;-8,0;34,0
25/03/2026 23:53;450,0;443,2;21,6;7,2;-8,0;-8,0;34,3
25/03/2026 23:54;450,0;450,8;21,4;0,7;-8,0;-7,0;34,9
25/03/2026 23:55;450,0;461,0;11,2;0,0;-8,0;-8,0;34,6
25/03/2026 23:56;450,0;466,9;10,0;0,0;-8,0;-9,0;34,2
25/03/2026 23:57;450,0;465,4;10,0;0,0;-8,0;-8,0;34,5
25/03/2026 23:58;450,0;460,7;10,0;0,0;-8,0;-9,0;33,9
25/03/2026 23:59;450,0;455,8;10,0;0,0;-8,0;-9,0;33,8
26/03/2026 00:00;450,0;451,1;10,0;0,0;-8,0;-8,0;33,9
26/03/2026 00:01;450,0;446,7;12,4;3,0;-8,0;-8,0;34,0
26/03/2026 00:02;450,0;443,8;18,2;6,4;-8,0;-7,0;34,3
26/03/2026 00:03;450,0;446,4;22,0;4,5;-8,0;-8,0;34,3
26/03/2026 00:04;450,0;454,9;18,0;0,0;-8,0;-7,0;34,8
26/03/2026 00:05;450,0;462,2;10,0;0,0;-8,0;-8,0;34,6
26/03/2026 00:06;450,0;465,4;10,0;0,0;-8,0;-9,0;34,3
26/03/2026 00:07;450,0;463,7;10,0;0,0;-8,0;-8,0;34,4
26/03/2026 00:08;450,0;459,6;10,0;0,0;-8,0;-8,0;34,3
26/03/2026 00:09;450,0;453,4;10,0;0,0;-8,0;-8,0;34,2
26/03/2026 00:10;450,0;449,3;10,2;0,6;-8,0;-8,0;34,2
26/03/2026 00:11;450,0;445,5;13,9;4,3;-8,0;-8,0;34,1
26/03/2026 00:12;450,0;445,5;18,1;4,8;-8,0;-8,0;34,2
26/03/2026 00:13;450,0;452,8;16,4;0,0;-8,0;-8,0;34,2
26/03/2026 00:14;450,0;459,6;10,0;0,0;-8,0;-9,0;33,7
26/03/2026 00:15;450,0;460,7;10,0;0,0;-8,0;-8,0;34,1
26/03/2026 00:16;450,0;459,3;10,0;0,0;-8,0;-8,0;34,2
26/03/2026 00:17;450,0;455,8;10,0;0,0;-8,0;-8,0;34,0
26/03/2026 00:18;450,0;451,7;10,0;0,0;-8,0;-9,0;33,7
26/03/2026 00:19;450,0;447,0;12,6;2,9;-8,0;-8,0;33,9
26/03/2026 00:20;450,0;444,0;18,3;6,2;-8,0;-8,0;33,9
26/03/2026 00:21;450,0;446,1;22,2;4,8;-8,0;-7,0;34,6
26/03/2026 00:22;450,0;454,3;18,4;0,0;-8,0;-8,0;34,5
26/03/2026 00:23;450,0;461,6;10,0;0,0;-8,0;-9,0;34,1
26/03/2026 00:24;450,0;462,8;10,0;0,0;-8,0;-8,0;34,4
26/03/2026 00:25;450,0;461,0;10,0;0,0;-8,0;-8,0;34,5
26/03/2026 00:26;450,0;457,8;10,0;0,0;-8,0;-8,0;34,4
26/03/2026 00:27;450,0;453,4;10,0;0,0;-8,0;-8,0;34,4
26/03/2026 00:28;450,0;449,0;10,1;0,8;-8,0;-9,0;33,8
26/03/2026 00:29;450,0;445,8;14,2;4,1;-8,0;-8,0;34,2
26/03/2026 00:30;450,0;446,1;17,5;4,2;-8,0;-8,0;34,2
26/03/2026 00:31;450,0;451,7;16,2;0,0;-8,0;-8,0;34,4
26/03/2026 00:32;450,0;455,8;11,0;0,0;-8,0;-8,0;34,3
26/03/2026 00:33;450,0;456,9;10,0;0,0;-8,0;-8,0;34,3
26/03/2026 00:34;450,0;455,5;10,0;0,0;-8,0;-8,0;34,2
26/03/2026 00:35;450,0;452,5;10,0;0,0;-8,0;-9,0;33,8
26/03/2026 00:36;450,0;449,3;10,0;0,5;-8,0;-8,0;34,2
26/03/2026 00:37;450,0;446,4;13,1;3,4;-8,0;-8,0;34,3
26/03/2026 00:38;450,0;446,4;16,3;3,8;-8,0;-8,0;34,2
26/03/2026 00:39;450,0;449,9;17,4;0,9;-8,0;-8,0;34,1
26/03/2026 00:40;450,0;458,1;11,4;0,0;-8,0;-8,0;34,2
26/03/2026 00:41;450,0;462,8;10,0;0,0;-8,0;-8,0;34,1
26/03/2026 00:42;450,0;461,3;10,0;0,0;-8,0;-8,0;34,1
26/03/2026 00:43;450,0;456,6;10,0;0,0;-8,0;-8,0;33,9
26/03/2026 00:44;450,0;451,1;10,0;0,0;-8,0;-8,0;34,0
26/03/2026 00:45;450,0;445,8;13,4;4,0;-8,0;-8,0;33,9
26/03/2026 00:46;450,0;442,3;20,2;7,9;-8,0;-7,0;34,3
26/03/2026 00:47;450,0;445,2;24,6;6,0;-8,0;-6,0;35,3
26/03/2026 00:48;450,0;456,4;19,6;0,0;-8,0;-8,0;34,8
26/03/2026 00:49;450,0;465,1;10,0;0,0;-8,0;-9,0;34,4
26/03/2026 00:50;450,0;466,9;10,0;0,0;-8,0;-8,0;34,6
26/03/2026 00:51;450,0;464,8;10,0;0,0;-8,0;-8,0;34,4
26/03/2026 00:52;450,0;461,0;10,0;0,0;-8,0;-8,0;34,3
26/03/2026 00:53;450,0;457,5;10,0;0,0;-8,0;-8,0;34,2
26/03/2026 00:54;450,0;453,7;10,0;0,0;-8,0;-8,0;34,2
26/03/2026 00:55;450,0;451,1;10,0;0,0;-8,0;-9,0;33,8
26/03/2026 00:56;450,0;447,6;11,8;2,2;-8,0;-8,0;34,1
26/03/2026 00:57;450,0;444,6;16,7;5,4;-8,0;-8,0;34,1
26/03/2026 00:58;450,0;446,7;20,2;4,0;-8,0;-7,0;34,7
26/03/2026 00:59;450,0;453,7;16,8;0,0;-8,0;-8,0;34,4
26/03/2026 01:00;450,0;456,6;10,4;0,0;-8,0;-8,0;34,4
26/03/2026 01:01;450,0;454,9;10,0;0,0;-8,0;-9,0;33,9
26/03/2026 01:02;450,0;451,1;10,0;0,0;-8,0;-8,0;34,2
26/03/2026 01:03;450,0;447,3;11,5;2,4;-8,0;-8,0;33,9
26/03/2026 01:04;450,0;444,9;17,0;5,2;-8,0;-8,0;34,2
26/03/2026 01:05;450,0;448,1;18,7;2,6;-8,0;-8,0;34,1
26/03/2026 01:06;450,0;454,0;15,1;0,0;-8,0;-8,0;34,4
26/03/2026 01:07;450,0;457,5;10,0;0,0;-8,0;-8,0;34,3
26/03/2026 01:08;450,0;456,4;10,0;0,0;-8,0;-8,0;34,3
26/03/2026 01:09;450,0;454,0;10,0;0,0;-8,0;-9,0;33,9
26/03/2026 01:10;450,0;450,2;10,0;0,0;-8,0;-8,0;34,2
26/03/2026 01:11;450,0;446,7;12,8;3,1;-8,0;-8,0;34,2
26/03/2026 01:12;450,0;446,1;16,1;4,1;-8,0;-8,0;34,2
26/03/2026 01:13;450,0;447,9;18,3;2,7;-8,0;-8,0;34,3
26/03/2026 01:14;450,0;452,8;15,8;0,0;-8,0;-8,0;34,2
26/03/2026 01:15;450,0;457,5;10,0;0,0;-8,0;-8,0;34,2
26/03/2026 01:16;450,0;456,6;10,0;0,0;-8,0;-8,0;34,1
26/03/2026 01:17;450,0;453,7;10,0;0,0;-8,0;-8,0;34,2
26/03/2026 01:18;450,0;450,5;10,0;0,0;-8,0;-8,0;34,2
26/03/2026 01:19;450,0;448,4;11,0;1,5;-8,0;-8,0;34,2
26/03/2026 01:20;450,0;444,3;15,6;5,5;-8,0;-8,0;34,2
26/03/2026 01:21;450,0;444,0;20,7;6,5;-8,0;-7,0;34,7
26/03/2026 01:22;450,0;450,2;21,5;1,2;-8,0;-7,0;34,9
26/03/2026 01:23;450,0;458,4;14,1;0,0;-8,0;-8,0;34,7
26/03/2026 01:24;450,0;461,3;10,0;0,0;-8,0;-8,0;34,6
26/03/2026 01:25;450,0;458,7;10,0;0,0;-8,0;-8,0;34,5
26/03/2026 01:26;450,0;455,5;10,0;0,0;-8,0;-9,0;34,1
26/03/2026 01:27;450,0;452,0;10,0;0,0;-8,0;-8,0;34,2
26/03/2026 01:28;450,0;448,7;10,5;1,1;-8,0;-9,0;33,9
26/03/2026 01:29;450,0;445,5;14,8;4,5;-8,0;-8,0;34,3
26/03/2026 01:30;450,0;445,8;19,5;4,7;-8,0;-7,0;34,9
26/03/2026 01:31;450,0;450,5;19,1;0,7;-8,0;-8,0;34,6
26/03/2026 01:32;450,0;457,2;12,2;0,0;-8,0;-8,0;34,6
26/03/2026 01:33;450,0;459,3;10,0;0,0;-8,0;-9,0;34,0
26/03/2026 01:34;450,0;456,4;10,0;0,0;-8,0;-9,0;34,1
26/03/2026 01:35;450,0;453,1;10,0;0,0;-8,0;-8,0;34,2
26/03/2026 01:36;450,0;449,9;10,0;0,0;-8,0;-8,0;34,2
26/03/2026 01:37;450,0;446,4;13,4;3,5;-8,0;-8,0;34,2
26/03/2026 01:38;450,0;444,6;18,4;5,6;-8,0;-8,0;34,2
26/03/2026 01:39;450,0;449,0;20,1;2,0;-8,0;-7,0;34,6
26/03/2026 01:40;450,0;456,4;14,4;0,0;-8,0;-8,0;34,4
26/03/2026 01:41;450,0;460,2;10,0;0,0;-8,0;-9,0;34,0
26/03/2026 01:42;450,0;458,7;10,0;0,0;-8,0;-8,0;34,2
26/03/2026 01:43;450,0;455,2;10,0;0,0;-8,0;-8,0;34,1
26/03/2026 01:44;450,0;452,0;10,0;0,0;-8,0;-8,0;34,2
26/03/2026 01:45;450,0;447,0;11,8;2,7;-8,0;-8,0;34,0
26/03/2026 01:46;450,0;442,9;17,8;7,0;-8,0;-8,0;34,0
26/03/2026 01:47;450,0;444,6;23,0;6,2;-8,0;-7,0;34,6
26/03/2026 01:48;450,0;452,8;20,8;0,0;-8,0;-8,0;34,5
26/03/2026 01:49;450,0;462,2;10,6;0,0;-8,0;-9,0;34,2
26/03/2026 01:50;450,0;464,6;10,0;0,0;-8,0;-9,0;33,9
26/03/2026 01:51;450,0;462,8;10,0;0,0;-8,0;-8,0;34,2
26/03/2026 01:52;450,0;459,6;10,0;0,0;-8,0;-9,0;33,8
26/03/2026 01:53;450,0;454,9;10,0;0,0;-8,0;-9,0;33,8
26/03/2026 01:54;450,0;449,6;10,1;0,3;-8,0;-9,0;33,7
26/03/2026 01:55;450,0;445,2;14,9;4,8;-8,0;-8,0;34,0
26/03/2026 01:56;450,0;445,2;19,4;5,3;-8,0;-8,0;34,1
26/03/2026 01:57;450,0;450,8;18,6;0,4;-8,0;-8,0;34,4
26/03/2026 01:58;450,0;458,1;11,4;0,0;-8,0;-8,0;34,3
26/03/2026 01:59;450,0;461,3;10,0;0,0;-8,0;-8,0;34,3
26/03/2026 02:00;450,0;459,6;10,0;0,0;-8,0;-8,0;34,2
26/03/2026 02:01;450,0;456,1;10,0;0,0;-8,0;-8,0;34,2
26/03/2026 02:03;450,0;446,7;12,6;3,1;-8,0;-8,0;34,0
26/03/2026 02:04;450,0;445,2;17,0;5,0;-8,0;-8,0;34,0
26/03/2026 02:05;450,0;447,6;19,5;3,2;-8,0;-7,0;34,5
26/03/2026 02:06;450,0;453,7;16,1;0,0;-8,0;-8,0;34,1
26/03/2026 02:07;450,0;456,9;10,0;0,0;-8,0;-8,0;34,1
26/03/2026 02:08;450,0;455,2;10,0;0,0;-8,0;-8,0;34,0
26/03/2026 02:09;450,0;451,4;10,0;0,0;-8,0;-8,0;34,0
26/03/2026 02:10;450,0;446,7;12,2;3,1;-8,0;-8,0;34,0
26/03/2026 02:11;450,0;444,9;17,0;5,2;-8,0;-7,0;34,4
26/03/2026 02:12;450,0;445,5;21,2;5,2;-8,0;-7,0;34,6
26/03/2026 02:13;450,0;450,5;20,4;0,8;-8,0;-7,0;35,1
26/03/2026 02:14;450,0;456,6;14,9;0,0;-8,0;-9,0;34,2
26/03/2026 02:15;450,0;458,1;10,0;0,0;-8,0;-8,0;34,6
26/03/2026 02:16;450,0;457,8;10,0;0,0;-8,0;-8,0;34,4
26/03/2026 02:17;450,0;455,5;10,0;0,0;-8,0;-8,0;34,4
26/03/2026 02:18;450,0;451,4;10,0;0,0;-8,0;-9,0;34,1
26/03/2026 02:19;450,0;448,1;11,3;1,7;-8,0;-8,0;34,3
26/03/2026 02:20;450,0;445,5;15,6;4,6;-8,0;-8,0;34,3
26/03/2026 02:21;450,0;445,8;19,3;4,7;-8,0;-7,0;34,9
26/03/2026 02:22;450,0;452,5;17,2;0,0;-8,0;-7,0;34,8
26/03/2026 02:23;450,0;461,6;10,0;0,0;-8,0;-7,0;35,0
26/03/2026 02:24;450,0;464,6;10,0;0,0;-8,0;-8,0;34,6
26/03/2026 02:25;450,0;462,8;10,0;0,0;-8,0;-9,0;34,1
26/03/2026 02:26;450,0;459,3;10,0;0,0;-8,0;-9,0;33,9
26/03/2026 02:27;450,0;455,2;10,0;0,0;-8,0;-8,0;34,3
26/03/2026 02:28;450,0;452,0;10,0;0,0;-8,0;-8,0;34,3
26/03/2026 02:29;450,0;447,6;11,5;2,2;-8,0;-8,0;34,2
26/03/2026 02:30;450,0;444,3;16,0;5,6;-8,0;-8,0;34,2
26/03/2026 02:31;450,0;444,0;21,3;6,5;-8,0;-7,0;34,7
26/03/2026 02:32;450,0;450,8;21,8;0,8;-8,0;-8,0;34,6
26/03/2026 02:33;450,0;461,3;12,3;0,0;-8,0;-8,0;34,6
26/03/2026 02:34;450,0;465,7;10,0;0,0;-8,0;-8,0;34,6
26/03/2026 02:35;450,0;463,7;10,0;0,0;-8,0;-8,0;34,4
26/03/2026 02:36;450,0;459,0;10,0;0,0;-8,0;-8,0;34,3
26/03/2026 02:37;450,0;454,6;10,0;0,0;-8,0;-8,0;34,3
26/03/2026 02:38;450,0;450,2;10,0;0,0;-8,0;-8,0;34,2
26/03/2026 02:39;450,0;447,0;12,3;2,8;-8,0;-8,0;34,2
26/03/2026 02:40;450,0;444,0;17,4;6,1;-8,0;-8,0;34,2
26/03/2026 02:41;450,0;446,7;20,6;4,0;-8,0;-8,0;34,5
26/03/2026 02:42;450,0;454,3;17,3;0,0;-8,0;-8,0;34,6
26/03/2026 02:43;450,0;458,7;10,0;0,0;-8,0;-9,0;34,2
26/03/2026 02:44;450,0;457,2;10,0;0,0;-8,0;-8,0;34,4
26/03/2026 02:45;450,0;453,7;10,0;0,0;-8,0;-9,0;34,0
26/03/2026 02:46;450,0;450,8;10,0;0,0;-8,0;-8,0;34,3
26/03/2026 02:47;450,0;446,4;12,8;3,3;-8,0;-8,0;34,2
26/03/2026 02:48;450,0;444,6;17,8;5,6;-8,0;-8,0;34,2
26/03/2026 02:49;450,0;447,3;20,4;3,5;-8,0;-8,0;34,4
26/03/2026 02:50;450,0;453,7;17,1;0,0;-8,0;-7,0;34,9
26/03/2026 02:51;450,0;458,4;10,0;0,0;-8,0;-9,0;34,2
26/03/2026 02:52;450,0;458,7;10,0;0,0;-8,0;-8,0;34,4
26/03/2026 02:53;450,0;456,1;10,0;0,0;-8,0;-8,0;34,2
26/03/2026 02:54;450,0;453,7;10,0;0,0;-8,0;-8,0;34,2
26/03/2026 02:55;450,0;449,6;10,0;0,3;-8,0;-8,0;34,1
26/03/2026 02:56;450,0;446,1;13,3;3,6;-8,0;-8,0;34,2
26/03/2026 02:57;450,0;444,9;17,7;5,3;-8,0;-8,0;34,1
26/03/2026 02:58;450,0;447,9;19,6;2,8;-8,0;-8,0;34,2
26/03/2026 02:59;450,0;455,2;15,8;0,0;-8,0;-8,0;34,3
26/03/2026 03:00;450,0;459,9;10,0;0,0;-8,0;-9,0;33,7
26/03/2026 03:01;450,0;459,9;10,0;0,0;-8,0;-8,0;34,2
26/03/2026 03:02;450,0;458,4;10,0;0,0;-8,0;-8,0;34,1
26/03/2026 03:03;450,0;454,9;10,0;0,0;-8,0;-9,0;33,7
26/03/2026 03:04;450,0;451,7;10,0;0,0;-8,0;-8,0;34,0
26/03/2026 03:05;450,0;447,3;11,6;2,5;-8,0;-8,0;34,0
26/03/2026 03:06;450,0;445,5;15,8;4,6;-8,0;-8,0;34,2
26/03/2026 03:07;450,0;447,6;17,6;2,9;-8,0;-8,0;34,3
26/03/2026 03:08;450,0;453,4;14,3;0,0;-8,0;-8,0;34,2
26/03/2026 03:09;450,0;456,4;10,0;0,0;-8,0;-8,0;34,2
26/03/2026 03:10;450,0;454,3;10,0;0,0;-8,0;-9,0;33,8
26/03/2026 03:11;450,0;452,0;10,0;0,0;-8,0;-8,0;34,1
26/03/2026 03:12;450,0;447,9;11,2;1,8;-8,0;-9,0;33,7
26/03/2026 03:13;450,0;447,6;13,7;2,5;-8,0;-8,0;34,0
26/03/2026 03:14;450,0;449,0;15,0;1,5;-8,0;-8,0;34,0
26/03/2026 03:15;450,0;451,4;13,8;0,0;-8,0;-8,0;34,0
26/03/2026 03:16;450,0;452,8;11,2;0,0;-8,0;-8,0;34,0
26/03/2026 03:17;450,0;452,0;10,0;0,0;-8,0;-8,0;34,1
26/03/2026 03:18;450,0;449,0;10,3;0,9;-8,0;-9,0;33,6
26/03/2026 03:19;450,0;445,8;13,8;4,1;-8,0;-8,0;33,9
26/03/2026 03:20;450,0;444,3;19,0;6,0;-8,0;-8,0;33,9
26/03/2026 03:21;450,0;448,7;20,7;2,3;-8,0;-7,0;34,6
26/03/2026 03:22;450,0;455,5;16,0;0,0;-8,0;-8,0;34,3
26/03/2026 03:23;450,0;460,2;10,0;0,0;-8,0;-8,0;34,3
26/03/2026 03:24;450,0;459,9;10,0;0,0;-8,0;-9,0;33,8
26/03/2026 03:25;450,0;455,2;10,0;0,0;-8,0;-9,0;33,8
26/03/2026 03:26;450,0;449,6;10,0;0,2;-8,0;-8,0;34,1
26/03/2026 03:27;450,0;444,6;14,3;5,0;-8,0;-7,0;34,4
26/03/2026 03:28;450,0;443,5;20,4;6,8;-8,0;-7,0;34,6
26/03/2026 03:29;450,0;447,0;23,7;4,2;-8,0;-7,0;35,0
26/03/2026 03:30;450,0;456,1;19,3;0,0;-8,0;-8,0;34,8
26/03/2026 03:31;450,0;463,7;10,0;0,0;-8,0;-9,0;34,2
26/03/2026 03:32;450,0;466,0;10,0;0,0;-8,0;-9,0;34,2
26/03/2026 03:33;450,0;464,8;10,0;0,0;-8,0;-9,0;33,9
26/03/2026 03:34;450,0;463,1;10,0;0,0;-8,0;-8,0;34,0
26/03/2026 03:35;450,0;460,2;10,0;0,0;-8,0;-8,0;34,0
26/03/2026 03:36;450,0;455,5;10,0;0,0;-8,0;-8,0;34,0
26/03/2026 03:37;450,0;450,8;10,0;0,0;-8,0;-9,0;33,6
26/03/2026 03:38;450,0;445,8;13,4;4,0;-8,0;-8,0;34,0
26/03/2026 03:39;450,0;443,2;19,5;7,0;-8,0;-8,0;34,1
26/03/2026 03:40;450,0;446,1;23,4;5,0;-8,0;-7,0;34,8
26/03/2026 03:41;450,0;455,2;19,3;0,0;-8,0;-8,0;34,6
26/03/2026 03:42;450,0;463,1;10,0;0,0;-8,0;-8,0;34,6
26/03/2026 03:43;450,0;463,1;10,0;0,0;-8,0;-9,0;34,1
26/03/2026 03:44;450,0;459,9;10,0;0,0;-8,0;-8,0;34,3
26/03/2026 03:45;450,0;455,8;10,0;0,0;-8,0;-8,0;34,2
26/03/2026 03:46;450,0;452,5;10,0;0,0;-8,0;-8,0;34,0
26/03/2026 03:47;450,0;449,0;10,5;0,9;-8,0;-8,0;34,1
26/03/2026 03:48;450,0;446,4;13,7;3,5;-8,0;-8,0;34,1
26/03/2026 03:49;450,0;446,4;17,5;4,0;-8,0;-8,0;34,4
26/03/2026 03:50;450,0;450,8;17,1;0,1;-8,0;-8,0;34,4
26/03/2026 03:51;450,0;457,2;10,6;0,0;-8,0;-8,0;34,4
26/03/2026 03:52;450,0;460,2;10,0;0,0;-8,0;-9,0;33,9
26/03/2026 03:53;450,0;459,0;10,0;0,0;-8,0;-9,0;33,8
26/03/2026 03:54;450,0;455,5;10,0;0,0;-8,0;-8,0;34,1
26/03/2026 03:55;450,0;451,4;10,0;0,0;-8,0;-8,0;33,9
26/03/2026 03:56;450,0;447,0;12,3;2,8;-8,0;-8,0;34,0
26/03/2026 03:57;450,0;443,8;18,0;6,3;-8,0;-8,0;34,0
26/03/2026 03:58;450,0;445,2;22,4;5,7;-8,0;-7,0;34,5
26/03/2026 03:59;450,0;452,8;20,5;0,0;-8,0;-7,0;34,8
26/03/2026 04:00;450,0;460,2;10,9;0,0;-8,0;-8,0;34,5
26/03/2026 04:01;450,0;460,5;10,0;0,0;-8,0;-9,0;33,9
26/03/2026 04:02;450,0;458,1;10,0;0,0;-8,0;-8,0;34,3
26/03/2026 04:03;450,0;454,0;10,0;0,0;-8,0;-8,0;34,3
26/03/2026 04:04;450,0;449,6;10,0;0,1;-8,0;-9,0;33,6
26/03/2026 04:05;450,0;446,7;13,2;3,1;-8,0;-8,0;34,0
26/03/2026 04:06;450,0;445,8;16,9;4,4;-8,0;-8,0;34,0
26/03/2026 04:07;450,0;449,0;18,2;1,8;-8,0;-8,0;34,0
26/03/2026 04:08;450,0;454,6;14,6;0,0;-8,0;-8,0;34,1
26/03/2026 04:09;450,0;458,7;10,0;0,0;-8,0;-8,0;34,1
26/03/2026 04:10;450,0;461,3;10,0;0,0;-8,0;-8,0;34,0
26/03/2026 04:11;450,0;456,9;10,0;0,0;-8,0;-8,0;33,9
26/03/2026 04:12;450,0;451,7;10,0;0,0;-8,0;-8,0;34,0
26/03/2026 04:13;450,0;446,7;12,0;2,9;-8,0;-8,0;33,9
26/03/2026 04:14;450,0;443,5;17,9;6,5;-8,0;-8,0;33,9
26/03/2026 04:15;450,0;443,8;23,8;7,0;-8,0;-7,0;34,5
26/03/2026 04:16;450,0;450,5;24,5;1,4;-8,0;-7,0;34,9
26/03/2026 04:17;450,0;459,3;15,6;0,0;-8,0;-8,0;34,6
26/03/2026 04:18;450,0;462,5;10,0;0,0;-8,0;-8,0;34,5
26/03/2026 04:19;450,0;459,9;10,0;0,0;-8,0;-9,0;33,9
26/03/2026 04:20;450,0;456,4;10,0;0,0;-8,0;-9,0;33,8
26/03/2026 04:21;450,0;452,0;10,0;0,0;-8,0;-8,0;34,1
26/03/2026 04:22;450,0;448,4;10,6;1,4;-8,0;-9,0;33,6
26/03/2026 04:23;450,0;446,1;14,1;3,8;-8,0;-8,0;33,9
26/03/2026 04:24;450,0;445,5;18,3;4,9;-8,0;-8,0;33,9
26/03/2026 04:25;450,0;447,9;20,1;2,9;-8,0;-8,0;34,0
26/03/2026 04:26;450,0;455,2;16,0;0,0;-8,0;-8,0;34,1
26/03/2026 04:27;450,0;459,9;10,0;0,0;-8,0;-8,0;34,0
26/03/2026 04:28;450,0;459,6;10,0;0,0;-8,0;-8,0;34,0
26/03/2026 04:29;450,0;456,6;10,0;0,0;-8,0;-8,0;33,8
26/03/2026 04:30;450,0;452,5;10,0;0,0;-8,0;-8,0;33,9
26/03/2026 04:31;450,0;449,3;10,2;0,6;-8,0;-8,0;33,7
26/03/2026 04:32;450,0;446,7;13,1;3,1;-8,0;-8,0;33,8
26/03/2026 04:33;450,0;445,8;16,8;4,4;-8,0;-8,0;33,8
26/03/2026 04:34;450,0;448,1;18,6;2,6;-8,0;-8,0;33,8
26/03/2026 04:35;450,0;454,6;14,9;0,0;-8,0;-8,0;33,8
26/03/2026 04:36;450,0;459,0;10,0;0,0;-8,0;-8,0;33,8
26/03/2026 04:37;450,0;458,1;10,0;0,0;-8,0;-9,0;33,0
26/03/2026 04:38;450,0;456,4;10,0;0,0;-8,0;-9,0;33,0
26/03/2026 04:39;450,0;454,6;10,0;0,0;-8,0;-8,0;33,4
26/03/2026 04:40;450,0;451,1;10,0;0,0;-8,0;-8,0;33,3
26/03/2026 04:41;450,0;446,4;12,8;3,3;-8,0;-8,0;33,3
26/03/2026 04:42;450,0;444,3;18,2;5,9;-8,0;-7,0;33,9
26/03/2026 04:43;450,0;444,6;23,1;6,2;-8,0;-7,0;34,2
26/03/2026 04:44;450,0;450,5;22,8;1,2;-8,0;-7,0;34,3
26/03/2026 04:45;450,0;458,4;15,0;0,0;-8,0;-8,0;34,0
26/03/2026 04:46;450,0;462,5;10,0;0,0;-8,0;-9,0;33,5
26/03/2026 04:47;450,0;461,3;10,0;0,0;-8,0;-8,0;33,7
26/03/2026 04:48;450,0;458,4;10,0;0,0;-8,0;-8,0;33,7
26/03/2026 04:49;450,0;455,2;10,0;0,0;-8,0;-9,0;33,3
26/03/2026 04:50;450,0;451,7;10,0;0,0;-8,0;-8,0;33,5
26/03/2026 04:51;450,0;447,9;11,2;1,8;-8,0;-8,0;33,5
26/03/2026 04:52;450,0;446,4;14,2;3,6;-8,0;-8,0;33,4
26/03/2026 04:53;450,0;446,4;17,5;3,9;-8,0;-7,0;34,1
26/03/2026 04:54;450,0;449,3;18,6;1,6;-8,0;-8,0;33,8
26/03/2026 04:55;450,0;455,8;13,7;0,0;-8,0;-8,0;33,7
26/03/2026 04:56;450,0;458,7;10,0;0,0;-8,0;-8,0;33,5
26/03/2026 04:57;450,0;457,2;10,0;0,0;-8,0;-8,0;33,4
26/03/2026 04:58;450,0;454,3;10,0;0,0;-8,0;-8,0;33,5
26/03/2026 04:59;450,0;451,1;10,0;0,0;-8,0;-8,0;33,5
26/03/2026 05:00;450,0;445,8;12,6;3,8;-8,0;-8,0;33,5
26/03/2026 05:01;450,0;442,3;19,4;7,8;-8,0;-7,0;33,9
26/03/2026 05:02;450,0;444,9;24,6;6,3;-8,0;-7,0;34,3
26/03/2026 05:03;450,0;453,1;22,7;0,0;-8,0;-7,0;34,6
26/03/2026 05:04;450,0;461,3;13,0;0,0;-8,0;-8,0;34,4
26/03/2026 05:05;450,0;464,3;10,0;0,0;-8,0;-8,0;34,3
26/03/2026 05:06;450,0;462,5;10,0;0,0;-8,0;-9,0;33,8
26/03/2026 05:07;450,0;459,3;10,0;0,0;-8,0;-8,0;34,0
26/03/2026 05:08;450,0;455,5;10,0;0,0;-8,0;-9,0;33,7
26/03/2026 05:09;450,0;452,0;10,0;0,0;-8,0;-8,0;33,8
26/03/2026 05:10;450,0;448,7;10,9;1,2;-8,0;-9,0;33,5
26/03/2026 05:11;450,0;446,1;14,3;3,9;-8,0;-8,0;33,8
26/03/2026 05:12;450,0;444,6;19,0;5,7;-8,0;-8,0;33,7
26/03/2026 05:13;450,0;448,1;20,8;2,9;-8,0;-7,0;34,4
26/03/2026 05:14;450,0;453,7;17,2;0,0;-8,0;-7,0;34,6
26/03/2026 05:15;450,0;457,2;10,5;0,0;-8,0;-9,0;33,9
26/03/2026 05:16;450,0;456,4;10,0;0,0;-8,0;-8,0;34,3
26/03/2026 05:17;450,0;454,0;10,0;0,0;-8,0;-8,0;34,0
26/03/2026 05:18;450,0;451,7;10,0;0,0;-8,0;-8,0;34,1
26/03/2026 05:19;450,0;450,5;10,0;0,0;-8,0;-8,0;34,0
26/03/2026 05:20;450,0;448,4;11,1;1,5;-8,0;-8,0;33,9
26/03/2026 05:21;450,0;446,1;14,2;3,8;-8,0;-8,0;33,9
26/03/2026 05:22;450,0;445,8;17,8;4,5;-8,0;-7,0;34,5
26/03/2026 05:23;450,0;449,9;18,4;1,0;-8,0;-8,0;34,1
26/03/2026 05:24;450,0;455,8;13,8;0,0;-8,0;-8,0;34,2
26/03/2026 05:25;450,0;458,1;10,0;0,0;-8,0;-9,0;33,8
26/03/2026 05:26;450,0;456,1;10,0;0,0;-8,0;-9,0;33,6
26/03/2026 05:27;450,0;452,8;10,0;0,0;-8,0;-8,0;34,0
26/03/2026 05:28;450,0;449,0;10,3;0,9;-8,0;-8,0;34,0
26/03/2026 05:29;450,0;445,8;13,8;4,1;-8,0;-8,0;34,0
26/03/2026 05:30;450,0;444,3;19,6;6,1;-8,0;-8,0;34,1
26/03/2026 05:31;450,0;448,7;20,8;2,4;-8,0;-7,0;34,6
26/03/2026 05:32;450,0;456,1;15,0;0,0;-8,0;-8,0;34,3
26/03/2026 05:33;450,0;459,6;10,0;0,0;-8,0;-8,0;34,1
26/03/2026 05:34;450,0;459,6;10,0;0,0;-8,0;-9,0;33,8
26/03/2026 05:35;450,0;456,6;10,0;0,0;-8,0;-8,0;34,1
26/03/2026 05:36;450,0;454,3;10,0;0,0;-8,0;-8,0;34,0
26/03/2026 05:37;450,0;451,7;10,0;0,0;-8,0;-8,0;34,0
26/03/2026 05:38;450,0;451,7;10,0;0,0;-8,0;-8,0;33,9
26/03/2026 05:39;450,0;450,2;10,0;0,0;-8,0;-8,0;33,8
26/03/2026 05:40;450,0;445,5;13,8;4,4;-8,0;-8,0;33,8
26/03/2026 05:41;450,0;444,0;19,0;6,3;-8,0;-8,0;34,0
26/03/2026 05:42;450,0;444,9;23,7;5,9;-8,0;-7,0;34,4
26/03/2026 05:43;450,0;451,7;22,5;0,0;-8,0;-8,0;34,4
26/03/2026 05:44;450,0;460,5;13,4;0,0;-8,0;-8,0;34,3
26/03/2026 05:45;450,0;462,5;10,0;0,0;-8,0;-8,0;34,1
26/03/2026 05:46;450,0;460,7;10,0;0,0;-8,0;-8,0;34,1
26/03/2026 05:47;450,0;456,9;10,0;0,0;-8,0;-9,0;33,6
26/03/2026 05:48;450,0;456,1;10,0;0,0;-8,0;-8,0;33,9
26/03/2026 05:49;450,0;453,1;10,0;0,0;-8,0;-9,0;33,4
26/03/2026 05:50;450,0;450,2;10,0;0,0;-8,0;-8,0;33,7
26/03/2026 05:51;450,0;447,0;12,5;2,9;-8,0;-8,0;33,6
26/03/2026 05:52;450,0;447,9;14,6;2,3;-8,0;-8,0;33,6
26/03/2026 05:53;450,0;452,2;13,0;0,0;-8,0;-8,0;33,6
26/03/2026 05:54;450,0;455,8;10,0;0,0;-8,0;-8,0;33,6
26/03/2026 05:55;450,0;454,3;10,0;0,0;-8,0;-8,0;33,5
26/03/2026 05:56;450,0;451,4;10,0;0,0;-8,0;-8,0;33,4
26/03/2026 05:57;450,0;447,0;12,3;2,9;-8,0;-8,0;33,5
26/03/2026 05:58;450,0;443,8;17,9;6,3;-8,0;-8,0;33,5
26/03/2026 05:59;450,0;445,5;21,9;5,3;-8,0;-8,0;33,7
26/03/2026 06:00;450,0;451,4;20,4;0,0;-8,0;-8,0;33,9
26/03/2026 06:01;450,0;456,1;14,5;0,0;-8,0;-8,0;33,9
26/03/2026 06:02;450,0;460,2;10,0;0,0;-8,0;-8,0;33,8
26/03/2026 06:03;450,0;458,7;10,0;0,0;-8,0;-9,0;33,4
26/03/2026 06:04;450,0;454,9;10,0;0,0;-8,0;-8,0;33,6
26/03/2026 06:05;450,0;451,7;10,0;0,0;-8,0;-8,0;33,6
26/03/2026 06:06;450,0;448,1;11,0;1,6;-8,0;-8,0;33,6
26/03/2026 06:07;450,0;446,4;14,2;3,6;-8,0;-7,0;33,9
26/03/2026 06:08;450,0;447,3;16,7;3,1;-8,0;-8,0;33,8
26/03/2026 06:09;450,0;449,9;17,2;0,8;-8,0;-8,0;33,8
26/03/2026 06:10;450,0;456,1;12,0;0,0;-8,0;-8,0;33,8
26/03/2026 06:11;450,0;459,6;10,0;0,0;-8,0;-8,0;33,8
26/03/2026 06:12;450,0;459,9;10,0;0,0;-8,0;-8,0;33,7
26/03/2026 06:13;450,0;457,8;10,0;0,0;-8,0;-9,0;33,3
26/03/2026 06:14;450,0;454,9;10,0;0,0;-8,0;-8,0;33,5
26/03/2026 06:15;450,0;451,7;10,0;0,0;-8,0;-8,0;33,5
26/03/2026 06:16;450,0;446,4;12,3;3,3;-8,0;-8,0;33,5
26/03/2026 06:17;450,0;444,3;17,4;5,8;-8,0;-8,0;33,7
26/03/2026 06:18;450,0;446,7;20,9;4,0;-8,0;-7,0;34,3
26/03/2026 06:19;450,0;453,4;17,9;0,0;-8,0;-8,0;34,0
26/03/2026 06:20;450,0;458,4;10,0;0,0;-8,0;-8,0;34,0
26/03/2026 06:21;450,0;460,5;10,0;0,0;-8,0;-8,0;34,0
26/03/2026 06:22;450,0;457,8;10,0;0,0;-8,0;-9,0;33,6
26/03/2026 06:23;450,0;456,4;10,0;0,0;-8,0;-8,0;33,9
26/03/2026 06:24;450,0;454,9;10,0;0,0;-8,0;-8,0;33,9
26/03/2026 06:25;450,0;453,1;10,0;0,0;-8,0;-8,0;33,9
26/03/2026 06:26;450,0;451,7;10,0;0,0;-8,0;-8,0;33,8
26/03/2026 06:27;450,0;448,4;11,0;1,5;-8,0;-8,0;33,8
26/03/2026 06:28;450,0;447,3;13,4;2,7;-8,0;-8,0;33,8
26/03/2026 06:29;450,0;447,0;16,3;3,3;-8,0;-7,0;34,5
26/03/2026 06:30;450,0;451,4;16,0;0,0;-8,0;-8,0;33,9
26/03/2026 06:31;450,0;456,6;10,0;0,0;-8,0;-8,0;34,0
26/03/2026 06:32;450,0;457,2;10,0;0,0;-8,0;-8,0;33,9
26/03/2026 06:33;450,0;455,8;10,0;0,0;-8,0;-8,0;33,9
26/03/2026 06:34;450,0;455,8;10,0;0,0;-8,0;-8,0;33,9
26/03/2026 06:35;450,0;454,6;10,0;0,0;-8,0;-8,0;33,9
26/03/2026 06:36;450,0;452,5;10,0;0,0;-8,0;-8,0;33,9
26/03/2026 06:37;450,0;447,9;10,9;1,9;-8,0;-8,0;33,9
26/03/2026 06:38;450,0;444,9;15,0;4,9;-8,0;-8,0;33,9
26/03/2026 06:39;450,0;443,2;20,9;7,1;-8,0;-7,0;34,2
26/03/2026 06:40;450,0;447,3;24,0;4,1;-8,0;-7,0;34,7
26/03/2026 06:41;450,0;454,3;20,5;0,0;-8,0;-6,0;35,3
26/03/2026 06:42;450,0;461,0;11,0;0,0;-8,0;-8,0;34,6
26/03/2026 06:43;450,0;461,9;10,0;0,0;-8,0;-8,0;34,5
26/03/2026 06:44;450,0;459,6;10,0;0,0;-8,0;-8,0;34,4
26/03/2026 06:45;450,0;456,6;10,0;0,0;-8,0;-8,0;34,2
26/03/2026 06:46;450,0;453,4;10,0;0,0;-8,0;-8,0;34,0
26/03/2026 06:47;450,0;450,2;10,0;0,0;-8,0;-9,0;33,6
26/03/2026 06:48;450,0;447,9;11,7;1,9;-8,0;-8,0;33,8
26/03/2026 06:49;450,0;447,0;14,6;3,1;-8,0;-8,0;33,9
26/03/2026 06:50;450,0;447,0;17,2;3,4;-8,0;-7,0;34,5
26/03/2026 06:51;450,0;448,4;18,8;2,4;-8,0;-8,0;34,1
26/03/2026 06:52;450,0;451,4;17,8;0,0;-8,0;-8,0;34,1
26/03/2026 06:53;450,0;452,8;14,9;0,0;-8,0;-8,0;34,1
26/03/2026 06:54;450,0;452,5;12,9;0,0;-8,0;-8,0;34,1
26/03/2026 06:55;450,0;449,6;12,9;0,5;-8,0;-8,0;34,1
26/03/2026 06:56;450,0;446,4;16,5;3,8;-8,0;-8,0;34,1
26/03/2026 06:57;450,0;444,9;21,2;5,7;-8,0;-7,0;34,7
26/03/2026 06:58;450,0;448,1;23,4;3,2;-8,0;-7,0;34,9
26/03/2026 06:59;450,0;452,5;21,2;0,0;-8,0;-8,0;34,8
26/03/2026 07:00;450,0;454,3;17,1;0,0;-8,0;-8,0;34,8
26/03/2026 07:01;450,0;452,5;15,1;0,0;-8,0;-8,0;34,8
26/03/2026 07:02;450,0;448,4;16,1;1,9;-8,0;-8,0;34,7
26/03/2026 07:03;450,0;444,6;21,3;5,9;-8,0;-8,0;34,7
26/03/2026 07:04;450,0;442,3;27,3;8,7;-8,0;-7,0;35,4
26/03/2026 07:05;450,0;444,0;32,7;7,9;-8,0;-7,0;35,7
26/03/2026 07:06;450,0;445,5;36,2;6,9;-8,0;-6,0;36,8
26/03/2026 07:07;450,0;451,4;35,4;1,7;-8,0;-7,0;36,8
26/03/2026 07:08;450,0;453,4;31,6;0,0;-8,0;-7,0;37,2
26/03/2026 07:09;450,0;452,2;29,0;0,2;-8,0;-8,0;37,0
26/03/2026 07:10;450,0;448,7;30,3;3,3;-8,0;-8,0;37,1
26/03/2026 07:11;450,0;443,2;36,3;8,8;-8,0;-6,0;38,2
26/03/2026 07:12;450,0;441,7;43,7;11,1;-8,0;-6,0;38,9
26/03/2026 07:13;450,0;445,2;48,3;8,7;-8,0;-5,0;40,1
26/03/2026 07:14;450,0;454,0;44,5;0,5;-8,0;-7,0;39,9
26/03/2026 07:15;450,0;458,7;36,1;0,0;-8,0;-8,0;40,0
26/03/2026 07:16;450,0;457,2;29,9;0,0;-8,0;-9,0;39,5
26/03/2026 07:17;450,0;450,8;29,3;1,4;-8,0;-9,0;39,1
26/03/2026 07:18;450,0;443,8;35,0;8,2;-8,0;-8,0;39,3
26/03/2026 07:19;450,0;438,2;45,3;12,0;-8,0;-7,0;39,9
26/03/2026 07:20;450,0;435,3;57,6;12,0;-8,0;-5,0;41,6
26/03/2026 07:21;450,0;436,1;69,1;12,0;-8,0;-4,0;43,3
26/03/2026 07:22;450,0;439,7;77,9;12,0;-8,0;-4,0;44,6
26/03/2026 07:23;450,0;438,2;86,9;12,0;-8,0;-3,0;46,6
26/03/2026 07:24;450,0;435,0;95,0;12,0;-8,0;-3,0;48,4
26/03/2026 07:25;450,0;431,7;95,0;12,0;-8,0;-3,0;49,9
26/03/2026 07:26;450,0;427,1;95,0;12,0;-8,0;-4,0;50,9
26/03/2026 07:27;450,0;422,1;95,0;12,0;-8,0;-3,0;52,8
26/03/2026 07:28;450,0;415,6;95,0;12,0;-8,0;-4,0;53,7
26/03/2026 07:29;450,0;440,5;95,0;12,0;-8,0;-3,0;56,1
26/03/2026 07:30;450,0;520,8;34,4;0,0;-8,0;-12,0;53,3
26/03/2026 07:31;450,0;517,6;0,0;0,0;-8,0;-16,0;48,1
26/03/2026 07:32;450,0;484,5;0,0;0,0;-8,0;-15,0;46,2
26/03/2026 07:33;450,0;457,5;10,0;0,0;-8,0;-14,0;45,4
26/03/2026 07:34;450,0;437,3;19,1;11,9;-8,0;-12,0;44,1
26/03/2026 07:35;450,0;429,1;39,2;12,0;-8,0;-10,0;44,3
26/03/2026 07:36;450,0;448,4;41,1;5,3;-8,0;-9,0;44,8
26/03/2026 07:37;450,0;467,2;24,0;0,0;-8,0;-11,0;43,2
26/03/2026 07:38;450,0;468,7;10,0;0,0;-8,0;-12,0;41,6
26/03/2026 07:39;450,0;458,7;10,0;0,0;-8,0;-11,0;40,9
26/03/2026 07:40;450,0;447,0;10,9;2,5;-8,0;-11,0;39,9
26/03/2026 07:41;450,0;438,5;21,6;11,3;-8,0;-10,0;39,7
26/03/2026 07:42;450,0;442,9;29,3;8,5;-8,0;-9,0;39,8
26/03/2026 07:43;450,0;455,5;24,9;0,0;-8,0;-8,0;40,1
26/03/2026 07:44;450,0;468,1;10,0;0,0;-8,0;-11,0;38,3
26/03/2026 07:45;450,0;467,2;10,0;0,0;-8,0;-10,0;38,1
26/03/2026 07:46;450,0;462,2;10,0;0,0;-8,0;-10,0;37,4
26/03/2026 07:47;450,0;456,1;10,0;0,0;-8,0;-10,0;36,8
26/03/2026 07:48;450,0;449,0;10,0;0,5;-8,0;-10,0;36,1
26/03/2026 07:49;450,0;442,6;16,6;7,2;-8,0;-9,0;36,3
26/03/2026 07:50;450,0;442,9;22,9;7,7;-8,0;-8,0;36,5
26/03/2026 07:51;450,0;450,2;23,5;1,5;-8,0;-8,0;36,5
26/03/2026 07:52;450,0;456,1;16,9;0,0;-8,0;-9,0;35,9
26/03/2026 07:53;450,0;452,5;14,6;0,0;-8,0;-9,0;35,6
26/03/2026 07:54;450,0;447,3;17,7;3,2;-8,0;-8,0;35,8
26/03/2026 07:55;450,0;442,6;23,1;7,9;-8,0;-8,0;35,8
26/03/2026 07:56;450,0;442,6;31,4;9,0;-8,0;-7,0;36,3
26/03/2026 07:57;450,0;454,9;26,8;0,0;-8,0;-8,0;36,3
26/03/2026 07:58;450,0;463,4;13,6;0,0;-8,0;-9,0;35,6
26/03/2026 07:59;450,0;460,7;10,0;0,0;-8,0;-9,0;35,3
26/03/2026 08:00;450,0;451,1;10,0;0,0;-8,0;-10,0;34,5
26/03/2026 08:01;450,0;443,2;15,8;6,5;-8,0;-9,0;34,7
26/03/2026 08:02;450,0;437,9;26,9;12,0;-8,0;-7,0;35,4
26/03/2026 08:03;450,0;445,5;31,9;6,6;-8,0;-6,0;36,2
26/03/2026 08:04;450,0;461,9;21,7;0,0;-8,0;-8,0;35,5
26/03/2026 08:05;450,0;466,9;10,0;0,0;-8,0;-9,0;35,0
26/03/2026 08:06;450,0;460,5;10,0;0,0;-8,0;-9,0;34,6
26/03/2026 08:07;450,0;453,1;10,0;0,0;-8,0;-9,0;34,3
26/03/2026 08:08;450,0;446,1;12,3;3,6;-8,0;-9,0;34,0
26/03/2026 08:09;450,0;442,9;19,1;7,2;-8,0;-8,0;34,1
26/03/2026 08:10;450,0;442,0;26,2;8,9;-8,0;-7,0;34,5
26/03/2026 08:11;450,0;452,8;25,1;0,0;-8,0;-7,0;34,8
26/03/2026 08:12;450,0;463,4;13,3;0,0;-8,0;-9,0;33,9
26/03/2026 08:13;450,0;465,4;10,0;0,0;-8,0;-9,0;33,7
26/03/2026 08:14;450,0;462,8;10,0;0,0;-8,0;-9,0;33,4
26/03/2026 08:15;450,0;459,3;10,0;0,0;-8,0;-8,0;33,5
26/03/2026 08:16;450,0;454,3;10,0;0,0;-8,0;-9,0;33,0
26/03/2026 08:17;450,0;451,1;10,0;0,0;-8,0;-9,0;32,9
26/03/2026 08:18;450,0;447,6;11,9;2,2;-8,0;-9,0;32,6
26/03/2026 08:19;450,0;443,5;17,6;6,5;-8,0;-8,0;33,0
26/03/2026 08:20;450,0;444,6;21,9;6,0;-8,0;-7,0;33,5
26/03/2026 08:21;450,0;447,9;24,0;3,4;-8,0;-8,0;33,4
26/03/2026 08:22;450,0;455,2;18,8;0,0;-8,0;-8,0;33,3
26/03/2026 08:23;450,0;458,7;10,8;0,0;-8,0;-8,0;33,3
26/03/2026 08:24;450,0;456,4;10,0;0,0;-8,0;-8,0;33,2
26/03/2026 08:25;450,0;449,6;10,0;0,2;-8,0;-8,0;33,0
26/03/2026 08:26;450,0;443,2;16,1;6,5;-8,0;-7,0;33,4
26/03/2026 08:27;450,0;439,1;25,7;11,3;-8,0;-7,0;33,7
26/03/2026 08:28;450,0;439,1;35,2;12,0;-8,0;-6,0;34,6
26/03/2026 08:29;450,0;444,9;39,6;7,9;-8,0;-6,0;35,2
26/03/2026 08:30;450,0;450,2;39,7;3,3;-8,0;-6,0;35,9
26/03/2026 08:31;450,0;456,1;34,3;0,0;-8,0;-7,0;35,9
26/03/2026 08:32;450,0;457,8;27,5;0,0;-8,0;-8,0;35,7
26/03/2026 08:33;450,0;454,6;23,0;0,0;-8,0;-8,0;35,7
26/03/2026 08:34;450,0;448,4;24,1;2,9;-8,0;-8,0;35,7
26/03/2026 08:35;450,0;442,9;30,2;8,4;-8,0;-7,0;36,2
26/03/2026 08:36;450,0;438,5;40,5;12,0;-8,0;-6,0;37,0
26/03/2026 08:37;450,0;444,6;45,5;8,8;-8,0;-6,0;37,7
26/03/2026 08:38;450,0;458,7;39,6;0,0;-8,0;-7,0;37,9
26/03/2026 08:39;450,0;469,8;21,9;0,0;-8,0;-9,0;37,2
26/03/2026 08:40;450,0;461,0;10,0;0,0;-8,0;-10,0;36,2
26/03/2026 08:41;450,0;447,6;13,0;2,2;-8,0;-9,0;36,0
26/03/2026 08:42;450,0;436,1;26,1;12,0;-8,0;-8,0;36,1
26/03/2026 08:43;450,0;433,8;41,0;12,0;-8,0;-6,0;37,3
26/03/2026 08:44;450,0;448,7;43,3;5,3;-8,0;-6,0;38,3
26/03/2026 08:45;450,0;469,0;23,5;0,0;-8,0;-9,0;37,1
26/03/2026 08:46;450,0;466,3;10,0;0,0;-8,0;-10,0;36,1
26/03/2026 08:47;450,0;452,5;10,0;0,0;-8,0;-9,0;35,9
26/03/2026 08:48;450,0;441,4;16,7;8,1;-8,0;-9,0;35,7
26/03/2026 08:49;450,0;434,7;30,4;12,0;-8,0;-8,0;35,8
26/03/2026 08:50;450,0;440,5;39,4;11,8;-8,0;-6,0;36,9
26/03/2026 08:51;450,0;456,6;33,7;0,0;-8,0;-7,0;37,0
26/03/2026 08:52;450,0;467,2;17,1;0,0;-8,0;-9,0;36,1
26/03/2026 08:53;450,0;460,2;10,0;0,0;-8,0;-9,0;35,8
26/03/2026 08:54;450,0;448,4;10,1;1,3;-8,0;-9,0;35,2
26/03/2026 08:55;450,0;437,0;21,3;12,0;-8,0;-8,0;35,2
26/03/2026 08:56;450,0;435,3;34,7;12,0;-8,0;-7,0;35,8
26/03/2026 08:57;450,0;447,6;38,4;5,5;-8,0;-6,0;36,7
26/03/2026 08:58;450,0;465,4;25,2;0,0;-8,0;-8,0;36,4
26/03/2026 08:59;450,0;465,7;10,0;0,0;-8,0;-10,0;35,5
26/03/2026 09:00;450,0;455,2;10,0;0,0;-8,0;-9,0;35,2
26/03/2026 09:01;450,0;443,2;13,9;6,2;-8,0;-9,0;35,0
26/03/2026 09:02;450,0;436,4;25,9;12,0;-8,0;-8,0;35,3
26/03/2026 09:03;450,0;438,8;36,4;12,0;-8,0;-6,0;36,4
26/03/2026 09:04;450,0;449,6;37,5;3,8;-8,0;-6,0;37,1
26/03/2026 09:05;450,0;464,3;24,4;0,0;-8,0;-8,0;36,6
26/03/2026 09:06;450,0;467,5;10,0;0,0;-8,0;-10,0;35,4
26/03/2026 09:07;450,0;457,2;10,0;0,0;-8,0;-10,0;34,7
26/03/2026 09:08;450,0;446,1;11,9;3,4;-8,0;-9,0;34,7
26/03/2026 09:09;450,0;437,9;23,0;12,0;-8,0;-8,0;35,0
26/03/2026 09:10;450,0;437,0;35,3;12,0;-8,0;-7,0;35,6
26/03/2026 09:11;450,0;449,3;36,2;3,7;-8,0;-7,0;36,1
26/03/2026 09:12;450,0;464,0;22,9;0,0;-8,0;-8,0;36,0
26/03/2026 09:13;450,0;464,0;10,0;0,0;-8,0;-9,0;35,3
26/03/2026 09:14;450,0;454,0;10,0;0,0;-8,0;-9,0;34,9
26/03/2026 09:15;450,0;442,9;14,8;6,6;-8,0;-9,0;34,5
26/03/2026 09:16;450,0;437,0;26,9;12,0;-8,0;-8,0;34,8
26/03/2026 09:17;450,0;440,8;35,5;11,0;-8,0;-7,0;35,4
26/03/2026 09:18;450,0;454,3;32,0;0,0;-8,0;-7,0;35,9
26/03/2026 09:19;450,0;463,1;20,1;0,0;-8,0;-8,0;35,8
26/03/2026 09:20;450,0;462,8;10,0;0,0;-8,0;-9,0;35,1
26/03/2026 09:21;450,0;453,7;10,0;0,0;-8,0;-9,0;34,8
26/03/2026 09:22;450,0;444,0;13,2;5,2;-8,0;-9,0;34,5
26/03/2026 09:23;450,0;438,5;23,1;11,5;-8,0;-8,0;34,7
26/03/2026 09:24;450,0;438,5;34,3;12,0;-8,0;-7,0;35,4
26/03/2026 09:25;450,0;447,6;36,3;5,2;-8,0;-6,0;36,4
26/03/2026 09:26;450,0;460,2;26,8;0,0;-8,0;-8,0;35,9
26/03/2026 09:27;450,0;465,1;12,2;0,0;-8,0;-9,0;35,4
26/03/2026 09:28;450,0;458,4;10,0;0,0;-8,0;-9,0;35,0
26/03/2026 09:29;450,0;447,9;10,5;1,7;-8,0;-9,0;34,7
26/03/2026 09:30;450,0;439,9;20,4;10,0;-8,0;-8,0;34,9
26/03/2026 09:31;450,0;437,9;31,3;12,0;-8,0;-7,0;35,5
26/03/2026 09:32;450,0;450,5;32,0;2,3;-8,0;-7,0;35,9
26/03/2026 09:33;450,0;465,1;17,7;0,0;-8,0;-9,0;35,3
26/03/2026 09:34;450,0;465,1;10,0;0,0;-8,0;-9,0;34,9
26/03/2026 09:35;450,0;456,9;10,0;0,0;-8,0;-9,0;34,6
26/03/2026 09:36;450,0;447,3;11,1;2,3;-8,0;-9,0;34,3
26/03/2026 09:37;450,0;440,2;19,8;9,6;-8,0;-8,0;34,5
26/03/2026 09:38;450,0;439,1;29,6;11,8;-8,0;-7,0;35,2
26/03/2026 09:39;450,0;451,4;29,9;1,2;-8,0;-7,0;35,5
26/03/2026 09:40;450,0;467,2;13,9;0,0;-8,0;-9,0;34,8
26/03/2026 09:41;450,0;466,6;10,0;0,0;-8,0;-9,0;34,5
26/03/2026 09:42;450,0;458,1;10,0;0,0;-8,0;-9,0;34,2
26/03/2026 09:43;450,0;448,7;10,2;1,1;-8,0;-9,0;33,9
26/03/2026 09:44;450,0;441,4;17,5;8,3;-8,0;-8,0;34,1
26/03/2026 09:45;450,0;440,5;26,0;10,2;-8,0;-7,0;34,6
26/03/2026 09:46;450,0;446,1;29,4;5,6;-8,0;-7,0;34,9
26/03/2026 09:47;450,0;450,2;28,8;2,0;-8,0;-7,0;35,3
26/03/2026 09:48;450,0;453,1;26,1;0,0;-8,0;-7,0;35,5
26/03/2026 09:49;450,0;453,4;23,1;0,0;-8,0;-8,0;35,2
26/03/2026 09:50;450,0;452,2;21,0;0,0;-8,0;-8,0;35,2
26/03/2026 09:51;450,0;448,4;22,4;2,8;-8,0;-8,0;35,2
26/03/2026 09:52;450,0;444,3;28,1;7,0;-8,0;-8,0;35,3
26/03/2026 09:53;450,0;444,3;32,9;7,6;-8,0;-7,0;35,9
26/03/2026 09:54;450,0;446,7;35,5;5,7;-8,0;-7,0;36,2
26/03/2026 09:55;450,0;451,1;34,5;1,9;-8,0;-6,0;37,2
26/03/2026 09:56;450,0;459,3;26,5;0,0;-8,0;-8,0;36,6
26/03/2026 09:57;450,0;459,9;16,2;0,0;-8,0;-9,0;36,0
26/03/2026 09:58;450,0;453,4;13,4;0,0;-8,0;-9,0;35,7
26/03/2026 09:59;450,0;443,5;19,3;6,5;-8,0;-8,0;35,7
26/03/2026 10:00;450,0;438,5;29,7;12,0;-8,0;-7,0;36,2
26/03/2026 10:01;450,0;439,4;38,2;12,0;-8,0;-6,0;37,1
26/03/2026 10:02;450,0;452,5;37,7;1,2;-8,0;-6,0;37,8
26/03/2026 10:03;450,0;469,0;20,8;0,0;-8,0;-8,0;37,1
26/03/2026 10:04;450,0;467,8;10,0;0,0;-8,0;-10,0;35,6
26/03/2026 10:05;450,0;457,2;10,0;0,0;-8,0;-9,0;35,8
26/03/2026 10:06;450,0;447,0;11,1;2,6;-8,0;-9,0;35,5
26/03/2026 10:07;450,0;439,7;20,5;10,1;-8,0;-8,0;35,5
26/03/2026 10:08;450,0;439,7;29,8;11,3;-8,0;-7,0;36,1
26/03/2026 10:09;450,0;448,1;32,0;4,2;-8,0;-7,0;36,4
26/03/2026 10:10;450,0;459,3;24,4;0,0;-8,0;-8,0;36,4
26/03/2026 10:11;450,0;463,7;12,2;0,0;-8,0;-9,0;35,7
26/03/2026 10:12;450,0;456,6;10,0;0,0;-8,0;-9,0;35,3
26/03/2026 10:13;450,0;447,3;11,2;2,3;-8,0;-9,0;34,9
26/03/2026 10:14;450,0;441,7;19,4;8,3;-8,0;-8,0;35,2
26/03/2026 10:15;450,0;440,8;27,6;10,1;-8,0;-7,0;35,7
26/03/2026 10:16;450,0;450,2;28,1;2,1;-8,0;-7,0;36,0
26/03/2026 10:17;450,0;464,0;14,7;0,0;-8,0;-8,0;35,5
26/03/2026 10:18;450,0;464,0;10,0;0,0;-8,0;-9,0;34,9
26/03/2026 10:19;450,0;457,8;10,0;0,0;-8,0;-9,0;34,6
26/03/2026 10:20;450,0;449,9;10,0;0,0;-8,0;-9,0;34,2
26/03/2026 10:21;450,0;442,3;16,8;7,5;-8,0;-9,0;34,1
26/03/2026 10:22;450,0;441,1;25,0;9,5;-8,0;-7,0;34,9
26/03/2026 10:23;450,0;449,0;26,7;2,9;-8,0;-7,0;35,3
26/03/2026 10:24;450,0;461,9;16,1;0,0;-8,0;-9,0;34,7
26/03/2026 10:25;450,0;467,8;10,0;0,0;-8,0;-9,0;34,5
26/03/2026 10:26;450,0;466,0;10,0;0,0;-8,0;-9,0;34,1
26/03/2026 10:27;450,0;463,4;10,0;0,0;-8,0;-8,0;34,5
26/03/2026 10:28;450,0;458,1;10,0;0,0;-8,0;-9,0;33,8
26/03/2026 10:29;450,0;452,0;10,0;0,0;-8,0;-8,0;34,1
26/03/2026 10:30;450,0;446,1;12,7;3,7;-8,0;-8,0;34,1
26/03/2026 10:31;450,0;442,3;19,2;7,8;-8,0;-8,0;33,9
26/03/2026 10:32;450,0;444,0;24,6;6,9;-8,0;-7,0;34,3
26/03/2026 10:33;450,0;453,7;21,2;0,0;-8,0;-8,0;34,4
26/03/2026 10:34;450,0;460,5;11,2;0,0;-8,0;-8,0;34,4
26/03/2026 10:35;450,0;461,6;10,0;0,0;-8,0;-8,0;34,3
26/03/2026 10:36;450,0;458,4;10,0;0,0;-8,0;-9,0;33,6
26/03/2026 10:37;450,0;452,2;10,0;0,0;-8,0;-9,0;33,6
26/03/2026 10:38;450,0;445,8;12,9;3,9;-8,0;-8,0;33,8
26/03/2026 10:39;450,0;440,8;21,2;9,3;-8,0;-8,0;33,8
26/03/2026 10:40;450,0;445,8;25,1;5,4;-8,0;-7,0;34,5
26/03/2026 10:41;450,0;453,4;22,2;0,0;-8,0;-7,0;34,6
26/03/2026 10:42;450,0;457,5;15,1;0,0;-8,0;-8,0;34,5
26/03/2026 10:43;450,0;456,4;10,0;0,0;-8,0;-9,0;33,8
26/03/2026 10:44;450,0;451,4;10,0;0,0;-8,0;-9,0;33,5
26/03/2026 10:45;450,0;445,2;13,3;4,4;-8,0;-9,0;33,5
26/03/2026 10:46;450,0;443,2;19,5;7,0;-8,0;-8,0;33,8
26/03/2026 10:47;450,0;445,2;23,9;5,8;-8,0;-7,0;34,3
26/03/2026 10:48;450,0;453,1;21,8;0,0;-8,0;-8,0;34,2
26/03/2026 10:49;450,0;457,8;14,5;0,0;-8,0;-8,0;34,2
26/03/2026 10:50;450,0;457,5;10,0;0,0;-8,0;-9,0;33,6
26/03/2026 10:51;450,0;452,2;10,0;0,0;-8,0;-8,0;33,8
26/03/2026 10:52;450,0;447,0;11,8;2,7;-8,0;-8,0;33,7
26/03/2026 10:53;450,0;442,9;18,6;7,2;-8,0;-8,0;33,8
26/03/2026 10:54;450,0;445,2;23,3;5,7;-8,0;-7,0;34,2
26/03/2026 10:55;450,0;455,5;19,9;0,0;-8,0;-7,0;34,6
26/03/2026 10:56;450,0;463,7;10,0;0,0;-8,0;-8,0;34,2
26/03/2026 10:57;450,0;464,6;10,0;0,0;-8,0;-8,0;34,1
26/03/2026 10:58;450,0;461,0;10,0;0,0;-8,0;-9,0;33,4
26/03/2026 10:59;450,0;456,6;10,0;0,0;-8,0;-9,0;33,3
26/03/2026 11:00;450,0;450,5;10,0;0,0;-8,0;-8,0;33,6
26/03/2026 11:01;450,0;445,8;13,3;4,0;-8,0;-8,0;33,5
26/03/2026 11:02;450,0;444,6;18,6;5,7;-8,0;-8,0;33,6
26/03/2026 11:03;450,0;448,7;20,0;2,3;-8,0;-7,0;34,1
26/03/2026 11:04;450,0;456,9;13,5;0,0;-8,0;-8,0;33,8
26/03/2026 11:05;450,0;459,9;10,0;0,0;-8,0;-8,0;33,8
26/03/2026 11:06;450,0;456,6;10,0;0,0;-8,0;-8,0;33,7
26/03/2026 11:07;450,0;452,0;10,0;0,0;-8,0;-8,0;33,5
26/03/2026 11:08;450,0;445,8;12,6;3,9;-8,0;-8,0;33,5
26/03/2026 11:09;450,0;442,9;19,2;7,2;-8,0;-8,0;33,5
26/03/2026 11:10;450,0;445,8;23,5;5,3;-8,0;-7,0;34,2
26/03/2026 11:11;450,0;455,8;18,7;0,0;-8,0;-8,0;34,1
26/03/2026 11:12;450,0;464,8;10,0;0,0;-8,0;-8,0;33,9
26/03/2026 11:13;450,0;466,9;10,0;0,0;-8,0;-8,0;33,9
26/03/2026 11:14;450,0;461,9;10,0;0,0;-8,0;-9,0;33,4
26/03/2026 11:15;450,0;456,9;10,0;0,0;-8,0;-8,0;33,5
26/03/2026 11:16;450,0;452,5;10,0;0,0;-8,0;-9,0;33,2
26/03/2026 11:17;450,0;449,0;10,2;0,8;-8,0;-8,0;33,5
26/03/2026 11:18;450,0;444,6;15,1;5,3;-8,0;-8,0;33,5
26/03/2026 11:19;450,0;443,5;21,0;6,9;-8,0;-7,0;34,0
26/03/2026 11:20;450,0;452,0;20,9;0,0;-8,0;-7,0;34,3
26/03/2026 11:21;450,0;462,2;10,5;0,0;-8,0;-8,0;34,0
26/03/2026 11:22;450,0;463,4;10,0;0,0;-8,0;-9,0;33,5
26/03/2026 11:23;450,0;461,6;10,0;0,0;-8,0;-9,0;33,4
26/03/2026 11:24;450,0;457,5;10,0;0,0;-8,0;-8,0;33,6
26/03/2026 11:25;450,0;454,0;10,0;0,0;-8,0;-9,0;33,2
26/03/2026 11:26;450,0;449,3;10,1;0,5;-8,0;-8,0;33,3
26/03/2026 11:27;450,0;446,7;13,4;3,2;-8,0;-8,0;33,5
26/03/2026 11:28;450,0;446,7;16,3;3,5;-8,0;-7,0;33,9
26/03/2026 11:29;450,0;450,8;15,8;0,0;-8,0;-8,0;33,7
26/03/2026 11:30;450,0;458,4;10,0;0,0;-8,0;-8,0;33,6
26/03/2026 11:31;450,0;459,9;10,0;0,0;-8,0;-9,0;33,2
26/03/2026 11:32;450,0;456,6;10,0;0,0;-8,0;-8,0;33,5
26/03/2026 11:33;450,0;450,8;10,0;0,0;-8,0;-9,0;32,9
26/03/2026 11:34;450,0;444,0;14,8;5,7;-8,0;-8,0;33,3
26/03/2026 11:35;450,0;441,1;22,2;9,1;-8,0;-7,0;33,8
26/03/2026 11:36;450,0;443,8;28,2;7,5;-8,0;-7,0;34,1
26/03/2026 11:37;450,0;456,1;23,4;0,0;-8,0;-7,0;34,6
26/03/2026 11:38;450,0;463,1;11,3;0,0;-8,0;-9,0;33,8
26/03/2026 11:39;450,0;462,8;10,0;0,0;-8,0;-9,0;33,6
26/03/2026 11:40;450,0;456,9;10,0;0,0;-8,0;-9,0;33,3
26/03/2026 11:41;450,0;451,4;10,0;0,0;-8,0;-9,0;33,0
26/03/2026 11:42;450,0;445,5;13,3;4,2;-8,0;-8,0;33,3
26/03/2026 11:43;450,0;442,6;19,2;7,5;-8,0;-8,0;33,3
26/03/2026 11:44;450,0;442,9;25,7;8,0;-8,0;-7,0;34,0
26/03/2026 11:45;450,0;450,8;26,1;1,2;-8,0;-7,0;34,3
26/03/2026 11:46;450,0;459,6;16,4;0,0;-8,0;-8,0;34,0
26/03/2026 11:47;450,0;460,5;10,0;0,0;-8,0;-9,0;33,6
26/03/2026 11:48;450,0;455,5;10,0;0,0;-8,0;-9,0;33,2
26/03/2026 11:49;450,0;449,0;10,2;0,8;-8,0;-9,0;33,0
26/03/2026 11:50;450,0;443,5;15,9;6,2;-8,0;-8,0;33,3
26/03/2026 11:51;450,0;441,1;24,0;9,4;-8,0;-7,0;33,9
26/03/2026 11:52;450,0;446,1;27,9;5,5;-8,0;-7,0;34,2
26/03/2026 11:53;450,0;458,7;20,3;0,0;-8,0;-8,0;34,2
26/03/2026 11:54;450,0;468,7;10,0;0,0;-8,0;-9,0;33,8
26/03/2026 11:55;450,0;466,3;10,0;0,0;-8,0;-8,0;33,9
26/03/2026 11:56;450,0;460,2;10,0;0,0;-8,0;-9,0;33,3
26/03/2026 11:57;450,0;454,3;10,0;0,0;-8,0;-8,0;33,5
26/03/2026 11:58;450,0;448,1;10,6;1,6;-8,0;-8,0;33,4
26/03/2026 11:59;450,0;442,9;17,0;6,9;-8,0;-8,0;33,5
26/03/2026 12:00;450,0;442,6;23,8;8,0;-8,0;-7,0;33,7
26/03/2026 12:01;450,0;451,1;23,5;0,7;-8,0;-8,0;33,9
26/03/2026 12:02;450,0;459,0;15,2;0,0;-8,0;-8,0;34,0
26/03/2026 12:03;450,0;459,0;10,0;0,0;-8,0;-9,0;33,6
26/03/2026 12:04;450,0;454,9;10,0;0,0;-8,0;-9,0;33,4
26/03/2026 12:05;450,0;449,9;10,0;0,0;-8,0;-8,0;33,6
26/03/2026 12:06;450,0;444,3;14,5;5,5;-8,0;-8,0;33,6
26/03/2026 12:07;450,0;441,7;21,7;8,6;-8,0;-6,0;34,5
26/03/2026 12:08;450,0;446,4;25,4;4,9;-8,0;-7,0;34,2
26/03/2026 12:09;450,0;458,7;19,4;0,0;-8,0;-8,0;34,2
26/03/2026 12:10;450,0;465,4;10,0;0,0;-8,0;-9,0;33,7
26/03/2026 12:11;450,0;463,4;10,0;0,0;-8,0;-9,0;33,5
26/03/2026 12:12;450,0;456,6;10,0;0,0;-8,0;-8,0;33,8
26/03/2026 12:13;450,0;451,4;10,0;0,0;-8,0;-9,0;33,1
26/03/2026 12:14;450,0;444,3;14,9;5,5;-8,0;-8,0;33,5
26/03/2026 12:15;450,0;441,7;22,5;8,7;-8,0;-7,0;34,0
26/03/2026 12:16;450,0;446,4;26,3;5,1;-8,0;-7,0;34,4
26/03/2026 12:17;450,0;456,9;19,7;0,0;-8,0;-7,0;34,6
26/03/2026 12:18;450,0;462,5;10,0;0,0;-8,0;-8,0;34,1
26/03/2026 12:19;450,0;458,1;10,0;0,0;-8,0;-8,0;34,0
26/03/2026 12:20;450,0;453,4;10,0;0,0;-8,0;-8,0;33,7
26/03/2026 12:21;450,0;447,9;11,0;1,8;-8,0;-9,0;33,3
26/03/2026 12:22;450,0;444,0;17,0;6,0;-8,0;-7,0;33,9
26/03/2026 12:23;450,0;444,3;21,7;6,3;-8,0;-8,0;33,8
26/03/2026 12:24;450,0;447,9;23,9;3,4;-8,0;-7,0;34,5
26/03/2026 12:25;450,0;454,3;19,7;0,0;-8,0;-8,0;34,2
26/03/2026 12:26;450,0;457,2;13,2;0,0;-8,0;-9,0;34,1
26/03/2026 12:27;450,0;455,8;10,0;0,0;-8,0;-8,0;34,1
26/03/2026 12:28;450,0;451,4;10,0;0,0;-8,0;-9,0;33,6
26/03/2026 12:29;450,0;445,8;13,0;4,0;-8,0;-8,0;33,9
26/03/2026 12:30;450,0;443,5;18,9;6,6;-8,0;-8,0;33,9
26/03/2026 12:31;450,0;443,2;24,5;7,6;-8,0;-8,0;34,2
26/03/2026 12:32;450,0;449,0;26,1;2,7;-8,0;-6,0;35,2
26/03/2026 12:33;450,0;457,5;19,5;0,0;-8,0;-8,0;34,6
26/03/2026 12:34;450,0;458,4;10,7;0,0;-8,0;-8,0;34,6
26/03/2026 12:35;450,0;456,6;10,0;0,0;-8,0;-9,0;34,0
26/03/2026 12:36;450,0;452,0;10,0;0,0;-8,0;-9,0;34,0
26/03/2026 12:37;450,0;446,1;12,6;3,6;-8,0;-8,0;34,1
26/03/2026 12:38;450,0;442,9;18,9;7,2;-8,0;-8,0;34,1
26/03/2026 12:39;450,0;442,6;25,0;8,2;-8,0;-7,0;34,7
26/03/2026 12:40;450,0;448,4;27,0;3,5;-8,0;-7,0;34,9
26/03/2026 12:41;450,0;458,1;19,4;0,0;-8,0;-8,0;34,9
26/03/2026 12:42;450,0;460,5;10,0;0,0;-8,0;-8,0;34,6
26/03/2026 12:43;450,0;457,8;10,0;0,0;-8,0;-9,0;34,1
26/03/2026 12:44;450,0;454,0;10,0;0,0;-8,0;-8,0;34,3
26/03/2026 12:45;450,0;449,3;10,1;0,5;-8,0;-9,0;33,8
26/03/2026 12:46;450,0;444,3;14,7;5,4;-8,0;-8,0;34,1
26/03/2026 12:47;450,0;442,9;20,9;7,4;-8,0;-7,0;34,5
26/03/2026 12:48;450,0;447,6;23,3;3,6;-8,0;-7,0;34,8
26/03/2026 12:49;450,0;455,8;18,1;0,0;-8,0;-7,0;35,0
26/03/2026 12:50;450,0;459,6;10,0;0,0;-8,0;-9,0;34,0
26/03/2026 12:51;450,0;456,4;10,0;0,0;-8,0;-8,0;34,4
26/03/2026 12:52;450,0;451,4;10,0;0,0;-8,0;-9,0;33,7
26/03/2026 12:53;450,0;444,6;13,6;4,9;-8,0;-8,0;34,1
26/03/2026 12:54;450,0;440,2;22,1;9,8;-8,0;-7,0;34,4
26/03/2026 12:55;450,0;445,5;27,1;6,0;-8,0;-7,0;34,9
26/03/2026 12:56;450,0;456,4;21,9;0,0;-8,0;-7,0;35,1
26/03/2026 12:57;450,0;460,7;10,5;0,0;-8,0;-9,0;34,3
26/03/2026 12:58;450,0;459,6;10,0;0,0;-8,0;-9,0;34,1
26/03/2026 12:59;450,0;453,7;10,0;0,0;-8,0;-8,0;34,3
26/03/2026 13:00;450,0;447,0;11,7;2,7;-8,0;-9,0;33,7
26/03/2026 13:01;450,0;441,4;19,6;8,5;-8,0;-7,0;34,6
26/03/2026 13:02;450,0;442,9;26,5;8,1;-8,0;-7,0;34,7
26/03/2026 13:03;450,0;452,0;25,1;0,2;-8,0;-8,0;35,0
26/03/2026 13:04;450,0;462,8;12,6;0,0;-8,0;-8,0;34,9
26/03/2026 13:05;450,0;465,7;10,0;0,0;-8,0;-9,0;34,4
26/03/2026 13:06;450,0;464,0;10,0;0,0;-8,0;-8,0;34,6
26/03/2026 13:07;450,0;457,2;10,0;0,0;-8,0;-9,0;34,0
26/03/2026 13:08;450,0;451,1;10,0;0,0;-8,0;-9,0;34,0
26/03/2026 13:09;450,0;445,5;13,5;4,3;-8,0;-8,0;34,0
26/03/2026 13:10;450,0;442,3;19,6;7,8;-8,0;-8,0;34,1
26/03/2026 13:11;450,0;443,8;25,4;7,3;-8,0;-7,0;34,6
26/03/2026 13:12;450,0;449,9;25,9;1,8;-8,0;-7,0;34,8
26/03/2026 13:13;450,0;458,4;18,2;0,0;-8,0;-8,0;34,6
26/03/2026 13:14;450,0;461,3;10,0;0,0;-8,0;-8,0;34,4
26/03/2026 13:15;450,0;459,9;10,0;0,0;-8,0;-9,0;33,7
26/03/2026 13:16;450,0;455,2;10,0;0,0;-8,0;-8,0;34,0
26/03/2026 13:17;450,0;451,1;10,0;0,0;-8,0;-9,0;33,4
26/03/2026 13:18;450,0;446,4;12,7;3,3;-8,0;-9,0;33,3
26/03/2026 13:19;450,0;442,6;18,7;7,4;-8,0;-7,0;34,0
26/03/2026 13:20;450,0;446,4;23,0;4,6;-8,0;-7,0;34,3
26/03/2026 13:21;450,0;454,9;19,2;0,0;-8,0;-8,0;34,0
26/03/2026 13:22;450,0;462,2;10,0;0,0;-8,0;-9,0;33,6
26/03/2026 13:23;450,0;460,5;10,0;0,0;-8,0;-9,0;33,6
26/03/2026 13:24;450,0;456,4;10,0;0,0;-8,0;-8,0;33,5
26/03/2026 13:25;450,0;451,4;10,0;0,0;-8,0;-9,0;33,1
26/03/2026 13:26;450,0;448,1;11,2;1,6;-8,0;-8,0;33,3
26/03/2026 13:27;450,0;444,9;15,8;5,1;-8,0;-8,0;33,3
26/03/2026 13:28;450,0;443,5;21,7;7,0;-8,0;-8,0;33,4
26/03/2026 13:29;450,0;446,1;25,1;5,1;-8,0;-7,0;33,9
26/03/2026 13:30;450,0;455,5;20,2;0,0;-8,0;-8,0;34,0
26/03/2026 13:31;450,0;461,3;10,0;0,0;-8,0;-8,0;33,9
26/03/2026 13:32;450,0;460,7;10,0;0,0;-8,0;-9,0;33,3
26/03/2026 13:33;450,0;456,9;10,0;0,0;-8,0;-8,0;33,6
26/03/2026 13:34;450,0;454,3;10,0;0,0;-8,0;-9,0;33,0
26/03/2026 13:35;450,0;449,0;10,2;0,8;-8,0;-9,0;33,0
26/03/2026 13:36;450,0;444,6;14,9;5,2;-8,0;-8,0;33,3
26/03/2026 13:37;450,0;444,9;19,7;5,5;-8,0;-8,0;33,5
26/03/2026 13:38;450,0;450,2;19,6;1,0;-8,0;-7,0;33,9
26/03/2026 13:39;450,0;454,3;15,4;0,0;-8,0;-8,0;33,6
26/03/2026 13:40;450,0;455,8;10,1;0,0;-8,0;-9,0;33,2
26/03/2026 13:41;450,0;452,5;10,0;0,0;-8,0;-8,0;33,3
26/03/2026 13:42;450,0;447,6;11,3;2,1;-8,0;-9,0;32,8
26/03/2026 13:43;450,0;443,2;16,9;6,6;-8,0;-7,0;33,7
26/03/2026 13:44;450,0;442,9;23,0;7,7;-8,0;-7,0;33,8
26/03/2026 13:45;450,0;449,6;24,0;1,9;-8,0;-7,0;34,2
26/03/2026 13:46;450,0;454,9;19,8;0,0;-8,0;-7,0;34,3
26/03/2026 13:47;450,0;456,1;14,0;0,0;-8,0;-9,0;33,6
26/03/2026 13:48;450,0;452,5;11,2;0,0;-8,0;-8,0;34,0
26/03/2026 13:49;450,0;447,3;13,9;2,8;-8,0;-8,0;34,0
26/03/2026 13:50;450,0;442,9;20,6;7,4;-8,0;-8,0;34,0
26/03/2026 13:51;450,0;442,9;26,5;8,1;-8,0;-6,0;34,9
26/03/2026 13:52;450,0;448,1;28,7;3,8;-8,0;-7,0;35,0
26/03/2026 13:53;450,0;455,2;23,6;0,0;-8,0;-7,0;35,3
26/03/2026 13:54;450,0;458,7;15,4;0,0;-8,0;-9,0;34,6
26/03/2026 13:55;450,0;456,4;10,5;0,0;-8,0;-9,0;34,6
26/03/2026 13:56;450,0;450,8;10,3;0,0;-8,0;-8,0;34,6
26/03/2026 13:57;450,0;445,2;14,7;4,8;-8,0;-9,0;34,5
26/03/2026 13:58;450,0;442,0;21,9;8,4;-8,0;-8,0;34,5
26/03/2026 13:59;450,0;443,8;27,7;7,5;-8,0;-7,0;35,2
26/03/2026 14:00;450,0;449,6;28,2;2,4;-8,0;-7,0;35,6
26/03/2026 14:01;450,0;457,2;21,6;0,0;-8,0;-8,0;35,3
26/03/2026 14:02;450,0;460,7;12,1;0,0;-8,0;-8,0;35,3
26/03/2026 14:03;450,0;456,1;10,0;0,0;-8,0;-8,0;35,1
26/03/2026 14:04;450,0;449,0;10,0;0,7;-8,0;-9,0;34,4
26/03/2026 14:05;450,0;441,1;17,9;8,7;-8,0;-8,0;34,7
26/03/2026 14:06;450,0;439,4;27,7;11,4;-8,0;-7,0;35,1
26/03/2026 14:07;450,0;452,0;27,9;0,5;-8,0;-7,0;35,7
26/03/2026 14:08;450,0;466,0;14,5;0,0;-8,0;-8,0;35,2
26/03/2026 14:09;450,0;467,5;10,0;0,0;-8,0;-9,0;34,7
26/03/2026 14:10;450,0;465,1;10,0;0,0;-8,0;-9,0;34,4
26/03/2026 14:11;450,0;459,9;10,0;0,0;-8,0;-9,0;34,1
26/03/2026 14:12;450,0;455,2;10,0;0,0;-8,0;-9,0;34,1
26/03/2026 14:13;450,0;450,5;10,0;0,0;-8,0;-8,0;34,1
26/03/2026 14:14;450,0;444,6;13,8;5,0;-8,0;-8,0;34,0
26/03/2026 14:15;450,0;441,7;22,0;8,6;-8,0;-8,0;34,2
26/03/2026 14:16;450,0;445,5;26,3;5,9;-8,0;-7,0;34,7
26/03/2026 14:17;450,0;457,8;19,3;0,0;-8,0;-8,0;34,7
26/03/2026 14:18;450,0;466,3;10,0;0,0;-8,0;-8,0;34,5
26/03/2026 14:19;450,0;464,8;10,0;0,0;-8,0;-9,0;33,9
26/03/2026 14:20;450,0;459,6;10,0;0,0;-8,0;-9,0;33,8
26/03/2026 14:21;450,0;454,0;10,0;0,0;-8,0;-9,0;33,4
26/03/2026 14:22;450,0;449,0;10,4;0,9;-8,0;-9,0;33,3
26/03/2026 14:23;450,0;445,8;14,2;4,1;-8,0;-8,0;33,6
26/03/2026 14:24;450,0;445,5;17,9;4,8;-8,0;-8,0;33,6
26/03/2026 14:25;450,0;449,0;19,1;1,9;-8,0;-8,0;33,7
26/03/2026 14:26;450,0;457,2;12,9;0,0;-8,0;-9,0;33,3
26/03/2026 14:27;450,0;459,3;10,0;0,0;-8,0;-9,0;33,2
26/03/2026 14:28;450,0;459,6;10,0;0,0;-8,0;-8,0;33,3
26/03/2026 14:29;450,0;455,8;10,0;0,0;-8,0;-9,0;32,9
26/03/2026 14:30;450,0;451,7;10,0;0,0;-8,0;-8,0;33,2
26/03/2026 14:31;450,0;448,1;10,5;1,5;-8,0;-8,0;32,9
26/03/2026 14:32;450,0;443,8;16,0;6,1;-8,0;-8,0;33,0
26/03/2026 14:33;450,0;443,8;21,4;6,7;-8,0;-7,0;33,4
26/03/2026 14:34;450,0;450,5;21,6;1,0;-8,0;-8,0;33,2
26/03/2026 14:35;450,0;458,4;13,8;0,0;-8,0;-8,0;33,3
26/03/2026 14:36;450,0;459,9;10,0;0,0;-8,0;-8,0;33,0
26/03/2026 14:37;450,0;458,1;10,0;0,0;-8,0;-9,0;32,8
26/03/2026 14:38;450,0;454,6;10,0;0,0;-8,0;-8,0;33,0
26/03/2026 14:39;450,0;452,0;10,0;0,0;-8,0;-9,0;32,5
26/03/2026 14:40;450,0;449,6;10,3;0,3;-8,0;-8,0;32,9
26/03/2026 14:41;450,0;447,0;13,2;3,0;-8,0;-8,0;32,9
26/03/2026 14:42;450,0;443,8;18,9;6,4;-8,0;-8,0;32,9
26/03/2026 14:43;450,0;444,6;23,5;6,2;-8,0;-7,0;33,5
26/03/2026 14:44;450,0;450,2;23,4;1,5;-8,0;-7,0;33,8
26/03/2026 14:45;450,0;459,3;15,5;0,0;-8,0;-8,0;33,6
26/03/2026 14:46;450,0;464,0;10,0;0,0;-8,0;-9,0;33,2
26/03/2026 14:47;450,0;462,5;10,0;0,0;-8,0;-8,0;33,4
26/03/2026 14:48;450,0;458,4;10,0;0,0;-8,0;-9,0;32,8
26/03/2026 14:49;450,0;452,8;10,0;0,0;-8,0;-9,0;32,8
26/03/2026 14:50;450,0;448,7;10,6;1,2;-8,0;-7,0;33,4
26/03/2026 14:51;450,0;445,5;14,3;4,4;-8,0;-8,0;33,0
26/03/2026 14:52;450,0;443,8;19,6;6,5;-8,0;-8,0;33,1
26/03/2026 14:53;450,0;449,3;20,7;1,8;-8,0;-7,0;33,6
26/03/2026 14:54;450,0;458,1;14,1;0,0;-8,0;-8,0;33,4
26/03/2026 14:55;450,0;461,6;10,0;0,0;-8,0;-8,0;33,1
26/03/2026 14:56;450,0;459,9;10,0;0,0;-8,0;-9,0;32,8
26/03/2026 14:57;450,0;454,3;10,0;0,0;-8,0;-7,0;33,5
26/03/2026 14:58;450,0;449,3;10,1;0,6;-8,0;-9,0;32,5
26/03/2026 14:59;450,0;445,8;13,5;4,1;-8,0;-8,0;32,9
26/03/2026 15:00;450,0;442,9;19,7;7,3;-8,0;-7,0;33,2
26/03/2026 15:01;450,0;446,1;24,1;5,0;-8,0;-7,0;33,5
26/03/2026 15:02;450,0;454,0;20,4;0,0;-8,0;-7,0;33,9
26/03/2026 15:03;450,0;461,9;10,0;0,0;-8,0;-9,0;33,2
26/03/2026 15:04;450,0;465,4;10,0;0,0;-8,0;-9,0;33,2
26/03/2026 15:05;450,0;467,2;10,0;0,0;-8,0;-8,0;33,3
26/03/2026 15:06;450,0;463,7;10,0;0,0;-8,0;-9,0;32,9
26/03/2026 15:07;450,0;456,9;10,0;0,0;-8,0;-8,0;33,2
26/03/2026 15:08;450,0;452,5;10,0;0,0;-8,0;-9,0;32,8
26/03/2026 15:09;450,0;448,7;10,7;1,2;-8,0;-8,0;33,1
26/03/2026 15:10;450,0;446,1;14,4;3,9;-8,0;-7,0;33,5
26/03/2026 15:11;450,0;446,1;17,9;4,3;-8,0;-8,0;33,1
26/03/2026 15:12;450,0;451,4;17,2;0,0;-8,0;-7,0;33,7
26/03/2026 15:13;450,0;458,1;10,0;0,0;-8,0;-9,0;32,8
26/03/2026 15:14;450,0;458,7;10,0;0,0;-8,0;-8,0;33,1
26/03/2026 15:15;450,0;456,4;10,0;0,0;-8,0;-8,0;33,0
26/03/2026 15:16;450,0;454,0;10,0;0,0;-8,0;-9,0;32,4
26/03/2026 15:17;450,0;450,8;10,0;0,0;-8,0;-8,0;32,8
26/03/2026 15:18;450,0;447,0;11,8;2,7;-8,0;-9,0;32,3
26/03/2026 15:19;450,0;442,6;18,2;7,3;-8,0;-8,0;32,7
26/03/2026 15:20;450,0;444,0;24,6;7,0;-8,0;-7,0;33,3
26/03/2026 15:21;450,0;452,0;22,7;0,0;-8,0;-8,0;33,3
26/03/2026 15:22;450,0;461,0;12,5;0,0;-8,0;-7,0;33,7
26/03/2026 15:23;450,0;463,7;10,0;0,0;-8,0;-8,0;33,4
26/03/2026 15:24;450,0;464,0;10,0;0,0;-8,0;-8,0;33,3
26/03/2026 15:25;450,0;462,8;10,0;0,0;-8,0;-8,0;33,1
26/03/2026 15:26;450,0;459,9;10,0;0,0;-8,0;-8,0;33,1
26/03/2026 15:27;450,0;456,9;10,0;0,0;-8,0;-8,0;33,1
26/03/2026 15:28;450,0;453,1;10,0;0,0;-8,0;-9,0;32,6
26/03/2026 15:29;450,0;449,6;10,1;0,3;-8,0;-8,0;33,0
26/03/2026 15:30;450,0;445,2;14,4;4,6;-8,0;-8,0;32,9
26/03/2026 15:31;450,0;442,0;21,8;8,4;-8,0;-8,0;33,1
26/03/2026 15:32;450,0;446,7;24,6;4,5;-8,0;-6,0;34,2
26/03/2026 15:33;450,0;456,4;19,1;0,0;-8,0;-8,0;33,6
26/03/2026 15:34;450,0;463,7;10,0;0,0;-8,0;-8,0;33,6
26/03/2026 15:35;450,0;463,4;10,0;0,0;-8,0;-9,0;33,0
26/03/2026 15:36;450,0;459,9;10,0;0,0;-8,0;-8,0;33,5
26/03/2026 15:37;450,0;454,3;10,0;0,0;-8,0;-8,0;33,1
26/03/2026 15:38;450,0;448,4;10,4;1,3;-8,0;-8,0;33,1
26/03/2026 15:39;450,0;444,6;15,7;5,3;-8,0;-7,0;33,6
26/03/2026 15:40;450,0;444,6;20,3;5,9;-8,0;-7,0;33,6
26/03/2026 15:41;450,0;450,5;20,5;0,8;-8,0;-8,0;33,5
26/03/2026 15:42;450,0;457,5;14,2;0,0;-8,0;-7,0;33,9
26/03/2026 15:43;450,0;461,0;10,0;0,0;-8,0;-9,0;33,1
26/03/2026 15:44;450,0;459,3;10,0;0,0;-8,0;-8,0;33,4
26/03/2026 15:45;450,0;456,4;10,0;0,0;-8,0;-8,0;33,2
26/03/2026 15:46;450,0;452,0;10,0;0,0;-8,0;-8,0;33,3
26/03/2026 15:47;450,0;448,1;11,1;1,7;-8,0;-8,0;33,3
26/03/2026 15:48;450,0;446,1;14,9;3,9;-8,0;-8,0;33,4
26/03/2026 15:49;450,0;447,6;17,3;2,9;-8,0;-7,0;33,9
26/03/2026 15:50;450,0;450,8;16,4;0,0;-8,0;-8,0;33,5
26/03/2026 15:51;450,0;457,2;10,0;0,0;-8,0;-8,0;33,6
26/03/2026 15:52;450,0;460,2;10,0;0,0;-8,0;-8,0;33,3
26/03/2026 15:53;450,0;459,9;10,0;0,0;-8,0;-9,0;33,0
26/03/2026 15:54;450,0;455,8;10,0;0,0;-8,0;-8,0;33,4
26/03/2026 15:55;450,0;450,5;10,0;0,0;-8,0;-9,0;32,8
26/03/2026 15:56;450,0;445,8;13,0;3,9;-8,0;-8,0;33,4
26/03/2026 15:57;450,0;441,7;20,3;8,4;-8,0;-7,0;33,8
26/03/2026 15:58;450,0;444,3;25,7;6,8;-8,0;-7,0;34,2
26/03/2026 15:59;450,0;454,3;22,8;0,0;-8,0;-7,0;34,5
26/03/2026 16:00;450,0;464,3;10,0;0,0;-8,0;-9,0;33,9
26/03/2026 16:01;450,0;466,3;10,0;0,0;-8,0;-8,0;34,1
26/03/2026 16:02;450,0;464,3;10,0;0,0;-8,0;-8,0;33,8
26/03/2026 16:03;450,0;460,2;10,0;0,0;-8,0;-8,0;34,0
26/03/2026 16:04;450,0;456,4;10,0;0,0;-8,0;-7,0;34,1
26/03/2026 16:05;450,0;453,4;10,0;0,0;-8,0;-9,0;33,4
26/03/2026 16:06;450,0;448,7;10,2;1,0;-8,0;-8,0;33,5
26/03/2026 16:07;450,0;447,0;12,4;2,8;-8,0;-8,0;33,6
26/03/2026 16:08;450,0;444,6;17,1;5,5;-8,0;-8,0;33,6
26/03/2026 16:09;450,0;443,5;23,4;7,2;-8,0;-6,0;34,7
26/03/2026 16:10;450,0;447,6;25,0;3,7;-8,0;-7,0;34,5
26/03/2026 16:11;450,0;455,2;20,5;0,0;-8,0;-7,0;34,7
26/03/2026 16:12;450,0;462,5;10,0;0,0;-8,0;-9,0;33,8
26/03/2026 16:13;450,0;463,1;10,0;0,0;-8,0;-9,0;33,8
26/03/2026 16:14;450,0;458,7;10,0;0,0;-8,0;-8,0;33,9
26/03/2026 16:15;450,0;452,5;10,0;0,0;-8,0;-9,0;33,4
26/03/2026 16:16;450,0;446,7;11,9;2,9;-8,0;-8,0;33,7
26/03/2026 16:17;450,0;444,0;17,7;6,1;-8,0;-8,0;33,7
26/03/2026 16:18;450,0;444,3;22,1;6,3;-8,0;-8,0;34,0
26/03/2026 16:19;450,0;452,2;20,6;0,0;-8,0;-7,0;34,5
26/03/2026 16:20;450,0;459,6;11,3;0,0;-8,0;-8,0;34,3
26/03/2026 16:21;450,0;458,4;10,0;0,0;-8,0;-9,0;33,5
26/03/2026 16:22;450,0;456,9;10,0;0,0;-8,0;-8,0;33,8
26/03/2026 16:23;450,0;454,0;10,0;0,0;-8,0;-8,0;33,7
26/03/2026 16:24;450,0;449,3;10,2;0,6;-8,0;-9,0;33,1
26/03/2026 16:25;450,0;445,2;14,5;4,7;-8,0;-8,0;33,5
26/03/2026 16:26;450,0;443,5;20,3;6,8;-8,0;-8,0;33,5
26/03/2026 16:27;450,0;447,0;23,5;4,2;-8,0;-7,0;34,2
26/03/2026 16:28;450,0;456,1;18,6;0,0;-8,0;-8,0;34,0
26/03/2026 16:29;450,0;463,4;10,0;0,0;-8,0;-8,0;34,0
26/03/2026 16:30;450,0;463,1;10,0;0,0;-8,0;-8,0;33,9
26/03/2026 16:31;450,0;460,5;10,0;0,0;-8,0;-8,0;33,8
26/03/2026 16:32;450,0;456,1;10,0;0,0;-8,0;-9,0;33,3
26/03/2026 16:33;450,0;451,7;10,0;0,0;-8,0;-9,0;33,2
26/03/2026 16:34;450,0;446,7;12,1;3,0;-8,0;-8,0;33,6
26/03/2026 16:35;450,0;443,8;18,8;6,4;-8,0;-7,0;33,8
26/03/2026 16:36;450,0;445,2;22,7;5,7;-8,0;-8,0;33,8
26/03/2026 16:37;450,0;454,0;19,2;0,0;-8,0;-7,0;34,3
26/03/2026 16:38;450,0;460,7;10,0;0,0;-8,0;-8,0;34,1
26/03/2026 16:39;450,0;461,0;10,0;0,0;-8,0;-9,0;33,5
26/03/2026 16:40;450,0;458,1;10,0;0,0;-8,0;-9,0;33,4
26/03/2026 16:41;450,0;451,4;10,0;0,0;-8,0;-9,0;33,3
26/03/2026 16:42;450,0;445,8;13,2;4,0;-8,0;-8,0;33,6
26/03/2026 16:43;450,0;444,0;18,8;6,2;-8,0;-7,0;34,0
26/03/2026 16:44;450,0;449,3;20,1;1,7;-8,0;-7,0;34,2
26/03/2026 16:45;450,0;458,1;12,9;0,0;-8,0;-9,0;33,6
26/03/2026 16:46;450,0;461,0;10,0;0,0;-8,0;-8,0;33,7
26/03/2026 16:47;450,0;458,1;10,0;0,0;-8,0;-9,0;33,2
26/03/2026 16:48;450,0;453,4;10,0;0,0;-8,0;-9,0;33,0
26/03/2026 16:49;450,0;449,0;10,4;0,9;-8,0;-8,0;33,4
26/03/2026 16:50;450,0;445,2;14,8;4,8;-8,0;-8,0;33,3
26/03/2026 16:51;450,0;444,9;19,2;5,4;-8,0;-7,0;33,8
26/03/2026 16:52;450,0;449,3;20,2;1,8;-8,0;-8,0;33,6
26/03/2026 16:53;450,0;458,7;13,1;0,0;-8,0;-8,0;33,8
26/03/2026 16:54;450,0;461,6;10,0;0,0;-8,0;-8,0;33,6
26/03/2026 16:55;450,0;460,2;10,0;0,0;-8,0;-8,0;33,7
26/03/2026 16:56;450,0;455,2;10,0;0,0;-8,0;-9,0;33,0
26/03/2026 16:57;450,0;450,2;10,0;0,0;-8,0;-8,0;33,4
26/03/2026 16:58;450,0;446,4;13,1;3,4;-8,0;-8,0;33,3
26/03/2026 16:59;450,0;444,6;18,2;5,6;-8,0;-8,0;33,3
26/03/2026 17:00;450,0;449,6;19,5;1,5;-8,0;-8,0;33,6
26/03/2026 17:01;450,0;458,4;12,0;0,0;-8,0;-8,0;33,6
26/03/2026 17:02;450,0;464,3;10,0;0,0;-8,0;-8,0;33,5
26/03/2026 17:03;450,0;464,3;10,0;0,0;-8,0;-8,0;33,4
26/03/2026 17:04;450,0;461,0;10,0;0,0;-8,0;-8,0;33,3
26/03/2026 17:05;450,0;455,8;10,0;0,0;-8,0;-8,0;33,2
26/03/2026 17:06;450,0;449,3;10,0;0,4;-8,0;-9,0;32,8
26/03/2026 17:07;450,0;445,2;14,8;4,8;-8,0;-8,0;33,0
26/03/2026 17:08;450,0;442,3;21,8;8,1;-8,0;-8,0;33,2
26/03/2026 17:09;450,0;447,6;24,7;3,9;-8,0;-7,0;33,8
26/03/2026 17:10;450,0;459,6;15,6;0,0;-8,0;-7,0;33,8
26/03/2026 17:11;450,0;465,1;10,0;0,0;-8,0;-9,0;33,1
26/03/2026 17:12;450,0;461,9;10,0;0,0;-8,0;-8,0;33,4
26/03/2026 17:13;450,0;458,1;10,0;0,0;-8,0;-8,0;33,2
26/03/2026 17:14;450,0;453,7;10,0;0,0;-8,0;-8,0;33,0
26/03/2026 17:15;450,0;449,6;10,0;0,3;-8,0;-8,0;33,1
26/03/2026 17:16;450,0;446,1;13,5;3,7;-8,0;-8,0;33,0
26/03/2026 17:17;450,0;444,3;18,8;6,0;-8,0;-8,0;33,0
26/03/2026 17:18;450,0;448,7;20,2;2,3;-8,0;-7,0;33,4
26/03/2026 17:19;450,0;454,0;16,9;0,0;-8,0;-8,0;33,2
26/03/2026 17:20;450,0;459,9;10,0;0,0;-8,0;-9,0;32,7
26/03/2026 17:21;450,0;461,9;10,0;0,0;-8,0;-8,0;33,1
26/03/2026 17:22;450,0;461,0;10,0;0,0;-8,0;-9,0;32,5
26/03/2026 17:23;450,0;456,9;10,0;0,0;-8,0;-8,0;33,0
26/03/2026 17:24;450,0;453,1;10,0;0,0;-8,0;-9,0;32,5
26/03/2026 17:25;450,0;447,9;10,8;1,8;-8,0;-8,0;32,7
26/03/2026 17:26;450,0;442,9;17,8;7,0;-8,0;-7,0;33,2
26/03/2026 17:27;450,0;442,6;24,8;8,2;-8,0;-8,0;33,2
26/03/2026 17:28;450,0;451,4;23,5;0,4;-8,0;-8,0;33,4
26/03/2026 17:29;450,0;462,2;12,1;0,0;-8,0;-7,0;33,8
26/03/2026 17:30;450,0;465,7;10,0;0,0;-8,0;-9,0;33,0
26/03/2026 17:31;450,0;463,7;10,0;0,0;-8,0;-8,0;33,2
26/03/2026 17:32;450,0;458,7;10,0;0,0;-8,0;-9,0;32,9
26/03/2026 17:33;450,0;451,1;10,0;0,0;-8,0;-8,0;33,1
26/03/2026 17:34;450,0;444,9;13,8;4,8;-8,0;-8,0;33,1
26/03/2026 17:35;450,0;440,8;22,1;9,5;-8,0;-7,0;33,5
26/03/2026 17:36;450,0;442,0;29,4;9,3;-8,0;-7,0;33,8
26/03/2026 17:37;450,0;450,5;29,3;1,9;-8,0;-6,0;34,9
26/03/2026 17:38;450,0;459,3;20,8;0,0;-8,0;-8,0;34,2
26/03/2026 17:39;450,0;462,2;10,0;0,0;-8,0;-9,0;33,7
26/03/2026 17:40;450,0;458,4;10,0;0,0;-8,0;-9,0;33,7
26/03/2026 17:41;450,0;452,2;10,0;0,0;-8,0;-9,0;33,3
26/03/2026 17:42;450,0;446,4;12,2;3,3;-8,0;-8,0;33,4
26/03/2026 17:43;450,0;445,8;16,7;4,4;-8,0;-8,0;33,6
26/03/2026 17:44;450,0;446,7;19,5;3,9;-8,0;-8,0;33,5
26/03/2026 17:45;450,0;449,3;20,3;1,8;-8,0;-7,0;34,1
26/03/2026 17:46;450,0;453,7;17,2;0,0;-8,0;-8,0;33,8
26/03/2026 17:47;450,0;455,5;12,0;0,0;-8,0;-8,0;33,7
26/03/2026 17:48;450,0;453,1;10,0;0,0;-8,0;-9,0;33,2
26/03/2026 17:49;450,0;447,3;11,5;2,4;-8,0;-9,0;32,9
26/03/2026 17:50;450,0;444,9;16,4;5,1;-8,0;-8,0;33,2
26/03/2026 17:51;450,0;445,5;19,9;5,0;-8,0;-8,0;33,4
26/03/2026 17:52;450,0;449,9;20,0;1,2;-8,0;-8,0;33,4
26/03/2026 17:53;450,0;456,6;14,2;0,0;-8,0;-8,0;33,5
26/03/2026 17:54;450,0;458,4;10,0;0,0;-8,0;-8,0;33,2
26/03/2026 17:55;450,0;454,0;10,0;0,0;-8,0;-9,0;32,6
26/03/2026 17:56;450,0;450,5;10,0;0,0;-8,0;-8,0;33,0
26/03/2026 17:57;450,0;447,0;12,4;2,9;-8,0;-8,0;32,8
26/03/2026 17:58;450,0;443,2;18,2;6,9;-8,0;-7,0;33,2
26/03/2026 17:59;450,0;444,0;23,5;6,8;-8,0;-8,0;33,2
26/03/2026 18:00;450,0;452,5;21,7;0,0;-8,0;-8,0;33,4
26/03/2026 18:01;450,0;460,5;11,8;0,0;-8,0;-8,0;33,5
26/03/2026 18:02;450,0;461,9;10,0;0,0;-8,0;-9,0;33,0
26/03/2026 18:03;450,0;460,2;10,0;0,0;-8,0;-8,0;33,1
26/03/2026 18:04;450,0;456,4;10,0;0,0;-8,0;-8,0;33,2
26/03/2026 18:05;450,0;449,9;10,0;0,0;-8,0;-8,0;32,9
26/03/2026 18:06;450,0;444,6;14,7;5,2;-8,0;-8,0;32,8
26/03/2026 18:07;450,0;441,4;21,6;8,7;-8,0;-8,0;33,1
26/03/2026 18:08;450,0;439,7;30,0;11,3;-8,0;-7,0;33,7
26/03/2026 18:09;450,0;439,7;38,6;12,0;-8,0;-6,0;34,6
26/03/2026 18:10;450,0;443,8;43,8;9,3;-8,0;-5,0;35,9
26/03/2026 18:11;450,0;448,4;45,2;5,5;-8,0;-5,0;36,6
26/03/2026 18:12;450,0;452,0;43,6;2,1;-8,0;-6,0;36,9
26/03/2026 18:13;450,0;450,8;42,9;3,0;-8,0;-7,0;37,2
26/03/2026 18:14;450,0;447,9;44,6;5,7;-8,0;-6,0;38,2
26/03/2026 18:15;450,0;442,9;50,8;10,9;-8,0;-6,0;38,9
26/03/2026 18:16;450,0;438,8;60,7;12,0;-8,0;-5,0;40,0
26/03/2026 18:17;450,0;432,3;76,1;12,0;-8,0;-2,0;42,7
26/03/2026 18:18;450,0;428,8;93,8;12,0;-8,0;-2,0;44,4
26/03/2026 18:19;450,0;425,3;95,0;12,0;-8,0;-2,0;46,4
26/03/2026 18:20;450,0;418,0;95,0;12,0;-8,0;-3,0;47,5
26/03/2026 18:21;450,0;407,7;95,0;12,0;-8,0;-4,0;48,8
26/03/2026 18:22;450,0;397,8;95,0;12,0;-8,0;-3,0;50,6
26/03/2026 18:23;450,0;387,8;95,0;12,0;-8,0;-4,0;51,5
26/03/2026 18:24;450,0;377,5;95,0;12,0;-8,0;-5,0;52,1
26/03/2026 18:25;450,0;367,0;95,0;12,0;-8,0;-5,0;53,1
26/03/2026 18:26;450,0;357,0;95,0;12,0;-8,0;-5,0;54,1
26/03/2026 18:27;450,0;348,5;95,0;12,0;-8,0;-6,0;54,3
26/03/2026 18:28;450,0;340,9;95,0;12,0;-8,0;-6,0;55,0
26/03/2026 18:29;450,0;334,2;95,0;12,0;-8,0;-6,0;55,5
26/03/2026 18:30;450,0;327,4;95,0;12,0;-8,0;-7,0;55,7
26/03/2026 18:31;450,0;321,9;95,0;12,0;-8,0;-7,0;56,1
26/03/2026 18:32;450,0;315,7;95,0;12,0;-8,0;-7,0;56,5
26/03/2026 18:33;450,0;313,1;95,0;12,0;-8,0;-6,0;57,4
26/03/2026 18:34;450,0;319,2;95,0;12,0;-8,0;-5,0;58,5
26/03/2026 18:35;450,0;360,5;95,0;12,0;-8,0;-6,0;59,8
26/03/2026 18:36;450,0;434,7;95,0;12,0;-8,0;-3,0;61,1
26/03/2026 18:37;450,0;494,7;63,0;0,0;-8,0;-10,0;58,4
26/03/2026 18:38;450,0;496,5;15,6;0,0;-8,0;-18,0;52,4
26/03/2026 18:39;450,0;463,7;10,0;0,0;-8,0;-17,0;49,6
26/03/2026 18:40;450,0;435,5;19,6;12,0;-8,0;-15,0;48,0
26/03/2026 18:41;450,0;418,0;50,7;12,0;-8,0;-9,0;49,4
26/03/2026 18:42;450,0;439,9;62,6;12,0;-8,0;-8,0;50,1
26/03/2026 18:44;450,0;484,5;0,0;0,0;-8,0;-13,0;45,9
26/03/2026 18:45;450,0;461,9;10,0;0,0;-8,0;-13,0;43,9
26/03/2026 18:46;450,0;441,7;14,3;7,6;-8,0;-12,0;42,9
26/03/2026 18:47;450,0;427,9;34,6;12,0;-8,0;-10,0;43,0
26/03/2026 18:48;450,0;438,5;47,0;12,0;-8,0;-8,0;43,9
26/03/2026 18:49;450,0;469,0;30,2;0,0;-8,0;-9,0;43,3
26/03/2026 18:50;450,0;478,3;10,0;0,0;-8,0;-12,0;40,9
26/03/2026 18:51;450,0;465,7;10,0;0,0;-8,0;-11,0;40,1
26/03/2026 18:52;450,0;450,2;10,0;0,0;-8,0;-10,0;39,8
26/03/2026 18:53;450,0;438,5;19,5;10,9;-8,0;-9,0;39,4
26/03/2026 18:54;450,0;434,4;34,3;12,0;-8,0;-8,0;39,6
26/03/2026 18:55;450,0;445,8;39,2;7,3;-8,0;-7,0;40,3
26/03/2026 18:56;450,0;467,5;23,5;0,0;-8,0;-9,0;39,7
26/03/2026 18:57;450,0;471,9;10,0;0,0;-8,0;-9,0;38,9
26/03/2026 18:58;450,0;462,2;10,0;0,0;-8,0;-10,0;37,7
26/03/2026 18:59;450,0;451,7;10,0;0,0;-8,0;-10,0;37,2
26/03/2026 19:00;450,0;441,7;15,8;7,8;-8,0;-9,0;37,1
26/03/2026 19:01;450,0;437,9;26,7;12,0;-8,0;-8,0;37,3
26/03/2026 19:02;450,0;447,3;30,7;4,8;-8,0;-7,0;37,7
26/03/2026 19:03;450,0;464,3;19,0;0,0;-8,0;-9,0;37,1
26/03/2026 19:04;450,0;467,2;10,0;0,0;-8,0;-10,0;36,3
26/03/2026 19:05;450,0;460,7;10,0;0,0;-8,0;-9,0;36,1
26/03/2026 19:06;450,0;451,4;10,0;0,0;-8,0;-10,0;35,2
26/03/2026 19:07;450,0;442,0;16,4;7,6;-8,0;-9,0;35,5
26/03/2026 19:08;450,0;437,0;28,0;12,0;-8,0;-7,0;36,3
26/03/2026 19:09;450,0;447,3;31,6;5,0;-8,0;-7,0;36,6
26/03/2026 19:10;450,0;465,4;16,9;0,0;-8,0;-9,0;35,9
26/03/2026 19:11;450,0;469,2;10,0;0,0;-8,0;-9,0;35,7
26/03/2026 19:12;450,0;464,3;10,0;0,0;-8,0;-9,0;35,2
26/03/2026 19:13;450,0;459,3;10,0;0,0;-8,0;-9,0;34,9
26/03/2026 19:14;450,0;453,4;10,0;0,0;-8,0;-9,0;34,6
26/03/2026 19:15;450,0;447,6;11,0;2,0;-8,0;-9,0;34,2
26/03/2026 19:16;450,0;444,3;15,8;5,6;-8,0;-8,0;34,5
26/03/2026 19:17;450,0;442,9;22,6;7,6;-8,0;-8,0;34,5
26/03/2026 19:18;450,0;447,9;25,4;3,7;-8,0;-7,0;34,9
26/03/2026 19:19;450,0;459,0;17,8;0,0;-8,0;-8,0;34,9
26/03/2026 19:20;450,0;465,1;10,0;0,0;-8,0;-9,0;34,2
26/03/2026 19:21;450,0;464,8;10,0;0,0;-8,0;-9,0;33,9
26/03/2026 19:22;450,0;459,0;10,0;0,0;-8,0;-9,0;33,9
26/03/2026 19:23;450,0;454,3;10,0;0,0;-8,0;-8,0;34,0
26/03/2026 19:24;450,0;450,5;10,0;0,0;-8,0;-8,0;33,7
26/03/2026 19:25;450,0;445,8;12,7;3,9;-8,0;-8,0;33,6
26/03/2026 19:26;450,0;442,9;19,1;7,2;-8,0;-8,0;33,6
26/03/2026 19:27;450,0;445,8;23,2;5,1;-8,0;-7,0;34,3
26/03/2026 19:28;450,0;457,5;18,2;0,0;-8,0;-8,0;34,0
26/03/2026 19:29;450,0;465,1;10,0;0,0;-8,0;-9,0;33,3
26/03/2026 19:30;450,0;463,7;10,0;0,0;-8,0;-9,0;33,4
26/03/2026 19:31;450,0;457,8;10,0;0,0;-8,0;-8,0;33,5
26/03/2026 19:32;450,0;452,8;10,0;0,0;-8,0;-8,0;33,1
26/03/2026 19:33;450,0;447,6;11,5;2,2;-8,0;-8,0;33,2
26/03/2026 19:34;450,0;443,8;17,3;6,3;-8,0;-8,0;33,2
26/03/2026 19:35;450,0;445,2;22,1;5,7;-8,0;-7,0;33,9
26/03/2026 19:36;450,0;454,6;18,2;0,0;-8,0;-8,0;33,6
26/03/2026 19:37;450,0;461,0;10,0;0,0;-8,0;-8,0;33,5
26/03/2026 19:38;450,0;462,5;10,0;0,0;-8,0;-9,0;33,2
26/03/2026 19:39;450,0;458,4;10,0;0,0;-8,0;-8,0;33,3
26/03/2026 19:40;450,0;454,6;10,0;0,0;-8,0;-8,0;33,0
26/03/2026 19:41;450,0;449,6;10,0;0,3;-8,0;-9,0;32,6
26/03/2026 19:42;450,0;444,9;14,6;4,9;-8,0;-8,0;33,1
26/03/2026 19:43;450,0;442,9;20,9;7,4;-8,0;-7,0;33,7
26/03/2026 19:44;450,0;447,6;23,5;3,6;-8,0;-7,0;33,8
26/03/2026 19:45;450,0;450,8;22,1;0,7;-8,0;-8,0;33,6
26/03/2026 19:46;450,0;450,2;21,5;1,2;-8,0;-8,0;33,9
26/03/2026 19:47;450,0;448,7;22,4;2,5;-8,0;-8,0;34,1
26/03/2026 19:48;450,0;447,3;25,0;4,0;-8,0;-7,0;34,5
26/03/2026 19:49;450,0;445,8;28,6;5,8;-8,0;-7,0;34,8
26/03/2026 19:50;450,0;447,3;31,0;4,7;-8,0;-7,0;35,2
26/03/2026 19:51;450,0;444,6;35,5;7,6;-8,0;-6,0;36,1
26/03/2026 19:52;450,0;443,8;40,5;8,9;-8,0;-6,0;36,6
26/03/2026 19:53;450,0;445,2;44,2;8,1;-8,0;-6,0;37,2
26/03/2026 19:54;450,0;446,4;46,8;7,3;-8,0;-6,0;38,0
26/03/2026 19:55;450,0;444,6;51,4;9,4;-8,0;-6,0;38,6
26/03/2026 19:56;450,0;441,4;58,7;12,0;-8,0;-5,0;40,0
26/03/2026 19:57;450,0;435,5;71,2;12,0;-8,0;-4,0;41,7
26/03/2026 19:58;450,0;431,2;87,0;12,0;-8,0;-3,0;43,6
26/03/2026 19:59;450,0;423,5;95,0;12,0;-8,0;-2,0;46,1
26/03/2026 20:00;450,0;415,0;95,0;12,0;-8,0;-2,0;47,9
26/03/2026 20:01;450,0;404,8;95,0;12,0;-8,0;-3,0;48,9
26/03/2026 20:02;450,0;395,1;95,0;12,0;-8,0;-3,0;50,5
26/03/2026 20:03;450,0;385,7;95,0;12,0;-8,0;-4,0;51,4
26/03/2026 20:04;450,0;376,7;95,0;12,0;-8,0;-4,0;52,7
26/03/2026 20:05;450,0;374,9;95,0;12,0;-8,0;-4,0;54,7
26/03/2026 20:06;450,0;403,9;95,0;12,0;-8,0;-5,0;55,1
26/03/2026 20:07;450,0;463,1;91,0;0,9;-8,0;-3,0;57,2
26/03/2026 20:08;450,0;508,8;36,2;0,0;-8,0;-13,0;52,7
26/03/2026 20:09;450,0;493,0;0,0;0,0;-8,0;-16,0;48,7
26/03/2026 20:10;450,0;461,9;10,0;0,0;-8,0;-14,0;47,4
26/03/2026 20:11;450,0;435,3;18,5;12,0;-8,0;-13,0;45,9
26/03/2026 20:12;450,0;419,7;45,2;12,0;-8,0;-9,0;46,7
26/03/2026 20:13;450,0;441,7;57,0;12,0;-8,0;-7,0;47,9
26/03/2026 20:14;450,0;482,7;28,0;0,0;-8,0;-11,0;46,2
26/03/2026 20:15;450,0;481,5;0,0;0,0;-8,0;-12,0;44,0
26/03/2026 20:16;450,0;461,3;10,0;0,0;-8,0;-12,0;42,6
26/03/2026 20:17;450,0;442,9;13,2;6,3;-8,0;-12,0;41,5
26/03/2026 20:18;450,0;428,8;34,0;12,0;-8,0;-9,0;42,2
26/03/2026 20:19;450,0;436,1;48,8;12,0;-8,0;-7,0;43,0
26/03/2026 20:20;450,0;466,6;33,6;0,0;-8,0;-8,0;43,2
26/03/2026 20:21;450,0;479,2;10,0;0,0;-8,0;-12,0;40,7
26/03/2026 20:22;450,0;466,0;10,0;0,0;-8,0;-11,0;39,9
26/03/2026 20:23;450,0;450,5;10,0;0,0;-8,0;-10,0;39,6
26/03/2026 20:24;450,0;437,6;21,0;12,0;-8,0;-9,0;39,5
26/03/2026 20:25;450,0;433,2;36,4;12,0;-8,0;-7,0;40,1
26/03/2026 20:26;450,0;450,8;36,7;2,6;-8,0;-8,0;40,3
26/03/2026 20:27;450,0;466,9;20,0;0,0;-8,0;-10,0;39,2
26/03/2026 20:28;450,0;462,2;10,0;0,0;-8,0;-11,0;37,8
26/03/2026 20:29;450,0;451,1;10,0;0,0;-8,0;-10,0;37,9
26/03/2026 20:30;450,0;439,7;18,3;9,8;-8,0;-9,0;37,6
26/03/2026 20:31;450,0;434,4;32,8;12,0;-8,0;-7,0;38,3
26/03/2026 20:32;450,0;443,2;39,6;9,4;-8,0;-7,0;38,7
26/03/2026 20:33;450,0;464,8;28,0;0,0;-8,0;-8,0;39,0
26/03/2026 20:34;450,0;474,5;10,0;0,0;-8,0;-9,0;38,2
26/03/2026 20:35;450,0;464,6;10,0;0,0;-8,0;-10,0;37,0
26/03/2026 20:36;450,0;452,5;10,0;0,0;-8,0;-9,0;36,9
26/03/2026 20:37;450,0;442,3;15,2;7,2;-8,0;-9,0;36,5
26/03/2026 20:38;450,0;437,9;26,1;12,0;-8,0;-8,0;36,7
26/03/2026 20:39;450,0;442,9;33,7;8,9;-8,0;-6,0;37,9
26/03/2026 20:40;450,0;459,6;26,7;0,0;-8,0;-8,0;37,2
26/03/2026 20:41;450,0;467,2;10,8;0,0;-8,0;-9,0;36,7
26/03/2026 20:42;450,0;462,2;10,0;0,0;-8,0;-9,0;36,2
26/03/2026 20:43;450,0;454,6;10,0;0,0;-8,0;-9,0;35,8
26/03/2026 20:44;450,0;447,3;11,3;2,4;-8,0;-9,0;35,5
26/03/2026 20:45;450,0;441,1;19,6;8,8;-8,0;-8,0;35,8
26/03/2026 20:46;450,0;440,2;28,5;10,7;-8,0;-7,0;36,3
26/03/2026 20:47;450,0;449,0;29,8;3,2;-8,0;-7,0;36,6
26/03/2026 20:48;450,0;461,6;19,0;0,0;-8,0;-8,0;36,4
26/03/2026 20:49;450,0;469,8;10,0;0,0;-8,0;-9,0;35,8
26/03/2026 20:50;450,0;466,0;10,0;0,0;-8,0;-8,0;35,9
26/03/2026 20:51;450,0;456,9;10,0;0,0;-8,0;-9,0;35,1
26/03/2026 20:52;450,0;449,3;10,0;0,5;-8,0;-9,0;34,8
26/03/2026 20:53;450,0;444,3;15,6;5,6;-8,0;-9,0;34,7
26/03/2026 20:54;450,0;445,5;19,5;5,0;-8,0;-8,0;35,0
26/03/2026 20:55;450,0;448,1;20,5;2,8;-8,0;-7,0;35,4
26/03/2026 20:56;450,0;451,7;20,0;0,0;-8,0;-8,0;35,1
26/03/2026 20:57;450,0;455,5;15,3;0,0;-8,0;-8,0;35,1
26/03/2026 20:58;450,0;454,6;10,8;0,0;-8,0;-8,0;35,0
26/03/2026 20:59;450,0;451,1;10,0;0,0;-8,0;-9,0;34,3
26/03/2026 21:00;450,0;444,6;13,7;5,0;-8,0;-9,0;34,1
26/03/2026 21:01;450,0;443,2;20,4;7,1;-8,0;-8,0;34,4
26/03/2026 21:02;450,0;449,0;22,0;2,2;-8,0;-7,0;35,0
26/03/2026 21:03;450,0;458,7;15,1;0,0;-8,0;-8,0;34,8
26/03/2026 21:04;450,0;461,0;10,0;0,0;-8,0;-8,0;34,6
26/03/2026 21:05;450,0;458,1;10,0;0,0;-8,0;-9,0;34,0
26/03/2026 21:06;450,0;452,2;10,0;0,0;-8,0;-8,0;34,3
26/03/2026 21:07;450,0;446,4;11,8;3,2;-8,0;-8,0;34,1
26/03/2026 21:08;450,0;442,3;19,3;7,8;-8,0;-8,0;34,1
26/03/2026 21:09;450,0;445,2;24,7;6,0;-8,0;-7,0;34,8
26/03/2026 21:10;450,0;452,8;22,1;0,0;-8,0;-8,0;34,6
26/03/2026 21:11;450,0;458,7;14,1;0,0;-8,0;-8,0;34,6
26/03/2026 21:12;450,0;458,7;10,0;0,0;-8,0;-9,0;34,1
26/03/2026 21:13;450,0;456,9;10,0;0,0;-8,0;-8,0;34,3
26/03/2026 21:14;450,0;454,0;10,0;0,0;-8,0;-8,0;34,3
26/03/2026 21:15;450,0;449,3;10,1;0,5;-8,0;-8,0;34,1
26/03/2026 21:16;450,0;445,5;14,4;4,4;-8,0;-8,0;34,2
26/03/2026 21:17;450,0;445,8;18,3;4,6;-8,0;-8,0;34,4
26/03/2026 21:18;450,0;446,4;20,6;4,3;-8,0;-8,0;34,3
26/03/2026 21:19;450,0;452,2;18,7;0,0;-8,0;-8,0;34,3
26/03/2026 21:20;450,0;456,6;12,6;0,0;-8,0;-9,0;34,0
26/03/2026 21:21;450,0;455,2;10,0;0,0;-8,0;-8,0;34,0
26/03/2026 21:22;450,0;450,5;10,0;0,0;-8,0;-8,0;33,8
26/03/2026 21:23;450,0;446,1;13,1;3,7;-8,0;-8,0;33,8
26/03/2026 21:24;450,0;442,9;18,9;7,1;-8,0;-8,0;33,8
26/03/2026 21:25;450,0;444,3;23,9;6,5;-8,0;-7,0;34,4
26/03/2026 21:26;450,0;452,0;23,1;0,0;-8,0;-7,0;34,5
26/03/2026 21:27;450,0;459,6;14,8;0,0;-8,0;-8,0;34,3
26/03/2026 21:28;450,0;461,3;10,0;0,0;-8,0;-9,0;33,9
26/03/2026 21:29;450,0;456,4;10,0;0,0;-8,0;-9,0;33,7
26/03/2026 21:30;450,0;451,7;10,0;0,0;-8,0;-8,0;34,0
26/03/2026 21:31;450,0;450,5;10,0;0,0;-8,0;-8,0;33,7
26/03/2026 21:32;450,0;447,6;12,1;2,3;-8,0;-8,0;33,6
26/03/2026 21:33;450,0;444,6;17,4;5,5;-8,0;-8,0;33,8
26/03/2026 21:34;450,0;447,3;20,1;3,5;-8,0;-7,0;34,1
26/03/2026 21:35;450,0;452,5;17,8;0,0;-8,0;-8,0;33,9
26/03/2026 21:36;450,0;455,5;12,6;0,0;-8,0;-8,0;34,1
26/03/2026 21:37;450,0;454,0;10,0;0,0;-8,0;-9,0;33,4
26/03/2026 21:38;450,0;449,9;10,0;0,0;-8,0;-8,0;33,5
26/03/2026 21:39;450,0;444,6;14,6;5,1;-8,0;-8,0;33,6
26/03/2026 21:40;450,0;442,6;21,2;7,7;-8,0;-8,0;33,8
26/03/2026 21:41;450,0;448,7;23,5;2,8;-8,0;-6,0;35,0
26/03/2026 21:42;450,0;458,1;16,2;0,0;-8,0;-8,0;34,1
26/03/2026 21:43;450,0;462,5;10,0;0,0;-8,0;-9,0;33,6
26/03/2026 21:44;450,0;461,6;10,0;0,0;-8,0;-8,0;34,0
26/03/2026 21:45;450,0;456,1;10,0;0,0;-8,0;-8,0;33,9
26/03/2026 21:46;450,0;448,7;10,3;1,1;-8,0;-8,0;33,5
26/03/2026 21:47;450,0;442,0;17,5;7,8;-8,0;-8,0;33,7
26/03/2026 21:48;450,0;442,9;24,2;7,8;-8,0;-7,0;34,3
26/03/2026 21:49;450,0;449,6;25,3;2,0;-8,0;-6,0;35,1
26/03/2026 21:50;450,0;456,9;19,4;0,0;-8,0;-8,0;34,4
26/03/2026 21:51;450,0;459,0;11,4;0,0;-8,0;-9,0;34,0
26/03/2026 21:52;450,0;456,1;10,0;0,0;-8,0;-9,0;33,9
26/03/2026 21:53;450,0;449,6;10,0;0,2;-8,0;-8,0;34,1
26/03/2026 21:54;450,0;445,2;13,7;4,6;-8,0;-8,0;33,9
26/03/2026 21:55;450,0;442,3;21,9;8,1;-8,0;-8,0;34,0
26/03/2026 21:56;450,0;447,3;23,9;4,0;-8,0;-7,0;34,7
26/03/2026 21:57;450,0;458,1;17,3;0,0;-8,0;-7,0;34,8
26/03/2026 21:58;450,0;465,1;10,0;0,0;-8,0;-9,0;33,9
26/03/2026 21:59;450,0;466,3;10,0;0,0;-8,0;-9,0;33,6
26/03/2026 22:00;450,0;459,9;10,0;0,0;-8,0;-9,0;33,6
26/03/2026 22:01;450,0;453,7;10,0;0,0;-8,0;-8,0;33,7
26/03/2026 22:02;450,0;448,7;10,4;1,1;-8,0;-8,0;33,6
26/03/2026 22:03;450,0;446,4;13,6;3,5;-8,0;-8,0;33,7
26/03/2026 22:04;450,0;443,5;19,6;6,7;-8,0;-8,0;33,7
26/03/2026 22:05;450,0;446,4;22,5;4,5;-8,0;-7,0;34,2
26/03/2026 22:06;450,0;454,6;18,7;0,0;-8,0;-8,0;33,9
26/03/2026 22:07;450,0;460,7;10,0;0,0;-8,0;-8,0;33,7
26/03/2026 22:08;450,0;458,1;10,0;0,0;-8,0;-9,0;33,4
26/03/2026 22:09;450,0;454,6;10,0;0,0;-8,0;-8,0;33,4
26/03/2026 22:10;450,0;449,6;10,0;0,2;-8,0;-8,0;33,4
26/03/2026 22:11;450,0;444,3;14,9;5,5;-8,0;-8,0;33,3
26/03/2026 22:12;450,0;441,4;22,6;8,9;-8,0;-8,0;33,3
26/03/2026 22:13;450,0;446,7;26,4;5,0;-8,0;-7,0;33,9
26/03/2026 22:14;450,0;457,5;20,1;0,0;-8,0;-8,0;33,9
26/03/2026 22:15;450,0;463,1;10,0;0,0;-8,0;-8,0;33,9
26/03/2026 22:16;450,0;462,8;10,0;0,0;-8,0;-8,0;33,6
26/03/2026 22:17;450,0;459,3;10,0;0,0;-8,0;-9,0;33,0
26/03/2026 22:18;450,0;456,1;10,0;0,0;-8,0;-8,0;33,1
26/03/2026 22:19;450,0;452,8;10,0;0,0;-8,0;-8,0;33,2
26/03/2026 22:20;450,0;447,0;11,9;2,7;-8,0;-8,0;32,9
26/03/2026 22:21;450,0;443,2;18,7;6,9;-8,0;-7,0;33,4
26/03/2026 22:22;450,0;442,9;25,5;8,0;-8,0;-7,0;33,7
26/03/2026 22:23;450,0;454,0;22,5;0,0;-8,0;-7,0;33,9
26/03/2026 22:24;450,0;464,3;10,0;0,0;-8,0;-8,0;33,6
26/03/2026 22:25;450,0;466,6;10,0;0,0;-8,0;-8,0;33,3
26/03/2026 22:26;450,0;465,7;10,0;0,0;-8,0;-8,0;33,3
26/03/2026 22:27;450,0;461,0;10,0;0,0;-8,0;-8,0;33,1
26/03/2026 22:28;450,0;454,9;10,0;0,0;-8,0;-9,0;32,6
26/03/2026 22:29;450,0;448,4;10,4;1,3;-8,0;-8,0;32,9
26/03/2026 22:30;450,0;443,2;16,4;6,6;-8,0;-8,0;32,9
26/03/2026 22:31;450,0;442,0;24,3;8,7;-8,0;-7,0;33,5
26/03/2026 22:32;450,0;448,4;26,3;3,4;-8,0;-6,0;34,3
26/03/2026 22:33;450,0;461,9;16,1;0,0;-8,0;-7,0;34,0
26/03/2026 22:34;450,0;467,5;10,0;0,0;-8,0;-9,0;33,0
26/03/2026 22:35;450,0;467,5;10,0;0,0;-8,0;-9,0;32,9
26/03/2026 22:36;450,0;463,4;10,0;0,0;-8,0;-8,0;33,2
26/03/2026 22:37;450,0;456,6;10,0;0,0;-8,0;-8,0;32,9
26/03/2026 22:38;450,0;450,8;10,0;0,0;-8,0;-9,0;32,6
26/03/2026 22:39;450,0;445,8;12,8;3,9;-8,0;-8,0;32,8
26/03/2026 22:40;450,0;442,9;19,4;7,3;-8,0;-7,0;33,2
26/03/2026 22:41;450,0;445,5;23,9;5,5;-8,0;-7,0;33,6
26/03/2026 22:42;450,0;457,8;18,2;0,0;-8,0;-8,0;33,3
26/03/2026 22:43;450,0;465,4;10,0;0,0;-8,0;-8,0;33,4
26/03/2026 22:44;450,0;465,4;10,0;0,0;-8,0;-9,0;33,0
26/03/2026 22:45;450,0;462,2;10,0;0,0;-8,0;-8,0;33,1
26/03/2026 22:46;450,0;458,4;10,0;0,0;-8,0;-8,0;32,9
26/03/2026 22:47;450,0;452,8;10,0;0,0;-8,0;-8,0;33,0
26/03/2026 22:48;450,0;445,8;12,7;3,9;-8,0;-8,0;32,9
26/03/2026 22:49;450,0;441,4;20,6;8,7;-8,0;-8,0;33,0
26/03/2026 22:50;450,0;442,0;27,8;9,1;-8,0;-7,0;33,6
26/03/2026 22:51;450,0;454,6;24,5;0,0;-8,0;-7,0;34,2
26/03/2026 22:52;450,0;466,3;10,0;0,0;-8,0;-9,0;33,4
26/03/2026 22:53;450,0;466,3;10,0;0,0;-8,0;-8,0;33,5
26/03/2026 22:54;450,0;461,9;10,0;0,0;-8,0;-9,0;33,2
26/03/2026 22:55;450,0;455,2;10,0;0,0;-8,0;-8,0;33,4
26/03/2026 22:56;450,0;448,4;10,5;1,3;-8,0;-8,0;33,3
26/03/2026 22:57;450,0;443,2;16,9;6,7;-8,0;-8,0;33,2
26/03/2026 22:58;450,0;440,8;25,2;9,8;-8,0;-7,0;33,7
26/03/2026 22:59;450,0;450,5;26,4;1,7;-8,0;-7,0;34,2
26/03/2026 23:00;450,0;461,6;16,1;0,0;-8,0;-8,0;34,1
26/03/2026 23:01;450,0;465,7;10,0;0,0;-8,0;-8,0;33,8
26/03/2026 23:02;450,0;461,9;10,0;0,0;-8,0;-9,0;33,4
26/03/2026 23:03;450,0;456,4;10,0;0,0;-8,0;-9,0;33,1
26/03/2026 23:04;450,0;453,1;10,0;0,0;-8,0;-7,0;33,8
26/03/2026 23:05;450,0;447,6;11,2;2,1;-8,0;-9,0;32,8
26/03/2026 23:06;450,0;442,9;17,4;7,0;-8,0;-8,0;33,2
26/03/2026 23:07;450,0;443,8;23,0;6,9;-8,0;-7,0;33,8
26/03/2026 23:08;450,0;449,6;23,7;1,9;-8,0;-7,0;33,9
26/03/2026 23:09;450,0;455,8;18,8;0,0;-8,0;-7,0;34,3
26/03/2026 23:10;450,0;456,1;12,8;0,0;-8,0;-9,0;33,4
26/03/2026 23:11;450,0;452,8;10,1;0,0;-8,0;-8,0;33,6
26/03/2026 23:12;450,0;446,7;13,0;3,1;-8,0;-8,0;33,5
26/03/2026 23:13;450,0;442,6;19,5;7,5;-8,0;-8,0;33,5
26/03/2026 23:14;450,0;443,5;25,7;7,5;-8,0;-7,0;34,0
26/03/2026 23:15;450,0;451,7;25,1;0,5;-8,0;-8,0;34,0
26/03/2026 23:16;450,0;460,7;14,6;0,0;-8,0;-8,0;34,1
26/03/2026 23:17;450,0;460,5;10,0;0,0;-8,0;-8,0;33,9
26/03/2026 23:18;450,0;456,6;10,0;0,0;-8,0;-8,0;33,8
26/03/2026 23:19;450,0;452,0;10,0;0,0;-8,0;-9,0;33,4
26/03/2026 23:20;450,0;446,7;12,3;3,1;-8,0;-8,0;33,6
26/03/2026 23:21;450,0;442,9;18,8;7,2;-8,0;-8,0;33,6
26/03/2026 23:22;450,0;445,8;22,4;5,0;-8,0;-7,0;34,1
26/03/2026 23:23;450,0;452,2;20,6;0,0;-8,0;-8,0;33,9
26/03/2026 23:24;450,0;458,4;12,8;0,0;-8,0;-8,0;33,8
26/03/2026 23:25;450,0;456,9;10,0;0,0;-8,0;-9,0;33,2
26/03/2026 23:26;450,0;454,0;10,0;0,0;-8,0;-9,0;33,2
26/03/2026 23:27;450,0;449,6;10,0;0,3;-8,0;-9,0;33,0
26/03/2026 23:28;450,0;444,6;14,8;5,2;-8,0;-7,0;33,3
26/03/2026 23:29;450,0;443,8;20,1;6,6;-8,0;-8,0;33,4
26/03/2026 23:30;450,0;447,6;22,5;3,5;-8,0;-7,0;33,9
26/03/2026 23:31;450,0;453,7;19,5;0,0;-8,0;-7,0;34,3
26/03/2026 23:32;450,0;457,2;12,9;0,0;-8,0;-8,0;33,9
26/03/2026 23:33;450,0;455,2;10,0;0,0;-8,0;-8,0;33,6
26/03/2026 23:34;450,0;451,1;10,0;0,0;-8,0;-9,0;33,2
26/03/2026 23:35;450,0;447,0;12,2;2,9;-8,0;-8,0;33,4
26/03/2026 23:36;450,0;444,9;16,5;5,1;-8,0;-8,0;33,4
26/03/2026 23:37;450,0;447,6;18,8;3,0;-8,0;-8,0;33,5
26/03/2026 23:38;450,0;452,2;17,4;0,0;-8,0;-7,0;33,9
26/03/2026 23:39;450,0;456,1;11,9;0,0;-8,0;-9,0;33,2
26/03/2026 23:40;450,0;456,1;10,0;0,0;-8,0;-9,0;33,0
26/03/2026 23:41;450,0;452,8;10,0;0,0;-8,0;-9,0;33,0
26/03/2026 23:42;450,0;448,1;10,9;1,5;-8,0;-8,0;33,3
26/03/2026 23:43;450,0;444,0;16,7;6,0;-8,0;-8,0;33,3
26/03/2026 23:44;450,0;442,9;22,8;7,6;-8,0;-7,0;33,8
26/03/2026 23:45;450,0;451,4;22,0;0,2;-8,0;-7,0;34,2
26/03/2026 23:46;450,0;464,3;10,0;0,0;-8,0;-8,0;33,8
26/03/2026 23:47;450,0;467,5;10,0;0,0;-8,0;-8,0;33,8
26/03/2026 23:48;450,0;466,9;10,0;0,0;-8,0;-9,0;33,1
26/03/2026 23:49;450,0;464,3;10,0;0,0;-8,0;-8,0;33,6
26/03/2026 23:50;450,0;460,2;10,0;0,0;-8,0;-8,0;33,5
26/03/2026 23:51;450,0;456,9;10,0;0,0;-8,0;-8,0;33,3
26/03/2026 23:52;450,0;451,1;10,0;0,0;-8,0;-8,0;33,2
26/03/2026 23:53;450,0;443,8;14,4;5,8;-8,0;-8,0;33,3
26/03/2026 23:54;450,0;442,6;21,0;7,7;-8,0;-7,0;33,7
26/03/2026 23:55;450,0;449,3;22,3;2,1;-8,0;-7,0;34,0
26/03/2026 23:56;450,0;457,2;16,5;0,0;-8,0;-8,0;33,8
26/03/2026 23:57;450,0;463,4;10,0;0,0;-8,0;-9,0;33,4
26/03/2026 23:58;450,0;461,3;10,0;0,0;-8,0;-9,0;33,4
26/03/2026 23:59;450,0;457,8;10,0;0,0;-8,0;-8,0;33,4
27/03/2026 00:00;450,0;450,5;10,0;0,0;-8,0;-8,0;33,5
27/03/2026 00:01;450,0;444,3;14,9;5,4;-8,0;-8,0;33,5
27/03/2026 00:02;450,0;442,9;21,6;7,5;-8,0;-7,0;34,0
27/03/2026 00:03;450,0;447,0;24,4;4,3;-8,0;-6,0;34,8
27/03/2026 00:04;450,0;456,4;19,7;0,0;-8,0;-8,0;34,3
27/03/2026 00:05;450,0;460,7;10,0;0,0;-8,0;-8,0;34,0
27/03/2026 00:06;450,0;460,5;10,0;0,0;-8,0;-9,0;33,7
27/03/2026 00:07;450,0;456,1;10,0;0,0;-8,0;-8,0;33,8
27/03/2026 00:08;450,0;452,2;10,0;0,0;-8,0;-8,0;33,8
27/03/2026 00:09;450,0;447,0;11,9;2,8;-8,0;-8,0;33,8
27/03/2026 00:10;450,0;444,0;17,5;6,1;-8,0;-8,0;33,8
27/03/2026 00:11;450,0;446,1;21,0;4,6;-8,0;-6,0;34,8
27/03/2026 00:12;450,0;453,4;18,8;0,0;-8,0;-8,0;34,1
27/03/2026 00:13;450,0;459,0;10,4;0,0;-8,0;-9,0;33,6
27/03/2026 00:14;450,0;458,4;10,0;0,0;-8,0;-9,0;33,6
27/03/2026 00:15;450,0;452,8;10,0;0,0;-8,0;-9,0;33,4
27/03/2026 00:16;450,0;447,0;11,4;2,7;-8,0;-8,0;33,5
27/03/2026 00:17;450,0;442,9;18,4;7,1;-8,0;-8,0;33,6
27/03/2026 00:18;450,0;444,6;22,9;6,1;-8,0;-8,0;33,9
27/03/2026 00:19;450,0;452,0;21,8;0,0;-8,0;-7,0;34,5
27/03/2026 00:20;450,0;459,6;13,8;0,0;-8,0;-8,0;34,2
27/03/2026 00:21;450,0;461,6;10,0;0,0;-8,0;-9,0;33,7
27/03/2026 00:22;450,0;457,2;10,0;0,0;-8,0;-9,0;33,6
27/03/2026 00:23;450,0;452,5;10,0;0,0;-8,0;-8,0;33,7
27/03/2026 00:24;450,0;447,3;11,2;2,1;-8,0;-8,0;33,6
27/03/2026 00:25;450,0;444,6;17,2;5,5;-8,0;-8,0;33,6
27/03/2026 00:26;450,0;450,5;16,8;0,5;-8,0;-8,0;33,6
27/03/2026 00:27;450,0;455,2;12,0;0,0;-8,0;-8,0;33,7
27/03/2026 00:28;450,0;455,8;10,0;0,0;-8,0;-8,0;33,4
27/03/2026 00:29;450,0;453,7;10,0;0,0;-8,0;-8,0;33,3
27/03/2026 00:30;450,0;447,6;11,2;2,1;-8,0;-8,0;33,4
27/03/2026 00:31;450,0;442,0;18,5;7,9;-8,0;-8,0;33,4
27/03/2026 00:32;450,0;442,0;25,2;8,8;-8,0;-6,0;34,6
27/03/2026 00:33;450,0;448,4;27,3;3,5;-8,0;-7,0;34,7
27/03/2026 00:34;450,0;459,6;18,4;0,0;-8,0;-8,0;34,3
27/03/2026 00:35;450,0;462,8;10,0;0,0;-8,0;-8,0;34,4
27/03/2026 00:36;450,0;460,2;10,0;0,0;-8,0;-8,0;34,2
27/03/2026 00:37;450,0;454,6;10,0;0,0;-8,0;-9,0;33,7
27/03/2026 00:38;450,0;447,9;11,0;1,9;-8,0;-8,0;34,0
27/03/2026 00:39;450,0;442,9;17,2;7,0;-8,0;-8,0;34,0
27/03/2026 00:40;450,0;441,4;24,6;9,2;-8,0;-7,0;34,6
27/03/2026 00:41;450,0;450,2;25,4;1,7;-8,0;-7,0;34,8
27/03/2026 00:42;450,0;460,5;15,8;0,0;-8,0;-8,0;34,4
27/03/2026 00:43;450,0;464,0;10,0;0,0;-8,0;-8,0;34,4
27/03/2026 00:44;450,0;462,8;10,0;0,0;-8,0;-9,0;33,9
27/03/2026 00:45;450,0;458,1;10,0;0,0;-8,0;-8,0;34,0
27/03/2026 00:46;450,0;454,6;10,0;0,0;-8,0;-8,0;34,1
27/03/2026 00:47;450,0;450,5;10,0;0,0;-8,0;-9,0;33,6
27/03/2026 00:48;450,0;445,8;12,9;4,0;-8,0;-8,0;33,9
27/03/2026 00:49;450,0;442,6;19,4;7,5;-8,0;-7,0;34,4
27/03/2026 00:50;450,0;447,0;22,6;4,1;-8,0;-7,0;34,5
27/03/2026 00:51;450,0;452,0;20,6;0,0;-8,0;-7,0;34,8
27/03/2026 00:52;450,0;457,5;13,6;0,0;-8,0;-9,0;34,2
27/03/2026 00:53;450,0;458,7;10,0;0,0;-8,0;-9,0;33,9
27/03/2026 00:54;450,0;455,5;10,0;0,0;-8,0;-8,0;34,3
27/03/2026 00:55;450,0;452,0;10,0;0,0;-8,0;-9,0;33,8
27/03/2026 00:56;450,0;447,6;11,4;2,1;-8,0;-8,0;33,9
27/03/2026 00:57;450,0;444,3;16,3;5,6;-8,0;-8,0;34,0
27/03/2026 00:58;450,0;444,3;21,2;6,2;-8,0;-8,0;34,1
27/03/2026 00:59;450,0;451,1;20,5;0,3;-8,0;-7,0;34,4
27/03/2026 01:00;450,0;458,7;13,1;0,0;-8,0;-8,0;34,4
27/03/2026 01:01;450,0;459,0;10,0;0,0;-8,0;-9,0;33,7
27/03/2026 01:02;450,0;455,8;10,0;0,0;-8,0;-8,0;34,0
27/03/2026 01:03;450,0;452,0;10,0;0,0;-8,0;-9,0;33,4
27/03/2026 01:04;450,0;446,7;12,0;2,9;-8,0;-8,0;33,6
27/03/2026 01:05;450,0;444,9;16,7;5,2;-8,0;-8,0;33,9
27/03/2026 01:06;450,0;448,7;18,6;2,2;-8,0;-8,0;33,8
27/03/2026 01:07;450,0;455,5;13,9;0,0;-8,0;-7,0;34,2
27/03/2026 01:08;450,0;459,3;10,0;0,0;-8,0;-9,0;33,4
27/03/2026 01:09;450,0;456,9;10,0;0,0;-8,0;-8,0;33,6
27/03/2026 01:10;450,0;451,1;10,0;0,0;-8,0;-8,0;33,5
27/03/2026 01:11;450,0;445,2;13,5;4,5;-8,0;-8,0;33,4
27/03/2026 01:12;450,0;440,8;21,4;9,3;-8,0;-7,0;33,8
27/03/2026 01:13;450,0;445,8;26,0;5,5;-8,0;-7,0;34,3
27/03/2026 01:14;450,0;458,1;20,1;0,0;-8,0;-8,0;34,1
27/03/2026 01:15;450,0;464,6;10,0;0,0;-8,0;-8,0;34,1
27/03/2026 01:16;450,0;464,0;10,0;0,0;-8,0;-8,0;33,9
27/03/2026 01:17;450,0;460,7;10,0;0,0;-8,0;-8,0;33,7
27/03/2026 01:18;450,0;455,5;10,0;0,0;-8,0;-8,0;33,6
27/03/2026 01:19;450,0;451,1;10,0;0,0;-8,0;-8,0;33,4
27/03/2026 01:20;450,0;446,7;13,2;3,1;-8,0;-8,0;33,5
27/03/2026 01:21;450,0;444,3;18,4;5,9;-8,0;-7,0;34,0
27/03/2026 01:22;450,0;447,9;20,6;3,0;-8,0;-7,0;34,3
27/03/2026 01:23;450,0;454,0;16,7;0,0;-8,0;-8,0;33,8
27/03/2026 01:24;450,0;458,7;10,0;0,0;-8,0;-9,0;33,4
27/03/2026 01:25;450,0;458,7;10,0;0,0;-8,0;-9,0;33,1
27/03/2026 01:26;450,0;455,2;10,0;0,0;-8,0;-8,0;33,5
27/03/2026 01:27;450,0;449,9;10,0;0,0;-8,0;-8,0;33,4
27/03/2026 01:28;450,0;444,9;14,2;4,8;-8,0;-8,0;33,4
27/03/2026 01:29;450,0;445,8;18,2;4,6;-8,0;-8,0;33,5
27/03/2026 01:30;450,0;448,4;19,7;2,5;-8,0;-8,0;33,6
27/03/2026 01:31;450,0;452,8;17,0;0,0;-8,0;-8,0;33,9
27/03/2026 01:32;450,0;454,9;12,3;0,0;-8,0;-8,0;33,8
27/03/2026 01:33;450,0;453,1;10,0;0,0;-8,0;-8,0;33,5
27/03/2026 01:34;450,0;448,4;10,7;1,4;-8,0;-8,0;33,6
27/03/2026 01:35;450,0;445,5;14,8;4,5;-8,0;-8,0;33,7
27/03/2026 01:36;450,0;443,8;20,5;6,6;-8,0;-8,0;33,8
27/03/2026 01:37;450,0;450,2;21,3;1,2;-8,0;-8,0;34,0
27/03/2026 01:38;450,0;458,7;13,9;0,0;-8,0;-8,0;34,1
27/03/2026 01:39;450,0;460,7;10,0;0,0;-8,0;-8,0;33,8
27/03/2026 01:40;450,0;456,4;10,0;0,0;-8,0;-9,0;33,3
27/03/2026 01:41;450,0;452,2;10,0;0,0;-8,0;-8,0;33,5
27/03/2026 01:42;450,0;448,1;11,4;1,7;-8,0;-8,0;33,4
27/03/2026 01:43;450,0;445,5;15,2;4,5;-8,0;-8,0;33,5
27/03/2026 01:44;450,0;446,7;18,5;3,8;-8,0;-8,0;33,5
27/03/2026 01:45;450,0;451,1;17,6;0,0;-8,0;-8,0;33,7
27/03/2026 01:46;450,0;457,2;11,0;0,0;-8,0;-8,0;33,6
27/03/2026 01:47;450,0;455,5;10,0;0,0;-8,0;-9,0;33,0
27/03/2026 01:48;450,0;451,1;10,0;0,0;-8,0;-8,0;33,4
27/03/2026 01:49;450,0;446,4;12,6;3,4;-8,0;-8,0;33,4
27/03/2026 01:50;450,0;443,2;18,7;6,9;-8,0;-7,0;33,9
27/03/2026 01:51;450,0;444,6;23,3;6,2;-8,0;-8,0;33,8
27/03/2026 01:52;450,0;452,8;21,0;0,0;-8,0;-8,0;33,9
27/03/2026 01:53;450,0;458,4;13,3;0,0;-8,0;-8,0;34,0
27/03/2026 01:54;450,0;458,4;10,0;0,0;-8,0;-9,0;33,4
27/03/2026 01:55;450,0;456,1;10,0;0,0;-8,0;-9,0;33,2
27/03/2026 01:56;450,0;451,7;10,0;0,0;-8,0;-9,0;33,2
27/03/2026 01:57;450,0;446,7;12,3;3,0;-8,0;-8,0;33,4
27/03/2026 01:58;450,0;443,5;17,5;6,4;-8,0;-7,0;33,6
27/03/2026 01:59;450,0;445,5;21,7;5,2;-8,0;-8,0;33,4
27/03/2026 02:00;450,0;452,8;19,4;0,0;-8,0;-8,0;33,9
27/03/2026 02:01;450,0;458,7;12,4;0,0;-8,0;-8,0;33,9
27/03/2026 02:02;450,0;459,9;10,0;0,0;-8,0;-8,0;33,6
27/03/2026 02:03;450,0;456,6;10,0;0,0;-8,0;-8,0;33,5
27/03/2026 02:04;450,0;452,2;10,0;0,0;-8,0;-8,0;33,5
27/03/2026 02:05;450,0;447,3;11,9;2,5;-8,0;-8,0;33,3
27/03/2026 02:06;450,0;444,3;17,3;5,8;-8,0;-7,0;33,7
27/03/2026 02:07;450,0;444,3;21,9;6,3;-8,0;-8,0;33,7
27/03/2026 02:08;450,0;449,6;21,9;1,6;-8,0;-7,0;34,3
27/03/2026 02:09;450,0;456,9;15,6;0,0;-8,0;-8,0;34,0
27/03/2026 02:10;450,0;458,4;10,0;0,0;-8,0;-8,0;33,7
27/03/2026 02:11;450,0;455,5;10,0;0,0;-8,0;-9,0;33,1
27/03/2026 02:12;450,0;453,7;10,0;0,0;-8,0;-8,0;33,5
27/03/2026 02:13;450,0;449,3;10,0;0,5;-8,0;-8,0;33,3
27/03/2026 02:14;450,0;444,6;15,2;5,2;-8,0;-8,0;33,3
27/03/2026 02:15;450,0;444,3;20,0;6,1;-8,0;-8,0;33,4
27/03/2026 02:16;450,0;447,6;22,5;3,5;-8,0;-7,0;34,0
27/03/2026 02:17;450,0;456,6;16,6;0,0;-8,0;-7,0;34,2
27/03/2026 02:18;450,0;460,2;10,0;0,0;-8,0;-8,0;33,7
27/03/2026 02:19;450,0;458,7;10,0;0,0;-8,0;-8,0;33,7
27/03/2026 02:20;450,0;453,4;10,0;0,0;-8,0;-9,0;33,2
27/03/2026 02:21;450,0;447,6;10,8;2,0;-8,0;-8,0;33,5
27/03/2026 02:22;450,0;443,5;17,1;6,4;-8,0;-7,0;33,8
27/03/2026 02:23;450,0;443,2;23,1;7,4;-8,0;-7,0;34,2
27/03/2026 02:24;450,0;450,2;23,7;1,6;-8,0;-7,0;34,4
27/03/2026 02:25;450,0;459,3;15,6;0,0;-8,0;-8,0;34,3
27/03/2026 02:26;450,0;461,3;10,0;0,0;-8,0;-8,0;34,1
27/03/2026 02:27;450,0;458,4;10,0;0,0;-8,0;-8,0;33,8
27/03/2026 02:28;450,0;454,3;10,0;0,0;-8,0;-8,0;33,9
27/03/2026 02:29;450,0;450,2;10,0;0,0;-8,0;-8,0;33,7
27/03/2026 02:30;450,0;444,6;15,6;5,3;-8,0;-7,0;34,1
27/03/2026 02:31;450,0;443,5;21,3;6,9;-8,0;-7,0;34,4
27/03/2026 02:32;450,0;448,7;23,0;2,6;-8,0;-7,0;34,7
27/03/2026 02:33;450,0;458,1;16,2;0,0;-8,0;-8,0;34,3
27/03/2026 02:34;450,0;460,5;10,0;0,0;-8,0;-9,0;33,8
27/03/2026 02:35;450,0;455,2;10,0;0,0;-8,0;-9,0;33,8
27/03/2026 02:36;450,0;451,1;10,0;0,0;-8,0;-8,0;34,1
27/03/2026 02:37;450,0;445,5;13,1;4,1;-8,0;-8,0;34,0
27/03/2026 02:38;450,0;442,6;20,0;7,6;-8,0;-7,0;34,3
27/03/2026 02:39;450,0;445,2;24,3;5,8;-8,0;-7,0;34,8
27/03/2026 02:40;450,0;453,4;21,7;0,0;-8,0;-8,0;34,5
27/03/2026 02:41;450,0;460,7;12,0;0,0;-8,0;-8,0;34,5
27/03/2026 02:42;450,0;461,9;10,0;0,0;-8,0;-8,0;34,3
27/03/2026 02:43;450,0;460,5;10,0;0,0;-8,0;-9,0;33,9
27/03/2026 02:44;450,0;456,6;10,0;0,0;-8,0;-8,0;34,3
27/03/2026 02:45;450,0;450,8;10,0;0,0;-8,0;-9,0;33,7
27/03/2026 02:46;450,0;447,0;12,0;2,7;-8,0;-8,0;34,0
27/03/2026 02:47;450,0;445,8;15,7;4,3;-8,0;-8,0;34,1
27/03/2026 02:48;450,0;445,8;20,0;4,9;-8,0;-8,0;34,1
27/03/2026 02:49;450,0;449,9;20,1;1,1;-8,0;-7,0;34,6
27/03/2026 02:50;450,0;456,9;14,6;0,0;-8,0;-8,0;34,4
27/03/2026 02:51;450,0;460,5;10,0;0,0;-8,0;-9,0;33,8
27/03/2026 02:52;450,0;459,6;10,0;0,0;-8,0;-8,0;34,0
27/03/2026 02:53;450,0;454,9;10,0;0,0;-8,0;-9,0;33,7
27/03/2026 02:54;450,0;449,6;10,0;0,2;-8,0;-8,0;34,0
27/03/2026 02:55;450,0;445,8;13,6;4,0;-8,0;-8,0;33,9
27/03/2026 02:56;450,0;443,2;20,5;7,1;-8,0;-7,0;34,3
27/03/2026 02:57;450,0;446,4;23,8;4,7;-8,0;-7,0;35,0
27/03/2026 02:58;450,0;452,8;21,3;0,0;-8,0;-7,0;35,0
27/03/2026 02:59;450,0;459,0;12,0;0,0;-8,0;-8,0;34,5
27/03/2026 03:00;450,0;459,6;10,0;0,0;-8,0;-8,0;34,5
27/03/2026 03:01;450,0;455,8;10,0;0,0;-8,0;-8,0;34,4
27/03/2026 03:02;450,0;451,1;10,0;0,0;-8,0;-8,0;34,2
27/03/2026 03:03;450,0;447,6;11,6;2,2;-8,0;-9,0;33,7
27/03/2026 03:04;450,0;443,5;17,2;6,4;-8,0;-8,0;34,2
27/03/2026 03:05;450,0;443,2;23,1;7,4;-8,0;-7,0;34,7
27/03/2026 03:06;450,0;450,5;23,1;1,1;-8,0;-7,0;35,0
27/03/2026 03:07;450,0;459,3;15,5;0,0;-8,0;-8,0;34,8
27/03/2026 03:08;450,0;462,8;10,0;0,0;-8,0;-8,0;34,8
27/03/2026 03:09;450,0;458,7;10,0;0,0;-8,0;-8,0;34,5
27/03/2026 03:10;450,0;452,8;10,0;0,0;-8,0;-9,0;33,9
27/03/2026 03:11;450,0;446,4;12,1;3,2;-8,0;-9,0;34,0
27/03/2026 03:12;450,0;443,2;18,4;6,9;-8,0;-8,0;34,4
27/03/2026 03:13;450,0;443,2;24,9;7,6;-8,0;-7,0;34,8
27/03/2026 03:14;450,0;448,7;26,7;3,2;-8,0;-7,0;35,3
27/03/2026 03:15;450,0;457,8;20,1;0,0;-8,0;-8,0;35,2
27/03/2026 03:16;450,0;463,1;10,0;0,0;-8,0;-8,0;35,2
27/03/2026 03:17;450,0;461,6;10,0;0,0;-8,0;-9,0;34,7
27/03/2026 03:18;450,0;457,2;10,0;0,0;-8,0;-9,0;34,2
27/03/2026 03:19;450,0;453,4;10,0;0,0;-8,0;-8,0;34,6
27/03/2026 03:20;450,0;451,1;10,0;0,0;-8,0;-9,0;33,9
27/03/2026 03:21;450,0;447,9;11,1;1,8;-8,0;-8,0;34,2
27/03/2026 03:22;450,0;444,9;15,4;4,9;-8,0;-8,0;34,2
27/03/2026 03:23;450,0;445,2;20,5;5,4;-8,0;-8,0;34,2
27/03/2026 03:24;450,0;449,9;20,2;1,1;-8,0;-7,0;34,9
27/03/2026 03:25;450,0;455,5;15,4;0,0;-8,0;-8,0;34,5
27/03/2026 03:26;450,0;456,1;10,0;0,0;-8,0;-8,0;34,3
27/03/2026 03:27;450,0;453,7;10,0;0,0;-8,0;-8,0;34,4
27/03/2026 03:28;450,0;449,6;10,0;0,2;-8,0;-9,0;33,9
27/03/2026 03:29;450,0;447,6;12,3;2,3;-8,0;-7,0;34,5
27/03/2026 03:30;450,0;447,0;15,6;3,2;-8,0;-8,0;34,1
27/03/2026 03:31;450,0;449,3;15,7;1,2;-8,0;-8,0;34,1
27/03/2026 03:32;450,0;452,2;13,5;0,0;-8,0;-7,0;34,7
27/03/2026 03:33;450,0;452,0;11,7;0,0;-8,0;-8,0;34,1
27/03/2026 03:34;450,0;449,0;12,7;1,1;-8,0;-8,0;34,1
27/03/2026 03:35;450,0;447,0;15,5;3,2;-8,0;-8,0;34,1
27/03/2026 03:36;450,0;445,2;19,8;5,3;-8,0;-8,0;34,1
27/03/2026 03:37;450,0;447,9;21,7;3,2;-8,0;-7,0;34,7
27/03/2026 03:38;450,0;452,8;19,4;0,0;-8,0;-8,0;34,5
27/03/2026 03:39;450,0;459,0;11,7;0,0;-8,0;-9,0;34,1
27/03/2026 03:40;450,0;457,5;10,0;0,0;-8,0;-8,0;34,3
27/03/2026 03:41;450,0;452,0;10,0;0,0;-8,0;-8,0;34,1
27/03/2026 03:42;450,0;445,2;12,7;4,4;-8,0;-8,0;34,1
27/03/2026 03:43;450,0;441,7;20,2;8,4;-8,0;-7,0;34,6
27/03/2026 03:44;450,0;444,0;25,8;7,1;-8,0;-7,0;34,9
27/03/2026 03:45;450,0;453,7;23,6;0,0;-8,0;-7,0;35,3
27/03/2026 03:46;450,0;460,2;14,1;0,0;-8,0;-8,0;35,0
27/03/2026 03:47;450,0;458,7;10,0;0,0;-8,0;-9,0;34,4
27/03/2026 03:48;450,0;455,2;10,0;0,0;-8,0;-8,0;34,6
27/03/2026 03:49;450,0;450,5;10,0;0,0;-8,0;-9,0;34,0
27/03/2026 03:50;450,0;447,9;11,4;1,9;-8,0;-8,0;34,1
27/03/2026 03:51;450,0;444,0;16,8;6,0;-8,0;-8,0;34,2
27/03/2026 03:52;450,0;444,6;21,4;6,0;-8,0;-8,0;34,2
27/03/2026 03:53;450,0;451,4;20,3;0,0;-8,0;-7,0;34,7
27/03/2026 03:54;450,0;455,5;15,5;0,0;-8,0;-8,0;34,4
27/03/2026 03:55;450,0;455,5;10,7;0,0;-8,0;-8,0;34,3
27/03/2026 03:56;450,0;452,5;10,0;0,0;-8,0;-8,0;34,3
27/03/2026 03:57;450,0;451,7;10,0;0,0;-8,0;-9,0;33,7
27/03/2026 03:58;450,0;451,1;10,0;0,0;-8,0;-8,0;33,9
27/03/2026 03:59;450,0;446,1;12,8;3,7;-8,0;-8,0;34,0
27/03/2026 04:00;450,0;443,2;18,6;6,9;-8,0;-8,0;34,0
27/03/2026 04:01;450,0;444,0;24,3;6,9;-8,0;-7,0;34,6
27/03/2026 04:02;450,0;455,5;20,3;0,0;-8,0;-8,0;34,7
27/03/2026 04:03;450,0;463,1;10,0;0,0;-8,0;-9,0;34,1
27/03/2026 04:04;450,0;462,2;10,0;0,0;-8,0;-8,0;34,4
27/03/2026 04:05;450,0;456,4;10,0;0,0;-8,0;-8,0;34,2
27/03/2026 04:06;450,0;450,2;10,0;0,0;-8,0;-8,0;34,0
27/03/2026 04:07;450,0;445,5;13,6;4,2;-8,0;-8,0;34,0
27/03/2026 04:08;450,0;446,4;17,0;3,9;-8,0;-8,0;34,1
27/03/2026 04:09;450,0;449,3;18,0;1,4;-8,0;-7,0;34,5
27/03/2026 04:10;450,0;454,3;14,8;0,0;-8,0;-8,0;34,3
27/03/2026 04:11;450,0;456,1;10,0;0,0;-8,0;-8,0;34,1
27/03/2026 04:12;450,0;453,7;10,0;0,0;-8,0;-8,0;34,0
27/03/2026 04:13;450,0;451,7;10,0;0,0;-8,0;-9,0;33,4
27/03/2026 04:14;450,0;445,8;13,0;3,9;-8,0;-8,0;33,5
27/03/2026 04:15;450,0;443,8;18,9;6,4;-8,0;-8,0;33,8
27/03/2026 04:16;450,0;446,4;22,2;4,5;-8,0;-7,0;34,3
27/03/2026 04:17;450,0;452,0;20,7;0,0;-8,0;-7,0;34,4
27/03/2026 04:18;450,0;461,6;10,0;0,0;-8,0;-8,0;34,2
27/03/2026 04:19;450,0;461,9;10,0;0,0;-8,0;-9,0;33,5
27/03/2026 04:20;450,0;459,0;10,0;0,0;-8,0;-9,0;33,4
27/03/2026 04:21;450,0;452,8;10,0;0,0;-8,0;-9,0;33,2
27/03/2026 04:22;450,0;446,1;12,5;3,6;-8,0;-8,0;33,5
27/03/2026 04:23;450,0;442,9;19,3;7,2;-8,0;-7,0;34,0
27/03/2026 04:24;450,0;446,4;22,7;4,6;-8,0;-8,0;33,9
27/03/2026 04:25;450,0;455,8;17,6;0,0;-8,0;-8,0;34,1
27/03/2026 04:26;450,0;461,0;10,0;0,0;-8,0;-9,0;33,8
27/03/2026 04:27;450,0;462,2;10,0;0,0;-8,0;-9,0;33,5
27/03/2026 04:28;450,0;457,5;10,0;0,0;-8,0;-8,0;33,6
27/03/2026 04:29;450,0;452,8;10,0;0,0;-8,0;-9,0;33,2
27/03/2026 04:30;450,0;446,7;11,7;2,9;-8,0;-9,0;33,1
27/03/2026 04:31;450,0;442,3;19,8;7,9;-8,0;-7,0;34,0
27/03/2026 04:32;450,0;443,8;25,5;7,3;-8,0;-7,0;34,4
27/03/2026 04:33;450,0;454,9;22,3;0,0;-8,0;-7,0;34,6
27/03/2026 04:34;450,0;463,4;10,0;0,0;-8,0;-9,0;33,9
27/03/2026 04:35;450,0;463,1;10,0;0,0;-8,0;-9,0;33,5
27/03/2026 04:36;450,0;458,7;10,0;0,0;-8,0;-8,0;33,6
27/03/2026 04:37;450,0;452,8;10,0;0,0;-8,0;-8,0;33,5
27/03/2026 04:38;450,0;447,3;11,7;2,5;-8,0;-9,0;33,1
27/03/2026 04:39;450,0;442,9;18,0;7,1;-8,0;-7,0;33,9
27/03/2026 04:40;450,0;443,8;23,5;7,0;-8,0;-8,0;33,5
27/03/2026 04:41;450,0;452,0;22,3;0,0;-8,0;-8,0;33,8
27/03/2026 04:42;450,0;459,0;13,1;0,0;-8,0;-8,0;33,8
27/03/2026 04:43;450,0;457,8;10,0;0,0;-8,0;-8,0;33,7
27/03/2026 04:44;450,0;452,8;10,0;0,0;-8,0;-8,0;33,5
27/03/2026 04:45;450,0;447,0;11,7;2,7;-8,0;-9,0;33,0
27/03/2026 04:46;450,0;442,9;18,2;7,1;-8,0;-8,0;33,3
27/03/2026 04:47;450,0;442,6;24,9;8,5;-8,0;-7,0;33,9
27/03/2026 04:48;450,0;450,2;26,0;1,8;-8,0;-7,0;34,4
27/03/2026 04:49;450,0;462,8;15,0;0,0;-8,0;-8,0;34,1
27/03/2026 04:50;450,0;467,2;10,0;0,0;-8,0;-9,0;33,6
27/03/2026 04:51;450,0;462,8;10,0;0,0;-8,0;-9,0;33,4
27/03/2026 04:52;450,0;458,1;10,0;0,0;-8,0;-8,0;33,5
27/03/2026 04:53;450,0;453,7;10,0;0,0;-8,0;-9,0;33,2
27/03/2026 04:54;450,0;449,3;10,1;0,6;-8,0;-8,0;33,3
27/03/2026 04:55;450,0;444,6;14,5;5,1;-8,0;-8,0;33,2
27/03/2026 04:56;450,0;442,9;20,5;7,4;-8,0;-8,0;33,4
27/03/2026 04:57;450,0;445,5;24,5;5,6;-8,0;-7,0;34,0
27/03/2026 04:58;450,0;453,7;21,4;0,0;-8,0;-7,0;34,4
27/03/2026 04:59;450,0;458,7;13,3;0,0;-8,0;-8,0;33,9
27/03/2026 05:00;450,0;457,5;10,0;0,0;-8,0;-8,0;33,8
27/03/2026 05:01;450,0;454,0;10,0;0,0;-8,0;-9,0;33,4
27/03/2026 05:02;450,0;447,0;11,6;2,7;-8,0;-9,0;33,2
27/03/2026 05:03;450,0;442,9;17,8;7,1;-8,0;-7,0;34,1
27/03/2026 05:04;450,0;442,3;24,3;8,4;-8,0;-7,0;34,3
27/03/2026 05:05;450,0;447,9;27,1;3,8;-8,0;-7,0;34,7
27/03/2026 05:06;450,0;457,2;20,5;0,0;-8,0;-7,0;35,1
27/03/2026 05:07;450,0;461,6;10,0;0,0;-8,0;-8,0;34,5
27/03/2026 05:08;450,0;460,2;10,0;0,0;-8,0;-9,0;34,1
27/03/2026 05:09;450,0;456,9;10,0;0,0;-8,0;-9,0;34,1
27/03/2026 05:10;450,0;453,1;10,0;0,0;-8,0;-9,0;33,8
27/03/2026 05:11;450,0;448,7;10,3;1,0;-8,0;-8,0;34,0
27/03/2026 05:12;450,0;444,3;15,8;5,6;-8,0;-8,0;34,1
27/03/2026 05:13;450,0;444,3;20,7;6,2;-8,0;-8,0;34,1
27/03/2026 05:14;450,0;447,9;23,3;3,4;-8,0;-7,0;34,8
27/03/2026 05:15;450,0;453,4;20,5;0,0;-8,0;-7,0;35,0
27/03/2026 05:16;450,0;458,1;13,1;0,0;-8,0;-9,0;34,3
27/03/2026 05:17;450,0;456,9;10,0;0,0;-8,0;-8,0;34,6
27/03/2026 05:18;450,0;453,7;10,0;0,0;-8,0;-9,0;33,9
27/03/2026 05:19;450,0;450,8;10,0;0,0;-8,0;-7,0;34,4
27/03/2026 05:20;450,0;445,5;13,3;4,3;-8,0;-8,0;34,0
27/03/2026 05:21;450,0;442,6;19,5;7,6;-8,0;-8,0;34,1
27/03/2026 05:22;450,0;444,6;24,6;6,3;-8,0;-6,0;35,2
27/03/2026 05:23;450,0;453,4;22,5;0,0;-8,0;-8,0;34,7
27/03/2026 05:24;450,0;461,9;10,5;0,0;-8,0;-9,0;34,2
27/03/2026 05:25;450,0;460,5;10,0;0,0;-8,0;-9,0;34,0
27/03/2026 05:26;450,0;455,8;10,0;0,0;-8,0;-8,0;34,1
27/03/2026 05:27;450,0;449,9;10,0;0,0;-8,0;-7,0;34,2
27/03/2026 05:28;450,0;443,8;15,4;6,1;-8,0;-8,0;33,8
27/03/2026 05:29;450,0;440,8;23,2;9,6;-8,0;-7,0;34,3
27/03/2026 05:30;450,0;444,9;28,0;6,5;-8,0;-7,0;34,8
27/03/2026 05:31;450,0;456,4;22,4;0,0;-8,0;-8,0;34,5
27/03/2026 05:32;450,0;464,6;10,0;0,0;-8,0;-9,0;34,1
27/03/2026 05:33;450,0;463,1;10,0;0,0;-8,0;-9,0;34,1
27/03/2026 05:34;450,0;459,9;10,0;0,0;-8,0;-9,0;33,8
27/03/2026 05:35;450,0;454,3;10,0;0,0;-8,0;-8,0;33,9
27/03/2026 05:36;450,0;449,0;10,2;0,8;-8,0;-9,0;33,5
27/03/2026 05:37;450,0;444,3;14,9;5,4;-8,0;-8,0;33,8
27/03/2026 05:38;450,0;441,7;22,8;8,7;-8,0;-7,0;34,3
27/03/2026 05:39;450,0;446,1;26,4;5,3;-8,0;-7,0;34,6
27/03/2026 05:40;450,0;456,4;21,0;0,0;-8,0;-8,0;34,5
27/03/2026 05:41;450,0;461,3;11,1;0,0;-8,0;-9,0;34,2
27/03/2026 05:42;450,0;458,7;10,0;0,0;-8,0;-9,0;33,9
27/03/2026 05:43;450,0;454,9;10,0;0,0;-8,0;-8,0;34,0
27/03/2026 05:44;450,0;448,7;10,3;1,1;-8,0;-9,0;33,6
27/03/2026 05:45;450,0;443,2;16,4;6,6;-8,0;-8,0;34,0
27/03/2026 05:46;450,0;442,9;22,5;7,6;-8,0;-7,0;34,3
27/03/2026 05:47;450,0;446,7;25,8;4,7;-8,0;-7,0;34,8
27/03/2026 05:48;450,0;456,6;19,6;0,0;-8,0;-8,0;34,7
27/03/2026 05:49;450,0;463,7;10,0;0,0;-8,0;-8,0;34,7
27/03/2026 05:50;450,0;461,3;10,0;0,0;-8,0;-9,0;34,0
27/03/2026 05:51;450,0;455,8;10,0;0,0;-8,0;-9,0;33,8
27/03/2026 05:52;450,0;452,0;10,0;0,0;-8,0;-9,0;33,8
27/03/2026 05:53;450,0;446,7;11,9;2,9;-8,0;-8,0;33,9
27/03/2026 05:54;450,0;442,0;19,5;8,1;-8,0;-7,0;34,4
27/03/2026 05:55;450,0;442,0;26,8;8,9;-8,0;-7,0;34,6
27/03/2026 05:56;450,0;447,9;29,2;4,3;-8,0;-7,0;35,3
27/03/2026 05:57;450,0;459,0;20,9;0,0;-8,0;-8,0;35,2
27/03/2026 05:58;450,0;463,4;10,0;0,0;-8,0;-8,0;34,9
27/03/2026 05:59;450,0;460,7;10,0;0,0;-8,0;-8,0;34,7
27/03/2026 06:00;450,0;454,9;10,0;0,0;-8,0;-9,0;34,2
27/03/2026 06:01;450,0;449,6;10,0;0,1;-8,0;-9,0;34,0
27/03/2026 06:02;450,0;444,9;14,4;4,9;-8,0;-8,0;34,3
27/03/2026 06:03;450,0;443,8;20,1;6,6;-8,0;-8,0;34,2
27/03/2026 06:04;450,0;444,3;25,3;6,7;-8,0;-7,0;34,9
27/03/2026 06:05;450,0;451,7;24,6;0,4;-8,0;-7,0;35,2
27/03/2026 06:06;450,0;462,5;14,1;0,0;-8,0;-9,0;34,6
27/03/2026 06:07;450,0;463,7;10,0;0,0;-8,0;-9,0;34,3
27/03/2026 06:08;450,0;460,2;10,0;0,0;-8,0;-9,0;34,3
27/03/2026 06:09;450,0;454,9;10,0;0,0;-8,0;-8,0;34,3
27/03/2026 06:10;450,0;449,9;10,0;0,0;-8,0;-8,0;34,2
27/03/2026 06:11;450,0;445,2;14,2;4,7;-8,0;-8,0;34,1
27/03/2026 06:12;450,0;442,6;21,2;7,8;-8,0;-8,0;34,2
27/03/2026 06:13;450,0;444,6;25,1;6,4;-8,0;-7,0;35,1
27/03/2026 06:14;450,0;454,9;21,3;0,0;-8,0;-8,0;35,0
27/03/2026 06:15;450,0;461,0;11,0;0,0;-8,0;-9,0;34,4
27/03/2026 06:16;450,0;462,8;10,0;0,0;-8,0;-9,0;34,2
27/03/2026 06:17;450,0;459,3;10,0;0,0;-8,0;-9,0;34,0
27/03/2026 06:18;450,0;451,7;10,0;0,0;-8,0;-8,0;34,3
27/03/2026 06:19;450,0;444,9;13,4;4,7;-8,0;-9,0;33,9
27/03/2026 06:20;450,0;440,8;22,0;9,4;-8,0;-7,0;34,6
27/03/2026 06:21;450,0;441,7;29,7;9,7;-8,0;-5,0;35,9
27/03/2026 06:22;450,0;448,7;31,5;3,7;-8,0;-7,0;35,6
27/03/2026 06:23;450,0;459,3;22,5;0,0;-8,0;-8,0;35,4
27/03/2026 06:24;450,0;462,2;11,7;0,0;-8,0;-8,0;35,4
27/03/2026 06:25;450,0;458,4;10,0;0,0;-8,0;-9,0;34,8
27/03/2026 06:26;450,0;453,1;10,0;0,0;-8,0;-9,0;34,5
27/03/2026 06:27;450,0;447,9;10,9;1,8;-8,0;-9,0;34,4
27/03/2026 06:28;450,0;443,5;16,5;6,4;-8,0;-8,0;34,7
27/03/2026 06:29;450,0;445,5;20,6;5,1;-8,0;-7,0;35,3
27/03/2026 06:30;450,0;450,8;20,4;0,6;-8,0;-7,0;35,4
27/03/2026 06:31;450,0;456,6;15,0;0,0;-8,0;-8,0;35,0
27/03/2026 06:32;450,0;457,5;10,0;0,0;-8,0;-9,0;34,7
27/03/2026 06:33;450,0;454,3;10,0;0,0;-8,0;-9,0;34,4
27/03/2026 06:34;450,0;449,0;10,0;0,7;-8,0;-8,0;34,5
27/03/2026 06:35;450,0;443,8;15,4;6,0;-8,0;-8,0;34,5
27/03/2026 06:36;450,0;440,5;23,4;9,8;-8,0;-7,0;35,0
27/03/2026 06:37;450,0;445,5;29,4;6,2;-8,0;-6,0;36,0
27/03/2026 06:38;450,0;459,3;20,8;0,0;-8,0;-8,0;35,3
27/03/2026 06:39;450,0;463,4;10,0;0,0;-8,0;-9,0;34,8
27/03/2026 06:40;450,0;458,1;10,0;0,0;-8,0;-9,0;34,6
27/03/2026 06:41;450,0;452,2;10,0;0,0;-8,0;-9,0;34,4
27/03/2026 06:42;450,0;447,0;12,2;2,8;-8,0;-7,0;35,0
27/03/2026 06:43;450,0;444,9;16,7;5,2;-8,0;-8,0;34,6
27/03/2026 06:44;450,0;443,8;22,3;6,8;-8,0;-8,0;34,6
27/03/2026 06:45;450,0;449,3;23,2;2,1;-8,0;-7,0;35,3
27/03/2026 06:46;450,0;456,4;17,1;0,0;-8,0;-8,0;35,0
27/03/2026 06:47;450,0;459,0;10,0;0,0;-8,0;-9,0;34,5
27/03/2026 06:48;450,0;455,5;10,0;0,0;-8,0;-9,0;34,5
27/03/2026 06:49;450,0;451,4;10,0;0,0;-8,0;-8,0;34,4
27/03/2026 06:50;450,0;446,4;12,4;3,3;-8,0;-8,0;34,3
27/03/2026 06:51;450,0;443,5;18,5;6,6;-8,0;-8,0;34,4
27/03/2026 06:52;450,0;443,5;24,1;7,2;-8,0;-7,0;34,8
27/03/2026 06:53;450,0;452,2;22,7;0,0;-8,0;-7,0;35,4
27/03/2026 06:54;450,0;458,4;15,1;0,0;-8,0;-8,0;35,0
27/03/2026 06:55;450,0;458,7;10,0;0,0;-8,0;-9,0;34,4
27/03/2026 06:56;450,0;454,3;10,0;0,0;-8,0;-9,0;34,2
27/03/2026 06:57;450,0;450,8;10,0;0,0;-8,0;-9,0;34,1
27/03/2026 06:58;450,0;445,8;12,9;3,9;-8,0;-8,0;34,3
27/03/2026 06:59;450,0;442,9;19,4;7,3;-8,0;-8,0;34,2
27/03/2026 07:00;450,0;445,8;23,6;5,2;-8,0;-7,0;34,8
27/03/2026 07:01;450,0;457,5;17,7;0,0;-8,0;-7,0;35,1
27/03/2026 07:02;450,0;465,4;10,0;0,0;-8,0;-9,0;34,1
27/03/2026 07:03;450,0;462,5;10,0;0,0;-8,0;-9,0;33,8
27/03/2026 07:04;450,0;457,2;10,0;0,0;-8,0;-8,0;34,1
27/03/2026 07:05;450,0;451,4;10,0;0,0;-8,0;-9,0;33,4
27/03/2026 07:06;450,0;444,6;14,0;5,0;-8,0;-8,0;33,5
27/03/2026 07:07;450,0;443,2;20,2;7,1;-8,0;-8,0;33,7
27/03/2026 07:08;450,0;446,4;23,1;4,6;-8,0;-7,0;34,4
27/03/2026 07:09;450,0;455,5;19,0;0,0;-8,0;-8,0;34,2
27/03/2026 07:10;450,0;459,9;10,0;0,0;-8,0;-9,0;33,7
27/03/2026 07:11;450,0;458,7;10,0;0,0;-8,0;-9,0;33,4
27/03/2026 07:12;450,0;453,7;10,0;0,0;-8,0;-8,0;33,9
27/03/2026 07:13;450,0;447,9;11,0;1,8;-8,0;-9,0;33,2
27/03/2026 07:14;450,0;444,3;16,3;5,7;-8,0;-8,0;33,6
27/03/2026 07:15;450,0;446,4;20,0;4,3;-8,0;-7,0;34,2
27/03/2026 07:16;450,0;453,1;17,7;0,0;-8,0;-8,0;33,8
27/03/2026 07:17;450,0;455,5;12,4;0,0;-8,0;-7,0;34,2
27/03/2026 07:18;450,0;453,7;10,0;0,0;-8,0;-9,0;33,3
27/03/2026 07:19;450,0;448,4;10,4;1,4;-8,0;-9,0;33,2
27/03/2026 07:20;450,0;443,8;15,8;6,1;-8,0;-8,0;33,5
27/03/2026 07:21;450,0;441,1;23,5;9,3;-8,0;-7,0;34,1
27/03/2026 07:22;450,0;449,0;25,1;2,9;-8,0;-7,0;34,4
27/03/2026 07:23;450,0;459,9;17,2;0,0;-8,0;-8,0;34,4
27/03/2026 07:24;450,0;463,1;10,0;0,0;-8,0;-9,0;33,8
27/03/2026 07:25;450,0;460,5;10,0;0,0;-8,0;-8,0;33,9
27/03/2026 07:26;450,0;456,1;10,0;0,0;-8,0;-9,0;33,4
27/03/2026 07:27;450,0;451,4;10,0;0,0;-8,0;-8,0;33,5
27/03/2026 07:28;450,0;445,8;13,3;4,0;-8,0;-8,0;33,6
27/03/2026 07:29;450,0;442,0;20,3;8,1;-8,0;-8,0;33,6
27/03/2026 07:30;450,0;447,0;23,9;4,3;-8,0;-7,0;34,3
27/03/2026 07:31;450,0;458,1;16,0;0,0;-8,0;-8,0;34,1
27/03/2026 07:32;450,0;464,0;10,0;0,0;-8,0;-9,0;33,6
27/03/2026 07:33;450,0;463,7;10,0;0,0;-8,0;-8,0;33,7
27/03/2026 07:34;450,0;459,6;10,0;0,0;-8,0;-9,0;33,3
27/03/2026 07:35;450,0;454,9;10,0;0,0;-8,0;-9,0;33,1
27/03/2026 07:36;450,0;451,7;10,0;0,0;-8,0;-8,0;33,4
27/03/2026 07:37;450,0;446,4;12,4;3,4;-8,0;-8,0;33,4
27/03/2026 07:38;450,0;443,8;18,2;6,4;-8,0;-8,0;33,4
27/03/2026 07:39;450,0;448,1;20,9;2,9;-8,0;-7,0;34,0
27/03/2026 07:40;450,0;459,0;14,1;0,0;-8,0;-8,0;34,0
27/03/2026 07:41;450,0;466,3;10,0;0,0;-8,0;-8,0;33,8
27/03/2026 07:42;450,0;466,6;10,0;0,0;-8,0;-8,0;33,9
27/03/2026 07:43;450,0;463,1;10,0;0,0;-8,0;-8,0;33,5
27/03/2026 07:44;450,0;457,5;10,0;0,0;-8,0;-8,0;33,5
27/03/2026 07:45;450,0;452,5;10,0;0,0;-8,0;-8,0;33,6
27/03/2026 07:46;450,0;449,0;10,4;0,6;-8,0;-8,0;33,3
27/03/2026 07:47;450,0;447,0;13,2;3,0;-8,0;-8,0;33,4
27/03/2026 07:48;450,0;446,7;15,8;3,4;-8,0;-8,0;33,4
27/03/2026 07:49;450,0;452,5;14,0;0,0;-8,0;-7,0;34,1
27/03/2026 07:50;450,0;458,1;10,0;0,0;-8,0;-8,0;33,6
27/03/2026 07:51;450,0;458,4;10,0;0,0;-8,0;-8,0;33,6
27/03/2026 07:52;450,0;456,4;10,0;0,0;-8,0;-7,0;33,9
27/03/2026 07:53;450,0;452,2;10,0;0,0;-8,0;-8,0;33,6
27/03/2026 07:54;450,0;446,7;12,2;3,0;-8,0;-8,0;33,6
27/03/2026 07:55;450,0;442,6;18,8;7,4;-8,0;-8,0;33,8
27/03/2026 07:56;450,0;441,7;25,9;9,0;-8,0;-7,0;34,4
27/03/2026 07:57;450,0;452,2;24,7;0,0;-8,0;-6,0;35,2
27/03/2026 07:58;450,0;463,1;12,5;0,0;-8,0;-8,0;34,7
27/03/2026 07:59;450,0;470,4;10,0;0,0;-8,0;-9,0;34,2
27/03/2026 08:00;450,0;469,8;10,0;0,0;-8,0;-8,0;34,4
27/03/2026 08:01;450,0;464,6;10,0;0,0;-8,0;-9,0;34,0
27/03/2026 08:02;450,0;458,7;10,0;0,0;-8,0;-8,0;34,3
27/03/2026 08:03;450,0;452,8;10,0;0,0;-8,0;-8,0;34,3
27/03/2026 08:04;450,0;449,6;10,0;0,3;-8,0;-9,0;33,9
27/03/2026 08:05;450,0;447,3;12,7;2,6;-8,0;-7,0;34,5
27/03/2026 08:06;450,0;444,9;17,4;5,2;-8,0;-8,0;34,2
27/03/2026 08:07;450,0;448,7;18,4;2,1;-8,0;-8,0;34,4
27/03/2026 08:08;450,0;455,5;14,1;0,0;-8,0;-8,0;34,3
27/03/2026 08:09;450,0;457,5;10,0;0,0;-8,0;-8,0;34,3
27/03/2026 08:10;450,0;452,8;10,0;0,0;-8,0;-8,0;34,1
27/03/2026 08:11;450,0;447,6;10,9;1,8;-8,0;-8,0;34,2
27/03/2026 08:12;450,0;442,0;18,8;8,0;-8,0;-8,0;34,2
27/03/2026 08:13;450,0;442,6;24,4;8,1;-8,0;-6,0;35,3
27/03/2026 08:14;450,0;452,8;23,1;0,0;-8,0;-8,0;34,9
27/03/2026 08:15;450,0;463,4;10,0;0,0;-8,0;-9,0;34,6
27/03/2026 08:16;450,0;461,9;10,0;0,0;-8,0;-8,0;34,8
27/03/2026 08:17;450,0;458,1;10,0;0,0;-8,0;-9,0;34,1
27/03/2026 08:18;450,0;451,1;10,0;0,0;-8,0;-9,0;34,0
27/03/2026 08:19;450,0;446,4;12,8;3,4;-8,0;-8,0;34,3
27/03/2026 08:20;450,0;444,0;18,3;6,2;-8,0;-8,0;34,3
27/03/2026 08:21;450,0;446,7;21,4;4,1;-8,0;-8,0;34,6
27/03/2026 08:22;450,0;453,1;18,8;0,0;-8,0;-8,0;34,7
27/03/2026 08:23;450,0;460,2;10,0;0,0;-8,0;-9,0;34,1
27/03/2026 08:24;450,0;458,7;10,0;0,0;-8,0;-8,0;34,3
27/03/2026 08:25;450,0;457,8;10,0;0,0;-8,0;-9,0;33,7
27/03/2026 08:26;450,0;452,8;10,0;0,0;-8,0;-8,0;33,8
27/03/2026 08:27;450,0;447,3;11,4;2,4;-8,0;-8,0;33,9
27/03/2026 08:28;450,0;442,6;17,9;7,4;-8,0;-8,0;33,8
27/03/2026 08:29;450,0;443,5;24,3;7,3;-8,0;-7,0;34,6
27/03/2026 08:30;450,0;453,1;22,2;0,0;-8,0;-7,0;35,0
27/03/2026 08:31;450,0;463,4;10,3;0,0;-8,0;-9,0;34,3
27/03/2026 08:32;450,0;465,7;10,0;0,0;-8,0;-8,0;34,5
27/03/2026 08:33;450,0;462,8;10,0;0,0;-8,0;-9,0;34,1
27/03/2026 08:34;450,0;457,2;10,0;0,0;-8,0;-9,0;33,8
27/03/2026 08:35;450,0;454,3;10,0;0,0;-8,0;-8,0;34,2
27/03/2026 08:36;450,0;451,4;10,0;0,0;-8,0;-9,0;33,8
27/03/2026 08:37;450,0;447,9;11,2;1,8;-8,0;-8,0;33,8
27/03/2026 08:38;450,0;445,8;15,3;4,2;-8,0;-8,0;34,0
27/03/2026 08:39;450,0;447,3;17,2;3,1;-8,0;-8,0;34,0
27/03/2026 08:40;450,0;454,3;13,9;0,0;-8,0;-7,0;34,3
27/03/2026 08:41;450,0;460,5;10,0;0,0;-8,0;-8,0;34,0
27/03/2026 08:42;450,0;459,6;10,0;0,0;-8,0;-9,0;33,5
27/03/2026 08:43;450,0;454,9;10,0;0,0;-8,0;-8,0;33,9
27/03/2026 08:44;450,0;449,9;10,0;0,0;-8,0;-9,0;33,5
27/03/2026 08:45;450,0;444,9;14,0;4,7;-8,0;-8,0;33,9
27/03/2026 08:46;450,0;443,5;20,4;6,8;-8,0;-7,0;34,5
27/03/2026 08:47;450,0;449,3;21,1;1,9;-8,0;-8,0;34,4
27/03/2026 08:48;450,0;459,0;13,2;0,0;-8,0;-7,0;34,8
27/03/2026 08:49;450,0;461,9;10,0;0,0;-8,0;-8,0;34,2
27/03/2026 08:50;450,0;459,3;10,0;0,0;-8,0;-9,0;33,7
27/03/2026 08:51;450,0;453,7;10,0;0,0;-8,0;-8,0;33,9
27/03/2026 08:52;450,0;447,9;10,9;1,9;-8,0;-8,0;33,8
27/03/2026 08:53;450,0;443,8;16,6;6,2;-8,0;-8,0;33,8
27/03/2026 08:54;450,0;445,8;20,3;4,9;-8,0;-8,0;34,1
27/03/2026 08:55;450,0;452,0;18,8;0,0;-8,0;-8,0;34,2
27/03/2026 08:56;450,0;459,9;10,4;0,0;-8,0;-7,0;34,6
27/03/2026 08:57;450,0;462,2;10,0;0,0;-8,0;-9,0;33,9
27/03/2026 08:58;450,0;459,6;10,0;0,0;-8,0;-9,0;33,7
27/03/2026 08:59;450,0;454,0;10,0;0,0;-8,0;-8,0;33,9
27/03/2026 09:00;450,0;449,0;10,2;0,8;-8,0;-8,0;33,7
27/03/2026 09:01;450,0;443,5;16,0;6,3;-8,0;-8,0;33,8
27/03/2026 09:02;450,0;442,9;22,0;7,6;-8,0;-7,0;34,4
27/03/2026 09:03;450,0;449,3;23,5;2,1;-8,0;-7,0;34,8
27/03/2026 09:04;450,0;458,7;15,2;0,0;-8,0;-7,0;34,8
27/03/2026 09:05;450,0;460,2;10,0;0,0;-8,0;-9,0;34,0
27/03/2026 09:06;450,0;456,6;10,0;0,0;-8,0;-9,0;33,9
27/03/2026 09:07;450,0;451,7;10,0;0,0;-8,0;-8,0;34,3
27/03/2026 09:08;450,0;446,4;12,4;3,3;-8,0;-8,0;34,1
27/03/2026 09:09;450,0;444,9;17,4;5,2;-8,0;-8,0;34,2
27/03/2026 09:10;450,0;447,0;20,2;3,8;-8,0;-7,0;34,8
27/03/2026 09:11;450,0;454,0;16,6;0,0;-8,0;-8,0;34,5
27/03/2026 09:12;450,0;457,5;10,0;0,0;-8,0;-8,0;34,5
27/03/2026 09:13;450,0;454,9;10,0;0,0;-8,0;-8,0;34,3
27/03/2026 09:14;450,0;451,4;10,0;0,0;-8,0;-9,0;33,8
27/03/2026 09:15;450,0;447,0;12,2;2,8;-8,0;-8,0;34,1
27/03/2026 09:16;450,0;444,9;17,1;5,2;-8,0;-8,0;34,1
27/03/2026 09:17;450,0;449,3;18,4;1,6;-8,0;-8,0;34,3
27/03/2026 09:18;450,0;456,6;12,5;0,0;-8,0;-8,0;34,3
27/03/2026 09:19;450,0;459,3;10,0;0,0;-8,0;-8,0;34,1
27/03/2026 09:20;450,0;456,6;10,0;0,0;-8,0;-8,0;34,2
27/03/2026 09:21;450,0;453,1;10,0;0,0;-8,0;-9,0;33,7
27/03/2026 09:22;450,0;447,9;10,9;1,8;-8,0;-8,0;33,9
27/03/2026 09:23;450,0;442,9;17,4;7,0;-8,0;-7,0;34,4
27/03/2026 09:24;450,0;444,0;23,5;6,9;-8,0;-7,0;34,6
27/03/2026 09:25;450,0;451,4;23,1;0,4;-8,0;-7,0;34,9
27/03/2026 09:26;450,0;458,7;15,9;0,0;-8,0;-8,0;34,7
27/03/2026 09:27;450,0;459,6;10,0;0,0;-8,0;-8,0;34,5
27/03/2026 09:28;450,0;457,2;10,0;0,0;-8,0;-9,0;33,9
27/03/2026 09:29;450,0;451,4;10,0;0,0;-8,0;-9,0;33,8
27/03/2026 09:30;450,0;448,1;11,5;1,7;-8,0;-9,0;33,6
27/03/2026 09:31;450,0;445,8;15,4;4,3;-8,0;-8,0;33,9
27/03/2026 09:32;450,0;446,4;18,9;4,1;-8,0;-7,0;34,4
27/03/2026 09:33;450,0;454,3;15,2;0,0;-8,0;-8,0;34,0
27/03/2026 09:34;450,0;458,4;10,0;0,0;-8,0;-8,0;34,0
27/03/2026 09:35;450,0;455,5;10,0;0,0;-8,0;-8,0;33,7
27/03/2026 09:36;450,0;452,8;10,0;0,0;-8,0;-8,0;33,6
27/03/2026 09:37;450,0;447,6;11,4;2,2;-8,0;-8,0;33,7
27/03/2026 09:38;450,0;443,8;17,2;6,3;-8,0;-8,0;33,6
27/03/2026 09:39;450,0;444,9;22,2;5,9;-8,0;-6,0;34,7
27/03/2026 09:40;450,0;452,5;19,5;0,0;-8,0;-8,0;34,1
27/03/2026 09:41;450,0;455,8;13,5;0,0;-8,0;-8,0;34,2
27/03/2026 09:42;450,0;452,0;11,3;0,0;-8,0;-8,0;34,2
27/03/2026 09:43;450,0;448,4;12,3;1,6;-8,0;-9,0;33,7
27/03/2026 09:44;450,0;444,3;17,2;5,7;-8,0;-8,0;34,1
27/03/2026 09:45;450,0;444,3;22,2;6,4;-8,0;-7,0;34,7
27/03/2026 09:46;450,0;447,6;24,6;3,8;-8,0;-7,0;35,0
27/03/2026 09:47;450,0;455,5;19,9;0,0;-8,0;-7,0;35,3
27/03/2026 09:48;450,0;463,4;10,0;0,0;-8,0;-9,0;34,4
27/03/2026 09:49;450,0;462,2;10,0;0,0;-8,0;-9,0;34,3
27/03/2026 09:50;450,0;456,4;10,0;0,0;-8,0;-8,0;34,6
27/03/2026 09:51;450,0;450,2;10,0;0,0;-8,0;-9,0;34,1
27/03/2026 09:52;450,0;444,0;14,6;5,7;-8,0;-8,0;34,2
27/03/2026 09:53;450,0;442,0;21,7;8,4;-8,0;-8,0;34,5
27/03/2026 09:54;450,0;446,7;25,7;4,6;-8,0;-7,0;35,1
27/03/2026 09:55;450,0;456,9;19,1;0,0;-8,0;-7,0;35,3
27/03/2026 09:56;450,0;461,6;10,0;0,0;-8,0;-9,0;34,5
27/03/2026 09:57;450,0;459,6;10,0;0,0;-8,0;-9,0;34,3
27/03/2026 09:58;450,0;454,9;10,0;0,0;-8,0;-8,0;34,5
27/03/2026 09:59;450,0;448,7;10,2;1,0;-8,0;-9,0;34,0
27/03/2026 10:00;450,0;444,6;15,2;5,2;-8,0;-8,0;34,3
27/03/2026 10:01;450,0;445,5;19,2;5,0;-8,0;-8,0;34,3
27/03/2026 10:02;450,0;449,3;20,3;1,8;-8,0;-8,0;34,4
27/03/2026 10:03;450,0;456,6;14,0;0,0;-8,0;-8,0;34,4
27/03/2026 10:04;450,0;457,2;10,0;0,0;-8,0;-9,0;33,9
27/03/2026 10:05;450,0;455,2;10,0;0,0;-8,0;-9,0;33,8
27/03/2026 10:06;450,0;449,6;10,0;0,3;-8,0;-8,0;34,1
27/03/2026 10:07;450,0;444,3;14,6;5,4;-8,0;-8,0;34,0
27/03/2026 10:08;450,0;441,7;22,1;8,6;-8,0;-8,0;34,0
27/03/2026 10:09;450,0;446,1;26,0;5,2;-8,0;-7,0;34,9
27/03/2026 10:10;450,0;457,5;20,0;0,0;-8,0;-8,0;34,9
27/03/2026 10:11;450,0;465,7;10,0;0,0;-8,0;-8,0;34,8
27/03/2026 10:12;450,0;465,1;10,0;0,0;-8,0;-9,0;34,4
27/03/2026 10:13;450,0;459,6;10,0;0,0;-8,0;-8,0;34,4
27/03/2026 10:14;450,0;455,2;10,0;0,0;-8,0;-8,0;34,3
27/03/2026 10:15;450,0;450,2;10,0;0,0;-8,0;-9,0;33,8
27/03/2026 10:16;450,0;444,9;14,0;4,9;-8,0;-8,0;34,0
27/03/2026 10:17;450,0;442,6;20,3;7,6;-8,0;-8,0;34,2
27/03/2026 10:18;450,0;446,4;24,6;4,8;-8,0;-7,0;34,8
27/03/2026 10:19;450,0;453,7;21,5;0,0;-8,0;-8,0;34,7
27/03/2026 10:20;450,0;458,4;13,4;0,0;-8,0;-8,0;34,8
27/03/2026 10:21;450,0;456,6;10,0;0,0;-8,0;-9,0;34,1
27/03/2026 10:22;450,0;453,4;10,0;0,0;-8,0;-8,0;34,5
27/03/2026 10:23;450,0;449,9;10,0;0,0;-8,0;-8,0;34,3
27/03/2026 10:24;450,0;444,9;14,4;4,8;-8,0;-8,0;34,4
27/03/2026 10:25;450,0;444,0;20,0;6,4;-8,0;-7,0;35,0
27/03/2026 10:26;450,0;448,4;21,0;2,7;-8,0;-7,0;35,0
27/03/2026 10:27;450,0;456,4;15,1;0,0;-8,0;-8,0;34,8
27/03/2026 10:28;450,0;459,6;10,0;0,0;-8,0;-9,0;34,3
27/03/2026 10:29;450,0;457,8;10,0;0,0;-8,0;-8,0;34,6
27/03/2026 10:30;450,0;453,1;10,0;0,0;-8,0;-8,0;34,4
27/03/2026 10:31;450,0;447,6;11,4;2,2;-8,0;-8,0;34,2
27/03/2026 10:32;450,0;444,0;16,6;6,0;-8,0;-8,0;34,2
27/03/2026 10:33;450,0;443,8;21,7;6,8;-8,0;-6,0;35,3
27/03/2026 10:34;450,0;450,8;22,0;0,8;-8,0;-7,0;35,0
27/03/2026 10:35;450,0;459,3;14,1;0,0;-8,0;-8,0;34,6
27/03/2026 10:36;450,0;464,0;10,0;0,0;-8,0;-9,0;34,3
27/03/2026 10:37;450,0;463,4;10,0;0,0;-8,0;-8,0;34,4
27/03/2026 10:38;450,0;460,5;10,0;0,0;-8,0;-8,0;34,2
27/03/2026 10:39;450,0;454,9;10,0;0,0;-8,0;-8,0;34,2
27/03/2026 10:40;450,0;448,4;10,3;1,3;-8,0;-9,0;33,7
27/03/2026 10:41;450,0;443,2;16,4;6,6;-8,0;-8,0;34,2
27/03/2026 10:42;450,0;443,2;22,1;7,3;-8,0;-7,0;34,5
27/03/2026 10:43;450,0;450,5;23,0;1,2;-8,0;-8,0;34,6
27/03/2026 10:44;450,0;458,4;16,2;0,0;-8,0;-8,0;34,9
27/03/2026 10:45;450,0;461,3;10,0;0,0;-8,0;-9,0;34,1
27/03/2026 10:46;450,0;460,7;10,0;0,0;-8,0;-8,0;34,3
27/03/2026 10:47;450,0;457,2;10,0;0,0;-8,0;-9,0;33,7
27/03/2026 10:48;450,0;453,1;10,0;0,0;-8,0;-8,0;33,8
27/03/2026 10:49;450,0;448,1;10,7;1,6;-8,0;-8,0;33,8
27/03/2026 10:50;450,0;446,4;14,1;3,5;-8,0;-8,0;33,8
27/03/2026 10:51;450,0;446,7;17,7;3,7;-8,0;-7,0;34,2
27/03/2026 10:52;450,0;451,7;16,2;0,0;-8,0;-8,0;34,0
27/03/2026 10:53;450,0;455,5;10,7;0,0;-8,0;-8,0;34,0
27/03/2026 10:54;450,0;455,2;10,0;0,0;-8,0;-8,0;33,7
27/03/2026 10:55;450,0;452,5;10,0;0,0;-8,0;-9,0;33,4
27/03/2026 10:56;450,0;449,9;10,0;0,0;-8,0;-8,0;33,6
27/03/2026 10:57;450,0;447,3;12,3;2,6;-8,0;-8,0;33,5
27/03/2026 10:58;450,0;446,1;15,7;4,0;-8,0;-8,0;33,5
27/03/2026 10:59;450,0;447,9;17,4;2,6;-8,0;-8,0;33,5
27/03/2026 11:00;450,0;452,2;15,8;0,0;-8,0;-8,0;33,9
27/03/2026 11:01;450,0;457,8;10,0;0,0;-8,0;-9,0;33,4
27/03/2026 11:02;450,0;460,5;10,0;0,0;-8,0;-7,0;34,1
27/03/2026 11:03;450,0;458,7;10,0;0,0;-8,0;-8,0;33,8
27/03/2026 11:04;450,0;457,5;10,0;0,0;-8,0;-8,0;33,8
27/03/2026 11:05;450,0;454,9;10,0;0,0;-8,0;-8,0;33,8
27/03/2026 11:06;450,0;453,1;10,0;0,0;-8,0;-8,0;33,8
27/03/2026 11:07;450,0;450,5;10,0;0,0;-8,0;-8,0;33,7
27/03/2026 11:08;450,0;447,3;11,6;2,4;-8,0;-8,0;33,7
27/03/2026 11:09;450,0;446,1;15,3;4,0;-8,0;-8,0;33,7
27/03/2026 11:10;450,0;449,3;16,9;1,4;-8,0;-7,0;34,2
27/03/2026 11:11;450,0;454,0;12,6;0,0;-8,0;-8,0;33,9
27/03/2026 11:12;450,0;458,7;10,0;0,0;-8,0;-8,0;33,9
27/03/2026 11:13;450,0;460,5;10,0;0,0;-8,0;-8,0;33,8
27/03/2026 11:14;450,0;460,2;10,0;0,0;-8,0;-8,0;33,8
27/03/2026 11:15;450,0;454,9;10,0;0,0;-8,0;-9,0;33,3
27/03/2026 11:16;450,0;450,5;10,0;0,0;-8,0;-8,0;33,7
27/03/2026 11:17;450,0;447,9;11,4;1,9;-8,0;-8,0;33,7
27/03/2026 11:18;450,0;444,6;16,3;5,4;-8,0;-7,0;34,1
27/03/2026 11:19;450,0;445,8;20,0;4,8;-8,0;-7,0;34,3
27/03/2026 11:20;450,0;457,2;13,6;0,0;-8,0;-8,0;34,0
27/03/2026 11:21;450,0;463,1;10,0;0,0;-8,0;-8,0;34,0
27/03/2026 11:22;450,0;464,3;10,0;0,0;-8,0;-9,0;33,5
27/03/2026 11:23;450,0;461,6;10,0;0,0;-8,0;-8,0;33,6
27/03/2026 11:24;450,0;457,2;10,0;0,0;-8,0;-8,0;33,7
27/03/2026 11:25;450,0;452,5;10,0;0,0;-8,0;-9,0;33,1
27/03/2026 11:26;450,0;447,3;11,7;2,5;-8,0;-8,0;33,6
27/03/2026 11:27;450,0;443,8;17,1;6,2;-8,0;-8,0;33,7
27/03/2026 11:28;450,0;446,7;19,9;3,9;-8,0;-8,0;33,7
27/03/2026 11:29;450,0;454,3;16,7;0,0;-8,0;-7,0;34,3
27/03/2026 11:30;450,0;460,2;10,0;0,0;-8,0;-8,0;33,9
27/03/2026 11:31;450,0;460,2;10,0;0,0;-8,0;-8,0;33,8
27/03/2026 11:32;450,0;458,7;10,0;0,0;-8,0;-8,0;33,8
27/03/2026 11:33;450,0;455,8;10,0;0,0;-8,0;-9,0;33,2
27/03/2026 11:34;450,0;453,1;10,0;0,0;-8,0;-8,0;33,4
27/03/2026 11:35;450,0;449,0;10,2;0,9;-8,0;-8,0;33,5
27/03/2026 11:36;450,0;447,6;12,4;2,3;-8,0;-8,0;33,3
27/03/2026 11:37;450,0;447,9;15,0;2,3;-8,0;-7,0;33,8
27/03/2026 11:38;450,0;450,2;15,5;0,6;-8,0;-8,0;33,5
27/03/2026 11:39;450,0;455,2;10,9;0,0;-8,0;-8,0;33,5
27/03/2026 11:40;450,0;456,9;10,0;0,0;-8,0;-8,0;33,6
27/03/2026 11:41;450,0;454,3;10,0;0,0;-8,0;-9,0;33,1
27/03/2026 11:42;450,0;451,7;10,0;0,0;-8,0;-8,0;33,4
27/03/2026 11:43;450,0;448,4;10,6;1,4;-8,0;-9,0;33,1
27/03/2026 11:44;450,0;445,8;14,1;4,0;-8,0;-8,0;33,5
27/03/2026 11:45;450,0;445,8;18,0;4,5;-8,0;-7,0;34,0
27/03/2026 11:46;450,0;449,0;18,7;1,8;-8,0;-8,0;33,8
27/03/2026 11:47;450,0;456,4;13,6;0,0;-8,0;-8,0;33,8
27/03/2026 11:48;450,0;459,6;10,0;0,0;-8,0;-8,0;33,8
27/03/2026 11:49;450,0;459,6;10,0;0,0;-8,0;-8,0;33,8
27/03/2026 11:50;450,0;456,6;10,0;0,0;-8,0;-8,0;33,6
27/03/2026 11:51;450,0;450,8;10,0;0,0;-8,0;-8,0;33,7
27/03/2026 11:52;450,0;447,0;12,2;2,9;-8,0;-8,0;33,6
27/03/2026 11:53;450,0;443,5;18,0;6,5;-8,0;-7,0;34,1
27/03/2026 11:54;450,0;446,7;21,5;4,2;-8,0;-8,0;34,0
27/03/2026 11:55;450,0;452,8;18,9;0,0;-8,0;-7,0;34,6
27/03/2026 11:56;450,0;459,6;10,6;0,0;-8,0;-8,0;34,2
27/03/2026 11:57;450,0;461,3;10,0;0,0;-8,0;-9,0;33,9
27/03/2026 11:58;450,0;460,7;10,0;0,0;-8,0;-8,0;34,0
27/03/2026 11:59;450,0;457,2;10,0;0,0;-8,0;-8,0;34,1
27/03/2026 12:00;450,0;453,4;10,0;0,0;-8,0;-8,0;34,1
27/03/2026 12:01;450,0;447,9;10,9;1,8;-8,0;-8,0;34,1
27/03/2026 12:02;450,0;444,6;15,8;5,3;-8,0;-8,0;34,1
27/03/2026 12:03;450,0;445,5;20,1;5,1;-8,0;-8,0;34,3
27/03/2026 12:04;450,0;451,4;18,7;0,0;-8,0;-8,0;34,4
27/03/2026 12:05;450,0;457,2;11,7;0,0;-8,0;-8,0;34,4
27/03/2026 12:06;450,0;457,5;10,0;0,0;-8,0;-8,0;34,4
27/03/2026 12:07;450,0;454,3;10,0;0,0;-8,0;-8,0;34,3
27/03/2026 12:08;450,0;452,0;10,0;0,0;-8,0;-9,0;33,8
27/03/2026 12:09;450,0;448,7;10,9;1,2;-8,0;-9,0;33,8
27/03/2026 12:10;450,0;444,6;16,1;5,4;-8,0;-8,0;34,2
27/03/2026 12:11;450,0;446,1;20,1;4,6;-8,0;-7,0;34,8
27/03/2026 12:12;450,0;453,4;17,5;0,0;-8,0;-7,0;34,8
27/03/2026 12:13;450,0;457,8;10,0;0,0;-8,0;-8,0;34,5
27/03/2026 12:14;450,0;457,8;10,0;0,0;-8,0;-8,0;34,5
27/03/2026 12:15;450,0;456,6;10,0;0,0;-8,0;-8,0;34,5
27/03/2026 12:16;450,0;451,7;10,0;0,0;-8,0;-8,0;34,6
27/03/2026 12:17;450,0;447,0;12,1;2,8;-8,0;-8,0;34,5
27/03/2026 12:18;450,0;445,2;16,2;4,9;-8,0;-8,0;34,6
27/03/2026 12:19;450,0;445,5;20,0;5,1;-8,0;-7,0;35,0
27/03/2026 12:20;450,0;450,5;20,4;0,9;-8,0;-7,0;35,4
27/03/2026 12:21;450,0;457,2;14,8;0,0;-8,0;-8,0;35,1
27/03/2026 12:22;450,0;461,9;10,0;0,0;-8,0;-9,0;34,8
27/03/2026 12:23;450,0;462,8;10,0;0,0;-8,0;-8,0;34,8
27/03/2026 12:24;450,0;459,6;10,0;0,0;-8,0;-8,0;34,7
27/03/2026 12:25;450,0;454,9;10,0;0,0;-8,0;-8,0;34,6
27/03/2026 12:26;450,0;450,8;10,0;0,0;-8,0;-8,0;34,5
27/03/2026 12:27;450,0;446,1;13,6;3,8;-8,0;-8,0;34,5
27/03/2026 12:28;450,0;443,5;19,1;6,6;-8,0;-8,0;34,5
27/03/2026 12:29;450,0;445,2;23,3;5,7;-8,0;-7,0;34,9
27/03/2026 12:30;450,0;452,5;20,8;0,0;-8,0;-7,0;35,3
27/03/2026 12:31;450,0;459,0;12,2;0,0;-8,0;-8,0;35,2
27/03/2026 12:32;450,0;459,9;10,0;0,0;-8,0;-9,0;34,6
27/03/2026 12:33;450,0;456,6;10,0;0,0;-8,0;-8,0;34,7
27/03/2026 12:34;450,0;454,3;10,0;0,0;-8,0;-8,0;34,6
27/03/2026 12:35;450,0;451,4;10,0;0,0;-8,0;-8,0;34,5
27/03/2026 12:36;450,0;447,6;11,9;2,2;-8,0;-8,0;34,5
27/03/2026 12:37;450,0;446,4;14,7;3,6;-8,0;-8,0;34,4
27/03/2026 12:38;450,0;448,7;16,6;1,9;-8,0;-8,0;34,6
27/03/2026 12:39;450,0;456,4;11,2;0,0;-8,0;-8,0;34,5
27/03/2026 12:40;450,0;463,4;10,0;0,0;-8,0;-9,0;34,0
27/03/2026 12:41;450,0;464,6;10,0;0,0;-8,0;-9,0;33,9
27/03/2026 12:42;450,0;460,7;10,0;0,0;-8,0;-8,0;34,3
27/03/2026 12:43;450,0;456,1;10,0;0,0;-8,0;-8,0;34,1
27/03/2026 12:44;450,0;451,4;10,0;0,0;-8,0;-8,0;34,1
27/03/2026 12:45;450,0;447,6;11,5;2,2;-8,0;-8,0;34,1
27/03/2026 12:46;450,0;445,5;15,4;4,5;-8,0;-8,0;34,2
27/03/2026 12:47;450,0;447,9;17,3;2,6;-8,0;-8,0;34,2
27/03/2026 12:48;450,0;452,2;16,2;0,0;-8,0;-8,0;34,2
27/03/2026 12:49;450,0;457,2;10,0;0,0;-8,0;-8,0;34,2
27/03/2026 12:50;450,0;456,9;10,0;0,0;-8,0;-8,0;34,0
27/03/2026 12:51;450,0;452,8;10,0;0,0;-8,0;-8,0;34,1
27/03/2026 12:52;450,0;449,0;10,2;0,8;-8,0;-9,0;33,5
27/03/2026 12:53;450,0;445,8;13,4;4,0;-8,0;-8,0;34,1
27/03/2026 12:54;450,0;446,7;16,9;3,6;-8,0;-8,0;34,2
27/03/2026 12:55;450,0;450,8;16,5;0,1;-8,0;-8,0;34,1
27/03/2026 12:56;450,0;455,5;11,6;0,0;-8,0;-8,0;34,1
27/03/2026 12:57;450,0;457,2;10,0;0,0;-8,0;-8,0;34,1
27/03/2026 12:58;450,0;455,8;10,0;0,0;-8,0;-8,0;34,2
27/03/2026 12:59;450,0;452,5;10,0;0,0;-8,0;-9,0;33,7
27/03/2026 13:00;450,0;448,4;10,8;1,5;-8,0;-8,0;34,1
27/03/2026 13:01;450,0;446,7;13,7;3,2;-8,0;-8,0;34,0
27/03/2026 13:02;450,0;446,7;16,4;3,5;-8,0;-8,0;34,0
27/03/2026 13:03;450,0;448,7;17,8;2,0;-8,0;-7,0;34,4
27/03/2026 13:04;450,0;454,9;13,7;0,0;-8,0;-8,0;34,1
27/03/2026 13:05;450,0;459,9;10,0;0,0;-8,0;-9,0;33,5
27/03/2026 13:06;450,0;459,0;10,0;0,0;-8,0;-9,0;33,6
27/03/2026 13:07;450,0;455,8;10,0;0,0;-8,0;-8,0;33,9
27/03/2026 13:08;450,0;452,0;10,0;0,0;-8,0;-8,0;33,8
27/03/2026 13:09;450,0;447,9;11,3;1,9;-8,0;-8,0;33,8
27/03/2026 13:10;450,0;445,8;15,0;4,2;-8,0;-8,0;33,8
27/03/2026 13:11;450,0;447,6;17,8;3,1;-8,0;-8,0;33,9
27/03/2026 13:12;450,0;454,6;13,9;0,0;-8,0;-8,0;33,9
27/03/2026 13:13;450,0;459,9;10,0;0,0;-8,0;-8,0;33,9
27/03/2026 13:14;450,0;460,7;10,0;0,0;-8,0;-8,0;33,8
27/03/2026 13:15;450,0;459,6;10,0;0,0;-8,0;-8,0;33,9
27/03/2026 13:16;450,0;456,9;10,0;0,0;-8,0;-8,0;33,9
27/03/2026 13:17;450,0;454,9;10,0;0,0;-8,0;-8,0;33,9
27/03/2026 13:18;450,0;452,2;10,0;0,0;-8,0;-8,0;33,9
27/03/2026 13:19;450,0;450,2;10,0;0,0;-8,0;-8,0;33,9
27/03/2026 13:20;450,0;447,9;11,8;2,0;-8,0;-8,0;33,9
27/03/2026 13:21;450,0;443,8;17,0;6,2;-8,0;-8,0;33,9
27/03/2026 13:22;450,0;444,0;22,7;6,7;-8,0;-6,0;35,1
27/03/2026 13:23;450,0;450,8;21,9;0,7;-8,0;-8,0;34,6
27/03/2026 13:24;450,0;460,7;12,0;0,0;-8,0;-8,0;34,6
27/03/2026 13:25;450,0;465,7;10,0;0,0;-8,0;-8,0;34,6
27/03/2026 13:26;450,0;465,7;10,0;0,0;-8,0;-9,0;34,2
27/03/2026 13:27;450,0;464,0;10,0;0,0;-8,0;-8,0;34,5
27/03/2026 13:28;450,0;460,2;10,0;0,0;-8,0;-8,0;34,5
27/03/2026 13:29;450,0;455,5;10,0;0,0;-8,0;-8,0;34,4
27/03/2026 13:30;450,0;451,1;10,0;0,0;-8,0;-8,0;34,4
27/03/2026 13:31;450,0;447,6;11,8;2,3;-8,0;-8,0;34,3
27/03/2026 13:32;450,0;446,7;14,9;3,3;-8,0;-8,0;34,3
27/03/2026 13:33;450,0;447,9;17,1;2,6;-8,0;-8,0;34,3
27/03/2026 13:34;450,0;455,2;13,3;0,0;-8,0;-9,0;34,0
27/03/2026 13:35;450,0;464,0;10,0;0,0;-8,0;-8,0;34,3
27/03/2026 13:36;450,0;465,1;10,0;0,0;-8,0;-8,0;34,1
27/03/2026 13:37;450,0;464,3;10,0;0,0;-8,0;-8,0;34,1
27/03/2026 13:38;450,0;459,6;10,0;0,0;-8,0;-8,0;34,0
27/03/2026 13:39;450,0;455,2;10,0;0,0;-8,0;-9,0;33,6
27/03/2026 13:40;450,0;451,4;10,0;0,0;-8,0;-8,0;33,9
27/03/2026 13:41;450,0;446,7;12,3;3,0;-8,0;-8,0;33,8
27/03/2026 13:42;450,0;445,2;17,4;5,1;-8,0;-8,0;33,8
27/03/2026 13:43;450,0;448,1;19,3;2,7;-8,0;-8,0;33,8
27/03/2026 13:44;450,0;455,8;14,9;0,0;-8,0;-7,0;34,3
27/03/2026 13:45;450,0;462,5;10,0;0,0;-8,0;-8,0;34,0
27/03/2026 13:46;450,0;465,1;10,0;0,0;-8,0;-9,0;33,6
27/03/2026 13:47;450,0;460,5;10,0;0,0;-8,0;-9,0;33,5
27/03/2026 13:48;450,0;454,9;10,0;0,0;-8,0;-8,0;33,6
27/03/2026 13:49;450,0;449,9;10,0;0,0;-8,0;-8,0;33,6
27/03/2026 13:50;450,0;445,2;14,4;4,7;-8,0;-8,0;33,6
27/03/2026 13:51;450,0;443,8;20,2;6,6;-8,0;-7,0;33,9
27/03/2026 13:52;450,0;449,6;20,8;1,5;-8,0;-7,0;34,5
27/03/2026 13:53;450,0;459,3;13,1;0,0;-8,0;-8,0;34,1
27/03/2026 13:54;450,0;465,1;10,0;0,0;-8,0;-9,0;33,8
27/03/2026 13:55;450,0;466,9;10,0;0,0;-8,0;-8,0;33,8
27/03/2026 13:56;450,0;467,2;10,0;0,0;-8,0;-8,0;33,9
27/03/2026 13:57;450,0;464,8;10,0;0,0;-8,0;-8,0;33,8
27/03/2026 13:58;450,0;461,9;10,0;0,0;-8,0;-8,0;33,8
27/03/2026 13:59;450,0;460,2;10,0;0,0;-8,0;-8,0;33,9
27/03/2026 14:00;450,0;456,6;10,0;0,0;-8,0;-9,0;33,2
27/03/2026 14:01;450,0;452,2;10,0;0,0;-8,0;-9,0;33,2
27/03/2026 14:02;450,0;449,0;10,6;0,9;-8,0;-8,0;33,5
27/03/2026 14:03;450,0;446,4;13,3;3,4;-8,0;-8,0;33,5
27/03/2026 14:04;450,0;446,1;16,9;4,1;-8,0;-8,0;33,5
27/03/2026 14:05;450,0;450,5;17,4;0,5;-8,0;-8,0;33,6
27/03/2026 14:06;450,0;457,5;11,2;0,0;-8,0;-7,0;33,6
27/03/2026 14:07;450,0;460,7;10,0;0,0;-8,0;-8,0;33,6
27/03/2026 14:08;450,0;457,5;10,0;0,0;-8,0;-8,0;33,6
27/03/2026 14:09;450,0;455,2;10,0;0,0;-8,0;-8,0;33,6
27/03/2026 14:10;450,0;451,1;10,0;0,0;-8,0;-8,0;33,6
27/03/2026 14:11;450,0;447,0;12,6;2,9;-8,0;-8,0;33,6
27/03/2026 14:12;450,0;444,6;17,8;5,6;-8,0;-8,0;33,6
27/03/2026 14:13;450,0;446,7;20,9;4,0;-8,0;-7,0;34,2
27/03/2026 14:14;450,0;454,0;17,5;0,0;-8,0;-8,0;34,2
27/03/2026 14:15;450,0;461,9;10,0;0,0;-8,0;-9,0;33,8
27/03/2026 14:16;450,0;463,4;10,0;0,0;-8,0;-9,0;33,5
27/03/2026 14:17;450,0;463,1;10,0;0,0;-8,0;-8,0;33,8
27/03/2026 14:18;450,0;459,9;10,0;0,0;-8,0;-8,0;33,5
27/03/2026 14:19;450,0;456,1;10,0;0,0;-8,0;-8,0;33,5
27/03/2026 14:20;450,0;453,1;10,0;0,0;-8,0;-8,0;33,5
27/03/2026 14:21;450,0;449,9;10,0;0,0;-8,0;-8,0;33,5
27/03/2026 14:22;450,0;448,4;11,8;1,6;-8,0;-8,0;33,4
27/03/2026 14:23;450,0;447,0;14,4;3,1;-8,0;-8,0;33,4
27/03/2026 14:24;450,0;448,4;15,8;2,0;-8,0;-8,0;33,4
27/03/2026 14:25;450,0;452,0;14,4;0,0;-8,0;-8,0;33,4
27/03/2026 14:26;450,0;455,8;10,0;0,0;-8,0;-8,0;33,5
27/03/2026 14:27;450,0;456,4;10,0;0,0;-8,0;-8,0;33,4
27/03/2026 14:28;450,0;455,5;10,0;0,0;-8,0;-7,0;33,7
27/03/2026 14:29;450,0;453,1;10,0;0,0;-8,0;-8,0;33,4
27/03/2026 14:30;450,0;450,2;10,0;0,0;-8,0;-8,0;33,3
27/03/2026 14:31;450,0;448,1;10,9;1,6;-8,0;-8,0;33,3
27/03/2026 14:32;450,0;448,1;13,3;1,9;-8,0;-8,0;33,3
27/03/2026 14:33;450,0;448,7;14,1;1,6;-8,0;-8,0;33,3
27/03/2026 14:34;450,0;452,2;12,2;0,0;-8,0;-8,0;33,3
27/03/2026 14:35;450,0;454,6;10,0;0,0;-8,0;-8,0;33,3
27/03/2026 14:36;450,0;456,1;10,0;0,0;-8,0;-8,0;33,5
27/03/2026 14:37;450,0;454,9;10,0;0,0;-8,0;-8,0;33,3
27/03/2026 14:38;450,0;453,7;10,0;0,0;-8,0;-8,0;33,2
27/03/2026 14:39;450,0;450,8;10,0;0,0;-8,0;-8,0;33,3
27/03/2026 14:40;450,0;447,3;12,3;2,6;-8,0;-8,0;33,3
27/03/2026 14:41;450,0;444,6;17,2;5,5;-8,0;-8,0;33,3
27/03/2026 14:42;450,0;447,6;20,1;3,3;-8,0;-7,0;33,9
27/03/2026 14:43;450,0;456,6;14,0;0,0;-8,0;-8,0;33,9
27/03/2026 14:44;450,0;463,1;10,0;0,0;-8,0;-8,0;33,6
27/03/2026 14:45;450,0;463,7;10,0;0,0;-8,0;-8,0;33,6
27/03/2026 14:46;450,0;462,2;10,0;0,0;-8,0;-8,0;33,4
27/03/2026 14:47;450,0;457,8;10,0;0,0;-8,0;-8,0;33,4
27/03/2026 14:48;450,0;454,6;10,0;0,0;-8,0;-9,0;32,9
27/03/2026 14:49;450,0;451,7;10,0;0,0;-8,0;-8,0;33,2
27/03/2026 14:50;450,0;449,0;10,3;0,8;-8,0;-7,0;33,6
27/03/2026 14:51;450,0;446,1;13,6;3,8;-8,0;-8,0;33,3
27/03/2026 14:52;450,0;445,8;17,2;4,5;-8,0;-8,0;33,3
27/03/2026 14:53;450,0;449,6;18,4;1,3;-8,0;-8,0;33,3
27/03/2026 14:54;450,0;455,5;13,8;0,0;-8,0;-8,0;33,4
27/03/2026 14:55;450,0;457,5;10,0;0,0;-8,0;-9,0;33,0
27/03/2026 14:56;450,0;456,4;10,0;0,0;-8,0;-9,0;32,8
27/03/2026 14:57;450,0;453,4;10,0;0,0;-8,0;-9,0;32,8
27/03/2026 14:58;450,0;450,8;10,0;0,0;-8,0;-8,0;33,4
27/03/2026 14:59;450,0;448,4;10,8;1,4;-8,0;-9,0;32,8
27/03/2026 15:00;450,0;447,0;13,8;3,0;-8,0;-8,0;33,1
27/03/2026 15:01;450,0;449,6;14,7;0,9;-8,0;-8,0;33,1
27/03/2026 15:02;450,0;454,3;11,3;0,0;-8,0;-8,0;33,1
27/03/2026 15:03;450,0;456,6;10,0;0,0;-8,0;-8,0;33,1
27/03/2026 15:04;450,0;456,9;10,0;0,0;-8,0;-8,0;33,0
27/03/2026 15:05;450,0;453,1;10,0;0,0;-8,0;-8,0;33,0
27/03/2026 15:06;450,0;449,3;10,0;0,5;-8,0;-8,0;32,9
27/03/2026 15:07;450,0;446,4;13,3;3,5;-8,0;-8,0;32,9
27/03/2026 15:08;450,0;446,1;16,7;4,1;-8,0;-8,0;32,9
27/03/2026 15:09;450,0;450,5;17,0;0,4;-8,0;-8,0;33,0
27/03/2026 15:10;450,0;455,8;11,4;0,0;-8,0;-8,0;33,2
27/03/2026 15:11;450,0;457,8;10,0;0,0;-8,0;-8,0;33,0
27/03/2026 15:12;450,0;456,4;10,0;0,0;-8,0;-7,0;33,4
27/03/2026 15:13;450,0;454,9;10,0;0,0;-8,0;-8,0;33,1
27/03/2026 15:14;450,0;451,7;10,0;0,0;-8,0;-8,0;33,0
27/03/2026 15:15;450,0;447,9;11,3;1,9;-8,0;-8,0;33,0
27/03/2026 15:16;450,0;444,6;16,1;5,4;-8,0;-8,0;32,9
27/03/2026 15:17;450,0;444,9;20,6;5,6;-8,0;-7,0;33,4
27/03/2026 15:18;450,0;450,2;21,0;1,2;-8,0;-7,0;33,6
27/03/2026 15:19;450,0;457,5;14,5;0,0;-8,0;-8,0;33,4
27/03/2026 15:20;450,0;462,2;10,0;0,0;-8,0;-9,0;33,0
27/03/2026 15:21;450,0;460,7;10,0;0,0;-8,0;-8,0;33,2
27/03/2026 15:22;450,0;458,4;10,0;0,0;-8,0;-8,0;33,1
27/03/2026 15:23;450,0;456,4;10,0;0,0;-8,0;-8,0;32,9
27/03/2026 15:24;450,0;454,0;10,0;0,0;-8,0;-8,0;32,9
27/03/2026 15:25;450,0;450,5;10,0;0,0;-8,0;-9,0;32,5
27/03/2026 15:26;450,0;447,9;11,8;2,0;-8,0;-8,0;32,7
27/03/2026 15:27;450,0;446,4;15,4;3,7;-8,0;-7,0;33,4
27/03/2026 15:28;450,0;448,1;17,0;2,4;-8,0;-8,0;33,1
27/03/2026 15:29;450,0;453,7;13,6;0,0;-8,0;-8,0;33,1
27/03/2026 15:30;450,0;455,5;10,0;0,0;-8,0;-8,0;32,9
27/03/2026 15:31;450,0;454,3;10,0;0,0;-8,0;-8,0;33,0
27/03/2026 15:32;450,0;451,4;10,0;0,0;-8,0;-9,0;32,6
27/03/2026 15:33;450,0;448,7;11,0;1,2;-8,0;-8,0;32,9
27/03/2026 15:34;450,0;448,4;11,6;1,5;-8,0;-7,0;33,2
27/03/2026 15:35;450,0;446,7;14,6;3,3;-8,0;-8,0;33,0
27/03/2026 15:36;450,0;446,7;17,4;3,6;-8,0;-8,0;33,0
27/03/2026 15:37;450,0;449,0;18,9;1,8;-8,0;-8,0;33,1
27/03/2026 15:38;450,0;454,6;15,4;0,0;-8,0;-8,0;33,2
27/03/2026 15:39;450,0;456,9;10,0;0,0;-8,0;-9,0;32,6
27/03/2026 15:40;450,0;456,6;10,0;0,0;-8,0;-8,0;33,0
27/03/2026 15:41;450,0;453,4;10,0;0,0;-8,0;-8,0;33,0
27/03/2026 15:42;450,0;450,5;10,0;0,0;-8,0;-9,0;32,7
27/03/2026 15:43;450,0;446,4;12,6;3,4;-8,0;-8,0;33,0
27/03/2026 15:44;450,0;443,5;18,5;6,6;-8,0;-8,0;33,0
27/03/2026 15:45;450,0;445,8;23,0;5,2;-8,0;-7,0;33,6
27/03/2026 15:46;450,0;451,4;22,3;0,2;-8,0;-7,0;33,9
27/03/2026 15:47;450,0;460,2;13,8;0,0;-8,0;-8,0;33,6
27/03/2026 15:48;450,0;463,1;10,0;0,0;-8,0;-8,0;33,6
27/03/2026 15:49;450,0;461,3;10,0;0,0;-8,0;-8,0;33,5
27/03/2026 15:50;450,0;458,4;10,0;0,0;-8,0;-8,0;33,3
27/03/2026 15:51;450,0;454,9;10,0;0,0;-8,0;-8,0;33,3
27/03/2026 15:52;450,0;451,4;10,0;0,0;-8,0;-8,0;33,2
27/03/2026 15:53;450,0;449,3;10,5;0,6;-8,0;-8,0;33,2
27/03/2026 15:54;450,0;446,4;14,0;3,5;-8,0;-8,0;33,1
27/03/2026 15:55;450,0;446,1;17,4;4,2;-8,0;-8,0;33,3
27/03/2026 15:56;450,0;448,4;18,4;2,3;-8,0;-7,0;33,7
27/03/2026 15:57;450,0;453,7;15,3;0,0;-8,0;-8,0;33,5
27/03/2026 15:58;450,0;457,2;10,0;0,0;-8,0;-9,0;33,1
27/03/2026 15:59;450,0;457,2;10,0;0,0;-8,0;-8,0;33,4
27/03/2026 16:00;450,0;455,5;10,0;0,0;-8,0;-8,0;33,3
27/03/2026 16:01;450,0;452,8;10,0;0,0;-8,0;-9,0;33,0
27/03/2026 16:02;450,0;450,2;10,0;0,0;-8,0;-8,0;33,2
27/03/2026 16:03;450,0;447,9;11,8;2,0;-8,0;-8,0;33,1
27/03/2026 16:04;450,0;444,6;16,8;5,4;-8,0;-8,0;33,3
27/03/2026 16:05;450,0;447,0;19,5;3,7;-8,0;-8,0;33,2
27/03/2026 16:06;450,0;453,1;17,3;0,0;-8,0;-8,0;33,4
27/03/2026 16:07;450,0;458,7;10,0;0,0;-8,0;-9,0;33,0
27/03/2026 16:08;450,0;460,2;10,0;0,0;-8,0;-8,0;33,4
27/03/2026 16:09;450,0;460,2;10,0;0,0;-8,0;-8,0;33,0
27/03/2026 16:10;450,0;458,7;10,0;0,0;-8,0;-8,0;33,1
27/03/2026 16:11;450,0;456,9;10,0;0,0;-8,0;-8,0;33,3
27/03/2026 16:12;450,0;454,9;10,0;0,0;-8,0;-9,0;32,7
27/03/2026 16:13;450,0;451,7;10,0;0,0;-8,0;-8,0;32,9
27/03/2026 16:14;450,0;449,3;10,5;0,6;-8,0;-8,0;32,9
27/03/2026 16:15;450,0;447,3;12,7;2,6;-8,0;-8,0;32,9
27/03/2026 16:16;450,0;444,9;16,7;5,2;-8,0;-7,0;33,3
27/03/2026 16:17;450,0;444,6;21,3;6,0;-8,0;-8,0;33,1
27/03/2026 16:18;450,0;450,8;21,4;0,8;-8,0;-6,0;34,2
27/03/2026 16:19;450,0;457,2;14,2;0,0;-8,0;-8,0;33,7
27/03/2026 16:20;450,0;460,2;10,0;0,0;-8,0;-9,0;33,2
27/03/2026 16:21;450,0;458,4;10,0;0,0;-8,0;-8,0;33,5
27/03/2026 16:22;450,0;455,5;10,0;0,0;-8,0;-8,0;33,4
27/03/2026 16:23;450,0;453,1;10,0;0,0;-8,0;-8,0;33,3
27/03/2026 16:24;450,0;451,1;10,0;0,0;-8,0;-8,0;33,3
27/03/2026 16:25;450,0;448,1;11,2;1,7;-8,0;-8,0;33,3
27/03/2026 16:26;450,0;446,1;15,2;3,9;-8,0;-8,0;33,5
27/03/2026 16:27;450,0;446,1;18,7;4,3;-8,0;-7,0;33,8
27/03/2026 16:28;450,0;451,4;18,3;0,0;-8,0;-7,0;34,1
27/03/2026 16:29;450,0;457,5;11,3;0,0;-8,0;-8,0;33,7
27/03/2026 16:30;450,0;459,9;10,0;0,0;-8,0;-8,0;33,7
27/03/2026 16:31;450,0;457,8;10,0;0,0;-8,0;-9,0;33,2
27/03/2026 16:32;450,0;455,5;10,0;0,0;-8,0;-8,0;33,6
27/03/2026 16:33;450,0;454,0;10,0;0,0;-8,0;-7,0;34,1
27/03/2026 16:34;450,0;452,0;10,0;0,0;-8,0;-8,0;33,5
27/03/2026 16:35;450,0;449,3;10,1;0,5;-8,0;-8,0;33,4
27/03/2026 16:36;450,0;447,3;12,2;2,5;-8,0;-8,0;33,3
27/03/2026 16:37;450,0;445,5;16,3;4,6;-8,0;-8,0;33,4
27/03/2026 16:38;450,0;447,0;19,1;3,6;-8,0;-8,0;33,4
27/03/2026 16:39;450,0;453,4;16,3;0,0;-8,0;-8,0;33,5
27/03/2026 16:41;450,0;460,5;10,0;0,0;-8,0;-9,0;33,1
27/03/2026 16:42;450,0;460,2;10,0;0,0;-8,0;-8,0;33,4
27/03/2026 16:43;450,0;458,1;10,0;0,0;-8,0;-8,0;33,4
27/03/2026 16:44;450,0;456,6;10,0;0,0;-8,0;-8,0;33,2
27/03/2026 16:45;450,0;453,4;10,0;0,0;-8,0;-8,0;33,1
27/03/2026 16:46;450,0;451,7;10,0;0,0;-8,0;-8,0;33,2
27/03/2026 16:47;450,0;448,7;10,9;1,2;-8,0;-8,0;33,2
27/03/2026 16:48;450,0;447,3;13,1;2,7;-8,0;-8,0;33,2
27/03/2026 16:49;450,0;447,0;15,7;3,3;-8,0;-8,0;33,2
27/03/2026 16:50;450,0;447,9;17,7;2,6;-8,0;-7,0;33,6
27/03/2026 16:51;450,0;451,7;16,5;0,0;-8,0;-8,0;33,3
27/03/2026 16:52;450,0;459,0;10,0;0,0;-8,0;-8,0;33,3
27/03/2026 16:53;450,0;459,6;10,0;0,0;-8,0;-8,0;33,1
27/03/2026 16:54;450,0;457,8;10,0;0,0;-8,0;-8,0;33,2
27/03/2026 16:55;450,0;454,9;10,0;0,0;-8,0;-8,0;33,2
27/03/2026 16:56;450,0;451,7;10,0;0,0;-8,0;-8,0;33,2
27/03/2026 16:57;450,0;447,6;11,4;2,2;-8,0;-9,0;32,8
27/03/2026 16:58;450,0;444,0;16,2;5,9;-8,0;-8,0;33,2
27/03/2026 16:59;450,0;445,5;20,6;5,2;-8,0;-8,0;33,3
27/03/2026 17:00;450,0;451,1;20,1;0,3;-8,0;-8,0;33,4
27/03/2026 17:01;450,0;458,4;13,0;0,0;-8,0;-8,0;33,5
27/03/2026 17:02;450,0;461,6;10,0;0,0;-8,0;-7,0;33,9
27/03/2026 17:03;450,0;460,7;10,0;0,0;-8,0;-8,0;33,6
27/03/2026 17:04;450,0;458,4;10,0;0,0;-8,0;-9,0;33,1
27/03/2026 17:05;450,0;455,5;10,0;0,0;-8,0;-8,0;33,5
27/03/2026 17:06;450,0;452,2;10,0;0,0;-8,0;-9,0;33,0
27/03/2026 17:07;450,0;449,0;10,3;0,9;-8,0;-8,0;33,3
27/03/2026 17:08;450,0;446,1;13,9;3,8;-8,0;-8,0;33,1
27/03/2026 17:09;450,0;446,7;17,4;3,6;-8,0;-8,0;33,1
27/03/2026 17:10;450,0;450,5;16,8;0,3;-8,0;-8,0;33,5
27/03/2026 17:11;450,0;456,1;11,4;0,0;-8,0;-8,0;33,5
27/03/2026 17:12;450,0;459,6;10,0;0,0;-8,0;-8,0;33,5
27/03/2026 17:13;450,0;460,5;10,0;0,0;-8,0;-8,0;33,4
27/03/2026 17:14;450,0;456,9;10,0;0,0;-8,0;-8,0;33,4
27/03/2026 17:15;450,0;453,4;10,0;0,0;-8,0;-8,0;33,3
27/03/2026 17:16;450,0;450,5;10,0;0,0;-8,0;-8,0;33,3
27/03/2026 17:17;450,0;447,3;12,1;2,6;-8,0;-7,0;33,9
27/03/2026 17:18;450,0;446,1;15,9;4,0;-8,0;-8,0;33,5
27/03/2026 17:19;450,0;447,6;18,3;3,0;-8,0;-8,0;33,5
27/03/2026 17:20;450,0;450,5;18,4;0,6;-8,0;-8,0;33,7
27/03/2026 17:21;450,0;455,5;14,0;0,0;-8,0;-8,0;33,7
27/03/2026 17:22;450,0;456,9;10,0;0,0;-8,0;-9,0;33,1
27/03/2026 17:23;450,0;456,6;10,0;0,0;-8,0;-8,0;33,6
27/03/2026 17:24;450,0;454,0;10,0;0,0;-8,0;-8,0;33,6
27/03/2026 17:25;450,0;451,4;10,0;0,0;-8,0;-8,0;33,3
27/03/2026 17:26;450,0;447,6;11,4;2,1;-8,0;-8,0;33,4
27/03/2026 17:27;450,0;446,1;14,5;3,9;-8,0;-8,0;33,4
27/03/2026 17:28;450,0;444,9;19,1;5,4;-8,0;-8,0;33,4
27/03/2026 17:29;450,0;449,6;20,2;1,5;-8,0;-7,0;34,0
27/03/2026 17:30;450,0;456,9;14,5;0,0;-8,0;-8,0;33,9
27/03/2026 17:31;450,0;461,6;10,0;0,0;-8,0;-9,0;33,5
27/03/2026 17:32;450,0;460,7;10,0;0,0;-8,0;-8,0;33,7
27/03/2026 17:33;450,0;456,4;10,0;0,0;-8,0;-9,0;33,1
27/03/2026 17:34;450,0;451,7;10,0;0,0;-8,0;-9,0;33,1
27/03/2026 17:35;450,0;447,6;11,4;2,2;-8,0;-8,0;33,4
27/03/2026 17:36;450,0;445,2;16,3;4,9;-8,0;-8,0;33,4
27/03/2026 17:37;450,0;445,2;20,5;5,4;-8,0;-8,0;33,5
27/03/2026 17:38;450,0;451,1;20,3;0,3;-8,0;-7,0;34,1
27/03/2026 17:39;450,0;460,7;10,1;0,0;-8,0;-8,0;33,8
27/03/2026 17:40;450,0;465,1;10,0;0,0;-8,0;-8,0;33,5
27/03/2026 17:41;450,0;463,4;10,0;0,0;-8,0;-8,0;33,4
27/03/2026 17:42;450,0;459,3;10,0;0,0;-8,0;-8,0;33,7
27/03/2026 17:43;450,0;455,2;10,0;0,0;-8,0;-8,0;33,3
27/03/2026 17:44;450,0;450,8;10,0;0,0;-8,0;-8,0;33,4
27/03/2026 17:45;450,0;448,1;11,1;1,6;-8,0;-8,0;33,2
27/03/2026 17:46;450,0;447,3;13,7;2,7;-8,0;-8,0;33,2
27/03/2026 17:47;450,0;447,0;16,1;3,3;-8,0;-8,0;33,2
27/03/2026 17:48;450,0;449,3;17,1;1,4;-8,0;-8,0;33,2
27/03/2026 17:49;450,0;452,0;15,7;0,0;-8,0;-8,0;33,2
27/03/2026 17:50;450,0;456,6;10,1;0,0;-8,0;-8,0;33,2
27/03/2026 17:51;450,0;457,5;10,0;0,0;-8,0;-8,0;33,1
27/03/2026 17:52;450,0;456,9;10,0;0,0;-8,0;-8,0;33,1
27/03/2026 17:53;450,0;454,0;10,0;0,0;-8,0;-9,0;32,5
27/03/2026 17:54;450,0;451,4;10,0;0,0;-8,0;-7,0;33,3
27/03/2026 17:55;450,0;448,1;11,2;1,7;-8,0;-8,0;33,1
27/03/2026 17:56;450,0;446,7;14,3;3,3;-8,0;-8,0;33,1
27/03/2026 17:57;450,0;446,1;17,4;4,2;-8,0;-7,0;33,4
27/03/2026 17:58;450,0;449,6;18,4;1,3;-8,0;-7,0;33,6
27/03/2026 17:59;450,0;456,1;14,0;0,0;-8,0;-8,0;33,3
27/03/2026 18:00;450,0;461,9;10,0;0,0;-8,0;-8,0;32,7
27/03/2026 18:01;450,0;461,3;10,0;0,0;-8,0;-8,0;33,1
27/03/2026 18:02;450,0;458,7;10,0;0,0;-8,0;-8,0;33,1
27/03/2026 18:03;450,0;455,8;10,0;0,0;-8,0;-8,0;33,0
27/03/2026 18:04;450,0;451,7;10,0;0,0;-8,0;-8,0;32,9
27/03/2026 18:05;450,0;447,9;11,1;1,8;-8,0;-8,0;33,0
27/03/2026 18:06;450,0;445,8;14,7;4,2;-8,0;-7,0;33,3
27/03/2026 18:07;450,0;445,2;18,9;5,2;-8,0;-7,0;33,6
27/03/2026 18:08;450,0;450,2;19,3;1,0;-8,0;-8,0;33,4
27/03/2026 18:09;450,0;456,1;13,1;0,0;-8,0;-8,0;33,3
27/03/2026 18:10;450,0;458,1;10,0;0,0;-8,0;-8,0;33,3
27/03/2026 18:11;450,0;456,6;10,0;0,0;-8,0;-8,0;33,2
27/03/2026 18:12;450,0;452,0;10,0;0,0;-8,0;-8,0;33,2
27/03/2026 18:13;450,0;448,7;10,3;1,1;-8,0;-8,0;33,2
27/03/2026 18:14;450,0;445,8;14,2;4,1;-8,0;-8,0;33,2
27/03/2026 18:15;450,0;446,7;17,0;3,6;-8,0;-7,0;33,6
27/03/2026 18:16;450,0;449,0;18,0;1,8;-8,0;-8,0;33,4
27/03/2026 18:17;450,0;454,3;14,5;0,0;-8,0;-8,0;33,6
27/03/2026 18:18;450,0;456,1;10,0;0,0;-8,0;-8,0;33,5
27/03/2026 18:19;450,0;456,1;10,0;0,0;-8,0;-8,0;33,7
27/03/2026 18:20;450,0;452,0;10,0;0,0;-8,0;-8,0;33,6
27/03/2026 18:21;450,0;448,7;10,6;1,2;-8,0;-8,0;33,5
27/03/2026 18:22;450,0;447,3;12,5;2,6;-8,0;-8,0;33,4
27/03/2026 18:23;450,0;448,7;13,7;1,5;-8,0;-8,0;33,4
27/03/2026 18:24;450,0;450,8;12,8;0,0;-8,0;-8,0;33,4
27/03/2026 18:25;450,0;450,5;12,1;0,0;-8,0;-8,0;33,4
27/03/2026 18:26;450,0;449,0;13,0;1,2;-8,0;-8,0;33,4
27/03/2026 18:27;450,0;446,4;16,3;3,8;-8,0;-8,0;33,4
27/03/2026 18:28;450,0;448,4;17,5;2,2;-8,0;-8,0;33,5
27/03/2026 18:29;450,0;452,5;15,3;0,0;-8,0;-8,0;33,6
27/03/2026 18:30;450,0;455,8;10,1;0,0;-8,0;-8,0;33,6
27/03/2026 18:31;450,0;454,6;10,0;0,0;-8,0;-7,0;34,1
27/03/2026 18:32;450,0;452,0;10,0;0,0;-8,0;-9,0;33,3
27/03/2026 18:33;450,0;447,0;11,9;2,8;-8,0;-8,0;33,6
27/03/2026 18:34;450,0;445,2;16,6;5,0;-8,0;-8,0;33,6
27/03/2026 18:35;450,0;446,7;19,4;3,9;-8,0;-7,0;34,1
27/03/2026 18:36;450,0;452,8;17,3;0,0;-8,0;-8,0;33,9
27/03/2026 18:37;450,0;457,5;10,1;0,0;-8,0;-8,0;33,8
27/03/2026 18:38;450,0;456,9;10,0;0,0;-8,0;-8,0;33,8
27/03/2026 18:39;450,0;453,1;10,0;0,0;-8,0;-9,0;33,1
27/03/2026 18:40;450,0;447,9;11,2;1,9;-8,0;-9,0;33,2
27/03/2026 18:41;450,0;445,5;15,3;4,5;-8,0;-8,0;33,5
27/03/2026 18:42;450,0;446,7;18,8;3,9;-8,0;-8,0;33,6
27/03/2026 18:43;450,0;453,1;16,6;0,0;-8,0;-7,0;34,3
27/03/2026 18:44;450,0;458,4;10,0;0,0;-8,0;-8,0;34,0
27/03/2026 18:45;450,0;459,9;10,0;0,0;-8,0;-9,0;33,2
27/03/2026 18:46;450,0;457,8;10,0;0,0;-8,0;-9,0;33,0
27/03/2026 18:47;450,0;454,6;10,0;0,0;-8,0;-9,0;33,0
27/03/2026 18:48;450,0;451,1;10,0;0,0;-8,0;-8,0;33,1
27/03/2026 18:49;450,0;447,6;11,3;2,1;-8,0;-8,0;33,1
27/03/2026 18:50;450,0;444,6;16,5;5,4;-8,0;-8,0;33,1
27/03/2026 18:51;450,0;445,2;20,5;5,4;-8,0;-7,0;33,5
27/03/2026 18:52;450,0;450,8;19,9;0,5;-8,0;-7,0;33,8
27/03/2026 18:53;450,0;459,0;11,8;0,0;-8,0;-8,0;33,5
27/03/2026 18:54;450,0;462,5;10,0;0,0;-8,0;-8,0;33,3
27/03/2026 18:55;450,0;460,5;10,0;0,0;-8,0;-8,0;33,1
27/03/2026 18:56;450,0;457,5;10,0;0,0;-8,0;-8,0;33,3
27/03/2026 18:57;450,0;452,5;10,0;0,0;-8,0;-8,0;33,2
27/03/2026 18:58;450,0;447,6;11,2;2,1;-8,0;-8,0;32,9
27/03/2026 18:59;450,0;445,5;15,3;4,5;-8,0;-8,0;33,0
27/03/2026 19:00;450,0;445,8;18,7;4,6;-8,0;-8,0;33,0
27/03/2026 19:01;450,0;450,2;19,2;1,0;-8,0;-8,0;33,1
27/03/2026 19:02;450,0;457,8;12,3;0,0;-8,0;-8,0;33,1
27/03/2026 19:03;450,0;460,2;10,0;0,0;-8,0;-8,0;32,9
27/03/2026 19:04;450,0;460,2;10,0;0,0;-8,0;-8,0;33,0
27/03/2026 19:05;450,0;459,0;10,0;0,0;-8,0;-8,0;33,0
27/03/2026 19:06;450,0;456,6;10,0;0,0;-8,0;-8,0;33,0
27/03/2026 19:07;450,0;453,4;10,0;0,0;-8,0;-8,0;32,9
27/03/2026 19:08;450,0;449,6;10,0;0,3;-8,0;-8,0;33,0
27/03/2026 19:09;450,0;445,2;13,8;4,6;-8,0;-8,0;32,9
27/03/2026 19:10;450,0;444,9;18,5;5,4;-8,0;-8,0;32,9
27/03/2026 19:11;450,0;449,0;20,0;2,0;-8,0;-8,0;33,0
27/03/2026 19:12;450,0;456,9;14,9;0,0;-8,0;-8,0;33,1
27/03/2026 19:13;450,0;463,7;10,0;0,0;-8,0;-8,0;33,0
27/03/2026 19:14;450,0;465,1;10,0;0,0;-8,0;-8,0;33,1
27/03/2026 19:15;450,0;461,9;10,0;0,0;-8,0;-8,0;33,0
27/03/2026 19:16;450,0;457,5;10,0;0,0;-8,0;-8,0;32,9
27/03/2026 19:17;450,0;451,7;10,0;0,0;-8,0;-8,0;32,8
27/03/2026 19:18;450,0;447,3;12,2;2,6;-8,0;-8,0;32,8
27/03/2026 19:19;450,0;446,4;15,5;3,7;-8,0;-8,0;32,8
27/03/2026 19:20;450,0;447,9;17,1;2,6;-8,0;-7,0;33,2
27/03/2026 19:21;450,0;451,7;15,8;0,0;-8,0;-8,0;33,1
27/03/2026 19:22;450,0;457,2;10,0;0,0;-8,0;-8,0;32,9
27/03/2026 19:23;450,0;459,6;10,0;0,0;-8,0;-9,0;32,7
27/03/2026 19:24;450,0;459,6;10,0;0,0;-8,0;-8,0;32,8
27/03/2026 19:25;450,0;458,7;10,0;0,0;-8,0;-8,0;32,8
27/03/2026 19:26;450,0;455,8;10,0;0,0;-8,0;-8,0;32,8
27/03/2026 19:27;450,0;453,4;10,0;0,0;-8,0;-8,0;32,7
27/03/2026 19:28;450,0;451,4;10,0;0,0;-8,0;-8,0;32,6
27/03/2026 19:29;450,0;448,4;11,0;1,5;-8,0;-8,0;32,6
27/03/2026 19:30;450,0;445,5;15,3;4,5;-8,0;-8,0;32,6
27/03/2026 19:31;450,0;443,8;20,9;6,7;-8,0;-8,0;32,6
27/03/2026 19:32;450,0;448,7;22,7;2,6;-8,0;-7,0;33,4
27/03/2026 19:33;450,0;456,9;17,0;0,0;-8,0;-8,0;33,3
27/03/2026 19:34;450,0;461,9;10,0;0,0;-8,0;-8,0;33,2
27/03/2026 19:35;450,0;461,0;10,0;0,0;-8,0;-9,0;32,6
27/03/2026 19:36;450,0;457,5;10,0;0,0;-8,0;-8,0;32,8
27/03/2026 19:37;450,0;454,0;10,0;0,0;-8,0;-8,0;32,7
27/03/2026 19:38;450,0;449,9;10,0;0,0;-8,0;-8,0;32,6
27/03/2026 19:39;450,0;446,4;12,8;3,3;-8,0;-8,0;32,6
27/03/2026 19:40;450,0;444,3;17,8;5,9;-8,0;-8,0;32,6
27/03/2026 19:41;450,0;445,8;22,8;5,2;-8,0;-7,0;33,3
27/03/2026 19:42;450,0;454,6;19,0;0,0;-8,0;-7,0;33,5
27/03/2026 19:43;450,0;462,2;10,0;0,0;-8,0;-8,0;33,1
27/03/2026 19:44;450,0;466,0;10,0;0,0;-8,0;-9,0;32,7
27/03/2026 19:45;450,0;464,3;10,0;0,0;-8,0;-7,0;33,4
27/03/2026 19:46;450,0;462,8;10,0;0,0;-8,0;-8,0;33,0
27/03/2026 19:47;450,0;459,6;10,0;0,0;-8,0;-8,0;32,9
27/03/2026 19:48;450,0;455,8;10,0;0,0;-8,0;-9,0;32,5
27/03/2026 19:49;450,0;452,5;10,0;0,0;-8,0;-8,0;32,7
27/03/2026 19:50;450,0;449,6;10,0;0,2;-8,0;-8,0;32,6
27/03/2026 19:51;450,0;448,7;11,5;1,3;-8,0;-8,0;32,6
27/03/2026 19:52;450,0;448,7;12,6;1,4;-8,0;-8,0;32,6
27/03/2026 19:53;450,0;448,7;13,6;1,5;-8,0;-8,0;32,6
27/03/2026 19:54;450,0;446,1;16,7;4,1;-8,0;-8,0;32,6
27/03/2026 19:55;450,0;444,9;20,7;5,6;-8,0;-8,0;32,7
27/03/2026 19:56;450,0;447,6;23,6;3,6;-8,0;-7,0;33,4
27/03/2026 19:57;450,0;456,9;18,5;0,0;-8,0;-7,0;33,6
27/03/2026 19:58;450,0;462,2;10,0;0,0;-8,0;-8,0;33,3
27/03/2026 19:59;450,0;460,7;10,0;0,0;-8,0;-9,0;32,8
27/03/2026 20:00;450,0;457,5;10,0;0,0;-8,0;-8,0;33,1
27/03/2026 20:01;450,0;452,8;10,0;0,0;-8,0;-8,0;32,9
27/03/2026 20:02;450,0;449,0;10,3;0,9;-8,0;-8,0;32,7
27/03/2026 20:03;450,0;444,9;14,2;4,8;-8,0;-8,0;32,6
27/03/2026 20:04;450,0;442,9;19,8;7,2;-8,0;-7,0;33,0
27/03/2026 20:05;450,0;447,9;23,0;3,4;-8,0;-7,0;33,4
27/03/2026 20:06;450,0;456,6;16,6;0,0;-8,0;-8,0;33,2
27/03/2026 20:07;450,0;461,0;10,0;0,0;-8,0;-9,0;32,8
27/03/2026 20:08;450,0;461,3;10,0;0,0;-8,0;-8,0;33,0
27/03/2026 20:09;450,0;458,1;10,0;0,0;-8,0;-8,0;33,0
27/03/2026 20:10;450,0;455,8;10,0;0,0;-8,0;-8,0;33,2
27/03/2026 20:11;450,0;452,0;10,0;0,0;-8,0;-8,0;33,0
27/03/2026 20:12;450,0;447,3;11,5;2,4;-8,0;-8,0;32,8
27/03/2026 20:13;450,0;444,6;16,1;5,3;-8,0;-8,0;32,9
27/03/2026 20:14;450,0;447,3;19,1;3,4;-8,0;-7,0;33,3
27/03/2026 20:15;450,0;453,4;16,5;0,0;-8,0;-8,0;33,0
27/03/2026 20:16;450,0;458,1;10,0;0,0;-8,0;-8,0;33,0
27/03/2026 20:17;450,0;458,1;10,0;0,0;-8,0;-9,0;32,6
27/03/2026 20:18;450,0;455,5;10,0;0,0;-8,0;-8,0;32,9
27/03/2026 20:19;450,0;452,2;10,0;0,0;-8,0;-9,0;32,5
27/03/2026 20:20;450,0;449,6;10,0;0,3;-8,0;-8,0;32,6
27/03/2026 20:21;450,0;445,5;13,6;4,3;-8,0;-8,0;32,7
27/03/2026 20:22;450,0;444,0;19,3;6,3;-8,0;-7,0;33,2
27/03/2026 20:23;450,0;447,3;21,8;3,7;-8,0;-7,0;33,5
27/03/2026 20:24;450,0;454,6;18,0;0,0;-8,0;-8,0;33,3
27/03/2026 20:25;450,0;459,9;10,0;0,0;-8,0;-9,0;32,9
27/03/2026 20:26;450,0;459,9;10,0;0,0;-8,0;-8,0;33,1
27/03/2026 20:27;450,0;457,5;10,0;0,0;-8,0;-8,0;33,0
27/03/2026 20:28;450,0;453,4;10,0;0,0;-8,0;-8,0;32,9
27/03/2026 20:29;450,0;450,2;10,0;0,0;-8,0;-8,0;32,9
27/03/2026 20:30;450,0;446,7;13,2;3,2;-8,0;-8,0;32,9
27/03/2026 20:31;450,0;446,4;16,1;3,8;-8,0;-8,0;32,9
27/03/2026 20:32;450,0;448,4;17,2;2,2;-8,0;-8,0;32,9
27/03/2026 20:33;450,0;452,5;15,2;0,0;-8,0;-8,0;32,9
27/03/2026 20:34;450,0;457,5;10,0;0,0;-8,0;-8,0;32,9
27/03/2026 20:35;450,0;456,1;10,0;0,0;-8,0;-8,0;33,0
27/03/2026 20:36;450,0;453,1;10,0;0,0;-8,0;-8,0;32,9
27/03/2026 20:37;450,0;450,2;10,0;0,0;-8,0;-9,0;32,5
27/03/2026 20:38;450,0;446,7;13,2;3,2;-8,0;-8,0;32,8
27/03/2026 20:39;450,0;444,9;17,9;5,3;-8,0;-8,0;32,8
27/03/2026 20:40;450,0;446,7;20,9;4,1;-8,0;-8,0;32,9
27/03/2026 20:41;450,0;453,4;18,3;0,0;-8,0;-8,0;33,2
27/03/2026 20:42;450,0;459,3;10,0;0,0;-8,0;-8,0;33,1
27/03/2026 20:43;450,0;460,5;10,0;0,0;-8,0;-9,0;32,6
27/03/2026 20:44;450,0;456,6;10,0;0,0;-8,0;-8,0;32,9
27/03/2026 20:45;450,0;453,7;10,0;0,0;-8,0;-8,0;32,9
27/03/2026 20:46;450,0;450,5;10,0;0,0;-8,0;-8,0;32,8
27/03/2026 20:47;450,0;449,3;10,5;0,6;-8,0;-8,0;33,1
27/03/2026 20:48;450,0;447,9;12,2;2,0;-8,0;-8,0;32,9
27/03/2026 20:49;450,0;446,4;14,7;3,6;-8,0;-8,0;32,9
27/03/2026 20:50;450,0;447,3;17,4;3,2;-8,0;-8,0;32,9
27/03/2026 20:51;450,0;452,5;16,2;0,0;-8,0;-8,0;33,1
27/03/2026 20:52;450,0;458,7;10,0;0,0;-8,0;-8,0;33,0
27/03/2026 20:53;450,0;461,6;10,0;0,0;-8,0;-8,0;33,0
27/03/2026 20:54;450,0;461,6;10,0;0,0;-8,0;-8,0;32,9
27/03/2026 20:55;450,0;458,7;10,0;0,0;-8,0;-8,0;32,9
27/03/2026 20:56;450,0;455,2;10,0;0,0;-8,0;-8,0;32,9
27/03/2026 20:57;450,0;450,8;10,0;0,0;-8,0;-8,0;32,8
27/03/2026 20:58;450,0;445,8;13,0;3,9;-8,0;-8,0;32,8
27/03/2026 20:59;450,0;443,8;19,0;6,4;-8,0;-7,0;33,4
27/03/2026 21:00;450,0;446,7;22,3;4,3;-8,0;-8,0;33,4
27/03/2026 21:01;450,0;456,1;17,0;0,0;-8,0;-8,0;33,4
27/03/2026 21:02;450,0;461,6;10,0;0,0;-8,0;-8,0;33,3
27/03/2026 21:03;450,0;463,7;10,0;0,0;-8,0;-8,0;33,3
27/03/2026 21:04;450,0;461,6;10,0;0,0;-8,0;-8,0;33,1
27/03/2026 21:05;450,0;459,6;10,0;0,0;-8,0;-8,0;33,1
27/03/2026 21:06;450,0;456,6;10,0;0,0;-8,0;-8,0;33,1
27/03/2026 21:07;450,0;453,4;10,0;0,0;-8,0;-8,0;33,0
27/03/2026 21:08;450,0;448,7;10,4;1,1;-8,0;-9,0;32,6
27/03/2026 21:09;450,0;444,6;15,3;5,3;-8,0;-8,0;33,0
27/03/2026 21:10;450,0;444,0;20,6;6,4;-8,0;-7,0;33,3
27/03/2026 21:11;450,0;448,7;22,4;2,6;-8,0;-6,0;34,2
27/03/2026 21:12;450,0;460,5;13,8;0,0;-8,0;-8,0;33,6
27/03/2026 21:13;450,0;467,2;10,0;0,0;-8,0;-9,0;33,0
27/03/2026 21:14;450,0;466,9;10,0;0,0;-8,0;-8,0;33,2
27/03/2026 21:15;450,0;465,4;10,0;0,0;-8,0;-8,0;33,1
27/03/2026 21:16;450,0;461,6;10,0;0,0;-8,0;-8,0;33,2
27/03/2026 21:17;450,0;457,8;10,0;0,0;-8,0;-9,0;32,8
27/03/2026 21:18;450,0;453,4;10,0;0,0;-8,0;-8,0;33,1
27/03/2026 21:19;450,0;449,6;10,0;0,2;-8,0;-8,0;32,9
27/03/2026 21:20;450,0;444,6;15,0;5,2;-8,0;-8,0;32,9
27/03/2026 21:21;450,0;442,6;21,6;7,8;-8,0;-8,0;32,9
27/03/2026 21:22;450,0;445,5;25,8;5,8;-8,0;-7,0;33,6
27/03/2026 21:23;450,0;457,5;18,9;0,0;-8,0;-8,0;33,5
27/03/2026 21:24;450,0;464,6;10,0;0,0;-8,0;-8,0;33,7
27/03/2026 21:25;450,0;464,6;10,0;0,0;-8,0;-8,0;33,6
27/03/2026 21:26;450,0;461,6;10,0;0,0;-8,0;-8,0;33,2
27/03/2026 21:27;450,0;457,2;10,0;0,0;-8,0;-8,0;33,2
27/03/2026 21:28;450,0;452,2;10,0;0,0;-8,0;-8,0;33,1
27/03/2026 21:29;450,0;448,7;10,6;0,9;-8,0;-8,0;33,0
27/03/2026 21:30;450,0;447,0;13,3;3,0;-8,0;-8,0;32,9
27/03/2026 21:31;450,0;445,8;16,5;4,4;-8,0;-8,0;33,0
27/03/2026 21:32;450,0;446,7;19,5;3,9;-8,0;-7,0;33,4
27/03/2026 21:33;450,0;453,7;17,0;0,0;-8,0;-8,0;33,1
27/03/2026 21:34;450,0;460,7;10,0;0,0;-8,0;-8,0;33,1
27/03/2026 21:35;450,0;460,7;10,0;0,0;-8,0;-9,0;32,6
27/03/2026 21:36;450,0;459,0;10,0;0,0;-8,0;-7,0;33,4
27/03/2026 21:37;450,0;456,1;10,0;0,0;-8,0;-8,0;33,0
27/03/2026 21:38;450,0;452,5;10,0;0,0;-8,0;-9,0;32,6
27/03/2026 21:39;450,0;450,5;10,0;0,0;-8,0;-8,0;33,0
27/03/2026 21:40;450,0;448,7;10,5;1,1;-8,0;-8,0;32,9
27/03/2026 21:41;450,0;447,6;12,2;2,3;-8,0;-8,0;32,8
27/03/2026 21:42;450,0;446,4;15,7;3,7;-8,0;-8,0;32,8
27/03/2026 21:43;450,0;448,1;16,5;2,3;-8,0;-8,0;32,8
27/03/2026 21:44;450,0;449,6;16,8;1,0;-8,0;-8,0;32,8
27/03/2026 21:45;450,0;451,4;15,5;0,0;-8,0;-8,0;32,8
27/03/2026 21:46;450,0;454,6;10,8;0,0;-8,0;-8,0;32,8
27/03/2026 21:47;450,0;453,1;10,0;0,0;-8,0;-8,0;32,8
27/03/2026 21:48;450,0;448,7;10,6;1,2;-8,0;-8,0;32,8
27/03/2026 21:49;450,0;445,5;14,4;4,3;-8,0;-8,0;32,9
27/03/2026 21:50;450,0;445,5;18,6;4,9;-8,0;-7,0;33,3
27/03/2026 21:51;450,0;449,3;19,3;1,7;-8,0;-8,0;33,1
27/03/2026 21:52;450,0;457,2;13,2;0,0;-8,0;-8,0;33,2
27/03/2026 21:53;450,0;460,7;10,0;0,0;-8,0;-8,0;33,0
27/03/2026 21:54;450,0;461,9;10,0;0,0;-8,0;-8,0;33,0
27/03/2026 21:55;450,0;461,9;10,0;0,0;-8,0;-8,0;32,9
27/03/2026 21:56;450,0;459,3;10,0;0,0;-8,0;-8,0;32,8
27/03/2026 21:57;450,0;455,5;10,0;0,0;-8,0;-8,0;32,8
27/03/2026 21:58;450,0;451,4;10,0;0,0;-8,0;-8,0;32,8
27/03/2026 21:59;450,0;447,0;11,9;2,8;-8,0;-8,0;32,8
27/03/2026 22:00;450,0;443,8;17,0;6,1;-8,0;-8,0;32,8
27/03/2026 22:01;450,0;444,9;21,6;5,7;-8,0;-7,0;33,6
27/03/2026 22:02;450,0;450,2;22,2;1,4;-8,0;-7,0;33,8
27/03/2026 22:03;450,0;457,2;15,8;0,0;-8,0;-8,0;33,5
27/03/2026 22:04;450,0;461,9;10,0;0,0;-8,0;-8,0;33,4
27/03/2026 22:05;450,0;460,5;10,0;0,0;-8,0;-8,0;33,2
27/03/2026 22:06;450,0;459,0;10,0;0,0;-8,0;-8,0;33,0
27/03/2026 22:07;450,0;455,2;10,0;0,0;-8,0;-8,0;33,1
27/03/2026 22:08;450,0;451,4;10,0;0,0;-8,0;-8,0;32,8
27/03/2026 22:09;450,0;448,7;10,5;1,2;-8,0;-9,0;32,5
27/03/2026 22:10;450,0;447,0;13,3;3,0;-8,0;-8,0;32,9
27/03/2026 22:11;450,0;445,8;17,1;4,4;-8,0;-8,0;32,9
27/03/2026 22:12;450,0;447,3;19,6;3,4;-8,0;-7,0;33,2
27/03/2026 22:13;450,0;452,0;17,9;0,0;-8,0;-7,0;33,6
27/03/2026 22:14;450,0;457,2;11,2;0,0;-8,0;-8,0;33,3
27/03/2026 22:15;450,0;458,4;10,0;0,0;-8,0;-8,0;33,1
27/03/2026 22:16;450,0;456,4;10,0;0,0;-8,0;-9,0;32,5
27/03/2026 22:17;450,0;452,5;10,0;0,0;-8,0;-9,0;32,5
27/03/2026 22:18;450,0;447,9;11,2;1,9;-8,0;-8,0;32,8
27/03/2026 22:19;450,0;444,3;16,0;5,6;-8,0;-8,0;32,8
27/03/2026 22:20;450,0;445,8;20,5;4,9;-8,0;-7,0;33,2
27/03/2026 22:21;450,0;453,1;17,9;0,0;-8,0;-8,0;33,1
27/03/2026 22:22;450,0;459,6;10,0;0,0;-8,0;-8,0;33,0
27/03/2026 22:23;450,0;462,8;10,0;0,0;-8,0;-8,0;32,9
27/03/2026 22:24;450,0;461,0;10,0;0,0;-8,0;-8,0;32,8
27/03/2026 22:25;450,0;458,1;10,0;0,0;-8,0;-8,0;32,8
27/03/2026 22:26;450,0;456,1;10,0;0,0;-8,0;-8,0;32,9
27/03/2026 22:27;450,0;452,8;10,0;0,0;-8,0;-8,0;32,9
27/03/2026 22:28;450,0;449,9;10,0;0,0;-8,0;-8,0;32,9
27/03/2026 22:29;450,0;447,3;12,2;2,6;-8,0;-8,0;32,8
27/03/2026 22:30;450,0;446,4;15,3;3,7;-8,0;-8,0;32,8
27/03/2026 22:31;450,0;448,7;16,7;1,9;-8,0;-8,0;32,9
27/03/2026 22:32;450,0;455,2;13,1;0,0;-8,0;-8,0;32,9
27/03/2026 22:33;450,0;460,5;10,0;0,0;-8,0;-8,0;32,8
27/03/2026 22:34;450,0;457,2;10,0;0,0;-8,0;-8,0;32,7
27/03/2026 22:35;450,0;452,2;10,0;0,0;-8,0;-8,0;32,6
27/03/2026 22:36;450,0;447,3;11,8;2,4;-8,0;-8,0;32,6
27/03/2026 22:37;450,0;443,5;17,7;6,5;-8,0;-8,0;32,6
27/03/2026 22:38;450,0;444,3;23,1;6,5;-8,0;-7,0;33,5
27/03/2026 22:39;450,0;452,2;21,4;0,0;-8,0;-8,0;33,2
27/03/2026 22:40;450,0;460,5;11,6;0,0;-8,0;-8,0;33,3
27/03/2026 22:41;450,0;462,8;10,0;0,0;-8,0;-8,0;33,0
27/03/2026 22:42;450,0;459,6;10,0;0,0;-8,0;-8,0;33,1
27/03/2026 22:43;450,0;456,4;10,0;0,0;-8,0;-8,0;33,0
27/03/2026 22:44;450,0;452,5;10,0;0,0;-8,0;-8,0;32,9
27/03/2026 22:45;450,0;448,7;10,4;1,1;-8,0;-8,0;32,9
27/03/2026 22:46;450,0;445,5;14,4;4,3;-8,0;-8,0;32,9
27/03/2026 22:47;450,0;445,8;18,4;4,7;-8,0;-8,0;32,9
27/03/2026 22:48;450,0;449,0;19,7;2,0;-8,0;-8,0;33,1
27/03/2026 22:49;450,0;456,9;14,0;0,0;-8,0;-8,0;33,1
27/03/2026 22:50;450,0;462,8;10,0;0,0;-8,0;-7,0;33,4
27/03/2026 22:51;450,0;463,7;10,0;0,0;-8,0;-9,0;32,7
27/03/2026 22:52;450,0;461,0;10,0;0,0;-8,0;-8,0;33,0
27/03/2026 22:53;450,0;457,8;10,0;0,0;-8,0;-9,0;32,6
27/03/2026 22:54;450,0;453,1;10,0;0,0;-8,0;-8,0;32,8
27/03/2026 22:55;450,0;450,2;10,0;0,0;-8,0;-8,0;32,7
27/03/2026 22:56;450,0;447,0;12,4;2,9;-8,0;-8,0;32,7
27/03/2026 22:57;450,0;444,6;16,5;5,4;-8,0;-8,0;32,7
27/03/2026 22:58;450,0;444,9;20,6;5,6;-8,0;-7,0;33,3
27/03/2026 22:59;450,0;451,7;20,0;0,0;-8,0;-8,0;33,0
27/03/2026 23:00;450,0;458,7;11,8;0,0;-8,0;-8,0;33,0
27/03/2026 23:01;450,0;460,2;10,0;0,0;-8,0;-8,0;32,9
27/03/2026 23:02;450,0;458,7;10,0;0,0;-8,0;-8,0;32,9
27/03/2026 23:03;450,0;455,5;10,0;0,0;-8,0;-8,0;32,9
27/03/2026 23:04;450,0;451,1;10,0;0,0;-8,0;-8,0;32,9
27/03/2026 23:05;450,0;447,6;11,8;2,2;-8,0;-8,0;32,9
27/03/2026 23:06;450,0;444,9;15,9;5,0;-8,0;-8,0;32,9
27/03/2026 23:07;450,0;446,4;19,1;4,1;-8,0;-7,0;33,3
27/03/2026 23:08;450,0;452,5;17,3;0,0;-8,0;-7,0;33,4
27/03/2026 23:09;450,0;458,7;10,0;0,0;-8,0;-8,0;33,1
27/03/2026 23:10;450,0;460,5;10,0;0,0;-8,0;-8,0;33,0
27/03/2026 23:11;450,0;458,7;10,0;0,0;-8,0;-8,0;32,7
27/03/2026 23:12;450,0;455,2;10,0;0,0;-8,0;-8,0;32,8
27/03/2026 23:13;450,0;451,1;10,0;0,0;-8,0;-8,0;32,8
27/03/2026 23:14;450,0;447,6;11,7;2,2;-8,0;-8,0;32,8
27/03/2026 23:15;450,0;444,6;16,3;5,4;-8,0;-8,0;33,0
27/03/2026 23:16;450,0;444,9;20,4;5,6;-8,0;-7,0;33,6
27/03/2026 23:17;450,0;449,9;21,1;1,3;-8,0;-7,0;33,8
27/03/2026 23:18;450,0;459,6;13,7;0,0;-8,0;-8,0;33,5
27/03/2026 23:19;450,0;464,8;10,0;0,0;-8,0;-8,0;33,4
27/03/2026 23:20;450,0;466,0;10,0;0,0;-8,0;-8,0;33,3
27/03/2026 23:21;450,0;462,2;10,0;0,0;-8,0;-9,0;32,9
27/03/2026 23:22;450,0;458,1;10,0;0,0;-8,0;-8,0;33,1
27/03/2026 23:23;450,0;454,0;10,0;0,0;-8,0;-8,0;33,1
27/03/2026 23:24;450,0;449,6;10,0;0,2;-8,0;-8,0;33,1
27/03/2026 23:25;450,0;447,6;12,2;2,3;-8,0;-8,0;33,0
27/03/2026 23:26;450,0;446,7;15,5;3,4;-8,0;-8,0;33,0
27/03/2026 23:27;450,0;447,9;17,3;2,6;-8,0;-7,0;33,7
27/03/2026 23:28;450,0;451,4;16,2;0,0;-8,0;-8,0;33,3
27/03/2026 23:29;450,0;456,9;10,2;0,0;-8,0;-8,0;33,3
27/03/2026 23:30;450,0;458,7;10,0;0,0;-8,0;-8,0;33,0
27/03/2026 23:31;450,0;458,4;10,0;0,0;-8,0;-9,0;32,6
27/03/2026 23:32;450,0;454,9;10,0;0,0;-8,0;-8,0;32,9
27/03/2026 23:33;450,0;450,5;10,0;0,0;-8,0;-9,0;32,6
27/03/2026 23:34;450,0;447,3;12,0;2,6;-8,0;-8,0;32,8
27/03/2026 23:35;450,0;444,0;17,6;6,1;-8,0;-8,0;32,8
27/03/2026 23:36;450,0;445,2;21,9;5,6;-8,0;-7,0;33,5
27/03/2026 23:37;450,0;452,8;20,1;0,0;-8,0;-8,0;33,4
27/03/2026 23:38;450,0;461,3;10,0;0,0;-8,0;-8,0;33,3
27/03/2026 23:39;450,0;462,5;10,0;0,0;-8,0;-8,0;33,1
27/03/2026 23:40;450,0;459,9;10,0;0,0;-8,0;-9,0;32,9
27/03/2026 23:41;450,0;456,1;10,0;0,0;-8,0;-9,0;32,6
27/03/2026 23:42;450,0;452,0;10,0;0,0;-8,0;-9,0;32,6
27/03/2026 23:43;450,0;447,9;11,2;1,9;-8,0;-8,0;32,8
27/03/2026 23:44;450,0;445,8;15,0;4,2;-8,0;-8,0;32,8
27/03/2026 23:45;450,0;445,5;18,9;4,9;-8,0;-7,0;33,2
27/03/2026 23:46;450,0;449,0;20,0;2,0;-8,0;-8,0;33,1
27/03/2026 23:47;450,0;454,3;16,5;0,0;-8,0;-8,0;33,1
27/03/2026 23:48;450,0;458,1;10,0;0,0;-8,0;-8,0;33,1
27/03/2026 23:49;450,0;457,8;10,0;0,0;-8,0;-9,0;32,6
27/03/2026 23:50;450,0;454,9;10,0;0,0;-8,0;-8,0;32,9
27/03/2026 23:51;450,0;452,0;10,0;0,0;-8,0;-8,0;32,8
27/03/2026 23:52;450,0;449,6;10,0;0,3;-8,0;-8,0;33,0
27/03/2026 23:53;450,0;447,3;12,7;2,6;-8,0;-8,0;32,8
27/03/2026 23:54;450,0;444,0;17,9;6,2;-8,0;-7,0;33,2
27/03/2026 23:55;450,0;445,8;21,2;4,9;-8,0;-7,0;33,2
27/03/2026 23:56;450,0;451,4;19,8;0,0;-8,0;-8,0;33,2
27/03/2026 23:57;450,0;458,7;11,8;0,0;-8,0;-8,0;33,2
27/03/2026 23:58;450,0;460,2;10,0;0,0;-8,0;-8,0;33,1
27/03/2026 23:59;450,0;458,1;10,0;0,0;-8,0;-8,0;32,9
28/03/2026 00:00;450,0;456,4;10,0;0,0;-8,0;-9,0;32,6
28/03/2026 00:01;450,0;454,9;10,0;0,0;-8,0;-8,0;32,8
28/03/2026 00:02;450,0;452,0;10,0;0,0;-8,0;-8,0;32,8
28/03/2026 00:03;450,0;447,0;11,6;2,7;-8,0;-8,0;32,7
28/03/2026 00:04;450,0;444,0;17,2;6,1;-8,0;-7,0;33,2
28/03/2026 00:05;450,0;444,0;23,0;6,8;-8,0;-7,0;33,5
28/03/2026 00:06;450,0;453,7;20,3;0,0;-8,0;-7,0;33,8
28/03/2026 00:07;450,0;461,0;10,9;0,0;-8,0;-8,0;33,4
28/03/2026 00:08;450,0;461,9;10,0;0,0;-8,0;-8,0;33,4
28/03/2026 00:09;450,0;459,6;10,0;0,0;-8,0;-9,0;32,6
28/03/2026 00:10;450,0;455,8;10,0;0,0;-8,0;-8,0;33,0
28/03/2026 00:11;450,0;451,7;10,0;0,0;-8,0;-9,0;32,5
28/03/2026 00:12;450,0;447,6;11,5;2,2;-8,0;-8,0;32,6
28/03/2026 00:13;450,0;445,5;15,4;4,5;-8,0;-8,0;32,6
28/03/2026 00:14;450,0;445,8;19,6;4,7;-8,0;-8,0;32,9
28/03/2026 00:15;450,0;451,4;18,4;0,0;-8,0;-7,0;33,3
28/03/2026 00:16;450,0;456,4;12,2;0,0;-8,0;-7,0;33,3
28/03/2026 00:17;450,0;459,0;10,0;0,0;-8,0;-8,0;33,1
28/03/2026 00:18;450,0;457,5;10,0;0,0;-8,0;-9,0;32,6
28/03/2026 00:19;450,0;456,4;10,0;0,0;-8,0;-8,0;32,9
28/03/2026 00:20;450,0;454,0;10,0;0,0;-8,0;-8,0;32,9
28/03/2026 00:21;450,0;450,2;10,0;0,0;-8,0;-8,0;32,7
28/03/2026 00:22;450,0;447,3;11,8;2,5;-8,0;-8,0;32,7
28/03/2026 00:23;450,0;445,5;16,2;4,6;-8,0;-8,0;32,7
28/03/2026 00:24;450,0;446,4;19,4;4,1;-8,0;-8,0;32,9
28/03/2026 00:25;450,0;451,4;18,6;0,0;-8,0;-8,0;32,9
28/03/2026 00:26;450,0;457,5;11,8;0,0;-8,0;-9,0;32,5
28/03/2026 00:27;450,0;459,3;10,0;0,0;-8,0;-8,0;32,8
28/03/2026 00:28;450,0;456,4;10,0;0,0;-8,0;-8,0;32,8
28/03/2026 00:29;450,0;453,4;10,0;0,0;-8,0;-8,0;32,8
28/03/2026 00:30;450,0;449,3;10,2;0,6;-8,0;-8,0;32,8
28/03/2026 00:31;450,0;445,5;13,8;4,3;-8,0;-8,0;32,8
28/03/2026 00:32;450,0;444,0;19,0;6,3;-8,0;-8,0;32,8
28/03/2026 00:33;450,0;447,9;21,1;3,1;-8,0;-7,0;33,5
28/03/2026 00:34;450,0;455,8;16,5;0,0;-8,0;-8,0;33,1
28/03/2026 00:35;450,0;461,0;10,0;0,0;-8,0;-9,0;32,7
28/03/2026 00:36;450,0;461,3;10,0;0,0;-8,0;-8,0;33,0
28/03/2026 00:37;450,0;459,6;10,0;0,0;-8,0;-8,0;32,9
28/03/2026 00:38;450,0;455,2;10,0;0,0;-8,0;-8,0;32,7
28/03/2026 00:39;450,0;452,2;10,0;0,0;-8,0;-8,0;32,5
28/03/2026 00:40;450,0;448,1;10,9;1,6;-8,0;-9,0;32,2
28/03/2026 00:41;450,0;444,9;15,9;5,1;-8,0;-7,0;33,0
28/03/2026 00:42;450,0;444,0;21,5;6,6;-8,0;-8,0;32,9
28/03/2026 00:43;450,0;449,9;21,8;1,7;-8,0;-7,0;33,5
28/03/2026 00:44;450,0;459,0;13,6;0,0;-8,0;-8,0;33,1
28/03/2026 00:45;450,0;461,9;10,0;0,0;-8,0;-8,0;33,0
28/03/2026 00:46;450,0;460,2;10,0;0,0;-8,0;-8,0;33,0
28/03/2026 00:47;450,0;456,6;10,0;0,0;-8,0;-9,0;32,3
28/03/2026 00:48;450,0;452,8;10,0;0,0;-8,0;-8,0;32,6
28/03/2026 00:49;450,0;449,3;10,1;0,5;-8,0;-8,0;32,6
28/03/2026 00:50;450,0;444,9;14,6;4,8;-8,0;-8,0;32,5
28/03/2026 00:51;450,0;443,5;20,4;6,8;-8,0;-8,0;32,5
28/03/2026 00:52;450,0;446,7;23,9;4,4;-8,0;-7,0;33,3
28/03/2026 00:53;450,0;457,2;18,2;0,0;-8,0;-7,0;33,5
28/03/2026 00:54;450,0;464,3;10,0;0,0;-8,0;-8,0;33,3
28/03/2026 00:55;450,0;464,8;10,0;0,0;-8,0;-8,0;33,2
28/03/2026 00:56;450,0;463,4;10,0;0,0;-8,0;-8,0;33,0
28/03/2026 00:57;450,0;460,2;10,0;0,0;-8,0;-8,0;33,0
28/03/2026 00:58;450,0;456,1;10,0;0,0;-8,0;-8,0;32,8
28/03/2026 00:59;450,0;452,8;10,0;0,0;-8,0;-8,0;32,8
28/03/2026 01:00;450,0;449,9;10,0;0,0;-8,0;-8,0;32,5
28/03/2026 01:01;450,0;447,0;12,7;2,9;-8,0;-8,0;32,6
28/03/2026 01:02;450,0;446,1;16,1;4,1;-8,0;-8,0;32,6
28/03/2026 01:03;450,0;450,2;16,8;0,7;-8,0;-8,0;32,7
28/03/2026 01:04;450,0;457,5;10,6;0,0;-8,0;-8,0;32,6
28/03/2026 01:05;450,0;459,9;10,0;0,0;-8,0;-9,0;32,1
28/03/2026 01:06;450,0;457,5;10,0;0,0;-8,0;-8,0;32,7
28/03/2026 01:07;450,0;452,5;10,0;0,0;-8,0;-8,0;32,7
28/03/2026 01:08;450,0;447,0;11,7;2,7;-8,0;-8,0;32,5
28/03/2026 01:09;450,0;442,9;18,0;7,0;-8,0;-8,0;32,5
28/03/2026 01:10;450,0;444,6;23,1;6,2;-8,0;-7,0;33,2
28/03/2026 01:11;450,0;453,4;20,5;0,0;-8,0;-8,0;33,0
28/03/2026 01:12;450,0;460,5;10,4;0,0;-8,0;-8,0;33,0
28/03/2026 01:13;450,0;460,7;10,0;0,0;-8,0;-8,0;33,0
28/03/2026 01:14;450,0;459,6;10,0;0,0;-8,0;-8,0;32,7
28/03/2026 01:15;450,0;456,9;10,0;0,0;-8,0;-8,0;32,7
28/03/2026 01:16;450,0;453,1;10,0;0,0;-8,0;-8,0;32,7
28/03/2026 01:17;450,0;448,7;10,5;1,2;-8,0;-8,0;32,5
28/03/2026 01:18;450,0;445,5;14,4;4,4;-8,0;-7,0;33,0
28/03/2026 01:19;450,0;444,6;19,0;5,7;-8,0;-8,0;32,7
28/03/2026 01:20;450,0;449,0;20,5;2,1;-8,0;-7,0;33,3
28/03/2026 01:21;450,0;457,8;14,1;0,0;-8,0;-8,0;33,1
28/03/2026 01:22;450,0;461,0;10,0;0,0;-8,0;-8,0;32,9
28/03/2026 01:23;450,0;461,0;10,0;0,0;-8,0;-8,0;32,7
28/03/2026 01:24;450,0;458,1;10,0;0,0;-8,0;-8,0;32,7
28/03/2026 01:25;450,0;454,9;10,0;0,0;-8,0;-8,0;32,7
28/03/2026 01:26;450,0;451,7;10,0;0,0;-8,0;-8,0;32,6
28/03/2026 01:27;450,0;448,7;10,7;1,2;-8,0;-8,0;32,5
28/03/2026 01:28;450,0;444,6;15,3;5,3;-8,0;-8,0;32,5
28/03/2026 01:29;450,0;444,9;19,9;5,5;-8,0;-7,0;33,1
28/03/2026 01:30;450,0;450,2;20,5;1,1;-8,0;-7,0;33,2
28/03/2026 01:31;450,0;456,4;14,5;0,0;-8,0;-8,0;33,1
28/03/2026 01:32;450,0;459,0;10,0;0,0;-8,0;-8,0;32,9
28/03/2026 01:33;450,0;457,2;10,0;0,0;-8,0;-8,0;32,7
28/03/2026 01:34;450,0;454,9;10,0;0,0;-8,0;-8,0;32,8
28/03/2026 01:35;450,0;452,2;10,0;0,0;-8,0;-8,0;32,7
28/03/2026 01:36;450,0;449,3;10,4;0,6;-8,0;-8,0;32,5
28/03/2026 01:37;450,0;446,4;13,1;3,4;-8,0;-8,0;32,6
28/03/2026 01:38;450,0;444,3;18,0;5,9;-8,0;-8,0;32,6
28/03/2026 01:39;450,0;446,1;21,7;4,7;-8,0;-8,0;32,8
28/03/2026 01:40;450,0;452,5;19,5;0,0;-8,0;-8,0;33,0
28/03/2026 01:41;450,0;460,2;10,4;0,0;-8,0;-8,0;32,9
28/03/2026 01:42;450,0;461,6;10,0;0,0;-8,0;-8,0;32,9
28/03/2026 01:43;450,0;460,2;10,0;0,0;-8,0;-8,0;32,9
28/03/2026 01:44;450,0;455,8;10,0;0,0;-8,0;-9,0;32,5
28/03/2026 01:45;450,0;451,4;10,0;0,0;-8,0;-9,0;32,3
28/03/2026 01:46;450,0;447,6;11,6;2,1;-8,0;-8,0;32,7
28/03/2026 01:47;450,0;444,9;16,2;5,1;-8,0;-8,0;32,6
28/03/2026 01:48;450,0;446,1;19,9;4,5;-8,0;-7,0;33,1
28/03/2026 01:49;450,0;452,2;18,9;0,0;-8,0;-8,0;33,0
28/03/2026 01:50;450,0;457,2;12,8;0,0;-8,0;-8,0;33,1
28/03/2026 01:51;450,0;460,2;10,0;0,0;-8,0;-9,0;32,5
28/03/2026 01:52;450,0;458,7;10,0;0,0;-8,0;-9,0;32,4
28/03/2026 01:53;450,0;454,6;10,0;0,0;-8,0;-8,0;32,6
28/03/2026 01:54;450,0;450,2;10,0;0,0;-8,0;-8,0;32,4
28/03/2026 01:55;450,0;445,8;13,7;4,1;-8,0;-7,0;33,0
28/03/2026 01:56;450,0;444,0;19,4;6,3;-8,0;-8,0;32,7
28/03/2026 01:57;450,0;447,0;22,0;4,0;-8,0;-7,0;33,4
28/03/2026 01:58;450,0;455,8;16,9;0,0;-8,0;-8,0;33,1
28/03/2026 01:59;450,0;461,6;10,0;0,0;-8,0;-8,0;33,1
28/03/2026 02:00;450,0;460,5;10,0;0,0;-8,0;-8,0;33,0
28/03/2026 02:01;450,0;457,8;10,0;0,0;-8,0;-8,0;32,9
28/03/2026 02:02;450,0;453,1;10,0;0,0;-8,0;-8,0;32,9
28/03/2026 02:03;450,0;449,3;10,0;0,2;-8,0;-8,0;32,8
28/03/2026 02:04;450,0;446,4;12,8;3,3;-8,0;-8,0;32,7
28/03/2026 02:05;450,0;446,4;16,1;3,8;-8,0;-8,0;32,7
28/03/2026 02:06;450,0;448,1;17,9;2,5;-8,0;-8,0;32,7
28/03/2026 02:07;450,0;452,8;15,7;0,0;-8,0;-7,0;33,1
28/03/2026 02:08;450,0;456,1;10,3;0,0;-8,0;-8,0;32,9
28/03/2026 02:09;450,0;455,8;10,0;0,0;-8,0;-9,0;32,5
28/03/2026 02:10;450,0;454,0;10,0;0,0;-8,0;-8,0;32,7
28/03/2026 02:11;450,0;450,2;10,0;0,0;-8,0;-8,0;32,5
28/03/2026 02:12;450,0;446,4;12,7;3,3;-8,0;-8,0;32,6
28/03/2026 02:13;450,0;444,6;17,5;5,5;-8,0;-8,0;32,6
28/03/2026 02:14;450,0;448,1;19,3;2,6;-8,0;-7,0;33,0
28/03/2026 02:15;450,0;455,5;15,5;0,0;-8,0;-8,0;32,9
28/03/2026 02:16;450,0;460,7;10,0;0,0;-8,0;-8,0;32,7
28/03/2026 02:17;450,0;461,9;10,0;0,0;-8,0;-8,0;32,7
28/03/2026 02:18;450,0;460,2;10,0;0,0;-8,0;-8,0;32,7
28/03/2026 02:19;450,0;456,6;10,0;0,0;-8,0;-8,0;32,7
28/03/2026 02:20;450,0;452,0;10,0;0,0;-8,0;-8,0;32,8
28/03/2026 02:21;450,0;447,6;11,3;2,1;-8,0;-8,0;32,8
28/03/2026 02:22;450,0;443,5;17,5;6,5;-8,0;-8,0;32,7
28/03/2026 02:23;450,0;442,6;24,0;8,1;-8,0;-7,0;33,3
28/03/2026 02:24;450,0;448,4;25,5;3,2;-8,0;-7,0;33,6
28/03/2026 02:25;450,0;458,1;18,2;0,0;-8,0;-8,0;33,4
28/03/2026 02:26;450,0;462,8;10,0;0,0;-8,0;-9,0;32,9
28/03/2026 02:27;450,0;461,6;10,0;0,0;-8,0;-8,0;33,2
28/03/2026 02:28;450,0;458,1;10,0;0,0;-8,0;-8,0;33,1
28/03/2026 02:29;450,0;454,9;10,0;0,0;-8,0;-8,0;32,8
28/03/2026 02:30;450,0;451,7;10,0;0,0;-8,0;-9,0;32,3
28/03/2026 02:31;450,0;448,7;10,5;1,1;-8,0;-8,0;32,7
28/03/2026 02:32;450,0;447,6;12,6;2,3;-8,0;-7,0;33,1
28/03/2026 02:33;450,0;447,0;15,3;3,2;-8,0;-8,0;32,8
28/03/2026 02:34;450,0;447,0;17,7;3,5;-8,0;-8,0;32,8
28/03/2026 02:35;450,0;450,2;18,0;0,8;-8,0;-8,0;32,9
28/03/2026 02:36;450,0;454,6;14,2;0,0;-8,0;-9,0;32,5
28/03/2026 02:37;450,0;456,4;10,0;0,0;-8,0;-9,0;32,5
28/03/2026 02:38;450,0;454,9;10,0;0,0;-8,0;-8,0;32,8
28/03/2026 02:39;450,0;451,1;10,0;0,0;-8,0;-8,0;32,7
28/03/2026 02:40;450,0;447,6;11,6;2,2;-8,0;-8,0;32,6
28/03/2026 02:41;450,0;445,5;15,2;4,5;-8,0;-8,0;32,6
28/03/2026 02:42;450,0;446,4;18,4;4,0;-8,0;-7,0;33,0
28/03/2026 02:43;450,0;450,8;18,2;0,2;-8,0;-8,0;32,9
28/03/2026 02:44;450,0;456,6;12,3;0,0;-8,0;-7,0;33,3
28/03/2026 02:45;450,0;457,2;10,0;0,0;-8,0;-8,0;33,0
28/03/2026 02:46;450,0;454,9;10,0;0,0;-8,0;-9,0;32,4
28/03/2026 02:47;450,0;452,5;10,0;0,0;-8,0;-8,0;32,7
28/03/2026 02:48;450,0;448,7;10,3;1,0;-8,0;-8,0;32,6
28/03/2026 02:49;450,0;444,9;15,2;5,0;-8,0;-8,0;32,5
28/03/2026 02:50;450,0;443,8;20,8;6,7;-8,0;-7,0;33,0
28/03/2026 02:51;450,0;446,1;24,1;5,0;-8,0;-7,0;33,3
28/03/2026 02:52;450,0;454,0;20,8;0,0;-8,0;-7,0;33,6
28/03/2026 02:53;450,0;459,3;12,7;0,0;-8,0;-8,0;33,2
28/03/2026 02:54;450,0;459,6;10,0;0,0;-8,0;-9,0;32,7
28/03/2026 02:55;450,0;455,5;10,0;0,0;-8,0;-8,0;33,1
28/03/2026 02:56;450,0;451,1;10,0;0,0;-8,0;-8,0;32,7
28/03/2026 02:57;450,0;446,7;12,4;3,1;-8,0;-8,0;33,0
28/03/2026 02:58;450,0;444,0;17,9;6,1;-8,0;-8,0;33,0
28/03/2026 02:59;450,0;445,5;21,7;5,3;-8,0;-8,0;33,0
28/03/2026 03:00;450,0;451,7;20,4;0,0;-8,0;-7,0;33,6
28/03/2026 03:01;450,0;459,0;12,8;0,0;-8,0;-8,0;33,3
28/03/2026 03:02;450,0;460,7;10,0;0,0;-8,0;-9,0;32,7
28/03/2026 03:03;450,0;458,1;10,0;0,0;-8,0;-8,0;32,9
28/03/2026 03:04;450,0;453,1;10,0;0,0;-8,0;-8,0;32,9
28/03/2026 03:05;450,0;448,4;10,4;1,3;-8,0;-8,0;32,7
28/03/2026 03:06;450,0;445,5;14,8;4,5;-8,0;-8,0;32,7
28/03/2026 03:07;450,0;447,0;17,7;3,5;-8,0;-7,0;33,1
28/03/2026 03:08;450,0;451,4;17,0;0,0;-8,0;-8,0;32,8
28/03/2026 03:09;450,0;456,1;11,6;0,0;-8,0;-7,0;33,3
28/03/2026 03:10;450,0;457,5;10,0;0,0;-8,0;-8,0;32,9
28/03/2026 03:11;450,0;456,1;10,0;0,0;-8,0;-8,0;33,0
28/03/2026 03:12;450,0;453,1;10,0;0,0;-8,0;-8,0;32,6
28/03/2026 03:13;450,0;450,5;10,0;0,0;-8,0;-9,0;32,3
28/03/2026 03:14;450,0;447,3;11,9;2,5;-8,0;-8,0;32,6
28/03/2026 03:15;450,0;447,3;14,5;2,8;-8,0;-8,0;32,6
28/03/2026 03:16;450,0;447,0;17,1;3,4;-8,0;-8,0;32,6
28/03/2026 03:17;450,0;449,9;17,3;0,9;-8,0;-8,0;32,9
28/03/2026 03:18;450,0;455,2;12,5;0,0;-8,0;-8,0;32,8
28/03/2026 03:19;450,0;456,6;10,0;0,0;-8,0;-9,0;32,2
28/03/2026 03:20;450,0;456,4;10,0;0,0;-8,0;-8,0;32,5
28/03/2026 03:21;450,0;454,9;10,0;0,0;-8,0;-8,0;32,4
28/03/2026 03:22;450,0;451,7;10,0;0,0;-8,0;-8,0;32,6
28/03/2026 03:23;450,0;448,4;11,0;1,5;-8,0;-9,0;32,1
28/03/2026 03:24;450,0;445,5;14,9;4,5;-8,0;-8,0;32,6
28/03/2026 03:25;450,0;445,2;18,8;5,2;-8,0;-8,0;32,7
28/03/2026 03:26;450,0;449,6;19,5;1,4;-8,0;-8,0;32,9
28/03/2026 03:27;450,0;456,4;14,7;0,0;-8,0;-8,0;32,9
28/03/2026 03:28;450,0;461,3;10,0;0,0;-8,0;-8,0;32,8
28/03/2026 03:29;450,0;461,0;10,0;0,0;-8,0;-9,0;32,3
28/03/2026 03:30;450,0;457,8;10,0;0,0;-8,0;-8,0;32,5
28/03/2026 03:31;450,0;454,9;10,0;0,0;-8,0;-8,0;32,6
28/03/2026 03:32;450,0;450,2;10,0;0,0;-8,0;-8,0;32,6
28/03/2026 03:33;450,0;447,0;12,4;2,9;-8,0;-8,0;32,5
28/03/2026 03:34;450,0;444,6;16,9;5,4;-8,0;-7,0;33,2
28/03/2026 03:35;450,0;445,5;21,1;5,2;-8,0;-7,0;33,2
28/03/2026 03:36;450,0;451,1;20,4;0,3;-8,0;-8,0;33,2
28/03/2026 03:37;450,0;456,6;14,1;0,0;-8,0;-8,0;33,1
28/03/2026 03:38;450,0;457,8;10,0;0,0;-8,0;-9,0;32,7
28/03/2026 03:39;450,0;456,1;10,0;0,0;-8,0;-8,0;33,0
28/03/2026 03:40;450,0;452,2;10,0;0,0;-8,0;-8,0;32,9
28/03/2026 03:41;450,0;447,9;11,0;1,8;-8,0;-8,0;32,7
28/03/2026 03:42;450,0;444,9;15,6;5,0;-8,0;-8,0;32,7
28/03/2026 03:43;450,0;444,9;20,0;5,5;-8,0;-7,0;33,1
28/03/2026 03:44;450,0;451,4;19,1;0,0;-8,0;-8,0;33,0
28/03/2026 03:45;450,0;460,2;10,2;0,0;-8,0;-8,0;33,0
28/03/2026 03:46;450,0;460,2;10,0;0,0;-8,0;-7,0;33,3
28/03/2026 03:47;450,0;457,2;10,0;0,0;-8,0;-8,0;33,0
28/03/2026 03:48;450,0;454,0;10,0;0,0;-8,0;-8,0;32,9
28/03/2026 03:49;450,0;452,5;10,0;0,0;-8,0;-8,0;32,6
28/03/2026 03:50;450,0;450,2;10,0;0,0;-8,0;-8,0;32,7
28/03/2026 03:51;450,0;445,5;13,7;4,3;-8,0;-8,0;32,6
28/03/2026 03:52;450,0;444,0;19,3;6,3;-8,0;-7,0;32,9
28/03/2026 03:53;450,0;447,0;23,2;4,2;-8,0;-7,0;33,4
28/03/2026 03:54;450,0;456,4;17,6;0,0;-8,0;-8,0;33,2
28/03/2026 03:55;450,0;462,8;10,0;0,0;-8,0;-8,0;33,2
28/03/2026 03:56;450,0;464,0;10,0;0,0;-8,0;-8,0;33,0
28/03/2026 03:57;450,0;461,3;10,0;0,0;-8,0;-9,0;32,6
28/03/2026 03:58;450,0;457,8;10,0;0,0;-8,0;-8,0;32,8
28/03/2026 03:59;450,0;454,9;10,0;0,0;-8,0;-8,0;32,8
28/03/2026 04:00;450,0;450,8;10,0;0,0;-8,0;-8,0;32,8
28/03/2026 04:01;450,0;447,0;11,9;2,8;-8,0;-8,0;32,8
28/03/2026 04:02;450,0;444,0;17,3;6,1;-8,0;-8,0;32,8
28/03/2026 04:03;450,0;445,5;21,5;5,2;-8,0;-7,0;33,2
28/03/2026 04:04;450,0;452,5;18,7;0,0;-8,0;-8,0;33,2
28/03/2026 04:05;450,0;457,8;11,7;0,0;-8,0;-8,0;33,2
28/03/2026 04:06;450,0;459,3;10,0;0,0;-8,0;-9,0;32,7
28/03/2026 04:07;450,0;457,8;10,0;0,0;-8,0;-9,0;32,4
28/03/2026 04:08;450,0;453,7;10,0;0,0;-8,0;-9,0;32,5
28/03/2026 04:09;450,0;450,2;10,0;0,0;-8,0;-8,0;32,6
28/03/2026 04:10;450,0;445,5;13,5;4,3;-8,0;-8,0;32,6
28/03/2026 04:11;450,0;442,6;20,1;7,6;-8,0;-7,0;33,4
28/03/2026 04:12;450,0;444,3;25,6;6,8;-8,0;-7,0;33,4
28/03/2026 04:13;450,0;455,5;21,5;0,0;-8,0;-7,0;33,8
28/03/2026 04:14;450,0;465,4;10,0;0,0;-8,0;-9,0;33,0
28/03/2026 04:15;450,0;466,9;10,0;0,0;-8,0;-9,0;32,7
28/03/2026 04:16;450,0;464,3;10,0;0,0;-8,0;-8,0;33,0
28/03/2026 04:17;450,0;461,0;10,0;0,0;-8,0;-8,0;33,0
28/03/2026 04:18;450,0;457,5;10,0;0,0;-8,0;-8,0;32,9
28/03/2026 04:19;450,0;453,7;10,0;0,0;-8,0;-8,0;32,8
28/03/2026 04:20;450,0;449,0;10,2;0,8;-8,0;-9,0;32,4
28/03/2026 04:21;450,0;445,5;14,7;4,4;-8,0;-8,0;32,7
28/03/2026 04:22;450,0;444,0;20,2;6,4;-8,0;-7,0;33,1
28/03/2026 04:23;450,0;448,4;21,5;2,8;-8,0;-7,0;33,6
28/03/2026 04:24;450,0;456,4;15,6;0,0;-8,0;-8,0;33,3
28/03/2026 04:25;450,0;460,7;10,0;0,0;-8,0;-9,0;32,8
28/03/2026 04:26;450,0;459,6;10,0;0,0;-8,0;-9,0;32,8
28/03/2026 04:27;450,0;456,4;10,0;0,0;-8,0;-8,0;33,0
28/03/2026 04:28;450,0;453,1;10,0;0,0;-8,0;-8,0;32,9
28/03/2026 04:29;450,0;449,0;10,4;0,9;-8,0;-9,0;32,5
28/03/2026 04:30;450,0;446,4;13,4;3,4;-8,0;-8,0;32,9
28/03/2026 04:31;450,0;446,1;17,4;4,2;-8,0;-8,0;32,9
28/03/2026 04:32;450,0;447,9;18,9;2,8;-8,0;-8,0;32,8
28/03/2026 04:33;450,0;452,8;16,3;0,0;-8,0;-8,0;32,9
28/03/2026 04:34;450,0;456,4;10,4;0,0;-8,0;-9,0;32,6
28/03/2026 04:35;450,0;455,5;10,0;0,0;-8,0;-8,0;32,9
28/03/2026 04:36;450,0;452,2;10,0;0,0;-8,0;-9,0;32,7
28/03/2026 04:37;450,0;447,9;11,2;1,9;-8,0;-8,0;33,0
28/03/2026 04:38;450,0;444,9;15,3;5,0;-8,0;-8,0;32,9
28/03/2026 04:39;450,0;444,9;19,7;5,5;-8,0;-8,0;32,9
28/03/2026 04:40;450,0;449,3;20,8;1,8;-8,0;-8,0;33,2
28/03/2026 04:41;450,0;456,6;15,4;0,0;-8,0;-8,0;33,2
28/03/2026 04:42;450,0;461,6;10,0;0,0;-8,0;-9,0;32,7
28/03/2026 04:43;450,0;462,2;10,0;0,0;-8,0;-8,0;32,9
28/03/2026 04:44;450,0;460,5;10,0;0,0;-8,0;-8,0;33,0
28/03/2026 04:45;450,0;456,9;10,0;0,0;-8,0;-8,0;32,9
28/03/2026 04:46;450,0;452,0;10,0;0,0;-8,0;-8,0;32,9
28/03/2026 04:47;450,0;446,4;12,3;3,3;-8,0;-8,0;32,8
28/03/2026 04:48;450,0;443,2;18,6;6,9;-8,0;-7,0;33,4
28/03/2026 04:49;450,0;443,2;24,7;7,6;-8,0;-7,0;33,7
28/03/2026 04:50;450,0;452,8;23,2;0,0;-8,0;-7,0;34,0
28/03/2026 04:51;450,0;464,3;10,0;0,0;-8,0;-9,0;33,2
28/03/2026 04:52;450,0;466,9;10,0;0,0;-8,0;-9,0;33,1
28/03/2026 04:53;450,0;464,6;10,0;0,0;-8,0;-8,0;33,1
28/03/2026 04:54;450,0;460,5;10,0;0,0;-8,0;-9,0;32,8
28/03/2026 04:55;450,0;456,9;10,0;0,0;-8,0;-8,0;33,0
28/03/2026 04:56;450,0;453,4;10,0;0,0;-8,0;-9,0;32,4
28/03/2026 04:57;450,0;450,8;10,0;0,0;-8,0;-8,0;32,8
28/03/2026 04:58;450,0;447,0;11,9;2,7;-8,0;-8,0;32,8
28/03/2026 04:59;450,0;444,0;16,8;5,9;-8,0;-8,0;32,7
28/03/2026 05:00;450,0;444,0;22,0;6,6;-8,0;-7,0;33,3
28/03/2026 05:01;450,0;448,4;23,6;3,0;-8,0;-7,0;33,7
28/03/2026 05:02;450,0;457,8;17,5;0,0;-8,0;-8,0;33,6
28/03/2026 05:03;450,0;462,8;10,0;0,0;-8,0;-9,0;33,1
28/03/2026 05:04;450,0;461,6;10,0;0,0;-8,0;-9,0;32,8
28/03/2026 05:05;450,0;458,1;10,0;0,0;-8,0;-8,0;33,1
28/03/2026 05:06;450,0;454,6;10,0;0,0;-8,0;-9,0;32,5
28/03/2026 05:07;450,0;450,2;10,0;0,0;-8,0;-8,0;32,7
28/03/2026 05:08;450,0;445,5;13,2;4,2;-8,0;-8,0;32,6
28/03/2026 05:09;450,0;444,0;19,0;6,3;-8,0;-7,0;33,1
28/03/2026 05:10;450,0;447,9;21,7;3,2;-8,0;-7,0;33,4
28/03/2026 05:11;450,0;456,1;16,8;0,0;-8,0;-8,0;33,1
28/03/2026 05:12;450,0;461,6;10,0;0,0;-8,0;-8,0;33,2
28/03/2026 05:13;450,0;460,5;10,0;0,0;-8,0;-8,0;33,2
28/03/2026 05:14;450,0;456,1;10,0;0,0;-8,0;-9,0;32,7
28/03/2026 05:15;450,0;451,7;10,0;0,0;-8,0;-8,0;33,0
28/03/2026 05:16;450,0;447,0;11,8;2,7;-8,0;-8,0;32,8
28/03/2026 05:17;450,0;444,0;17,6;6,1;-8,0;-8,0;32,9
28/03/2026 05:18;450,0;444,6;22,4;6,1;-8,0;-8,0;33,1
28/03/2026 05:19;450,0;452,2;20,5;0,0;-8,0;-8,0;33,3
28/03/2026 05:20;450,0;461,6;10,0;0,0;-8,0;-8,0;33,2
28/03/2026 05:21;450,0;462,5;10,0;0,0;-8,0;-8,0;32,9
28/03/2026 05:22;450,0;460,2;10,0;0,0;-8,0;-9,0;32,6
28/03/2026 05:23;450,0;457,5;10,0;0,0;-8,0;-8,0;32,9
28/03/2026 05:24;450,0;454,0;10,0;0,0;-8,0;-9,0;32,5
28/03/2026 05:25;450,0;450,2;10,0;0,0;-8,0;-8,0;33,0
28/03/2026 05:26;450,0;447,0;12,7;2,9;-8,0;-8,0;32,9
28/03/2026 05:27;450,0;445,2;17,0;5,0;-8,0;-8,0;32,9
28/03/2026 05:28;450,0;447,9;19,0;2,8;-8,0;-8,0;33,0
28/03/2026 05:29;450,0;454,9;15,4;0,0;-8,0;-8,0;33,1
28/03/2026 05:30;450,0;461,3;10,0;0,0;-8,0;-8,0;33,1
28/03/2026 05:31;450,0;462,5;10,0;0,0;-8,0;-9,0;32,5
28/03/2026 05:32;450,0;459,3;10,0;0,0;-8,0;-9,0;32,3
28/03/2026 05:33;450,0;455,8;10,0;0,0;-8,0;-8,0;32,7
28/03/2026 05:34;450,0;450,8;10,0;0,0;-8,0;-8,0;32,5
28/03/2026 05:35;450,0;446,4;12,0;3,2;-8,0;-8,0;32,6
28/03/2026 05:36;450,0;443,2;18,5;6,9;-8,0;-8,0;32,6
28/03/2026 05:37;450,0;442,9;26,0;8,0;-8,0;-6,0;33,9
28/03/2026 05:38;450,0;451,1;25,4;0,9;-8,0;-7,0;33,8
28/03/2026 05:39;450,0;461,0;15,4;0,0;-8,0;-8,0;33,6
28/03/2026 05:40;450,0;462,8;10,0;0,0;-8,0;-9,0;33,2
28/03/2026 05:41;450,0;458,7;10,0;0,0;-8,0;-9,0;32,9
28/03/2026 05:42;450,0;453,1;10,0;0,0;-8,0;-9,0;32,6
28/03/2026 05:43;450,0;447,6;11,3;2,1;-8,0;-8,0;32,9
28/03/2026 05:44;450,0;443,2;17,6;6,8;-8,0;-8,0;32,8
28/03/2026 05:45;450,0;444,0;23,1;6,7;-8,0;-7,0;33,4
28/03/2026 05:46;450,0;452,0;21,2;0,0;-8,0;-8,0;33,3
28/03/2026 05:47;450,0;456,9;15,0;0,0;-8,0;-8,0;33,3
28/03/2026 05:48;450,0;457,8;10,0;0,0;-8,0;-8,0;33,1
28/03/2026 05:49;450,0;454,9;10,0;0,0;-8,0;-9,0;32,5
28/03/2026 05:50;450,0;450,8;10,0;0,0;-8,0;-9,0;32,7
28/03/2026 05:51;450,0;447,6;12,0;2,3;-8,0;-8,0;33,0
28/03/2026 05:52;450,0;445,2;15,7;4,9;-8,0;-8,0;32,9
28/03/2026 05:53;450,0;444,3;20,6;6,2;-8,0;-8,0;33,0
28/03/2026 05:54;450,0;446,7;24,1;4,5;-8,0;-7,0;33,5
28/03/2026 05:55;450,0;453,7;21,1;0,0;-8,0;-7,0;33,9
28/03/2026 05:56;450,0;461,3;11,3;0,0;-8,0;-8,0;33,6
28/03/2026 05:57;450,0;463,1;10,0;0,0;-8,0;-8,0;33,4
28/03/2026 05:58;450,0;459,9;10,0;0,0;-8,0;-8,0;33,3
28/03/2026 05:59;450,0;454,0;10,0;0,0;-8,0;-8,0;32,9
28/03/2026 06:00;450,0;449,0;10,2;0,8;-8,0;-9,0;32,6
28/03/2026 06:01;450,0;444,3;15,6;5,6;-8,0;-8,0;32,8
28/03/2026 06:02;450,0;442,3;22,6;8,2;-8,0;-7,0;33,6
28/03/2026 06:03;450,0;446,4;25,6;4,9;-8,0;-7,0;33,8
28/03/2026 06:04;450,0;454,3;21,7;0,0;-8,0;-7,0;34,0
28/03/2026 06:05;450,0;461,6;10,7;0,0;-8,0;-9,0;33,2
28/03/2026 06:06;450,0;461,6;10,0;0,0;-8,0;-8,0;33,3
28/03/2026 06:07;450,0;457,2;10,0;0,0;-8,0;-9,0;32,7
28/03/2026 06:08;450,0;453,4;10,0;0,0;-8,0;-8,0;33,1
28/03/2026 06:09;450,0;449,3;10,2;0,5;-8,0;-9,0;32,4
28/03/2026 06:10;450,0;445,2;14,6;4,7;-8,0;-8,0;32,8
28/03/2026 06:11;450,0;444,9;19,3;5,5;-8,0;-8,0;32,8
28/03/2026 06:12;450,0;449,9;19,3;1,0;-8,0;-7,0;33,3
28/03/2026 06:13;450,0;455,2;15,0;0,0;-8,0;-8,0;32,9
28/03/2026 06:14;450,0;457,2;10,0;0,0;-8,0;-7,0;33,3
28/03/2026 06:15;450,0;455,2;10,0;0,0;-8,0;-8,0;33,0
28/03/2026 06:16;450,0;452,5;10,0;0,0;-8,0;-9,0;32,5
28/03/2026 06:17;450,0;449,3;10,2;0,6;-8,0;-9,0;32,1
28/03/2026 06:18;450,0;446,1;13,1;3,6;-8,0;-8,0;32,5
28/03/2026 06:19;450,0;445,5;17,1;4,7;-8,0;-8,0;32,5
28/03/2026 06:20;450,0;447,3;19,3;3,5;-8,0;-7,0;33,1
28/03/2026 06:21;450,0;453,1;17,0;0,0;-8,0;-7,0;33,2
28/03/2026 06:22;450,0;458,1;10,0;0,0;-8,0;-9,0;32,3
28/03/2026 06:23;450,0;459,6;10,0;0,0;-8,0;-8,0;32,7
28/03/2026 06:24;450,0;457,5;10,0;0,0;-8,0;-8,0;32,6
28/03/2026 06:25;450,0;453,1;10,0;0,0;-8,0;-8,0;32,5
28/03/2026 06:26;450,0;448,4;10,5;1,4;-8,0;-8,0;32,6
28/03/2026 06:27;450,0;445,2;15,3;4,8;-8,0;-8,0;32,7
28/03/2026 06:28;450,0;444,0;20,8;6,5;-8,0;-8,0;32,9
28/03/2026 06:29;450,0;448,7;22,6;2,6;-8,0;-7,0;33,5
28/03/2026 06:30;450,0;457,2;15,7;0,0;-8,0;-8,0;33,2
28/03/2026 06:31;450,0;464,0;10,0;0,0;-8,0;-9,0;32,8
28/03/2026 06:32;450,0;463,7;10,0;0,0;-8,0;-8,0;33,1
28/03/2026 06:33;450,0;460,7;10,0;0,0;-8,0;-8,0;32,9
28/03/2026 06:34;450,0;457,5;10,0;0,0;-8,0;-8,0;32,9
28/03/2026 06:35;450,0;456,4;10,0;0,0;-8,0;-8,0;32,8
28/03/2026 06:36;450,0;454,9;10,0;0,0;-8,0;-8,0;32,8
28/03/2026 06:37;450,0;451,4;10,0;0,0;-8,0;-9,0;32,2
28/03/2026 06:38;450,0;447,6;11,6;2,2;-8,0;-8,0;32,6
28/03/2026 06:39;450,0;444,0;16,9;6,0;-8,0;-7,0;33,2
28/03/2026 06:40;450,0;443,5;23,1;7,1;-8,0;-8,0;33,1
28/03/2026 06:41;450,0;449,3;24,6;2,3;-8,0;-7,0;33,8
28/03/2026 06:42;450,0;460,5;15,8;0,0;-8,0;-8,0;33,6
28/03/2026 06:43;450,0;464,3;10,0;0,0;-8,0;-9,0;33,0
28/03/2026 06:44;450,0;462,2;10,0;0,0;-8,0;-9,0;32,7
28/03/2026 06:45;450,0;459,3;10,0;0,0;-8,0;-9,0;32,5
28/03/2026 06:46;450,0;454,6;10,0;0,0;-8,0;-8,0;32,6
28/03/2026 06:47;450,0;449,9;10,0;0,0;-8,0;-8,0;32,6
28/03/2026 06:48;450,0;445,5;13,8;4,4;-8,0;-8,0;32,6
28/03/2026 06:49;450,0;444,9;17,8;5,3;-8,0;-8,0;32,5
28/03/2026 06:50;450,0;448,1;20,0;2,7;-8,0;-7,0;33,3
28/03/2026 06:51;450,0;454,3;16,7;0,0;-8,0;-7,0;33,4
28/03/2026 06:52;450,0;459,6;10,0;0,0;-8,0;-9,0;32,8
28/03/2026 06:53;450,0;461,0;10,0;0,0;-8,0;-8,0;33,0
28/03/2026 06:54;450,0;459,3;10,0;0,0;-8,0;-8,0;32,9
28/03/2026 06:55;450,0;455,8;10,0;0,0;-8,0;-8,0;32,7
28/03/2026 06:56;450,0;451,1;10,0;0,0;-8,0;-8,0;32,8
28/03/2026 06:57;450,0;446,7;12,7;3,1;-8,0;-8,0;32,8
28/03/2026 06:58;450,0;445,5;16,8;4,7;-8,0;-8,0;32,8
28/03/2026 06:59;450,0;447,9;18,8;2,8;-8,0;-8,0;32,8
28/03/2026 07:00;450,0;453,4;16,6;0,0;-8,0;-8,0;32,9
28/03/2026 07:01;450,0;457,8;10,0;0,0;-8,0;-8,0;32,9
28/03/2026 07:02;450,0;457,8;10,0;0,0;-8,0;-8,0;32,7
28/03/2026 07:03;450,0;452,5;10,0;0,0;-8,0;-8,0;32,6
28/03/2026 07:04;450,0;448,4;10,6;1,4;-8,0;-8,0;32,8
28/03/2026 07:05;450,0;444,3;15,1;5,5;-8,0;-8,0;32,8
28/03/2026 07:06;450,0;444,0;20,8;6,5;-8,0;-7,0;33,2
28/03/2026 07:07;450,0;449,9;21,7;1,4;-8,0;-7,0;33,4
28/03/2026 07:08;450,0;460,7;13,2;0,0;-8,0;-9,0;32,9
28/03/2026 07:09;450,0;466,0;10,0;0,0;-8,0;-8,0;33,1
28/03/2026 07:10;450,0;464,6;10,0;0,0;-8,0;-9,0;32,6
28/03/2026 07:11;450,0;459,9;10,0;0,0;-8,0;-9,0;32,6
28/03/2026 07:12;450,0;454,3;10,0;0,0;-8,0;-8,0;32,7
28/03/2026 07:13;450,0;449,3;10,0;0,5;-8,0;-9,0;32,4
28/03/2026 07:14;450,0;445,5;14,4;4,4;-8,0;-8,0;32,8
28/03/2026 07:15;450,0;443,2;20,5;7,1;-8,0;-8,0;32,9
28/03/2026 07:16;450,0;447,6;22,8;3,7;-8,0;-7,0;33,8
28/03/2026 07:17;450,0;455,2;17,9;0,0;-8,0;-8,0;33,4
28/03/2026 07:18;450,0;462,8;10,0;0,0;-8,0;-8,0;33,4
28/03/2026 07:19;450,0;462,8;10,0;0,0;-8,0;-9,0;33,0
28/03/2026 07:20;450,0;460,7;10,0;0,0;-8,0;-9,0;32,6
28/03/2026 07:21;450,0;457,2;10,0;0,0;-8,0;-9,0;32,5
28/03/2026 07:22;450,0;453,4;10,0;0,0;-8,0;-9,0;32,1
28/03/2026 07:23;450,0;449,3;10,3;0,6;-8,0;-9,0;32,0
28/03/2026 07:24;450,0;445,2;14,5;4,7;-8,0;-8,0;32,4
28/03/2026 07:25;450,0;443,8;20,1;6,6;-8,0;-7,0;32,9
28/03/2026 07:26;450,0;447,0;23,1;4,2;-8,0;-7,0;33,2
28/03/2026 07:27;450,0;454,0;19,9;0,0;-8,0;-8,0;33,1
28/03/2026 07:28;450,0;460,5;10,5;0,0;-8,0;-7,0;33,5
28/03/2026 07:29;450,0;461,0;10,0;0,0;-8,0;-9,0;32,8
28/03/2026 07:30;450,0;457,8;10,0;0,0;-8,0;-9,0;32,7
28/03/2026 07:31;450,0;453,1;10,0;0,0;-8,0;-8,0;32,8
28/03/2026 07:32;450,0;449,9;10,0;0,0;-8,0;-8,0;32,8
28/03/2026 07:33;450,0;446,7;13,0;3,1;-8,0;-8,0;32,8
28/03/2026 07:34;450,0;445,2;17,2;5,0;-8,0;-7,0;33,1
28/03/2026 07:35;450,0;446,7;20,4;4,1;-8,0;-7,0;33,1
28/03/2026 07:36;450,0;454,0;17,3;0,0;-8,0;-8,0;33,0
28/03/2026 07:37;450,0;459,3;10,0;0,0;-8,0;-9,0;32,6
28/03/2026 07:38;450,0;460,7;10,0;0,0;-8,0;-9,0;32,5
28/03/2026 07:39;450,0;457,5;10,0;0,0;-8,0;-9,0;32,5
28/03/2026 07:40;450,0;454,6;10,0;0,0;-8,0;-8,0;32,7
28/03/2026 07:41;450,0;451,1;10,0;0,0;-8,0;-8,0;32,9
28/03/2026 07:42;450,0;447,0;12,5;2,9;-8,0;-8,0;32,7
28/03/2026 07:43;450,0;443,8;18,3;6,4;-8,0;-8,0;32,8
28/03/2026 07:44;450,0;444,6;23,2;6,2;-8,0;-7,0;33,5
28/03/2026 07:45;450,0;452,5;20,9;0,0;-8,0;-8,0;33,4
28/03/2026 07:46;450,0;459,9;11,5;0,0;-8,0;-8,0;33,4
28/03/2026 07:47;450,0;460,5;10,0;0,0;-8,0;-8,0;33,2
28/03/2026 07:48;450,0;457,8;10,0;0,0;-8,0;-8,0;33,1
28/03/2026 07:49;450,0;454,3;10,0;0,0;-8,0;-8,0;32,9
28/03/2026 07:50;450,0;451,1;10,0;0,0;-8,0;-8,0;33,0
28/03/2026 07:51;450,0;448,1;11,4;1,7;-8,0;-8,0;32,9
28/03/2026 07:52;450,0;445,2;15,1;4,7;-8,0;-8,0;32,9
28/03/2026 07:53;450,0;444,3;19,7;6,1;-8,0;-7,0;33,5
28/03/2026 07:54;450,0;447,3;22,6;3,8;-8,0;-7,0;33,8
28/03/2026 07:55;450,0;455,8;17,8;0,0;-8,0;-8,0;33,5
28/03/2026 07:56;450,0;460,7;10,0;0,0;-8,0;-9,0;33,1
28/03/2026 07:57;450,0;458,1;10,0;0,0;-8,0;-9,0;33,0
28/03/2026 07:58;450,0;454,0;10,0;0,0;-8,0;-8,0;33,1
28/03/2026 07:59;450,0;449,3;10,2;0,6;-8,0;-8,0;32,9
28/03/2026 08:00;450,0;445,5;14,0;4,3;-8,0;-8,0;33,0
28/03/2026 08:01;450,0;443,8;19,6;6,5;-8,0;-8,0;33,0
28/03/2026 08:02;450,0;445,8;23,4;5,2;-8,0;-7,0;33,6
28/03/2026 08:03;450,0;453,7;21,0;0,0;-8,0;-8,0;33,5
28/03/2026 08:04;450,0;460,7;11,6;0,0;-8,0;-8,0;33,5
28/03/2026 08:05;450,0;460,7;10,0;0,0;-8,0;-8,0;33,5
28/03/2026 08:06;450,0;457,5;10,0;0,0;-8,0;-9,0;33,0
28/03/2026 08:07;450,0;452,2;10,0;0,0;-8,0;-8,0;33,0
28/03/2026 08:08;450,0;447,9;11,3;1,9;-8,0;-8,0;32,9
28/03/2026 08:09;450,0;446,7;14,6;3,3;-8,0;-8,0;33,0
28/03/2026 08:10;450,0;448,4;15,8;2,0;-8,0;-8,0;33,0
28/03/2026 08:11;450,0;449,0;16,1;1,5;-8,0;-8,0;33,0
28/03/2026 08:12;450,0;449,3;16,7;1,3;-8,0;-8,0;33,0
28/03/2026 08:13;450,0;449,0;17,3;1,6;-8,0;-8,0;33,0
28/03/2026 08:14;450,0;446,1;20,5;4,6;-8,0;-8,0;33,0
28/03/2026 08:15;450,0;444,6;25,4;6,4;-8,0;-7,0;33,6
28/03/2026 08:16;450,0;449,3;26,1;2,4;-8,0;-7,0;33,9
28/03/2026 08:17;450,0;459,0;18,4;0,0;-8,0;-8,0;33,8
28/03/2026 08:18;450,0;463,1;10,0;0,0;-8,0;-9,0;33,6
28/03/2026 08:19;450,0;461,0;10,0;0,0;-8,0;-9,0;33,1
28/03/2026 08:20;450,0;456,1;10,0;0,0;-8,0;-8,0;33,3
28/03/2026 08:21;450,0;450,8;10,0;0,0;-8,0;-9,0;32,6
28/03/2026 08:22;450,0;445,8;13,1;3,9;-8,0;-8,0;33,1
28/03/2026 08:23;450,0;442,9;19,7;7,3;-8,0;-8,0;33,1
28/03/2026 08:24;450,0;445,2;24,3;5,9;-8,0;-7,0;33,7
28/03/2026 08:25;450,0;454,0;21,1;0,0;-8,0;-8,0;33,6
28/03/2026 08:26;450,0;460,2;12,4;0,0;-8,0;-8,0;33,6
28/03/2026 08:27;450,0;460,2;10,0;0,0;-8,0;-8,0;33,3
28/03/2026 08:28;450,0;455,5;10,0;0,0;-8,0;-8,0;33,1
28/03/2026 08:29;450,0;450,8;10,0;0,0;-8,0;-9,0;32,7
28/03/2026 08:30;450,0;446,4;12,6;3,3;-8,0;-7,0;33,6
28/03/2026 08:31;450,0;443,5;18,8;6,6;-8,0;-7,0;33,6
28/03/2026 08:32;450,0;445,5;22,5;5,3;-8,0;-7,0;33,8
28/03/2026 08:33;450,0;452,5;20,1;0,0;-8,0;-7,0;34,0
28/03/2026 08:34;450,0;458,4;12,0;0,0;-8,0;-8,0;33,7
28/03/2026 08:35;450,0;458,7;10,0;0,0;-8,0;-8,0;33,6
28/03/2026 08:36;450,0;454,0;10,0;0,0;-8,0;-8,0;33,2
28/03/2026 08:37;450,0;448,1;10,7;1,6;-8,0;-8,0;33,3
28/03/2026 08:38;450,0;444,3;16,2;5,7;-8,0;-8,0;33,3
28/03/2026 08:39;450,0;444,3;21,0;6,2;-8,0;-7,0;33,9
28/03/2026 08:40;450,0;451,7;20,2;0,0;-8,0;-8,0;33,9
28/03/2026 08:41;450,0;459,0;12,3;0,0;-8,0;-8,0;34,0
28/03/2026 08:42;450,0;461,6;10,0;0,0;-8,0;-8,0;33,7
28/03/2026 08:43;450,0;460,5;10,0;0,0;-8,0;-8,0;33,6
28/03/2026 08:44;450,0;456,6;10,0;0,0;-8,0;-8,0;33,6
28/03/2026 08:45;450,0;452,8;10,0;0,0;-8,0;-8,0;33,5
28/03/2026 08:46;450,0;449,3;10,1;0,5;-8,0;-8,0;33,5
28/03/2026 08:47;450,0;445,2;13,7;4,6;-8,0;-8,0;33,5
28/03/2026 08:48;450,0;445,2;18,3;5,2;-8,0;-7,0;34,2
28/03/2026 08:49;450,0;447,9;20,7;3,0;-8,0;-7,0;34,4
28/03/2026 08:50;450,0;455,5;16,2;0,0;-8,0;-8,0;34,0
28/03/2026 08:51;450,0;459,0;10,0;0,0;-8,0;-9,0;33,6
28/03/2026 08:52;450,0;458,1;10,0;0,0;-8,0;-8,0;33,8
28/03/2026 08:53;450,0;452,8;10,0;0,0;-8,0;-8,0;33,9
28/03/2026 08:54;450,0;448,1;10,4;1,5;-8,0;-8,0;33,8
28/03/2026 08:55;450,0;445,2;16,0;4,9;-8,0;-8,0;33,8
28/03/2026 08:56;450,0;447,0;19,1;3,7;-8,0;-7,0;34,3
28/03/2026 08:57;450,0;450,8;17,7;0,2;-8,0;-6,0;35,2
28/03/2026 08:58;450,0;458,4;10,2;0,0;-8,0;-8,0;34,3
28/03/2026 08:59;450,0;460,2;10,0;0,0;-8,0;-8,0;34,1
28/03/2026 09:00;450,0;457,8;10,0;0,0;-8,0;-9,0;33,4
28/03/2026 09:01;450,0;454,0;10,0;0,0;-8,0;-8,0;33,9
28/03/2026 09:02;450,0;449,3;10,0;0,5;-8,0;-9,0;33,3
28/03/2026 09:03;450,0;444,9;14,5;4,8;-8,0;-8,0;33,7
28/03/2026 09:04;450,0;441,1;22,1;9,1;-8,0;-7,0;34,1
28/03/2026 09:05;450,0;443,8;27,8;7,5;-8,0;-6,0;34,9
28/03/2026 09:06;450,0;452,2;26,2;0,1;-8,0;-6,0;35,5
28/03/2026 09:07;450,0;462,2;15,3;0,0;-8,0;-8,0;34,9
28/03/2026 09:08;450,0;465,7;10,0;0,0;-8,0;-8,0;34,8
28/03/2026 09:09;450,0;463,7;10,0;0,0;-8,0;-9,0;34,1
28/03/2026 09:10;450,0;459,0;10,0;0,0;-8,0;-8,0;34,2
28/03/2026 09:11;450,0;453,4;10,0;0,0;-8,0;-9,0;33,6
28/03/2026 09:12;450,0;448,1;10,7;1,6;-8,0;-8,0;33,8
28/03/2026 09:13;450,0;443,5;16,4;6,3;-8,0;-8,0;33,8
28/03/2026 09:14;450,0;442,0;23,8;8,6;-8,0;-7,0;34,3
28/03/2026 09:15;450,0;447,0;27,0;4,7;-8,0;-6,0;35,2
28/03/2026 09:16;450,0;456,9;21,3;0,0;-8,0;-7,0;35,1
28/03/2026 09:17;450,0;465,1;10,0;0,0;-8,0;-9,0;34,2
28/03/2026 09:18;450,0;465,1;10,0;0,0;-8,0;-9,0;34,0
28/03/2026 09:19;450,0;461,6;10,0;0,0;-8,0;-9,0;33,9
28/03/2026 09:20;450,0;456,4;10,0;0,0;-8,0;-8,0;34,2
28/03/2026 09:22;450,0;449,0;10,6;0,9;-8,0;-8,0;34,0
28/03/2026 09:23;450,0;444,6;16,0;5,4;-8,0;-8,0;34,0
28/03/2026 09:24;450,0;444,0;21,4;6,5;-8,0;-6,0;35,2
28/03/2026 09:25;450,0;450,2;21,0;1,1;-8,0;-7,0;35,0
28/03/2026 09:26;450,0;459,9;12,2;0,0;-8,0;-8,0;34,6
28/03/2026 09:27;450,0;462,8;10,0;0,0;-8,0;-9,0;34,0
28/03/2026 09:28;450,0;460,7;10,0;0,0;-8,0;-9,0;34,0
28/03/2026 09:29;450,0;457,5;10,0;0,0;-8,0;-8,0;34,4
28/03/2026 09:30;450,0;454,6;10,0;0,0;-8,0;-8,0;34,2
28/03/2026 09:31;450,0;449,0;10,0;0,7;-8,0;-8,0;34,2
28/03/2026 09:32;450,0;444,9;14,6;4,9;-8,0;-8,0;34,2
28/03/2026 09:33;450,0;443,5;20,3;6,8;-8,0;-7,0;34,8
28/03/2026 09:34;450,0;446,7;23,3;4,4;-8,0;-7,0;35,2
28/03/2026 09:35;450,0;451,7;21,7;0,0;-8,0;-7,0;35,5
28/03/2026 09:36;450,0;457,8;14,7;0,0;-8,0;-8,0;35,2
28/03/2026 09:37;450,0;459,9;10,0;0,0;-8,0;-9,0;34,6
28/03/2026 09:38;450,0;458,1;10,0;0,0;-8,0;-9,0;34,4
28/03/2026 09:39;450,0;454,6;10,0;0,0;-8,0;-9,0;34,2
28/03/2026 09:40;450,0;451,7;10,0;0,0;-8,0;-8,0;34,5
28/03/2026 09:41;450,0;447,6;11,5;2,2;-8,0;-8,0;34,5
28/03/2026 09:42;450,0;444,0;16,4;5,9;-8,0;-7,0;35,0
28/03/2026 09:43;450,0;444,0;21,6;6,6;-8,0;-7,0;35,4
28/03/2026 09:44;450,0;449,9;22,4;1,4;-8,0;-8,0;35,3
28/03/2026 09:45;450,0;459,3;15,2;0,0;-8,0;-8,0;35,2
28/03/2026 09:46;450,0;462,5;10,0;0,0;-8,0;-8,0;35,1
28/03/2026 09:47;450,0;460,7;10,0;0,0;-8,0;-9,0;34,4
28/03/2026 09:48;450,0;457,8;10,0;0,0;-8,0;-9,0;34,3
28/03/2026 09:49;450,0;453,7;10,0;0,0;-8,0;-8,0;34,3
28/03/2026 09:50;450,0;450,5;10,0;0,0;-8,0;-9,0;34,0
28/03/2026 09:51;450,0;448,1;11,2;1,7;-8,0;-8,0;34,5
28/03/2026 09:52;450,0;444,6;16,1;5,4;-8,0;-8,0;34,4
28/03/2026 09:53;450,0;443,8;21,8;6,8;-8,0;-7,0;34,8
28/03/2026 09:54;450,0;447,9;23,6;3,5;-8,0;-7,0;34,9
28/03/2026 09:55;450,0;454,0;19,9;0,0;-8,0;-8,0;34,9
28/03/2026 09:56;450,0;458,1;12,2;0,0;-8,0;-8,0;34,8
28/03/2026 09:57;450,0;459,0;10,0;0,0;-8,0;-9,0;34,1
28/03/2026 09:58;450,0;455,8;10,0;0,0;-8,0;-8,0;34,3
28/03/2026 09:59;450,0;451,4;10,0;0,0;-8,0;-8,0;34,2
28/03/2026 10:00;450,0;446,7;12,1;3,0;-8,0;-7,0;34,6
28/03/2026 10:01;450,0;444,6;17,0;5,5;-8,0;-8,0;34,2
28/03/2026 10:02;450,0;446,7;20,2;4,0;-8,0;-8,0;34,5
28/03/2026 10:03;450,0;452,5;18,1;0,0;-8,0;-7,0;34,9
28/03/2026 10:04;450,0;457,5;11,8;0,0;-8,0;-8,0;34,8
28/03/2026 10:05;450,0;456,6;10,0;0,0;-8,0;-8,0;34,7
28/03/2026 10:06;450,0;454,9;10,0;0,0;-8,0;-9,0;34,1
28/03/2026 10:07;450,0;452,8;10,0;0,0;-8,0;-9,0;34,3
28/03/2026 10:08;450,0;449,0;10,1;0,8;-8,0;-8,0;34,3
28/03/2026 10:09;450,0;446,1;14,0;3,8;-8,0;-8,0;34,5
28/03/2026 10:10;450,0;445,5;19,3;5,1;-8,0;-7,0;35,1
28/03/2026 10:11;450,0;449,6;19,8;1,5;-8,0;-8,0;34,8
28/03/2026 10:12;450,0;456,1;14,2;0,0;-8,0;-8,0;35,1
28/03/2026 10:13;450,0;459,9;10,0;0,0;-8,0;-8,0;34,8
28/03/2026 10:14;450,0;459,0;10,0;0,0;-8,0;-9,0;34,6
28/03/2026 10:15;450,0;457,5;10,0;0,0;-8,0;-8,0;34,8
28/03/2026 10:16;450,0;456,1;10,0;0,0;-8,0;-8,0;34,5
28/03/2026 10:17;450,0;456,1;10,0;0,0;-8,0;-8,0;34,9
28/03/2026 10:18;450,0;450,8;10,0;0,0;-8,0;-8,0;34,4
28/03/2026 10:19;450,0;446,7;12,8;3,1;-8,0;-9,0;34,1
28/03/2026 10:20;450,0;444,3;18,1;5,9;-8,0;-8,0;34,7
28/03/2026 10:21;450,0;447,0;21,0;3,8;-8,0;-7,0;35,0
28/03/2026 10:22;450,0;453,7;18,1;0,0;-8,0;-8,0;34,9
28/03/2026 10:23;450,0;458,1;10,5;0,0;-8,0;-9,0;34,5
28/03/2026 10:24;450,0;459,0;10,0;0,0;-8,0;-9,0;34,2
28/03/2026 10:25;450,0;455,5;10,0;0,0;-8,0;-8,0;34,4
28/03/2026 10:26;450,0;452,0;10,0;0,0;-8,0;-8,0;34,6
28/03/2026 10:27;450,0;446,7;12,0;2,9;-8,0;-8,0;34,3
28/03/2026 10:28;450,0;443,5;18,1;6,5;-8,0;-8,0;34,3
28/03/2026 10:29;450,0;444,6;22,9;6,2;-8,0;-7,0;34,9
28/03/2026 10:30;450,0;452,2;21,5;0,0;-8,0;-7,0;35,0
28/03/2026 10:31;450,0;461,0;11,6;0,0;-8,0;-9,0;34,4
28/03/2026 10:32;450,0;463,4;10,0;0,0;-8,0;-9,0;34,1
28/03/2026 10:33;450,0;462,8;10,0;0,0;-8,0;-9,0;33,9
28/03/2026 10:34;450,0;458,1;10,0;0,0;-8,0;-9,0;33,6
28/03/2026 10:35;450,0;455,5;10,0;0,0;-8,0;-8,0;34,1
28/03/2026 10:36;450,0;453,4;10,0;0,0;-8,0;-8,0;33,8
28/03/2026 10:37;450,0;450,2;10,0;0,0;-8,0;-8,0;33,7
28/03/2026 10:38;450,0;446,4;12,8;3,4;-8,0;-8,0;33,7
28/03/2026 10:39;450,0;443,8;19,0;6,5;-8,0;-8,0;33,6
28/03/2026 10:40;450,0;446,4;22,2;4,5;-8,0;-8,0;33,8
28/03/2026 10:41;450,0;453,7;19,5;0,0;-8,0;-7,0;34,3
28/03/2026 10:42;450,0;461,9;10,0;0,0;-8,0;-9,0;33,5
28/03/2026 10:43;450,0;464,6;10,0;0,0;-8,0;-8,0;33,3
28/03/2026 10:44;450,0;463,1;10,0;0,0;-8,0;-8,0;33,7
28/03/2026 10:45;450,0;459,3;10,0;0,0;-8,0;-9,0;33,1
28/03/2026 10:46;450,0;453,1;10,0;0,0;-8,0;-8,0;33,2
28/03/2026 10:47;450,0;448,4;10,4;1,3;-8,0;-8,0;33,2
28/03/2026 10:48;450,0;444,0;15,5;5,8;-8,0;-8,0;33,2
28/03/2026 10:49;450,0;442,3;22,5;8,2;-8,0;-8,0;33,3
28/03/2026 10:50;450,0;447,6;25,1;3,9;-8,0;-7,0;33,8
28/03/2026 10:51;450,0;458,1;17,8;0,0;-8,0;-8,0;33,9
28/03/2026 10:52;450,0;463,1;10,0;0,0;-8,0;-9,0;33,2
28/03/2026 10:53;450,0;461,6;10,0;0,0;-8,0;-8,0;33,5
28/03/2026 10:54;450,0;457,8;10,0;0,0;-8,0;-8,0;33,4
28/03/2026 10:55;450,0;453,4;10,0;0,0;-8,0;-8,0;33,1
28/03/2026 10:56;450,0;451,4;10,0;0,0;-8,0;-8,0;33,0
28/03/2026 10:57;450,0;448,1;11,1;1,6;-8,0;-8,0;32,9
28/03/2026 10:58;450,0;447,0;13,7;3,0;-8,0;-8,0;32,9
28/03/2026 10:59;450,0;448,1;14,9;2,1;-8,0;-8,0;32,9
28/03/2026 11:00;450,0;450,5;14,9;0,1;-8,0;-8,0;32,9
28/03/2026 11:01;450,0;452,8;12,4;0,0;-8,0;-8,0;32,9
28/03/2026 11:02;450,0;454,3;10,0;0,0;-8,0;-8,0;33,1
28/03/2026 11:03;450,0;452,8;10,0;0,0;-8,0;-9,0;32,6
28/03/2026 11:04;450,0;448,4;10,6;1,4;-8,0;-8,0;32,9
28/03/2026 11:05;450,0;445,2;15,5;4,8;-8,0;-8,0;32,9
28/03/2026 11:06;450,0;443,5;21,3;6,9;-8,0;-7,0;33,2
28/03/2026 11:07;450,0;449,3;22,1;2,0;-8,0;-7,0;33,6
28/03/2026 11:08;450,0;457,5;14,9;0,0;-8,0;-8,0;33,2
28/03/2026 11:09;450,0;462,2;10,0;0,0;-8,0;-8,0;33,2
28/03/2026 11:10;450,0;462,2;10,0;0,0;-8,0;-8,0;33,0
28/03/2026 11:11;450,0;459,3;10,0;0,0;-8,0;-8,0;33,3
28/03/2026 11:12;450,0;456,1;10,0;0,0;-8,0;-8,0;33,0
28/03/2026 11:13;450,0;453,1;10,0;0,0;-8,0;-8,0;33,1
28/03/2026 11:14;450,0;449,6;10,0;0,2;-8,0;-8,0;32,9
28/03/2026 11:15;450,0;445,2;14,2;4,6;-8,0;-8,0;32,9
28/03/2026 11:16;450,0;444,0;19,8;6,4;-8,0;-8,0;32,9
28/03/2026 11:17;450,0;448,1;22,0;3,0;-8,0;-7,0;33,6
28/03/2026 11:18;450,0;457,2;16,2;0,0;-8,0;-8,0;33,2
28/03/2026 11:19;450,0;463,1;10,0;0,0;-8,0;-8,0;33,2
28/03/2026 11:20;450,0;462,5;10,0;0,0;-8,0;-8,0;33,3
28/03/2026 11:21;450,0;459,6;10,0;0,0;-8,0;-8,0;33,3
28/03/2026 11:22;450,0;455,2;10,0;0,0;-8,0;-8,0;33,2
28/03/2026 11:23;450,0;451,4;10,0;0,0;-8,0;-8,0;33,2
28/03/2026 11:24;450,0;448,4;10,7;1,4;-8,0;-8,0;33,0
28/03/2026 11:25;450,0;446,7;13,8;3,2;-8,0;-8,0;33,1
28/03/2026 11:26;450,0;447,9;15,9;2,4;-8,0;-7,0;33,5
28/03/2026 11:27;450,0;449,6;16,3;1,0;-8,0;-8,0;33,2
28/03/2026 11:28;450,0;453,7;13,2;0,0;-8,0;-8,0;33,3
28/03/2026 11:29;450,0;456,6;10,0;0,0;-8,0;-8,0;33,5
28/03/2026 11:30;450,0;454,3;10,0;0,0;-8,0;-9,0;32,8
28/03/2026 11:31;450,0;450,5;10,0;0,0;-8,0;-9,0;32,8
28/03/2026 11:32;450,0;447,0;12,8;2,9;-8,0;-8,0;33,0
28/03/2026 11:33;450,0;445,2;17,1;5,0;-8,0;-8,0;33,0
28/03/2026 11:34;450,0;447,3;19,6;3,5;-8,0;-8,0;33,1
28/03/2026 11:35;450,0;454,0;16,6;0,0;-8,0;-8,0;33,1
28/03/2026 11:36;450,0;458,4;10,0;0,0;-8,0;-9,0;32,7
28/03/2026 11:37;450,0;458,1;10,0;0,0;-8,0;-8,0;33,0
28/03/2026 11:38;450,0;454,0;10,0;0,0;-8,0;-8,0;33,1
28/03/2026 11:39;450,0;451,1;10,0;0,0;-8,0;-8,0;33,1
28/03/2026 11:40;450,0;447,0;12,1;2,8;-8,0;-8,0;33,0
28/03/2026 11:41;450,0;444,9;16,4;5,1;-8,0;-8,0;33,0
28/03/2026 11:42;450,0;445,2;20,6;5,4;-8,0;-7,0;33,4
28/03/2026 11:43;450,0;453,4;18,4;0,0;-8,0;-8,0;33,1
28/03/2026 11:44;450,0;461,6;10,0;0,0;-8,0;-9,0;32,8
28/03/2026 11:45;450,0;463,7;10,0;0,0;-8,0;-8,0;33,2
28/03/2026 11:46;450,0;464,3;10,0;0,0;-8,0;-8,0;33,1
28/03/2026 11:47;450,0;461,0;10,0;0,0;-8,0;-8,0;33,2
28/03/2026 11:48;450,0;456,6;10,0;0,0;-8,0;-9,0;32,7
28/03/2026 11:49;450,0;450,8;10,0;0,0;-8,0;-9,0;32,5
28/03/2026 11:50;450,0;445,8;12,9;4,0;-8,0;-8,0;32,8
28/03/2026 11:51;450,0;444,3;17,6;5,8;-8,0;-8,0;32,8
28/03/2026 11:52;450,0;448,1;20,2;2,9;-8,0;-7,0;33,3
28/03/2026 11:53;450,0;454,3;17,0;0,0;-8,0;-8,0;33,0
28/03/2026 11:54;450,0;459,3;10,0;0,0;-8,0;-9,0;32,7
28/03/2026 11:55;450,0;459,3;10,0;0,0;-8,0;-9,0;32,5
28/03/2026 11:56;450,0;456,4;10,0;0,0;-8,0;-8,0;33,0
28/03/2026 11:57;450,0;456,4;10,0;0,0;-8,0;-8,0;32,9
28/03/2026 11:58;450,0;453,7;10,0;0,0;-8,0;-8,0;32,6
28/03/2026 11:59;450,0;449,0;10,1;0,8;-8,0;-8,0;32,6
28/03/2026 12:00;450,0;446,1;14,1;3,8;-8,0;-8,0;32,6
28/03/2026 12:01;450,0;444,3;19,4;6,0;-8,0;-7,0;32,9
28/03/2026 12:02;450,0;447,6;22,1;3,6;-8,0;-7,0;33,4
28/03/2026 12:03;450,0;455,5;17,3;0,0;-8,0;-8,0;33,0
28/03/2026 12:04;450,0;461,0;10,0;0,0;-8,0;-8,0;32,9
28/03/2026 12:05;450,0;461,6;10,0;0,0;-8,0;-8,0;33,1
28/03/2026 12:06;450,0;458,1;10,0;0,0;-8,0;-9,0;32,6
28/03/2026 12:07;450,0;453,7;10,0;0,0;-8,0;-8,0;32,9
28/03/2026 12:08;450,0;450,8;10,0;0,0;-8,0;-8,0;32,7
28/03/2026 12:09;450,0;447,6;11,8;2,3;-8,0;-8,0;32,7
28/03/2026 12:10;450,0;445,8;15,6;4,3;-8,0;-8,0;32,7
28/03/2026 12:11;450,0;446,1;19,0;4,4;-8,0;-8,0;32,7
28/03/2026 12:12;450,0;450,5;19,0;0,6;-8,0;-8,0;33,0
28/03/2026 12:13;450,0;455,5;14,3;0,0;-8,0;-8,0;32,9
28/03/2026 12:14;450,0;457,2;10,0;0,0;-8,0;-8,0;32,9
28/03/2026 12:15;450,0;456,6;10,0;0,0;-8,0;-9,0;32,5
28/03/2026 12:16;450,0;453,1;10,0;0,0;-8,0;-8,0;32,8
28/03/2026 12:17;450,0;449,0;10,2;0,8;-8,0;-8,0;32,5
28/03/2026 12:18;450,0;444,3;14,9;5,5;-8,0;-8,0;32,5
28/03/2026 12:19;450,0;443,8;20,3;6,6;-8,0;-7,0;32,9
28/03/2026 12:20;450,0;450,2;20,9;1,2;-8,0;-7,0;33,3
28/03/2026 12:21;450,0;460,5;12,8;0,0;-8,0;-8,0;32,9
28/03/2026 12:22;450,0;466,0;10,0;0,0;-8,0;-8,0;32,7
28/03/2026 12:23;450,0;465,1;10,0;0,0;-8,0;-8,0;33,0
28/03/2026 12:24;450,0;462,2;10,0;0,0;-8,0;-9,0;32,6
28/03/2026 12:25;450,0;459,0;10,0;0,0;-8,0;-8,0;32,8
28/03/2026 12:26;450,0;456,1;10,0;0,0;-8,0;-8,0;32,5
28/03/2026 12:27;450,0;453,1;10,0;0,0;-8,0;-8,0;32,6
28/03/2026 12:28;450,0;448,4;10,5;1,4;-8,0;-8,0;32,6
28/03/2026 12:29;450,0;445,2;15,4;4,8;-8,0;-8,0;32,6
28/03/2026 12:30;450,0;444,9;19,8;5,5;-8,0;-7,0;33,2
28/03/2026 12:31;450,0;447,6;21,9;3,5;-8,0;-7,0;33,3
28/03/2026 12:32;450,0;454,0;18,5;0,0;-8,0;-7,0;33,9
28/03/2026 12:33;450,0;461,3;10,0;0,0;-8,0;-8,0;33,4
28/03/2026 12:34;450,0;462,2;10,0;0,0;-8,0;-9,0;33,0
28/03/2026 12:35;450,0;461,6;10,0;0,0;-8,0;-8,0;33,1
28/03/2026 12:36;450,0;460,5;10,0;0,0;-8,0;-9,0;32,5
28/03/2026 12:37;450,0;456,6;10,0;0,0;-8,0;-8,0;32,8
28/03/2026 12:38;450,0;454,0;10,0;0,0;-8,0;-8,0;32,6
28/03/2026 12:39;450,0;451,4;10,0;0,0;-8,0;-8,0;32,5
28/03/2026 12:40;450,0;449,3;10,3;0,6;-8,0;-8,0;32,5
28/03/2026 12:41;450,0;446,7;13,2;3,2;-8,0;-7,0;33,1
28/03/2026 12:42;450,0;445,2;17,3;5,0;-8,0;-8,0;32,7
28/03/2026 12:43;450,0;448,1;19,0;2,6;-8,0;-8,0;32,7
28/03/2026 12:44;450,0;454,9;15,6;0,0;-8,0;-8,0;32,9
28/03/2026 12:45;450,0;459,0;10,0;0,0;-8,0;-8,0;32,7
28/03/2026 12:46;450,0;457,8;10,0;0,0;-8,0;-8,0;32,5
28/03/2026 12:47;450,0;454,9;10,0;0,0;-8,0;-8,0;32,5
28/03/2026 12:48;450,0;451,7;10,0;0,0;-8,0;-8,0;32,5
28/03/2026 12:49;450,0;448,7;10,6;1,2;-8,0;-9,0;32,0
28/03/2026 12:50;450,0;446,7;13,3;3,2;-8,0;-7,0;32,8
28/03/2026 12:51;450,0;445,5;17,5;4,8;-8,0;-8,0;32,5
28/03/2026 12:52;450,0;449,9;18,7;1,1;-8,0;-7,0;33,1
28/03/2026 12:53;450,0;456,4;12,3;0,0;-8,0;-8,0;32,7
28/03/2026 12:54;450,0;459,3;10,0;0,0;-8,0;-8,0;32,6
28/03/2026 12:55;450,0;459,6;10,0;0,0;-8,0;-8,0;32,5
28/03/2026 12:56;450,0;457,5;10,0;0,0;-8,0;-8,0;32,5
28/03/2026 12:57;450,0;455,5;10,0;0,0;-8,0;-8,0;32,5
28/03/2026 12:58;450,0;451,7;10,0;0,0;-8,0;-9,0;32,1
28/03/2026 12:59;450,0;448,4;10,6;1,4;-8,0;-8,0;32,6
28/03/2026 13:00;450,0;446,7;14,1;3,3;-8,0;-8,0;32,6
28/03/2026 13:01;450,0;446,4;17,4;3,9;-8,0;-7,0;33,0
28/03/2026 13:02;450,0;449,0;18,1;1,7;-8,0;-8,0;32,7
28/03/2026 13:03;450,0;455,2;13,7;0,0;-8,0;-8,0;32,7
28/03/2026 13:04;450,0;459,0;10,0;0,0;-8,0;-9,0;32,3
28/03/2026 13:05;450,0;459,0;10,0;0,0;-8,0;-8,0;32,6
28/03/2026 13:06;450,0;457,2;10,0;0,0;-8,0;-8,0;32,6
28/03/2026 13:07;450,0;454,0;10,0;0,0;-8,0;-9,0;32,2
28/03/2026 13:08;450,0;451,1;10,0;0,0;-8,0;-8,0;32,8
28/03/2026 13:09;450,0;449,0;10,2;0,8;-8,0;-8,0;32,7
28/03/2026 13:10;450,0;446,1;13,9;3,8;-8,0;-8,0;32,6
28/03/2026 13:11;450,0;444,3;18,8;6,0;-8,0;-8,0;32,6
28/03/2026 13:12;450,0;447,9;21,2;3,0;-8,0;-7,0;33,3
28/03/2026 13:13;450,0;456,6;16,3;0,0;-8,0;-8,0;33,1
28/03/2026 13:14;450,0;461,3;10,0;0,0;-8,0;-8,0;33,0
28/03/2026 13:15;450,0;460,2;10,0;0,0;-8,0;-8,0;32,9
28/03/2026 13:16;450,0;456,9;10,0;0,0;-8,0;-9,0;32,3
28/03/2026 13:17;450,0;452,8;10,0;0,0;-8,0;-7,0;33,3
28/03/2026 13:18;450,0;450,5;10,0;0,0;-8,0;-8,0;32,7
28/03/2026 13:19;450,0;447,6;12,3;2,3;-8,0;-8,0;32,8
28/03/2026 13:20;450,0;446,7;15,3;3,4;-8,0;-8,0;32,8
28/03/2026 13:21;450,0;447,6;18,0;2,9;-8,0;-8,0;32,8
28/03/2026 13:22;450,0;453,4;15,2;0,0;-8,0;-8,0;32,8
28/03/2026 13:23;450,0;461,0;10,0;0,0;-8,0;-8,0;32,8
28/03/2026 13:24;450,0;465,4;10,0;0,0;-8,0;-9,0;32,3
28/03/2026 13:25;450,0;465,1;10,0;0,0;-8,0;-8,0;32,6
28/03/2026 13:26;450,0;462,2;10,0;0,0;-8,0;-8,0;32,8
28/03/2026 13:27;450,0;457,2;10,0;0,0;-8,0;-9,0;32,3
28/03/2026 13:28;450,0;452,8;10,0;0,0;-8,0;-8,0;32,6
28/03/2026 13:29;450,0;448,1;10,7;1,6;-8,0;-8,0;32,4
28/03/2026 13:30;450,0;445,5;15,0;4,5;-8,0;-8,0;32,4
28/03/2026 13:31;450,0;445,8;18,3;4,6;-8,0;-8,0;32,4
28/03/2026 13:32;450,0;453,1;16,1;0,0;-8,0;-8,0;32,5
28/03/2026 13:33;450,0;459,6;10,0;0,0;-8,0;-8,0;32,5
28/03/2026 13:34;450,0;461,9;10,0;0,0;-8,0;-8,0;32,4
28/03/2026 13:35;450,0;461,3;10,0;0,0;-8,0;-7,0;32,9
28/03/2026 13:36;450,0;459,6;10,0;0,0;-8,0;-8,0;32,6
28/03/2026 13:37;450,0;456,1;10,0;0,0;-8,0;-8,0;32,5
28/03/2026 13:38;450,0;453,1;10,0;0,0;-8,0;-8,0;32,5
28/03/2026 13:39;450,0;449,9;10,0;0,0;-8,0;-8,0;32,5
28/03/2026 13:40;450,0;446,1;13,4;3,7;-8,0;-8,0;32,4
28/03/2026 13:41;450,0;445,5;17,3;4,8;-8,0;-8,0;32,4
28/03/2026 13:42;450,0;449,6;18,5;1,3;-8,0;-7,0;33,0
28/03/2026 13:43;450,0;455,8;13,4;0,0;-8,0;-8,0;32,6
28/03/2026 13:44;450,0;459,6;10,0;0,0;-8,0;-8,0;32,9
28/03/2026 13:45;450,0;459,9;10,0;0,0;-8,0;-8,0;32,8
28/03/2026 13:46;450,0;456,9;10,0;0,0;-8,0;-8,0;32,8
28/03/2026 13:47;450,0;453,4;10,0;0,0;-8,0;-8,0;32,7
28/03/2026 13:48;450,0;448,4;10,8;1,5;-8,0;-8,0;32,6
28/03/2026 13:49;450,0;446,1;14,7;3,9;-8,0;-8,0;32,6
28/03/2026 13:50;450,0;446,7;17,7;3,7;-8,0;-8,0;32,6
28/03/2026 13:51;450,0;450,8;17,2;0,2;-8,0;-8,0;32,9
28/03/2026 13:52;450,0;455,5;12,1;0,0;-8,0;-9,0;32,4
28/03/2026 13:53;450,0;457,8;10,0;0,0;-8,0;-7,0;33,3
28/03/2026 13:54;450,0;458,1;10,0;0,0;-8,0;-8,0;32,9
28/03/2026 13:55;450,0;456,6;10,0;0,0;-8,0;-8,0;32,9
28/03/2026 13:56;450,0;453,4;10,0;0,0;-8,0;-8,0;32,8
28/03/2026 13:57;450,0;450,5;10,0;0,0;-8,0;-8,0;32,6
28/03/2026 13:58;450,0;447,3;12,4;2,6;-8,0;-8,0;32,6
28/03/2026 13:59;450,0;445,5;16,6;4,7;-8,0;-8,0;32,6
28/03/2026 14:00;450,0;444,9;20,7;5,6;-8,0;-8,0;32,8
28/03/2026 14:01;450,0;451,4;20,1;0,0;-8,0;-8,0;33,1
28/03/2026 14:02;450,0;459,9;11,2;0,0;-8,0;-8,0;33,2
28/03/2026 14:03;450,0;462,5;10,0;0,0;-8,0;-9,0;32,6
28/03/2026 14:04;450,0;460,5;10,0;0,0;-8,0;-8,0;32,9
28/03/2026 14:05;450,0;456,9;10,0;0,0;-8,0;-9,0;32,5
28/03/2026 14:06;450,0;452,2;10,0;0,0;-8,0;-9,0;32,5
28/03/2026 14:07;450,0;448,1;10,9;1,7;-8,0;-9,0;32,3
28/03/2026 14:08;450,0;447,6;13,0;2,4;-8,0;-8,0;32,6
28/03/2026 14:09;450,0;449,0;14,1;1,4;-8,0;-8,0;32,6
28/03/2026 14:10;450,0;453,1;11,6;0,0;-8,0;-8,0;32,6
28/03/2026 14:11;450,0;455,5;10,0;0,0;-8,0;-7,0;33,2
28/03/2026 14:12;450,0;454,0;10,0;0,0;-8,0;-8,0;32,8
28/03/2026 14:13;450,0;452,2;10,0;0,0;-8,0;-8,0;32,8
28/03/2026 14:14;450,0;447,9;11,0;1,8;-8,0;-8,0;32,6
28/03/2026 14:15;450,0;444,6;16,2;5,4;-8,0;-8,0;32,6
28/03/2026 14:16;450,0;443,5;22,1;7,0;-8,0;-7,0;33,3
28/03/2026 14:17;450,0;449,9;22,8;1,5;-8,0;-7,0;33,5
28/03/2026 14:18;450,0;458,7;15,0;0,0;-8,0;-8,0;33,2
28/03/2026 14:19;450,0;463,1;10,0;0,0;-8,0;-8,0;33,2
28/03/2026 14:20;450,0;463,1;10,0;0,0;-8,0;-7,0;33,8
28/03/2026 14:21;450,0;460,2;10,0;0,0;-8,0;-8,0;33,2
28/03/2026 14:22;450,0;458,4;10,0;0,0;-8,0;-9,0;32,9
28/03/2026 14:23;450,0;454,0;10,0;0,0;-8,0;-9,0;32,8
28/03/2026 14:24;450,0;450,8;10,0;0,0;-8,0;-8,0;33,0
28/03/2026 14:25;450,0;447,0;12,5;2,9;-8,0;-8,0;33,0
28/03/2026 14:26;450,0;444,9;16,8;5,2;-8,0;-8,0;32,9
28/03/2026 14:27;450,0;447,6;19,4;3,1;-8,0;-7,0;33,5
28/03/2026 14:28;450,0;454,0;16,7;0,0;-8,0;-7,0;33,5
28/03/2026 14:29;450,0;459,3;10,0;0,0;-8,0;-7,0;33,7
28/03/2026 14:30;450,0;460,5;10,0;0,0;-8,0;-8,0;33,2
28/03/2026 14:31;450,0;461,0;10,0;0,0;-8,0;-8,0;33,3
28/03/2026 14:32;450,0;457,8;10,0;0,0;-8,0;-8,0;33,3
28/03/2026 14:33;450,0;453,7;10,0;0,0;-8,0;-8,0;33,0
28/03/2026 14:34;450,0;450,2;10,0;0,0;-8,0;-8,0;32,8
28/03/2026 14:35;450,0;446,7;13,2;3,1;-8,0;-8,0;32,9
28/03/2026 14:36;450,0;445,5;17,4;4,8;-8,0;-8,0;32,9
28/03/2026 14:37;450,0;447,0;20,4;3,9;-8,0;-8,0;33,0
28/03/2026 14:38;450,0;454,3;16,6;0,0;-8,0;-7,0;33,6
28/03/2026 14:39;450,0;460,7;10,0;0,0;-8,0;-8,0;33,1
28/03/2026 14:40;450,0;461,9;10,0;0,0;-8,0;-8,0;33,0
28/03/2026 14:41;450,0;460,7;10,0;0,0;-8,0;-9,0;32,7
28/03/2026 14:42;450,0;457,8;10,0;0,0;-8,0;-8,0;33,0
28/03/2026 14:43;450,0;454,6;10,0;0,0;-8,0;-8,0;32,9
28/03/2026 14:44;450,0;451,4;10,0;0,0;-8,0;-8,0;32,9
28/03/2026 14:45;450,0;449,9;10,0;0,0;-8,0;-8,0;32,8
28/03/2026 14:46;450,0;447,0;12,7;2,9;-8,0;-8,0;32,8
28/03/2026 14:47;450,0;448,1;13,9;2,0;-8,0;-7,0;33,4
28/03/2026 14:48;450,0;448,1;15,5;2,2;-8,0;-8,0;33,0
28/03/2026 14:49;450,0;452,8;13,4;0,0;-8,0;-8,0;33,0
28/03/2026 14:50;450,0;456,4;10,0;0,0;-8,0;-8,0;33,0
28/03/2026 14:51;450,0;457,8;10,0;0,0;-8,0;-8,0;32,9
28/03/2026 14:52;450,0;457,2;10,0;0,0;-8,0;-8,0;32,9
28/03/2026 14:53;450,0;454,9;10,0;0,0;-8,0;-8,0;32,8
28/03/2026 14:54;450,0;450,8;10,0;0,0;-8,0;-9,0;32,4
28/03/2026 14:55;450,0;447,6;11,7;2,2;-8,0;-8,0;32,7
28/03/2026 14:56;450,0;443,8;16,7;6,1;-8,0;-7,0;33,2
28/03/2026 14:57;450,0;444,9;21,8;5,8;-8,0;-7,0;33,4
28/03/2026 14:58;450,0;452,8;20,4;0,0;-8,0;-7,0;33,8
28/03/2026 14:59;450,0;463,1;10,0;0,0;-8,0;-8,0;33,4
28/03/2026 15:00;450,0;466,9;10,0;0,0;-8,0;-9,0;32,9
28/03/2026 15:01;450,0;464,8;10,0;0,0;-8,0;-9,0;32,7
28/03/2026 15:02;450,0;460,7;10,0;0,0;-8,0;-8,0;33,0
28/03/2026 15:03;450,0;456,4;10,0;0,0;-8,0;-8,0;33,0
28/03/2026 15:04;450,0;453,1;10,0;0,0;-8,0;-8,0;33,0
28/03/2026 15:05;450,0;450,5;10,0;0,0;-8,0;-7,0;33,5
28/03/2026 15:06;450,0;447,3;12,3;2,6;-8,0;-8,0;33,0
28/03/2026 15:07;450,0;445,5;16,6;4,7;-8,0;-8,0;33,0
28/03/2026 15:08;450,0;448,1;18,6;2,5;-8,0;-8,0;33,2
28/03/2026 15:09;450,0;456,4;13,8;0,0;-8,0;-8,0;33,2
28/03/2026 15:10;450,0;460,7;10,0;0,0;-8,0;-9,0;32,7
28/03/2026 15:11;450,0;460,2;10,0;0,0;-8,0;-9,0;32,5
28/03/2026 15:12;450,0;456,6;10,0;0,0;-8,0;-9,0;32,5
28/03/2026 15:13;450,0;452,5;10,0;0,0;-8,0;-8,0;32,9
28/03/2026 15:14;450,0;447,9;11,1;1,8;-8,0;-7,0;33,4
28/03/2026 15:15;450,0;444,6;16,1;5,4;-8,0;-8,0;33,1
28/03/2026 15:16;450,0;446,1;19,6;4,5;-8,0;-7,0;33,4
28/03/2026 15:17;450,0;451,1;19,0;0,2;-8,0;-7,0;33,7
28/03/2026 15:18;450,0;457,2;12,5;0,0;-8,0;-8,0;33,3
28/03/2026 15:19;450,0;460,5;10,0;0,0;-8,0;-8,0;33,2
28/03/2026 15:20;450,0;461,3;10,0;0,0;-8,0;-8,0;33,2
28/03/2026 15:21;450,0;458,4;10,0;0,0;-8,0;-9,0;32,7
28/03/2026 15:22;450,0;454,0;10,0;0,0;-8,0;-8,0;33,0
28/03/2026 15:23;450,0;450,8;10,0;0,0;-8,0;-7,0;33,5
28/03/2026 15:24;450,0;447,3;11,9;2,6;-8,0;-8,0;33,2
28/03/2026 15:25;450,0;446,1;15,6;4,0;-8,0;-8,0;33,1
28/03/2026 15:26;450,0;446,1;19,3;4,4;-8,0;-8,0;33,1
28/03/2026 15:27;450,0;450,8;18,9;0,3;-8,0;-8,0;33,4
28/03/2026 15:28;450,0;458,7;12,1;0,0;-8,0;-8,0;33,4
28/03/2026 15:29;450,0;462,2;10,0;0,0;-8,0;-8,0;33,4
28/03/2026 15:30;450,0;462,5;10,0;0,0;-8,0;-9,0;33,0
28/03/2026 15:31;450,0;460,2;10,0;0,0;-8,0;-8,0;33,1
28/03/2026 15:32;450,0;457,5;10,0;0,0;-8,0;-7,0;33,7
28/03/2026 15:33;450,0;454,3;10,0;0,0;-8,0;-9,0;32,8
28/03/2026 15:34;450,0;452,2;10,0;0,0;-8,0;-8,0;33,2
28/03/2026 15:35;450,0;449,0;10,4;0,9;-8,0;-8,0;33,2
28/03/2026 15:36;450,0;445,8;14,2;4,1;-8,0;-8,0;33,2
28/03/2026 15:37;450,0;445,5;18,1;4,8;-8,0;-8,0;33,2
28/03/2026 15:38;450,0;447,9;20,0;2,9;-8,0;-8,0;33,4
28/03/2026 15:39;450,0;455,5;15,9;0,0;-8,0;-8,0;33,4
28/03/2026 15:40;450,0;461,3;10,0;0,0;-8,0;-8,0;33,4
28/03/2026 15:41;450,0;460,7;10,0;0,0;-8,0;-7,0;33,8
28/03/2026 15:42;450,0;457,8;10,0;0,0;-8,0;-9,0;32,9
28/03/2026 15:43;450,0;455,2;10,0;0,0;-8,0;-9,0;32,8
28/03/2026 15:44;450,0;452,5;10,0;0,0;-8,0;-8,0;33,0
28/03/2026 15:45;450,0;450,2;10,0;0,0;-8,0;-8,0;33,1
28/03/2026 15:46;450,0;446,1;13,4;3,7;-8,0;-8,0;33,1
28/03/2026 15:47;450,0;444,3;18,2;5,9;-8,0;-7,0;33,5
28/03/2026 15:48;450,0;447,3;21,2;3,7;-8,0;-7,0;33,8
28/03/2026 15:49;450,0;456,4;16,2;0,0;-8,0;-8,0;33,6
28/03/2026 15:50;450,0;464,8;10,0;0,0;-8,0;-7,0;34,1
28/03/2026 15:51;450,0;466,6;10,0;0,0;-8,0;-9,0;33,2
28/03/2026 15:52;450,0;462,8;10,0;0,0;-8,0;-8,0;33,5
28/03/2026 15:53;450,0;459,0;10,0;0,0;-8,0;-8,0;33,3
28/03/2026 15:54;450,0;454,6;10,0;0,0;-8,0;-8,0;33,3
28/03/2026 15:55;450,0;452,2;10,0;0,0;-8,0;-8,0;33,1
28/03/2026 15:56;450,0;449,3;10,4;0,6;-8,0;-8,0;33,1
28/03/2026 15:57;450,0;445,2;14,5;4,4;-8,0;-8,0;33,2
28/03/2026 15:58;450,0;444,6;19,3;5,7;-8,0;-7,0;33,7
28/03/2026 15:59;450,0;447,6;21,6;3,4;-8,0;-7,0;34,1
28/03/2026 16:00;450,0;454,3;17,9;0,0;-8,0;-8,0;33,8
28/03/2026 16:01;450,0;458,7;10,0;0,0;-8,0;-9,0;33,5
28/03/2026 16:02;450,0;459,6;10,0;0,0;-8,0;-9,0;33,1
28/03/2026 16:03;450,0;458,7;10,0;0,0;-8,0;-8,0;33,5
28/03/2026 16:04;450,0;455,8;10,0;0,0;-8,0;-9,0;32,8
28/03/2026 16:05;450,0;454,0;10,0;0,0;-8,0;-8,0;33,3
28/03/2026 16:06;450,0;451,4;10,0;0,0;-8,0;-8,0;33,3
28/03/2026 16:07;450,0;448,7;10,6;1,1;-8,0;-9,0;32,8
28/03/2026 16:08;450,0;447,0;13,4;3,0;-8,0;-7,0;33,7
28/03/2026 16:09;450,0;445,8;17,0;4,4;-8,0;-8,0;33,3
28/03/2026 16:10;450,0;450,2;17,2;0,7;-8,0;-7,0;33,8
28/03/2026 16:11;450,0;456,4;12,4;0,0;-8,0;-8,0;33,4
28/03/2026 16:12;450,0;460,2;10,0;0,0;-8,0;-8,0;33,4
28/03/2026 16:13;450,0;460,7;10,0;0,0;-8,0;-9,0;32,9
28/03/2026 16:14;450,0;458,7;10,0;0,0;-8,0;-8,0;33,3
28/03/2026 16:15;450,0;457,2;10,0;0,0;-8,0;-8,0;33,2
28/03/2026 16:16;450,0;454,3;10,0;0,0;-8,0;-8,0;33,1
28/03/2026 16:17;450,0;452,5;10,0;0,0;-8,0;-7,0;33,6
28/03/2026 16:18;450,0;449,3;10,2;0,6;-8,0;-9,0;33,3
28/03/2026 16:19;450,0;446,1;14,3;3,8;-8,0;-9,0;32,9
28/03/2026 16:20;450,0;446,1;17,9;4,3;-8,0;-8,0;33,3
28/03/2026 16:21;450,0;448,4;19,2;2,4;-8,0;-7,0;33,7
28/03/2026 16:22;450,0;452,5;16,7;0,0;-8,0;-8,0;33,6
28/03/2026 16:23;450,0;456,9;10,0;0,0;-8,0;-8,0;33,5
28/03/2026 16:24;450,0;457,5;10,0;0,0;-8,0;-9,0;33,0
28/03/2026 16:25;450,0;456,1;10,0;0,0;-8,0;-9,0;32,9
28/03/2026 16:26;450,0;454,6;10,0;0,0;-8,0;-7,0;33,8
28/03/2026 16:27;450,0;452,8;10,0;0,0;-8,0;-8,0;33,4
28/03/2026 16:28;450,0;449,6;10,0;0,1;-8,0;-8,0;33,2
28/03/2026 16:29;450,0;446,4;13,3;3,4;-8,0;-8,0;33,2
28/03/2026 16:30;450,0;443,8;18,5;6,4;-8,0;-8,0;33,2
28/03/2026 16:31;450,0;445,5;22,7;5,4;-8,0;-7,0;33,8
28/03/2026 16:32;450,0;453,7;19,8;0,0;-8,0;-8,0;33,8
28/03/2026 16:33;450,0;464,0;10,0;0,0;-8,0;-9,0;33,4
28/03/2026 16:34;450,0;466,6;10,0;0,0;-8,0;-8,0;33,6
28/03/2026 16:35;450,0;464,6;10,0;0,0;-8,0;-7,0;34,0
28/03/2026 16:36;450,0;461,9;10,0;0,0;-8,0;-9,0;33,0
28/03/2026 16:37;450,0;457,8;10,0;0,0;-8,0;-9,0;33,0
28/03/2026 16:38;450,0;453,4;10,0;0,0;-8,0;-8,0;33,3
28/03/2026 16:39;450,0;449,6;10,0;0,2;-8,0;-8,0;33,3
28/03/2026 16:40;450,0;444,9;14,4;4,8;-8,0;-8,0;33,2
28/03/2026 16:41;450,0;443,8;20,1;6,6;-8,0;-7,0;33,6
28/03/2026 16:42;450,0;449,3;21,5;1,9;-8,0;-7,0;34,0
28/03/2026 16:43;450,0;458,1;14,9;0,0;-8,0;-8,0;33,6
28/03/2026 16:44;450,0;463,4;10,0;0,0;-8,0;-8,0;33,6
28/03/2026 16:45;450,0;463,4;10,0;0,0;-8,0;-8,0;33,7
28/03/2026 16:46;450,0;461,9;10,0;0,0;-8,0;-8,0;33,6
28/03/2026 16:47;450,0;459,0;10,0;0,0;-8,0;-8,0;33,5
28/03/2026 16:48;450,0;456,1;10,0;0,0;-8,0;-9,0;33,2
28/03/2026 16:49;450,0;452,5;10,0;0,0;-8,0;-8,0;33,5
28/03/2026 16:50;450,0;449,3;10,3;0,6;-8,0;-9,0;32,8
28/03/2026 16:51;450,0;446,4;13,8;3,5;-8,0;-8,0;33,3
28/03/2026 16:52;450,0;443,8;19,1;6,4;-8,0;-8,0;33,4
28/03/2026 16:53;450,0;445,5;23,2;5,4;-8,0;-7,0;34,2
28/03/2026 16:54;450,0;453,7;20,3;0,0;-8,0;-7,0;34,5
28/03/2026 16:55;450,0;462,5;10,0;0,0;-8,0;-8,0;34,1
28/03/2026 16:56;450,0;465,1;10,0;0,0;-8,0;-8,0;33,9
28/03/2026 16:57;450,0;464,8;10,0;0,0;-8,0;-9,0;33,2
28/03/2026 16:58;450,0;461,9;10,0;0,0;-8,0;-8,0;33,4
28/03/2026 16:59;450,0;458,7;10,0;0,0;-8,0;-8,0;33,5
28/03/2026 17:00;450,0;454,6;10,0;0,0;-8,0;-9,0;33,1
28/03/2026 17:01;450,0;450,5;10,0;0,0;-8,0;-8,0;33,4
28/03/2026 17:02;450,0;445,8;13,3;4,0;-8,0;-7,0;33,7
28/03/2026 17:03;450,0;444,0;18,7;6,2;-8,0;-7,0;33,8
28/03/2026 17:04;450,0;447,9;21,1;3,2;-8,0;-7,0;34,0
28/03/2026 17:05;450,0;455,2;16,7;0,0;-8,0;-8,0;33,7
28/03/2026 17:06;450,0;460,5;10,0;0,0;-8,0;-8,0;33,7
28/03/2026 17:07;450,0;461,3;10,0;0,0;-8,0;-8,0;33,6
28/03/2026 17:08;450,0;457,2;10,0;0,0;-8,0;-8,0;33,4
28/03/2026 17:09;450,0;454,0;10,0;0,0;-8,0;-9,0;33,0
28/03/2026 17:10;450,0;451,1;10,0;0,0;-8,0;-8,0;33,4
28/03/2026 17:11;450,0;447,0;12,1;2,8;-8,0;-7,0;33,9
28/03/2026 17:12;450,0;444,9;16,3;5,1;-8,0;-8,0;33,6
28/03/2026 17:13;450,0;447,9;18,9;2,8;-8,0;-8,0;33,6
28/03/2026 17:14;450,0;454,0;15,2;0,0;-8,0;-8,0;33,7
28/03/2026 17:15;450,0;458,1;10,0;0,0;-8,0;-8,0;33,3
28/03/2026 17:16;450,0;458,4;10,0;0,0;-8,0;-8,0;33,5
28/03/2026 17:17;450,0;456,6;10,0;0,0;-8,0;-9,0;33,1
28/03/2026 17:18;450,0;452,2;10,0;0,0;-8,0;-8,0;33,4
28/03/2026 17:19;450,0;448,4;10,5;1,4;-8,0;-8,0;33,1
28/03/2026 17:20;450,0;444,6;15,4;5,3;-8,0;-7,0;33,7
28/03/2026 17:21;450,0;444,0;20,5;6,4;-8,0;-7,0;34,0
28/03/2026 17:22;450,0;450,5;20,7;1,0;-8,0;-7,0;34,2
28/03/2026 17:23;450,0;459,0;12,7;0,0;-8,0;-8,0;33,9
28/03/2026 17:24;450,0;463,1;10,0;0,0;-8,0;-8,0;33,9
28/03/2026 17:25;450,0;463,4;10,0;0,0;-8,0;-9,0;33,3
28/03/2026 17:26;450,0;460,2;10,0;0,0;-8,0;-8,0;33,7
28/03/2026 17:27;450,0;457,2;10,0;0,0;-8,0;-8,0;33,6
28/03/2026 17:28;450,0;454,0;10,0;0,0;-8,0;-8,0;33,4
28/03/2026 17:29;450,0;451,4;10,0;0,0;-8,0;-8,0;33,6
28/03/2026 17:30;450,0;447,3;12,2;2,6;-8,0;-8,0;33,6
28/03/2026 17:31;450,0;445,5;16,5;4,7;-8,0;-8,0;33,6
28/03/2026 17:32;450,0;447,0;19,5;3,8;-8,0;-7,0;34,0
28/03/2026 17:33;450,0;451,4;18,1;0,0;-8,0;-8,0;33,6
28/03/2026 17:34;450,0;456,4;13,0;0,0;-8,0;-9,0;33,3
28/03/2026 17:35;450,0;457,8;10,0;0,0;-8,0;-8,0;33,7
28/03/2026 17:36;450,0;456,1;10,0;0,0;-8,0;-8,0;33,5
28/03/2026 17:37;450,0;453,4;10,0;0,0;-8,0;-9,0;33,1
28/03/2026 17:38;450,0;452,0;10,0;0,0;-8,0;-7,0;33,9
28/03/2026 17:39;450,0;449,6;10,0;0,3;-8,0;-8,0;33,4
28/03/2026 17:40;450,0;446,4;13,3;3,5;-8,0;-8,0;33,4
28/03/2026 17:41;450,0;444,3;18,4;5,9;-8,0;-8,0;33,4
28/03/2026 17:42;450,0;445,8;22,7;5,2;-8,0;-8,0;33,7
28/03/2026 17:43;450,0;454,0;19,4;0,0;-8,0;-7,0;34,2
28/03/2026 17:44;450,0;463,1;10,0;0,0;-8,0;-8,0;33,9
28/03/2026 17:45;450,0;464,3;10,0;0,0;-8,0;-8,0;33,8
28/03/2026 17:46;450,0;461,6;10,0;0,0;-8,0;-8,0;33,6
28/03/2026 17:47;450,0;458,7;10,0;0,0;-8,0;-7,0;34,1
28/03/2026 17:48;450,0;454,0;10,0;0,0;-8,0;-8,0;33,7
28/03/2026 17:49;450,0;451,1;10,0;0,0;-8,0;-8,0;33,4
28/03/2026 17:50;450,0;446,7;12,3;3,1;-8,0;-8,0;33,4
28/03/2026 17:51;450,0;444,6;17,0;5,5;-8,0;-8,0;33,5
28/03/2026 17:52;450,0;445,5;21,0;5,2;-8,0;-7,0;33,9
28/03/2026 17:53;450,0;451,1;20,5;0,4;-8,0;-7,0;34,3
28/03/2026 17:54;450,0;459,0;13,2;0,0;-8,0;-8,0;34,0
28/03/2026 17:55;450,0;464,3;10,0;0,0;-8,0;-8,0;33,9
28/03/2026 17:56;450,0;464,6;10,0;0,0;-8,0;-8,0;34,0
28/03/2026 17:57;450,0;463,4;10,0;0,0;-8,0;-8,0;34,1
28/03/2026 17:58;450,0;460,2;10,0;0,0;-8,0;-8,0;34,1
28/03/2026 17:59;450,0;456,6;10,0;0,0;-8,0;-8,0;33,9
28/03/2026 18:00;450,0;453,1;10,0;0,0;-8,0;-9,0;33,4
28/03/2026 18:01;450,0;449,9;10,0;0,0;-8,0;-8,0;33,7
28/03/2026 18:02;450,0;447,0;12,2;2,8;-8,0;-8,0;33,6
28/03/2026 18:03;450,0;444,3;16,6;5,7;-8,0;-8,0;33,6
28/03/2026 18:04;450,0;444,6;22,3;6,1;-8,0;-7,0;34,1
28/03/2026 18:05;450,0;452,0;20,7;0,0;-8,0;-6,0;35,0
28/03/2026 18:06;450,0;460,2;11,4;0,0;-8,0;-8,0;34,4
28/03/2026 18:07;450,0;464,3;10,0;0,0;-8,0;-9,0;33,8
28/03/2026 18:08;450,0;462,8;10,0;0,0;-8,0;-9,0;33,6
28/03/2026 18:09;450,0;460,5;10,0;0,0;-8,0;-8,0;33,9
28/03/2026 18:10;450,0;456,1;10,0;0,0;-8,0;-9,0;33,4
28/03/2026 18:11;450,0;452,0;10,0;0,0;-8,0;-8,0;33,9
28/03/2026 18:12;450,0;447,6;11,4;2,1;-8,0;-8,0;33,5
28/03/2026 18:13;450,0;444,3;16,4;5,7;-8,0;-8,0;33,6
28/03/2026 18:14;450,0;446,7;19,6;3,9;-8,0;-6,0;34,8
28/03/2026 18:15;450,0;452,2;18,2;0,0;-8,0;-8,0;34,2
28/03/2026 18:16;450,0;458,7;10,2;0,0;-8,0;-8,0;34,2
28/03/2026 18:17;450,0;458,1;10,0;0,0;-8,0;-8,0;34,1
28/03/2026 18:18;450,0;453,7;10,0;0,0;-8,0;-9,0;33,6
28/03/2026 18:19;450,0;450,8;10,0;0,0;-8,0;-8,0;33,7
28/03/2026 18:20;450,0;447,3;12,3;2,6;-8,0;-8,0;33,5
28/03/2026 18:21;450,0;446,4;15,5;3,7;-8,0;-8,0;33,6
28/03/2026 18:22;450,0;447,9;17,9;2,7;-8,0;-8,0;33,7
28/03/2026 18:23;450,0;454,3;14,9;0,0;-8,0;-7,0;34,3
28/03/2026 18:24;450,0;459,0;10,0;0,0;-8,0;-9,0;33,6
28/03/2026 18:25;450,0;460,2;10,0;0,0;-8,0;-8,0;33,9
28/03/2026 18:26;450,0;457,5;10,0;0,0;-8,0;-8,0;33,9
28/03/2026 18:27;450,0;456,1;10,0;0,0;-8,0;-8,0;33,8
28/03/2026 18:28;450,0;453,7;10,0;0,0;-8,0;-9,0;33,4
28/03/2026 18:29;450,0;450,8;10,0;0,0;-8,0;-8,0;33,6
28/03/2026 18:30;450,0;447,3;11,8;2,5;-8,0;-8,0;33,6
28/03/2026 18:31;450,0;445,8;15,7;4,3;-8,0;-8,0;33,6
28/03/2026 18:32;450,0;445,8;19,3;4,7;-8,0;-7,0;34,2
28/03/2026 18:33;450,0;450,2;19,3;1,0;-8,0;-7,0;34,6
28/03/2026 18:34;450,0;455,2;14,3;0,0;-8,0;-8,0;34,1
28/03/2026 18:35;450,0;458,4;10,0;0,0;-8,0;-8,0;34,1
28/03/2026 18:36;450,0;458,4;10,0;0,0;-8,0;-9,0;33,5
28/03/2026 18:37;450,0;457,5;10,0;0,0;-8,0;-8,0;33,9
28/03/2026 18:38;450,0;454,3;10,0;0,0;-8,0;-9,0;33,5
28/03/2026 18:39;450,0;449,9;10,0;0,0;-8,0;-8,0;33,9
28/03/2026 18:40;450,0;446,7;12,9;3,1;-8,0;-8,0;33,8
28/03/2026 18:41;450,0;443,8;18,3;6,4;-8,0;-7,0;34,4
28/03/2026 18:42;450,0;445,2;23,0;5,7;-8,0;-7,0;34,6
28/03/2026 18:43;450,0;452,5;21,5;0,0;-8,0;-7,0;34,9
28/03/2026 18:44;450,0;462,2;10,2;0,0;-8,0;-8,0;34,4
28/03/2026 18:45;450,0;465,1;10,0;0,0;-8,0;-8,0;34,4
28/03/2026 18:46;450,0;463,7;10,0;0,0;-8,0;-8,0;34,3
28/03/2026 18:47;450,0;461,6;10,0;0,0;-8,0;-8,0;34,2
28/03/2026 18:48;450,0;459,0;10,0;0,0;-8,0;-9,0;33,6
28/03/2026 18:49;450,0;455,5;10,0;0,0;-8,0;-8,0;33,9
28/03/2026 18:50;450,0;451,1;10,0;0,0;-8,0;-7,0;34,3
28/03/2026 18:51;450,0;446,1;12,6;3,6;-8,0;-8,0;34,1
28/03/2026 18:52;450,0;443,5;18,4;6,6;-8,0;-8,0;34,1
28/03/2026 18:53;450,0;446,4;21,8;4,4;-8,0;-8,0;34,3
28/03/2026 18:54;450,0;453,4;19,6;0,0;-8,0;-7,0;34,7
28/03/2026 18:55;450,0;460,7;10,0;0,0;-8,0;-8,0;34,1
28/03/2026 18:56;450,0;463,7;10,0;0,0;-8,0;-9,0;33,8
28/03/2026 18:57;450,0;460,7;10,0;0,0;-8,0;-9,0;33,6
28/03/2026 18:58;450,0;456,6;10,0;0,0;-8,0;-9,0;33,5
28/03/2026 18:59;450,0;452,5;10,0;0,0;-8,0;-7,0;34,2
28/03/2026 19:00;450,0;447,6;11,4;2,1;-8,0;-8,0;33,8
28/03/2026 19:01;450,0;443,5;17,2;6,4;-8,0;-8,0;33,8
28/03/2026 19:02;450,0;444,3;22,0;6,3;-8,0;-7,0;34,2
28/03/2026 19:03;450,0;450,5;21,9;1,1;-8,0;-8,0;34,2
28/03/2026 19:04;450,0;459,9;12,9;0,0;-8,0;-8,0;34,2
28/03/2026 19:05;450,0;464,3;10,0;0,0;-8,0;-8,0;34,2
28/03/2026 19:06;450,0;462,2;10,0;0,0;-8,0;-8,0;33,9
28/03/2026 19:07;450,0;459,9;10,0;0,0;-8,0;-8,0;33,8
28/03/2026 19:08;450,0;454,6;10,0;0,0;-8,0;-7,0;34,4
28/03/2026 19:09;450,0;451,1;10,0;0,0;-8,0;-8,0;34,0
28/03/2026 19:10;450,0;447,9;11,6;1,9;-8,0;-8,0;33,9
28/03/2026 19:11;450,0;445,8;15,0;4,2;-8,0;-8,0;33,8
28/03/2026 19:12;450,0;448,7;16,1;1,8;-8,0;-8,0;33,8
28/03/2026 19:13;450,0;453,1;13,8;0,0;-8,0;-8,0;33,8
28/03/2026 19:14;450,0;456,4;10,0;0,0;-8,0;-8,0;33,8
28/03/2026 19:15;450,0;454,9;10,0;0,0;-8,0;-8,0;33,5
28/03/2026 19:16;450,0;452,0;10,0;0,0;-8,0;-8,0;33,6
28/03/2026 19:17;450,0;448,7;10,6;1,1;-8,0;-7,0;33,9
28/03/2026 19:18;450,0;445,8;14,2;4,1;-8,0;-8,0;33,7
28/03/2026 19:19;450,0;445,8;17,8;4,5;-8,0;-8,0;33,9
28/03/2026 19:20;450,0;448,4;19,5;2,4;-8,0;-8,0;33,8
28/03/2026 19:21;450,0;454,3;16,6;0,0;-8,0;-8,0;34,1
28/03/2026 19:22;450,0;459,6;10,0;0,0;-8,0;-8,0;34,0
28/03/2026 19:23;450,0;462,2;10,0;0,0;-8,0;-8,0;34,0
28/03/2026 19:24;450,0;460,5;10,0;0,0;-8,0;-9,0;33,5
28/03/2026 19:25;450,0;456,4;10,0;0,0;-8,0;-8,0;33,7
28/03/2026 19:26;450,0;451,7;10,0;0,0;-8,0;-8,0;33,7
28/03/2026 19:27;450,0;447,9;11,3;1,9;-8,0;-8,0;33,7
28/03/2026 19:28;450,0;445,8;15,0;4,2;-8,0;-8,0;33,7
28/03/2026 19:29;450,0;446,1;18,6;4,3;-8,0;-7,0;34,3
28/03/2026 19:30;450,0;452,5;16,6;0,0;-8,0;-8,0;33,9
28/03/2026 19:31;450,0;459,3;10,0;0,0;-8,0;-8,0;33,9
28/03/2026 19:32;450,0;461,0;10,0;0,0;-8,0;-8,0;33,9
28/03/2026 19:33;450,0;459,6;10,0;0,0;-8,0;-9,0;33,4
28/03/2026 19:34;450,0;454,9;10,0;0,0;-8,0;-8,0;33,6
28/03/2026 19:35;450,0;450,2;10,0;0,0;-8,0;-7,0;34,1
28/03/2026 19:36;450,0;445,5;13,5;4,3;-8,0;-8,0;33,8
28/03/2026 19:37;450,0;444,0;19,0;6,3;-8,0;-8,0;33,8
28/03/2026 19:38;450,0;447,6;21,0;3,3;-8,0;-7,0;34,5
28/03/2026 19:39;450,0;456,1;16,4;0,0;-8,0;-7,0;34,6
28/03/2026 19:40;450,0;463,7;10,0;0,0;-8,0;-8,0;34,2
28/03/2026 19:41;450,0;465,4;10,0;0,0;-8,0;-9,0;33,6
28/03/2026 19:42;450,0;464,0;10,0;0,0;-8,0;-8,0;34,1
28/03/2026 19:43;450,0;460,7;10,0;0,0;-8,0;-9,0;33,6
28/03/2026 19:44;450,0;457,8;10,0;0,0;-8,0;-7,0;34,2
28/03/2026 19:45;450,0;453,4;10,0;0,0;-8,0;-9,0;33,6
28/03/2026 19:46;450,0;448,7;10,4;1,1;-8,0;-8,0;33,8
28/03/2026 19:47;450,0;443,2;17,0;6,6;-8,0;-8,0;33,8
28/03/2026 19:48;450,0;441,4;24,8;9,2;-8,0;-6,0;34,8
28/03/2026 19:49;450,0;449,3;26,3;2,6;-8,0;-7,0;34,7
28/03/2026 19:50;450,0;462,5;14,2;0,0;-8,0;-8,0;34,4
28/03/2026 19:51;450,0;467,8;10,0;0,0;-8,0;-9,0;33,8
28/03/2026 19:52;450,0;466,9;10,0;0,0;-8,0;-8,0;33,9
28/03/2026 19:53;450,0;464,6;10,0;0,0;-8,0;-7,0;34,3
28/03/2026 19:54;450,0;461,0;10,0;0,0;-8,0;-8,0;33,8
28/03/2026 19:55;450,0;457,2;10,0;0,0;-8,0;-8,0;33,7
28/03/2026 19:56;450,0;452,2;10,0;0,0;-8,0;-9,0;33,3
28/03/2026 19:57;450,0;447,6;11,3;2,1;-8,0;-8,0;33,5
28/03/2026 19:58;450,0;444,6;16,2;5,4;-8,0;-8,0;33,5
28/03/2026 19:59;450,0;446,1;20,0;4,6;-8,0;-7,0;34,1
28/03/2026 20:00;450,0;452,2;17,9;0,0;-8,0;-8,0;33,7
28/03/2026 20:01;450,0;458,7;10,2;0,0;-8,0;-9,0;33,4
28/03/2026 20:02;450,0;459,9;10,0;0,0;-8,0;-7,0;34,1
28/03/2026 20:03;450,0;458,7;10,0;0,0;-8,0;-9,0;33,4
28/03/2026 20:04;450,0;456,4;10,0;0,0;-8,0;-9,0;33,4
28/03/2026 20:05;450,0;453,7;10,0;0,0;-8,0;-9,0;33,2
28/03/2026 20:06;450,0;449,6;10,0;0,3;-8,0;-8,0;33,6
28/03/2026 20:07;450,0;446,4;12,7;3,3;-8,0;-8,0;33,5
28/03/2026 20:08;450,0;444,6;17,4;5,5;-8,0;-8,0;33,7
28/03/2026 20:09;450,0;447,3;20,0;3,5;-8,0;-8,0;33,8
28/03/2026 20:10;450,0;454,3;16,7;0,0;-8,0;-8,0;34,1
28/03/2026 20:11;450,0;459,6;10,0;0,0;-8,0;-7,0;34,3
28/03/2026 20:12;450,0;459,9;10,0;0,0;-8,0;-9,0;33,6
28/03/2026 20:13;450,0;458,4;10,0;0,0;-8,0;-8,0;34,0
28/03/2026 20:14;450,0;455,5;10,0;0,0;-8,0;-8,0;33,9
28/03/2026 20:15;450,0;452,2;10,0;0,0;-8,0;-9,0;33,3
28/03/2026 20:16;450,0;448,7;11,0;1,2;-8,0;-8,0;33,6
28/03/2026 20:17;450,0;445,5;15,3;4,5;-8,0;-8,0;33,6
28/03/2026 20:18;450,0;442,9;21,7;7,5;-8,0;-7,0;34,3
28/03/2026 20:19;450,0;447,0;24,7;4,3;-8,0;-7,0;34,5
28/03/2026 20:20;450,0;456,1;19,0;0,0;-8,0;-7,0;34,8
28/03/2026 20:21;450,0;461,9;10,0;0,0;-8,0;-8,0;34,4
28/03/2026 20:22;450,0;462,5;10,0;0,0;-8,0;-8,0;34,2
28/03/2026 20:23;450,0;460,5;10,0;0,0;-8,0;-8,0;34,0
28/03/2026 20:24;450,0;457,5;10,0;0,0;-8,0;-9,0;33,6
28/03/2026 20:25;450,0;453,1;10,0;0,0;-8,0;-8,0;33,9
28/03/2026 20:26;450,0;450,2;10,0;0,0;-8,0;-8,0;33,8
28/03/2026 20:27;450,0;446,1;13,6;3,8;-8,0;-8,0;33,6
28/03/2026 20:28;450,0;445,2;18,0;5,1;-8,0;-8,0;33,6
28/03/2026 20:29;450,0;448,7;19,0;2,1;-8,0;-7,0;34,2
28/03/2026 20:30;450,0;455,2;14,5;0,0;-8,0;-8,0;34,0
28/03/2026 20:31;450,0;460,5;10,0;0,0;-8,0;-8,0;34,0
28/03/2026 20:32;450,0;461,6;10,0;0,0;-8,0;-8,0;33,9
28/03/2026 20:33;450,0;458,4;10,0;0,0;-8,0;-8,0;33,8
28/03/2026 20:34;450,0;454,0;10,0;0,0;-8,0;-8,0;33,7
28/03/2026 20:35;450,0;450,8;10,0;0,0;-8,0;-8,0;33,6
28/03/2026 20:36;450,0;446,7;12,5;3,1;-8,0;-9,0;33,1
28/03/2026 20:37;450,0;444,6;17,2;5,5;-8,0;-8,0;33,4
28/03/2026 20:38;450,0;447,3;19,9;3,5;-8,0;-6,0;34,5
28/03/2026 20:39;450,0;453,4;17,7;0,0;-8,0;-8,0;34,0
28/03/2026 20:40;450,0;458,7;10,0;0,0;-8,0;-9,0;33,8
28/03/2026 20:41;450,0;458,1;10,0;0,0;-8,0;-8,0;33,9
28/03/2026 20:42;450,0;455,5;10,0;0,0;-8,0;-9,0;33,4
28/03/2026 20:43;450,0;452,2;10,0;0,0;-8,0;-8,0;33,4
28/03/2026 20:44;450,0;448,7;10,4;1,1;-8,0;-9,0;33,1
28/03/2026 20:45;450,0;445,8;14,3;4,1;-8,0;-8,0;33,4
28/03/2026 20:46;450,0;444,3;19,2;6,0;-8,0;-8,0;33,5
28/03/2026 20:47;450,0;446,4;22,4;4,6;-8,0;-7,0;34,3
28/03/2026 20:48;450,0;453,4;19,9;0,0;-8,0;-8,0;34,1
28/03/2026 20:49;450,0;460,7;10,0;0,0;-8,0;-8,0;34,1
28/03/2026 20:50;450,0;460,7;10,0;0,0;-8,0;-9,0;33,6
28/03/2026 20:51;450,0;459,6;10,0;0,0;-8,0;-8,0;33,7
28/03/2026 20:52;450,0;456,9;10,0;0,0;-8,0;-8,0;33,5
28/03/2026 20:53;450,0;453,1;10,0;0,0;-8,0;-8,0;33,4
28/03/2026 20:54;450,0;450,2;10,0;0,0;-8,0;-9,0;33,0
28/03/2026 20:55;450,0;447,0;12,5;2,9;-8,0;-8,0;33,3
28/03/2026 20:56;450,0;443,8;17,9;6,3;-8,0;-7,0;33,8
28/03/2026 20:57;450,0;445,2;22,3;5,7;-8,0;-7,0;33,9
28/03/2026 20:58;450,0;449,9;22,5;1,5;-8,0;-7,0;34,4
28/03/2026 20:59;450,0;459,6;14,4;0,0;-8,0;-8,0;34,1
28/03/2026 21:00;450,0;462,5;10,0;0,0;-8,0;-9,0;33,6
28/03/2026 21:01;450,0;461,3;10,0;0,0;-8,0;-8,0;33,8
28/03/2026 21:02;450,0;458,1;10,0;0,0;-8,0;-9,0;33,3
28/03/2026 21:03;450,0;454,6;10,0;0,0;-8,0;-9,0;33,2
28/03/2026 21:04;450,0;451,1;10,0;0,0;-8,0;-8,0;33,5
28/03/2026 21:05;450,0;446,7;12,0;3,0;-8,0;-7,0;33,8
28/03/2026 21:06;450,0;444,3;16,6;5,7;-8,0;-8,0;33,6
28/03/2026 21:07;450,0;445,2;21,0;5,5;-8,0;-7,0;34,2
28/03/2026 21:08;450,0;451,4;20,8;0,0;-8,0;-7,0;34,5
28/03/2026 21:09;450,0;459,0;13,2;0,0;-8,0;-8,0;34,0
28/03/2026 21:10;450,0;460,7;10,0;0,0;-8,0;-9,0;33,6
28/03/2026 21:11;450,0;459,0;10,0;0,0;-8,0;-8,0;33,9
28/03/2026 21:12;450,0;454,9;10,0;0,0;-8,0;-9,0;33,2
28/03/2026 21:13;450,0;450,2;10,0;0,0;-8,0;-8,0;33,5
28/03/2026 21:14;450,0;445,8;13,4;3,9;-8,0;-7,0;34,0
28/03/2026 21:15;450,0;443,8;19,0;6,5;-8,0;-8,0;33,7
28/03/2026 21:16;450,0;445,2;23,1;5,7;-8,0;-7,0;34,2
28/03/2026 21:17;450,0;452,8;20,9;0,0;-8,0;-7,0;34,5
28/03/2026 21:18;450,0;460,7;11,1;0,0;-8,0;-8,0;34,1
28/03/2026 21:19;450,0;462,2;10,0;0,0;-8,0;-8,0;33,9
28/03/2026 21:20;450,0;461,0;10,0;0,0;-8,0;-8,0;33,7
28/03/2026 21:21;450,0;457,8;10,0;0,0;-8,0;-8,0;33,7
28/03/2026 21:22;450,0;452,2;10,0;0,0;-8,0;-8,0;33,5
28/03/2026 21:23;450,0;448,1;11,1;1,7;-8,0;-7,0;33,8
28/03/2026 21:24;450,0;444,6;15,4;5,2;-8,0;-8,0;33,6
28/03/2026 21:25;450,0;444,6;20,1;5,8;-8,0;-7,0;34,2
28/03/2026 21:26;450,0;449,6;20,6;1,5;-8,0;-8,0;33,8
28/03/2026 21:27;450,0;458,4;13,8;0,0;-8,0;-8,0;34,0
28/03/2026 21:28;450,0;463,1;10,0;0,0;-8,0;-8,0;33,8
28/03/2026 21:29;450,0;461,3;10,0;0,0;-8,0;-9,0;33,3
28/03/2026 21:30;450,0;458,4;10,0;0,0;-8,0;-8,0;33,5
28/03/2026 21:31;450,0;453,4;10,0;0,0;-8,0;-8,0;33,6
28/03/2026 21:32;450,0;450,8;10,0;0,0;-8,0;-7,0;33,8
28/03/2026 21:33;450,0;448,1;11,4;1,7;-8,0;-8,0;33,6
28/03/2026 21:34;450,0;445,5;15,3;4,5;-8,0;-8,0;33,6
28/03/2026 21:35;450,0;444,0;20,3;6,4;-8,0;-8,0;33,6
28/03/2026 21:36;450,0;448,4;22,1;2,8;-8,0;-7,0;34,2
28/03/2026 21:37;450,0;456,1;17,5;0,0;-8,0;-8,0;34,2
28/03/2026 21:38;450,0;462,5;10,0;0,0;-8,0;-8,0;34,0
28/03/2026 21:39;450,0;464,0;10,0;0,0;-8,0;-9,0;33,6
28/03/2026 21:40;450,0;461,6;10,0;0,0;-8,0;-9,0;33,4
28/03/2026 21:41;450,0;457,8;10,0;0,0;-8,0;-7,0;34,1
28/03/2026 21:42;450,0;452,8;10,0;0,0;-8,0;-8,0;33,7
28/03/2026 21:43;450,0;448,4;11,1;1,5;-8,0;-8,0;33,6
28/03/2026 21:44;450,0;445,5;15,4;4,5;-8,0;-8,0;33,6
28/03/2026 21:45;450,0;444,0;20,9;6,5;-8,0;-8,0;33,7
28/03/2026 21:46;450,0;448,4;22,2;2,8;-8,0;-8,0;33,9
28/03/2026 21:47;450,0;456,9;16,1;0,0;-8,0;-8,0;34,1
28/03/2026 21:48;450,0;460,7;10,0;0,0;-8,0;-9,0;33,7
28/03/2026 21:49;450,0;460,2;10,0;0,0;-8,0;-8,0;33,8
28/03/2026 21:50;450,0;458,4;10,0;0,0;-8,0;-7,0;34,2
28/03/2026 21:51;450,0;455,2;10,0;0,0;-8,0;-8,0;34,1
28/03/2026 21:52;450,0;451,4;10,0;0,0;-8,0;-8,0;33,8
28/03/2026 21:53;450,0;447,3;11,7;2,5;-8,0;-8,0;33,6
28/03/2026 21:54;450,0;443,5;17,0;6,4;-8,0;-8,0;33,7
28/03/2026 21:55;450,0;443,2;23,3;7,4;-8,0;-7,0;34,3
28/03/2026 21:56;450,0;450,8;23,6;1,0;-8,0;-7,0;34,6
28/03/2026 21:57;450,0;461,0;14,5;0,0;-8,0;-8,0;34,4
28/03/2026 21:58;450,0;467,8;10,0;0,0;-8,0;-8,0;34,2
28/03/2026 21:59;450,0;470,4;10,0;0,0;-8,0;-7,0;34,5
28/03/2026 22:00;450,0;466,9;10,0;0,0;-8,0;-9,0;33,7
28/03/2026 22:01;450,0;463,4;10,0;0,0;-8,0;-9,0;33,6
28/03/2026 22:02;450,0;459,6;10,0;0,0;-8,0;-8,0;34,0
28/03/2026 22:03;450,0;455,5;10,0;0,0;-8,0;-8,0;33,9
28/03/2026 22:04;450,0;450,8;10,0;0,0;-8,0;-9,0;33,5
28/03/2026 22:05;450,0;446,1;13,0;3,6;-8,0;-8,0;33,6
28/03/2026 22:06;450,0;444,3;18,5;5,9;-8,0;-8,0;33,6
28/03/2026 22:07;450,0;445,8;21,9;5,0;-8,0;-7,0;34,2
28/03/2026 22:08;450,0;451,7;20,6;0,0;-8,0;-6,0;35,0
28/03/2026 22:09;450,0;458,4;12,7;0,0;-8,0;-8,0;34,4
28/03/2026 22:10;450,0;459,6;10,0;0,0;-8,0;-8,0;34,2
28/03/2026 22:11;450,0;458,4;10,0;0,0;-8,0;-8,0;34,1
28/03/2026 22:12;450,0;454,9;10,0;0,0;-8,0;-8,0;34,0
28/03/2026 22:13;450,0;451,4;10,0;0,0;-8,0;-9,0;33,5
28/03/2026 22:14;450,0;446,7;12,1;3,0;-8,0;-8,0;34,0
28/03/2026 22:15;450,0;445,2;16,7;5,0;-8,0;-8,0;34,0
28/03/2026 22:16;450,0;444,3;21,8;6,3;-8,0;-7,0;34,6
28/03/2026 22:17;450,0;452,2;20,2;0,0;-8,0;-6,0;35,4
28/03/2026 22:18;450,0;460,2;11,2;0,0;-8,0;-8,0;34,7
28/03/2026 22:19;450,0;464,6;10,0;0,0;-8,0;-8,0;34,6
28/03/2026 22:20;450,0;463,1;10,0;0,0;-8,0;-9,0;34,1
28/03/2026 22:21;450,0;459,9;10,0;0,0;-8,0;-8,0;34,2
28/03/2026 22:22;450,0;455,2;10,0;0,0;-8,0;-8,0;34,3
28/03/2026 22:23;450,0;450,5;10,0;0,0;-8,0;-9,0;33,5
28/03/2026 22:24;450,0;446,1;13,2;3,7;-8,0;-8,0;34,0
28/03/2026 22:25;450,0;444,0;18,4;6,2;-8,0;-8,0;34,0
28/03/2026 22:26;450,0;446,7;22,0;4,2;-8,0;-6,0;35,0
28/03/2026 22:27;450,0;456,9;16,4;0,0;-8,0;-8,0;34,6
28/03/2026 22:28;450,0;462,2;10,0;0,0;-8,0;-8,0;34,6
28/03/2026 22:29;450,0;460,7;10,0;0,0;-8,0;-8,0;34,3
28/03/2026 22:30;450,0;457,5;10,0;0,0;-8,0;-9,0;33,7
28/03/2026 22:31;450,0;452,8;10,0;0,0;-8,0;-9,0;33,6
28/03/2026 22:32;450,0;448,7;10,6;1,2;-8,0;-8,0;34,0
28/03/2026 22:33;450,0;445,8;14,1;4,1;-8,0;-8,0;34,0
28/03/2026 22:34;450,0;444,9;18,7;5,4;-8,0;-8,0;33,9
28/03/2026 22:35;450,0;449,0;20,0;2,0;-8,0;-6,0;35,1
28/03/2026 22:36;450,0;455,2;15,3;0,0;-8,0;-8,0;34,5
28/03/2026 22:37;450,0;459,3;10,0;0,0;-8,0;-9,0;33,9
28/03/2026 22:38;450,0;458,7;10,0;0,0;-8,0;-8,0;34,2
28/03/2026 22:39;450,0;456,4;10,0;0,0;-8,0;-8,0;33,8
28/03/2026 22:40;450,0;452,8;10,0;0,0;-8,0;-8,0;33,8
28/03/2026 22:41;450,0;449,6;10,1;0,3;-8,0;-8,0;33,9
28/03/2026 22:42;450,0;446,4;13,6;3,5;-8,0;-8,0;33,8
28/03/2026 22:43;450,0;446,1;16,7;4,1;-8,0;-8,0;33,8
28/03/2026 22:44;450,0;448,1;18,7;2,6;-8,0;-6,0;34,7
28/03/2026 22:45;450,0;451,4;17,6;0,0;-8,0;-8,0;34,1
28/03/2026 22:46;450,0;455,5;12,9;0,0;-8,0;-8,0;34,2
28/03/2026 22:47;450,0;455,5;10,0;0,0;-8,0;-9,0;33,7
28/03/2026 22:48;450,0;452,5;10,0;0,0;-8,0;-8,0;33,9
28/03/2026 22:49;450,0;450,8;10,0;0,0;-8,0;-8,0;34,0
28/03/2026 22:50;450,0;448,1;11,4;1,7;-8,0;-8,0;33,8
28/03/2026 22:51;450,0;445,2;15,5;4,8;-8,0;-8,0;33,7
28/03/2026 22:52;450,0;444,0;21,0;6,7;-8,0;-8,0;33,8
28/03/2026 22:53;450,0;447,3;23,3;3,8;-8,0;-5,0;35,3
28/03/2026 22:54;450,0;453,4;21,1;0,0;-8,0;-8,0;34,6
28/03/2026 22:55;450,0;460,7;12,1;0,0;-8,0;-8,0;34,5
28/03/2026 22:56;450,0;462,2;10,0;0,0;-8,0;-9,0;33,9
28/03/2026 22:57;450,0;459,3;10,0;0,0;-8,0;-9,0;33,8
28/03/2026 22:58;450,0;454,6;10,0;0,0;-8,0;-8,0;33,9
28/03/2026 22:59;450,0;450,5;10,0;0,0;-8,0;-8,0;33,7
28/03/2026 23:00;450,0;446,1;13,3;3,7;-8,0;-8,0;33,6
28/03/2026 23:01;450,0;444,0;18,8;6,2;-8,0;-7,0;34,0
28/03/2026 23:02;450,0;445,8;22,3;5,0;-8,0;-6,0;34,7
28/03/2026 23:03;450,0;452,0;20,7;0,0;-8,0;-7,0;34,8
28/03/2026 23:04;450,0;459,6;12,0;0,0;-8,0;-9,0;34,0
28/03/2026 23:05;450,0;459,9;10,0;0,0;-8,0;-9,0;33,8
28/03/2026 23:06;450,0;458,1;10,0;0,0;-8,0;-9,0;33,7
28/03/2026 23:07;450,0;454,9;10,0;0,0;-8,0;-8,0;33,7
28/03/2026 23:08;450,0;452,2;10,0;0,0;-8,0;-8,0;33,5
28/03/2026 23:09;450,0;449,0;10,2;0,8;-8,0;-8,0;33,5
28/03/2026 23:10;450,0;445,8;14,2;4,1;-8,0;-7,0;33,9
28/03/2026 23:11;450,0;444,0;19,6;6,3;-8,0;-6,0;34,4
28/03/2026 23:12;450,0;445,2;24,3;5,9;-8,0;-7,0;34,4
28/03/2026 23:13;450,0;453,7;21,6;0,0;-8,0;-7,0;34,8
28/03/2026 23:14;450,0;462,2;10,4;0,0;-8,0;-8,0;34,4
28/03/2026 23:15;450,0;461,6;10,0;0,0;-8,0;-9,0;33,9
28/03/2026 23:16;450,0;457,2;10,0;0,0;-8,0;-8,0;34,2
28/03/2026 23:17;450,0;452,2;10,0;0,0;-8,0;-9,0;33,6
28/03/2026 23:18;450,0;448,1;10,6;1,5;-8,0;-8,0;33,9
28/03/2026 23:19;450,0;444,6;15,6;5,3;-8,0;-8,0;33,7
28/03/2026 23:20;450,0;444,9;20,5;5,7;-8,0;-6,0;34,7
28/03/2026 23:21;450,0;449,3;21,1;1,9;-8,0;-7,0;34,7
28/03/2026 23:22;450,0;457,2;15,4;0,0;-8,0;-8,0;34,5
28/03/2026 23:23;450,0;461,6;10,0;0,0;-8,0;-8,0;34,4
28/03/2026 23:24;450,0;461,6;10,0;0,0;-8,0;-8,0;34,3
28/03/2026 23:25;450,0;459,0;10,0;0,0;-8,0;-9,0;33,6
28/03/2026 23:26;450,0;455,5;10,0;0,0;-8,0;-8,0;33,9
28/03/2026 23:27;450,0;452,2;10,0;0,0;-8,0;-8,0;33,8
28/03/2026 23:28;450,0;447,6;11,2;2,1;-8,0;-8,0;33,6
28/03/2026 23:29;450,0;444,3;15,8;5,6;-8,0;-7,0;33,9
28/03/2026 23:30;450,0;443,2;21,8;7,3;-8,0;-7,0;34,3
28/03/2026 23:31;450,0;446,4;25,6;4,9;-8,0;-7,0;34,7
28/03/2026 23:32;450,0;458,4;18,8;0,0;-8,0;-8,0;34,7
28/03/2026 23:33;450,0;466,3;10,0;0,0;-8,0;-8,0;34,4
28/03/2026 23:34;450,0;466,6;10,0;0,0;-8,0;-8,0;34,4
28/03/2026 23:35;450,0;464,6;10,0;0,0;-8,0;-8,0;34,2
28/03/2026 23:36;450,0;461,6;10,0;0,0;-8,0;-9,0;33,5
28/03/2026 23:37;450,0;457,2;10,0;0,0;-8,0;-8,0;33,8
28/03/2026 23:38;450,0;453,1;10,0;0,0;-8,0;-8,0;33,7
28/03/2026 23:39;450,0;448,1;10,9;1,7;-8,0;-8,0;33,8
28/03/2026 23:40;450,0;443,8;16,3;6,2;-8,0;-8,0;33,9
28/03/2026 23:41;450,0;443,2;22,2;7,3;-8,0;-7,0;34,3
28/03/2026 23:42;450,0;451,4;21,8;0,2;-8,0;-7,0;34,7
28/03/2026 23:43;450,0;462,2;11,3;0,0;-8,0;-9,0;33,9
28/03/2026 23:44;450,0;466,9;10,0;0,0;-8,0;-9,0;33,8
28/03/2026 23:45;450,0;466,0;10,0;0,0;-8,0;-9,0;33,6
28/03/2026 23:46;450,0;462,5;10,0;0,0;-8,0;-8,0;33,7
28/03/2026 23:47;450,0;457,2;10,0;0,0;-8,0;-7,0;34,0
28/03/2026 23:48;450,0;452,0;10,0;0,0;-8,0;-8,0;33,8
28/03/2026 23:49;450,0;445,8;12,7;3,9;-8,0;-8,0;33,6
28/03/2026 23:50;450,0;441,7;20,1;8,4;-8,0;-7,0;34,0
28/03/2026 23:51;450,0;442,9;26,7;8,1;-8,0;-7,0;34,4
28/03/2026 23:52;450,0;456,1;22,3;0,0;-8,0;-7,0;34,8
28/03/2026 23:53;450,0;467,2;10,0;0,0;-8,0;-8,0;34,3
28/03/2026 23:54;450,0;471,0;10,0;0,0;-8,0;-8,0;34,2
28/03/2026 23:55;450,0;468,1;10,0;0,0;-8,0;-8,0;34,0
28/03/2026 23:56;450,0;465,1;10,0;0,0;-8,0;-7,0;34,2
28/03/2026 23:57;450,0;460,7;10,0;0,0;-8,0;-9,0;33,7
28/03/2026 23:58;450,0;455,8;10,0;0,0;-8,0;-9,0;33,4
28/03/2026 23:59;450,0;450,8;10,0;0,0;-8,0;-9,0;33,3
29/03/2026 00:00;450,0;445,8;13,0;3,9;-8,0;-8,0;33,3
29/03/2026 00:01;450,0;444,0;18,7;6,2;-8,0;-8,0;33,4
29/03/2026 00:02;450,0;446,1;22,0;4,7;-8,0;-7,0;34,1
29/03/2026 00:03;450,0;451,4;20,7;0,0;-8,0;-8,0;34,0
29/03/2026 00:04;450,0;456,6;15,0;0,0;-8,0;-8,0;34,0
29/03/2026 00:05;450,0;458,1;10,0;0,0;-8,0;-7,0;34,4
29/03/2026 00:06;450,0;456,6;10,0;0,0;-8,0;-9,0;33,8
29/03/2026 00:07;450,0;453,4;10,0;0,0;-8,0;-9,0;33,5
29/03/2026 00:08;450,0;450,5;10,0;0,0;-8,0;-8,0;33,7
29/03/2026 00:09;450,0;448,4;11,3;1,5;-8,0;-8,0;33,5
29/03/2026 00:10;450,0;447,3;13,8;2,8;-8,0;-8,0;33,6
29/03/2026 00:11;450,0;447,3;15,9;3,0;-8,0;-8,0;33,6
29/03/2026 00:12;450,0;448,7;16,9;1,9;-8,0;-8,0;33,6
29/03/2026 00:13;450,0;454,0;14,1;0,0;-8,0;-8,0;33,6
29/03/2026 00:14;450,0;458,4;10,0;0,0;-8,0;-7,0;34,0
29/03/2026 00:15;450,0;458,1;10,0;0,0;-8,0;-9,0;33,4
29/03/2026 00:16;450,0;456,1;10,0;0,0;-8,0;-9,0;33,3
29/03/2026 00:17;450,0;453,1;10,0;0,0;-8,0;-8,0;33,5
29/03/2026 00:18;450,0;448,4;10,7;1,5;-8,0;-8,0;33,5
29/03/2026 00:19;450,0;444,0;15,8;5,9;-8,0;-8,0;33,5
29/03/2026 00:20;450,0;443,2;22,4;7,3;-8,0;-7,0;34,0
29/03/2026 00:21;450,0;446,1;25,8;5,2;-8,0;-7,0;34,3
29/03/2026 00:22;450,0;454,6;21,7;0,0;-8,0;-7,0;34,6
29/03/2026 00:23;450,0;461,0;11,6;0,0;-8,0;-7,0;34,6
29/03/2026 00:24;450,0;462,2;10,0;0,0;-8,0;-8,0;34,3
29/03/2026 00:25;450,0;460,2;10,0;0,0;-8,0;-8,0;34,1
29/03/2026 00:26;450,0;457,5;10,0;0,0;-8,0;-8,0;33,9
29/03/2026 00:27;450,0;453,1;10,0;0,0;-8,0;-9,0;33,6
29/03/2026 00:28;450,0;449,3;10,4;0,6;-8,0;-8,0;33,8
29/03/2026 00:29;450,0;447,0;13,1;2,9;-8,0;-8,0;33,8
29/03/2026 00:30;450,0;447,6;15,9;2,8;-8,0;-8,0;33,8
29/03/2026 00:31;450,0;450,5;15,8;0,3;-8,0;-8,0;33,8
29/03/2026 00:32;450,0;453,4;12,6;0,0;-8,0;-7,0;34,2
29/03/2026 00:33;450,0;453,1;10,0;0,0;-8,0;-8,0;33,9
29/03/2026 00:34;450,0;450,8;10,0;0,0;-8,0;-9,0;33,4
29/03/2026 00:35;450,0;446,4;12,7;3,4;-8,0;-8,0;33,6
29/03/2026 00:36;450,0;444,3;17,6;5,8;-8,0;-8,0;33,6
29/03/2026 00:37;450,0;447,0;20,6;3,8;-8,0;-7,0;34,1
29/03/2026 00:38;450,0;455,2;16,2;0,0;-8,0;-8,0;33,9
29/03/2026 00:39;450,0;461,0;10,0;0,0;-8,0;-8,0;33,9
29/03/2026 00:40;450,0;461,3;10,0;0,0;-8,0;-9,0;33,2
29/03/2026 00:41;450,0;459,6;10,0;0,0;-8,0;-7,0;33,9
29/03/2026 00:42;450,0;455,5;10,0;0,0;-8,0;-8,0;33,9
29/03/2026 00:43;450,0;452,0;10,0;0,0;-8,0;-9,0;33,2
29/03/2026 00:44;450,0;448,4;10,9;1,5;-8,0;-8,0;33,6
29/03/2026 00:45;450,0;446,1;14,3;3,8;-8,0;-8,0;33,6
29/03/2026 00:46;450,0;446,1;17,7;4,2;-8,0;-8,0;33,6
29/03/2026 00:47;450,0;449,6;18,8;1,4;-8,0;-8,0;33,6
29/03/2026 00:48;450,0;456,1;14,1;0,0;-8,0;-8,0;33,7
29/03/2026 00:49;450,0;459,6;10,0;0,0;-8,0;-9,0;33,1
29/03/2026 00:50;450,0;457,8;10,0;0,0;-8,0;-7,0;34,0
29/03/2026 00:51;450,0;454,3;10,0;0,0;-8,0;-8,0;33,7
29/03/2026 00:52;450,0;450,8;10,0;0,0;-8,0;-8,0;33,6
29/03/2026 00:53;450,0;446,7;12,4;3,0;-8,0;-8,0;33,6
29/03/2026 00:54;450,0;444,9;16,9;5,2;-8,0;-8,0;33,5
29/03/2026 00:55;450,0;446,4;20,4;4,3;-8,0;-7,0;34,0
29/03/2026 00:56;450,0;452,5;18,2;0,0;-8,0;-8,0;33,7
29/03/2026 00:57;450,0;458,7;10,0;0,0;-8,0;-8,0;33,7
29/03/2026 00:58;450,0;460,5;10,0;0,0;-8,0;-8,0;33,6
29/03/2026 00:59;450,0;458,4;10,0;0,0;-8,0;-7,0;33,9
29/03/2026 01:00;450,0;454,3;10,0;0,0;-8,0;-8,0;33,6
29/03/2026 01:01;450,0;450,8;10,0;0,0;-8,0;-8,0;33,6
29/03/2026 01:02;450,0;447,0;12,4;2,9;-8,0;-8,0;33,5
29/03/2026 01:03;450,0;445,2;16,7;5,0;-8,0;-8,0;33,5
29/03/2026 01:04;450,0;444,6;21,2;6,0;-8,0;-7,0;34,0
29/03/2026 01:05;450,0;450,8;21,2;0,6;-8,0;-7,0;34,3
29/03/2026 01:06;450,0;458,7;13,9;0,0;-8,0;-8,0;34,1
29/03/2026 01:07;450,0;462,8;10,0;0,0;-8,0;-8,0;34,0
29/03/2026 01:08;450,0;462,2;10,0;0,0;-8,0;-8,0;33,7
29/03/2026 01:09;450,0;458,7;10,0;0,0;-8,0;-8,0;33,9
29/03/2026 01:10;450,0;455,5;10,0;0,0;-8,0;-8,0;33,7
29/03/2026 01:11;450,0;451,4;10,0;0,0;-8,0;-9,0;33,2
29/03/2026 01:12;450,0;446,4;12,4;3,4;-8,0;-8,0;33,4
29/03/2026 01:13;450,0;443,8;18,1;6,4;-8,0;-8,0;33,4
29/03/2026 01:14;450,0;445,8;22,2;5,1;-8,0;-7,0;34,0
29/03/2026 01:15;450,0;452,2;20,6;0,0;-8,0;-8,0;34,0
29/03/2026 01:16;450,0;459,3;11,6;0,0;-8,0;-8,0;33,9
29/03/2026 01:17;450,0;461,6;10,0;0,0;-8,0;-8,0;33,8
29/03/2026 01:18;450,0;459,6;10,0;0,0;-8,0;-9,0;33,5
29/03/2026 01:19;450,0;455,2;10,0;0,0;-8,0;-9,0;33,4
29/03/2026 01:20;450,0;451,7;10,0;0,0;-8,0;-9,0;33,1
29/03/2026 01:21;450,0;448,1;11,3;1,7;-8,0;-8,0;33,5
29/03/2026 01:22;450,0;445,5;15,4;4,5;-8,0;-8,0;33,5
29/03/2026 01:23;450,0;447,0;17,8;3,5;-8,0;-7,0;33,9
29/03/2026 01:24;450,0;451,7;16,6;0,0;-8,0;-7,0;34,1
29/03/2026 01:25;450,0;457,5;10,4;0,0;-8,0;-8,0;33,6
29/03/2026 01:26;450,0;459,6;10,0;0,0;-8,0;-8,0;33,3
29/03/2026 01:27;450,0;458,4;10,0;0,0;-8,0;-8,0;33,6
29/03/2026 01:28;450,0;456,1;10,0;0,0;-8,0;-8,0;33,6
29/03/2026 01:29;450,0;453,1;10,0;0,0;-8,0;-9,0;33,1
29/03/2026 01:30;450,0;450,2;10,0;0,0;-8,0;-9,0;32,8
29/03/2026 01:31;450,0;447,0;12,1;2,8;-8,0;-8,0;33,3
29/03/2026 01:32;450,0;445,2;16,1;4,9;-8,0;-8,0;33,3
29/03/2026 01:33;450,0;447,0;19,1;3,7;-8,0;-8,0;33,4
29/03/2026 01:34;450,0;452,0;18,2;0,0;-8,0;-7,0;34,0
29/03/2026 01:35;450,0;457,5;11,4;0,0;-8,0;-8,0;33,6
29/03/2026 01:36;450,0;459,0;10,0;0,0;-8,0;-8,0;33,8
29/03/2026 01:37;450,0;456,1;10,0;0,0;-8,0;-8,0;33,6
29/03/2026 01:38;450,0;453,4;10,0;0,0;-8,0;-8,0;33,5
29/03/2026 01:39;450,0;451,4;10,0;0,0;-8,0;-8,0;33,4
29/03/2026 01:40;450,0;448,1;11,2;1,7;-8,0;-8,0;33,4
29/03/2026 01:41;450,0;445,5;15,8;4,6;-8,0;-8,0;33,4
29/03/2026 01:42;450,0;446,7;18,8;3,8;-8,0;-8,0;33,5
29/03/2026 01:43;450,0;450,8;18,1;0,2;-8,0;-8,0;33,6
29/03/2026 01:44;450,0;454,9;13,6;0,0;-8,0;-7,0;33,9
29/03/2026 01:45;450,0;457,8;10,0;0,0;-8,0;-8,0;33,6
29/03/2026 01:46;450,0;456,6;10,0;0,0;-8,0;-8,0;33,6
29/03/2026 01:47;450,0;454,9;10,0;0,0;-8,0;-8,0;33,4
29/03/2026 01:48;450,0;451,1;10,0;0,0;-8,0;-9,0;32,8
29/03/2026 01:49;450,0;446,7;12,7;3,1;-8,0;-8,0;33,3
29/03/2026 01:50;450,0;443,8;18,0;6,4;-8,0;-8,0;33,3
29/03/2026 01:51;450,0;445,2;22,5;5,7;-8,0;-7,0;33,9
29/03/2026 01:52;450,0;451,4;21,7;0,2;-8,0;-7,0;34,2
29/03/2026 01:53;450,0;459,6;13,3;0,0;-8,0;-7,0;34,3
29/03/2026 01:54;450,0;462,5;10,0;0,0;-8,0;-9,0;33,6
29/03/2026 01:55;450,0;462,2;10,0;0,0;-8,0;-9,0;33,4
29/03/2026 01:56;450,0;459,3;10,0;0,0;-8,0;-9,0;33,2
29/03/2026 01:57;450,0;456,4;10,0;0,0;-8,0;-8,0;33,6
29/03/2026 01:58;450,0;452,5;10,0;0,0;-8,0;-8,0;33,5
29/03/2026 01:59;450,0;448,1;10,5;1,5;-8,0;-8,0;33,4
29/03/2026 02:00;450,0;445,5;14,6;4,5;-8,0;-8,0;33,4
29/03/2026 02:01;450,0;447,0;17,4;3,4;-8,0;-8,0;33,5
29/03/2026 02:03;450,0;456,4;10,0;0,0;-8,0;-9,0;33,4
29/03/2026 02:04;450,0;456,4;10,0;0,0;-8,0;-8,0;33,7
29/03/2026 02:05;450,0;454,9;10,0;0,0;-8,0;-8,0;33,6
29/03/2026 02:06;450,0;452,5;10,0;0,0;-8,0;-8,0;33,4
29/03/2026 02:07;450,0;448,7;10,5;1,2;-8,0;-8,0;33,3
29/03/2026 02:08;450,0;446,4;13,4;3,5;-8,0;-8,0;33,3
29/03/2026 02:09;450,0;445,5;17,6;4,8;-8,0;-8,0;33,3
29/03/2026 02:10;450,0;450,2;18,8;1,0;-8,0;-8,0;33,4
29/03/2026 02:11;450,0;456,4;12,3;0,0;-8,0;-7,0;33,8
29/03/2026 02:12;450,0;459,3;10,0;0,0;-8,0;-9,0;33,3
29/03/2026 02:13;450,0;457,8;10,0;0,0;-8,0;-9,0;33,2
29/03/2026 02:14;450,0;456,1;10,0;0,0;-8,0;-9,0;33,1
29/03/2026 02:15;450,0;452,5;10,0;0,0;-8,0;-8,0;33,5
29/03/2026 02:16;450,0;448,1;10,9;1,6;-8,0;-9,0;32,9
29/03/2026 02:17;450,0;445,2;15,3;4,8;-8,0;-8,0;33,4
29/03/2026 02:18;450,0;445,2;19,4;5,3;-8,0;-7,0;33,8
29/03/2026 02:19;450,0;449,9;20,2;1,2;-8,0;-8,0;33,7
29/03/2026 02:20;450,0;458,4;12,9;0,0;-8,0;-8,0;33,8
29/03/2026 02:21;450,0;462,5;10,0;0,0;-8,0;-8,0;33,9
29/03/2026 02:22;450,0;460,5;10,0;0,0;-8,0;-9,0;33,2
29/03/2026 02:23;450,0;456,9;10,0;0,0;-8,0;-8,0;33,6
29/03/2026 02:24;450,0;453,1;10,0;0,0;-8,0;-8,0;33,5
29/03/2026 02:25;450,0;448,4;10,5;1,4;-8,0;-8,0;33,5
29/03/2026 02:26;450,0;445,5;14,1;4,2;-8,0;-8,0;33,4
29/03/2026 02:27;450,0;445,5;18,4;4,9;-8,0;-8,0;33,4
29/03/2026 02:28;450,0;448,4;20,1;2,6;-8,0;-7,0;33,9
29/03/2026 02:29;450,0;454,6;16,3;0,0;-8,0;-7,0;34,2
29/03/2026 02:30;450,0;458,4;10,0;0,0;-8,0;-9,0;33,7
29/03/2026 02:31;450,0;459,0;10,0;0,0;-8,0;-9,0;33,4
29/03/2026 02:32;450,0;456,1;10,0;0,0;-8,0;-9,0;33,3
29/03/2026 02:33;450,0;453,1;10,0;0,0;-8,0;-9,0;33,2
29/03/2026 02:34;450,0;448,7;10,4;1,1;-8,0;-8,0;33,5
29/03/2026 02:35;450,0;446,4;13,9;3,5;-8,0;-8,0;33,5
29/03/2026 02:36;450,0;445,2;18,5;5,2;-8,0;-8,0;33,6
29/03/2026 02:37;450,0;447,3;20,8;3,6;-8,0;-7,0;34,1
29/03/2026 02:38;450,0;454,0;17,8;0,0;-8,0;-7,0;34,3
29/03/2026 02:39;450,0;460,7;10,0;0,0;-8,0;-8,0;34,1
29/03/2026 02:40;450,0;462,2;10,0;0,0;-8,0;-8,0;34,1
29/03/2026 02:41;450,0;460,7;10,0;0,0;-8,0;-8,0;33,8
29/03/2026 02:42;450,0;458,4;10,0;0,0;-8,0;-9,0;33,4
29/03/2026 02:43;450,0;456,1;10,0;0,0;-8,0;-9,0;33,3
29/03/2026 02:44;450,0;453,1;10,0;0,0;-8,0;-8,0;33,5
29/03/2026 02:45;450,0;449,9;10,0;0,0;-8,0;-9,0;33,1
29/03/2026 02:46;450,0;445,2;13,9;4,6;-8,0;-8,0;33,4
29/03/2026 02:47;450,0;442,6;20,2;7,6;-8,0;-7,0;33,8
29/03/2026 02:48;450,0;445,2;25,2;6,0;-8,0;-7,0;34,4
29/03/2026 02:49;450,0;453,7;22,3;0,0;-8,0;-7,0;34,7
29/03/2026 02:50;450,0;462,5;11,4;0,0;-8,0;-9,0;33,9
29/03/2026 02:51;450,0;464,6;10,0;0,0;-8,0;-9,0;33,8
29/03/2026 02:52;450,0;463,4;10,0;0,0;-8,0;-9,0;33,7
29/03/2026 02:53;450,0;460,2;10,0;0,0;-8,0;-9,0;33,6
29/03/2026 02:54;450,0;456,1;10,0;0,0;-8,0;-9,0;33,4
29/03/2026 02:55;450,0;452,0;10,0;0,0;-8,0;-8,0;33,9
29/03/2026 02:56;450,0;447,0;11,9;2,8;-8,0;-8,0;33,8
29/03/2026 02:57;450,0;444,0;17,7;6,1;-8,0;-8,0;34,0
29/03/2026 02:58;450,0;445,2;22,0;5,6;-8,0;-8,0;34,1
29/03/2026 02:59;450,0;452,2;19,9;0,0;-8,0;-7,0;34,8
29/03/2026 03:00;450,0;460,2;10,4;0,0;-8,0;-8,0;34,3
29/03/2026 03:01;450,0;461,9;10,0;0,0;-8,0;-9,0;33,8
29/03/2026 03:02;450,0;459,6;10,0;0,0;-8,0;-9,0;33,5
29/03/2026 03:03;450,0;457,5;10,0;0,0;-8,0;-9,0;33,2
29/03/2026 03:04;450,0;454,9;10,0;0,0;-8,0;-8,0;33,6
29/03/2026 03:05;450,0;452,5;10,0;0,0;-8,0;-8,0;33,6
29/03/2026 03:06;450,0;448,7;10,4;1,1;-8,0;-8,0;33,8
29/03/2026 03:07;450,0;445,2;14,3;4,6;-8,0;-8,0;33,7
29/03/2026 03:08;450,0;445,2;18,5;5,2;-8,0;-8,0;33,7
29/03/2026 03:09;450,0;447,6;20,8;3,3;-8,0;-8,0;33,9
29/03/2026 03:10;450,0;455,2;16,8;0,0;-8,0;-8,0;33,9
29/03/2026 03:11;450,0;462,2;10,0;0,0;-8,0;-9,0;33,7
29/03/2026 03:12;450,0;463,7;10,0;0,0;-8,0;-8,0;33,9
29/03/2026 03:13;450,0;461,9;10,0;0,0;-8,0;-8,0;33,6
29/03/2026 03:14;450,0;458,7;10,0;0,0;-8,0;-8,0;33,4
29/03/2026 03:15;450,0;454,6;10,0;0,0;-8,0;-8,0;33,7
29/03/2026 03:16;450,0;450,2;10,0;0,0;-8,0;-9,0;33,0
29/03/2026 03:17;450,0;445,5;13,4;4,3;-8,0;-8,0;33,3
29/03/2026 03:18;450,0;443,8;18,9;6,4;-8,0;-8,0;33,3
29/03/2026 03:19;450,0;447,0;22,2;4,1;-8,0;-7,0;34,0
29/03/2026 03:20;450,0;456,6;17,0;0,0;-8,0;-8,0;33,8
29/03/2026 03:21;450,0;462,5;10,0;0,0;-8,0;-9,0;33,3
29/03/2026 03:22;450,0;463,7;10,0;0,0;-8,0;-8,0;33,6
29/03/2026 03:23;450,0;460,5;10,0;0,0;-8,0;-8,0;33,5
29/03/2026 03:24;450,0;456,4;10,0;0,0;-8,0;-8,0;33,7
29/03/2026 03:25;450,0;451,7;10,0;0,0;-8,0;-8,0;33,5
29/03/2026 03:26;450,0;448,4;11,2;1,5;-8,0;-8,0;33,5
29/03/2026 03:27;450,0;445,2;15,6;4,8;-8,0;-8,0;33,5
29/03/2026 03:28;450,0;445,2;19,5;5,3;-8,0;-8,0;33,6
29/03/2026 03:29;450,0;449,6;20,3;1,5;-8,0;-7,0;34,3
29/03/2026 03:30;450,0;456,6;14,5;0,0;-8,0;-8,0;33,9
29/03/2026 03:31;450,0;460,5;10,0;0,0;-8,0;-9,0;33,4
29/03/2026 03:32;450,0;459,3;10,0;0,0;-8,0;-8,0;33,8
29/03/2026 03:33;450,0;457,5;10,0;0,0;-8,0;-8,0;34,0
29/03/2026 03:34;450,0;453,4;10,0;0,0;-8,0;-9,0;33,3
29/03/2026 03:35;450,0;449,9;10,0;0,0;-8,0;-8,0;33,7
29/03/2026 03:36;450,0;446,7;12,9;3,1;-8,0;-8,0;33,6
29/03/2026 03:37;450,0;444,6;17,5;5,5;-8,0;-8,0;33,6
29/03/2026 03:38;450,0;446,4;20,5;4,3;-8,0;-8,0;33,7
29/03/2026 03:39;450,0;453,1;18,0;0,0;-8,0;-8,0;34,0
29/03/2026 03:40;450,0;461,0;10,0;0,0;-8,0;-8,0;34,0
29/03/2026 03:41;450,0;462,5;10,0;0,0;-8,0;-8,0;33,9
29/03/2026 03:42;450,0;461,3;10,0;0,0;-8,0;-8,0;34,0
29/03/2026 03:43;450,0;458,7;10,0;0,0;-8,0;-9,0;33,6
29/03/2026 03:44;450,0;454,6;10,0;0,0;-8,0;-8,0;33,7
29/03/2026 03:45;450,0;451,4;10,0;0,0;-8,0;-8,0;33,8
29/03/2026 03:46;450,0;447,3;11,9;2,5;-8,0;-8,0;33,6
29/03/2026 03:47;450,0;445,2;16,1;4,9;-8,0;-8,0;33,6
29/03/2026 03:48;450,0;444,9;20,6;5,6;-8,0;-8,0;33,8
29/03/2026 03:49;450,0;451,4;20,2;0,0;-8,0;-7,0;34,4
29/03/2026 03:50;450,0;459,6;12,2;0,0;-8,0;-8,0;34,1
29/03/2026 03:51;450,0;463,4;10,0;0,0;-8,0;-9,0;33,8
29/03/2026 03:52;450,0;460,5;10,0;0,0;-8,0;-9,0;33,8
29/03/2026 03:53;450,0;456,1;10,0;0,0;-8,0;-8,0;33,8
29/03/2026 03:54;450,0;452,8;10,0;0,0;-8,0;-8,0;33,7
29/03/2026 03:55;450,0;447,9;10,8;1,7;-8,0;-8,0;33,5
29/03/2026 03:56;450,0;444,0;16,3;5,9;-8,0;-8,0;33,6
29/03/2026 03:57;450,0;444,3;21,3;6,2;-8,0;-7,0;34,2
29/03/2026 03:58;450,0;450,5;21,7;1,1;-8,0;-7,0;34,5
29/03/2026 03:59;450,0;458,7;14,1;0,0;-8,0;-8,0;34,1
29/03/2026 04:00;450,0;461,6;10,0;0,0;-8,0;-8,0;34,3
29/03/2026 04:01;450,0;460,2;10,0;0,0;-8,0;-9,0;33,6
29/03/2026 04:02;450,0;455,8;10,0;0,0;-8,0;-8,0;33,8
29/03/2026 04:03;450,0;450,8;10,0;0,0;-8,0;-8,0;33,8
29/03/2026 04:04;450,0;447,0;12,3;2,9;-8,0;-8,0;33,7
29/03/2026 04:05;450,0;444,9;16,8;5,2;-8,0;-8,0;33,7
29/03/2026 04:06;450,0;447,9;18,6;2,7;-8,0;-8,0;33,8
29/03/2026 04:07;450,0;454,6;15,2;0,0;-8,0;-8,0;33,9
29/03/2026 04:08;450,0;460,2;10,0;0,0;-8,0;-8,0;33,9
29/03/2026 04:09;450,0;460,5;10,0;0,0;-8,0;-8,0;34,0
29/03/2026 04:10;450,0;459,0;10,0;0,0;-8,0;-9,0;33,4
29/03/2026 04:11;450,0;456,1;10,0;0,0;-8,0;-8,0;33,8
29/03/2026 04:12;450,0;452,2;10,0;0,0;-8,0;-9,0;33,3
29/03/2026 04:13;450,0;448,7;10,6;1,2;-8,0;-9,0;33,2
29/03/2026 04:14;450,0;446,1;14,3;3,8;-8,0;-8,0;33,6
29/03/2026 04:15;450,0;446,4;17,8;4,0;-8,0;-8,0;33,6
29/03/2026 04:16;450,0;450,8;17,1;0,2;-8,0;-8,0;33,9
29/03/2026 04:17;450,0;455,5;11,7;0,0;-8,0;-8,0;33,9
29/03/2026 04:18;450,0;456,9;10,0;0,0;-8,0;-9,0;33,7
29/03/2026 04:19;450,0;455,8;10,0;0,0;-8,0;-9,0;33,5
29/03/2026 04:20;450,0;453,1;10,0;0,0;-8,0;-9,0;33,4
29/03/2026 04:21;450,0;449,3;10,0;0,5;-8,0;-9,0;33,2
29/03/2026 04:22;450,0;446,1;13,6;3,8;-8,0;-8,0;33,6
29/03/2026 04:23;450,0;444,3;18,4;5,9;-8,0;-8,0;33,6
29/03/2026 04:24;450,0;449,0;19,2;1,8;-8,0;-7,0;33,9
29/03/2026 04:25;450,0;456,1;13,9;0,0;-8,0;-8,0;33,9
29/03/2026 04:26;450,0;460,5;10,0;0,0;-8,0;-8,0;33,7
29/03/2026 04:27;450,0;459,0;10,0;0,0;-8,0;-8,0;34,0
29/03/2026 04:28;450,0;455,8;10,0;0,0;-8,0;-8,0;34,0
29/03/2026 04:29;450,0;452,8;10,0;0,0;-8,0;-9,0;33,5
29/03/2026 04:30;450,0;449,9;10,0;0,0;-8,0;-9,0;33,4
29/03/2026 04:31;450,0;446,7;13,0;3,1;-8,0;-8,0;33,6
29/03/2026 04:32;450,0;445,2;17,4;5,1;-8,0;-8,0;33,6
29/03/2026 04:33;450,0;448,1;19,1;2,7;-8,0;-8,0;33,9
29/03/2026 04:34;450,0;454,0;16,4;0,0;-8,0;-8,0;33,7
29/03/2026 04:35;450,0;460,2;10,0;0,0;-8,0;-8,0;33,8
29/03/2026 04:36;450,0;460,5;10,0;0,0;-8,0;-8,0;34,0
29/03/2026 04:37;450,0;459,0;10,0;0,0;-8,0;-8,0;33,9
29/03/2026 04:38;450,0;455,2;10,0;0,0;-8,0;-8,0;33,7
29/03/2026 04:39;450,0;451,7;10,0;0,0;-8,0;-8,0;33,4
29/03/2026 04:40;450,0;448,4;11,0;1,5;-8,0;-9,0;33,1
29/03/2026 04:41;450,0;445,8;14,6;4,2;-8,0;-8,0;33,4
29/03/2026 04:42;450,0;444,6;19,6;5,8;-8,0;-8,0;33,4
29/03/2026 04:43;450,0;449,6;20,5;1,5;-8,0;-7,0;34,3
29/03/2026 04:44;450,0;456,4;14,7;0,0;-8,0;-8,0;33,9
29/03/2026 04:45;450,0;459,9;10,0;0,0;-8,0;-9,0;33,7
29/03/2026 04:46;450,0;458,1;10,0;0,0;-8,0;-9,0;33,6
29/03/2026 04:47;450,0;454,9;10,0;0,0;-8,0;-8,0;33,5
29/03/2026 04:48;450,0;450,8;10,0;0,0;-8,0;-8,0;33,5
29/03/2026 04:49;450,0;447,6;11,9;2,3;-8,0;-8,0;33,5
29/03/2026 04:50;450,0;444,9;16,4;5,1;-8,0;-8,0;33,5
29/03/2026 04:51;450,0;444,6;21,1;5,9;-8,0;-7,0;34,2
29/03/2026 04:52;450,0;450,2;21,7;1,3;-8,0;-7,0;34,5
29/03/2026 04:53;450,0;458,4;14,1;0,0;-8,0;-8,0;34,1
29/03/2026 04:54;450,0;461,6;10,0;0,0;-8,0;-9,0;33,9
29/03/2026 04:55;450,0;461,3;10,0;0,0;-8,0;-9,0;33,6
29/03/2026 04:56;450,0;458,7;10,0;0,0;-8,0;-8,0;33,8
29/03/2026 04:57;450,0;456,9;10,0;0,0;-8,0;-9,0;33,3
29/03/2026 04:58;450,0;455,2;10,0;0,0;-8,0;-8,0;33,7
29/03/2026 04:59;450,0;452,5;10,0;0,0;-8,0;-8,0;33,4
29/03/2026 05:00;450,0;449,3;10,2;0,6;-8,0;-8,0;33,5
29/03/2026 05:01;450,0;447,6;12,5;2,3;-8,0;-8,0;33,4
29/03/2026 05:02;450,0;445,8;16,3;4,4;-8,0;-8,0;33,4
29/03/2026 05:03;450,0;444,3;21,3;6,3;-8,0;-8,0;33,8
29/03/2026 05:04;450,0;449,0;23,0;2,4;-8,0;-7,0;34,5
29/03/2026 05:05;450,0;456,4;18,0;0,0;-8,0;-8,0;34,4
29/03/2026 05:06;450,0;461,9;10,0;0,0;-8,0;-9,0;33,8
29/03/2026 05:07;450,0;462,2;10,0;0,0;-8,0;-9,0;33,6
29/03/2026 05:08;450,0;458,7;10,0;0,0;-8,0;-9,0;33,5
29/03/2026 05:09;450,0;455,8;10,0;0,0;-8,0;-8,0;33,8
29/03/2026 05:10;450,0;455,2;10,0;0,0;-8,0;-9,0;33,3
29/03/2026 05:11;450,0;453,7;10,0;0,0;-8,0;-9,0;33,3
29/03/2026 05:12;450,0;450,8;10,0;0,0;-8,0;-8,0;33,8
29/03/2026 05:13;450,0;446,1;12,8;3,5;-8,0;-8,0;33,7
29/03/2026 05:14;450,0;443,2;18,6;6,8;-8,0;-8,0;33,7
29/03/2026 05:15;450,0;444,9;23,1;5,9;-8,0;-7,0;34,3
29/03/2026 05:16;450,0;452,2;21,9;0,0;-8,0;-7,0;34,6
29/03/2026 05:17;450,0;461,0;11,9;0,0;-8,0;-8,0;34,3
29/03/2026 05:18;450,0;463,4;10,0;0,0;-8,0;-9,0;33,9
29/03/2026 05:19;450,0;460,7;10,0;0,0;-8,0;-8,0;34,1
29/03/2026 05:20;450,0;457,5;10,0;0,0;-8,0;-8,0;33,9
29/03/2026 05:21;450,0;453,1;10,0;0,0;-8,0;-8,0;34,1
29/03/2026 05:22;450,0;449,9;10,0;0,0;-8,0;-9,0;33,6
29/03/2026 05:23;450,0;445,8;13,6;4,0;-8,0;-8,0;33,7
29/03/2026 05:24;450,0;442,9;19,4;7,3;-8,0;-7,0;34,1
29/03/2026 05:25;450,0;446,4;22,9;4,6;-8,0;-7,0;34,4
29/03/2026 05:26;450,0;456,1;18,4;0,0;-8,0;-8,0;34,3
29/03/2026 05:27;450,0;462,5;10,0;0,0;-8,0;-8,0;34,2
29/03/2026 05:28;450,0;462,2;10,0;0,0;-8,0;-9,0;33,5
29/03/2026 05:29;450,0;461,0;10,0;0,0;-8,0;-8,0;33,8
29/03/2026 05:30;450,0;457,8;10,0;0,0;-8,0;-9,0;33,8
29/03/2026 05:31;450,0;453,4;10,0;0,0;-8,0;-9,0;33,4
29/03/2026 05:32;450,0;449,6;10,0;0,3;-8,0;-8,0;33,5
29/03/2026 05:33;450,0;445,2;14,2;4,7;-8,0;-8,0;33,6
29/03/2026 05:34;450,0;442,6;20,4;7,7;-8,0;-7,0;34,0
29/03/2026 05:35;450,0;447,0;23,9;4,3;-8,0;-7,0;34,4
29/03/2026 05:36;450,0;455,5;18,6;0,0;-8,0;-8,0;34,1
29/03/2026 05:37;450,0;460,7;10,0;0,0;-8,0;-9,0;33,6
29/03/2026 05:38;450,0;460,7;10,0;0,0;-8,0;-9,0;33,2
29/03/2026 05:39;450,0;458,1;10,0;0,0;-8,0;-9,0;33,5
29/03/2026 05:40;450,0;453,4;10,0;0,0;-8,0;-8,0;33,5
29/03/2026 05:41;450,0;450,2;10,0;0,0;-8,0;-8,0;33,5
29/03/2026 05:42;450,0;447,6;11,9;2,3;-8,0;-8,0;33,3
29/03/2026 05:43;450,0;445,8;15,3;4,3;-8,0;-8,0;33,4
29/03/2026 05:44;450,0;447,3;17,9;3,2;-8,0;-8,0;33,4
29/03/2026 05:45;450,0;452,0;16,6;0,0;-8,0;-8,0;33,5
29/03/2026 05:46;450,0;457,8;10,0;0,0;-8,0;-8,0;33,5
29/03/2026 05:47;450,0;459,6;10,0;0,0;-8,0;-9,0;33,0
29/03/2026 05:48;450,0;458,1;10,0;0,0;-8,0;-8,0;33,5
29/03/2026 05:49;450,0;456,4;10,0;0,0;-8,0;-8,0;33,3
29/03/2026 05:50;450,0;453,4;10,0;0,0;-8,0;-8,0;33,3
29/03/2026 05:51;450,0;450,2;10,0;0,0;-8,0;-8,0;33,3
29/03/2026 05:52;450,0;447,3;12,4;2,6;-8,0;-8,0;33,3
29/03/2026 05:53;450,0;447,0;15,1;3,2;-8,0;-8,0;33,2
29/03/2026 05:54;450,0;448,7;16,7;1,8;-8,0;-8,0;33,2
29/03/2026 05:55;450,0;451,7;15,6;0,0;-8,0;-7,0;33,7
29/03/2026 05:56;450,0;454,9;11,2;0,0;-8,0;-8,0;33,3
29/03/2026 05:57;450,0;454,3;10,0;0,0;-8,0;-8,0;33,6
29/03/2026 05:58;450,0;451,7;10,0;0,0;-8,0;-8,0;33,4
29/03/2026 05:59;450,0;447,0;12,1;2,8;-8,0;-8,0;33,2
29/03/2026 06:00;450,0;444,0;17,5;6,1;-8,0;-8,0;33,3
29/03/2026 06:01;450,0;445,8;21,0;4,9;-8,0;-7,0;34,0
29/03/2026 06:02;450,0;451,4;20,7;0,1;-8,0;-7,0;34,2
29/03/2026 06:03;450,0;459,3;11,5;0,0;-8,0;-8,0;34,0
29/03/2026 06:04;450,0;463,1;10,0;0,0;-8,0;-9,0;33,4
29/03/2026 06:05;450,0;463,1;10,0;0,0;-8,0;-9,0;33,3
29/03/2026 06:06;450,0;460,5;10,0;0,0;-8,0;-8,0;33,8
29/03/2026 06:07;450,0;455,8;10,0;0,0;-8,0;-8,0;33,7
29/03/2026 06:08;450,0;451,4;10,0;0,0;-8,0;-8,0;33,5
29/03/2026 06:09;450,0;448,1;10,9;1,6;-8,0;-8,0;33,5
29/03/2026 06:10;450,0;446,4;14,3;3,6;-8,0;-8,0;33,5
29/03/2026 06:11;450,0;446,4;17,2;3,9;-8,0;-8,0;33,6
29/03/2026 06:12;450,0;449,0;18,0;1,7;-8,0;-7,0;34,0
29/03/2026 06:13;450,0;452,8;16,1;0,0;-8,0;-8,0;33,8
29/03/2026 06:14;450,0;455,8;10,9;0,0;-8,0;-9,0;33,4
29/03/2026 06:15;450,0;456,1;10,0;0,0;-8,0;-8,0;34,0
29/03/2026 06:16;450,0;452,8;10,0;0,0;-8,0;-9,0;33,4
29/03/2026 06:17;450,0;447,9;10,9;1,7;-8,0;-9,0;33,4
29/03/2026 06:18;450,0;446,1;14,3;3,8;-8,0;-8,0;33,7
29/03/2026 06:19;450,0;446,4;17,8;4,0;-8,0;-8,0;33,8
29/03/2026 06:20;450,0;449,6;18,7;1,3;-8,0;-8,0;33,9
29/03/2026 06:21;450,0;455,8;14,0;0,0;-8,0;-8,0;33,9
29/03/2026 06:22;450,0;459,9;10,0;0,0;-8,0;-9,0;33,5
29/03/2026 06:23;450,0;459,0;10,0;0,0;-8,0;-9,0;33,4
29/03/2026 06:24;450,0;456,1;10,0;0,0;-8,0;-8,0;34,0
29/03/2026 06:25;450,0;452,5;10,0;0,0;-8,0;-8,0;33,7
29/03/2026 06:26;450,0;448,1;10,9;1,7;-8,0;-8,0;33,6
29/03/2026 06:27;450,0;444,9;15,4;4,9;-8,0;-8,0;33,7
29/03/2026 06:28;450,0;444,9;19,8;5,5;-8,0;-8,0;33,7
29/03/2026 06:29;450,0;448,4;21,5;2,8;-8,0;-7,0;34,3
29/03/2026 06:30;450,0;456,4;15,6;0,0;-8,0;-8,0;34,0
29/03/2026 06:31;450,0;460,5;10,0;0,0;-8,0;-8,0;34,0
29/03/2026 06:32;450,0;461,3;10,0;0,0;-8,0;-8,0;33,8
29/03/2026 06:33;450,0;460,2;10,0;0,0;-8,0;-8,0;34,1
29/03/2026 06:34;450,0;457,8;10,0;0,0;-8,0;-9,0;33,6
29/03/2026 06:35;450,0;455,8;10,0;0,0;-8,0;-9,0;33,5
29/03/2026 06:36;450,0;452,5;10,0;0,0;-8,0;-8,0;33,6
29/03/2026 06:37;450,0;449,0;10,5;0,9;-8,0;-8,0;33,4
29/03/2026 06:38;450,0;446,1;14,1;3,8;-8,0;-8,0;33,5
29/03/2026 06:39;450,0;444,6;18,8;5,7;-8,0;-8,0;33,5
29/03/2026 06:40;450,0;446,7;22,1;4,2;-8,0;-7,0;34,2
29/03/2026 06:41;450,0;455,5;17,9;0,0;-8,0;-7,0;34,5
29/03/2026 06:42;450,0;461,9;10,0;0,0;-8,0;-8,0;34,4
29/03/2026 06:43;450,0;463,1;10,0;0,0;-8,0;-8,0;34,1
29/03/2026 06:44;450,0;460,2;10,0;0,0;-8,0;-8,0;34,1
29/03/2026 06:45;450,0;454,6;10,0;0,0;-8,0;-8,0;33,8
29/03/2026 06:46;450,0;450,8;10,0;0,0;-8,0;-8,0;33,8
29/03/2026 06:47;450,0;447,0;12,0;2,8;-8,0;-8,0;33,7
29/03/2026 06:48;450,0;444,9;16,3;5,1;-8,0;-8,0;33,7
29/03/2026 06:49;450,0;444,3;21,6;6,3;-8,0;-8,0;33,9
29/03/2026 06:50;450,0;451,7;21,1;0,0;-8,0;-8,0;33,9
29/03/2026 06:51;450,0;459,3;13,4;0,0;-8,0;-8,0;34,3
29/03/2026 06:52;450,0;462,5;10,0;0,0;-8,0;-9,0;33,7
29/03/2026 06:53;450,0;462,2;10,0;0,0;-8,0;-8,0;34,1
29/03/2026 06:54;450,0;461,0;10,0;0,0;-8,0;-9,0;33,6
29/03/2026 06:55;450,0;457,5;10,0;0,0;-8,0;-8,0;33,8
29/03/2026 06:56;450,0;452,2;10,0;0,0;-8,0;-8,0;33,7
29/03/2026 06:57;450,0;447,9;11,1;1,8;-8,0;-8,0;33,6
29/03/2026 06:58;450,0;445,5;15,6;4,6;-8,0;-8,0;33,6
29/03/2026 06:59;450,0;446,4;18,7;4,1;-8,0;-7,0;34,0
29/03/2026 07:00;450,0;448,4;19,8;2,5;-8,0;-8,0;34,2
29/03/2026 07:01;450,0;454,0;16,5;0,0;-8,0;-8,0;34,3
29/03/2026 07:02;450,0;457,5;10,0;0,0;-8,0;-9,0;33,9
29/03/2026 07:03;450,0;456,9;10,0;0,0;-8,0;-9,0;33,7
29/03/2026 07:04;450,0;454,6;10,0;0,0;-8,0;-9,0;33,4
29/03/2026 07:05;450,0;450,2;10,0;0,0;-8,0;-9,0;33,3
29/03/2026 07:06;450,0;446,1;13,2;3,7;-8,0;-8,0;33,6
29/03/2026 07:07;450,0;443,8;18,8;6,4;-8,0;-7,0;34,0
29/03/2026 07:08;450,0;445,2;23,1;5,7;-8,0;-7,0;34,4
29/03/2026 07:09;450,0;451,7;22,0;0,0;-8,0;-8,0;34,5
29/03/2026 07:10;450,0;459,9;13,9;0,0;-8,0;-8,0;34,5
29/03/2026 07:11;450,0;463,4;10,0;0,0;-8,0;-8,0;34,2
29/03/2026 07:12;450,0;462,8;10,0;0,0;-8,0;-9,0;33,8
29/03/2026 07:13;450,0;461,0;10,0;0,0;-8,0;-9,0;33,6
29/03/2026 07:14;450,0;456,1;10,0;0,0;-8,0;-8,0;33,9
29/03/2026 07:15;450,0;452,8;10,0;0,0;-8,0;-8,0;33,7
29/03/2026 07:16;450,0;450,5;10,0;0,0;-8,0;-8,0;33,7
29/03/2026 07:17;450,0;447,6;11,9;2,2;-8,0;-8,0;33,7
29/03/2026 07:18;450,0;447,6;14,1;2,5;-8,0;-8,0;34,1
29/03/2026 07:19;450,0;446,7;17,2;3,6;-8,0;-7,0;34,4
29/03/2026 07:20;450,0;449,6;17,3;1,1;-8,0;-8,0;34,2
29/03/2026 07:21;450,0;455,5;12,6;0,0;-8,0;-8,0;34,2
29/03/2026 07:22;450,0;459,6;10,0;0,0;-8,0;-9,0;33,8
29/03/2026 07:23;450,0;458,4;10,0;0,0;-8,0;-8,0;34,1
29/03/2026 07:24;450,0;455,8;10,0;0,0;-8,0;-8,0;34,1
29/03/2026 07:25;450,0;452,0;10,0;0,0;-8,0;-8,0;34,1
29/03/2026 07:26;450,0;447,3;12,2;2,6;-8,0;-8,0;34,1
29/03/2026 07:27;450,0;444,3;16,4;5,6;-8,0;-8,0;34,6
29/03/2026 07:28;450,0;446,4;20,2;4,2;-8,0;-7,0;35,0
29/03/2026 07:29;450,0;452,8;18,0;0,0;-8,0;-8,0;34,9
29/03/2026 07:30;450,0;458,1;10,9;0,0;-8,0;-8,0;34,9
29/03/2026 07:31;450,0;459,9;10,0;0,0;-8,0;-8,0;34,9
29/03/2026 07:32;450,0;457,8;10,0;0,0;-8,0;-8,0;34,7
29/03/2026 07:33;450,0;454,3;10,0;0,0;-8,0;-8,0;34,6
29/03/2026 07:34;450,0;449,9;10,0;0,0;-8,0;-8,0;34,6
29/03/2026 07:35;450,0;445,5;14,0;4,4;-8,0;-8,0;34,6
29/03/2026 07:36;450,0;443,8;19,7;6,5;-8,0;-8,0;35,2
29/03/2026 07:37;450,0;447,3;22,2;3,7;-8,0;-7,0;35,7
29/03/2026 07:38;450,0;456,1;18,3;0,0;-8,0;-7,0;35,8
29/03/2026 07:39;450,0;461,9;10,0;0,0;-8,0;-8,0;35,5
29/03/2026 07:40;450,0;463,4;10,0;0,0;-8,0;-8,0;35,4
29/03/2026 07:41;450,0;461,6;10,0;0,0;-8,0;-8,0;35,3
29/03/2026 07:42;450,0;458,7;10,0;0,0;-8,0;-8,0;35,3
29/03/2026 07:43;450,0;456,1;10,0;0,0;-8,0;-8,0;35,2
29/03/2026 07:44;450,0;452,5;10,0;0,0;-8,0;-8,0;35,0
29/03/2026 07:45;450,0;447,6;11,5;2,1;-8,0;-8,0;35,2
29/03/2026 07:46;450,0;443,2;17,7;6,8;-8,0;-8,0;35,2
29/03/2026 07:47;450,0;442,3;24,6;8,4;-8,0;-7,0;35,8
29/03/2026 07:48;450,0;450,2;25,0;1,7;-8,0;-7,0;36,1
29/03/2026 07:49;450,0;461,0;15,1;0,0;-8,0;-8,0;35,9
29/03/2026 07:50;450,0;465,1;10,0;0,0;-8,0;-8,0;35,6
29/03/2026 07:51;450,0;465,1;10,0;0,0;-8,0;-9,0;35,1
29/03/2026 07:52;450,0;463,7;10,0;0,0;-8,0;-9,0;35,1
29/03/2026 07:53;450,0;459,6;10,0;0,0;-8,0;-9,0;35,0
29/03/2026 07:54;450,0;454,9;10,0;0,0;-8,0;-9,0;35,1
29/03/2026 07:55;450,0;451,4;10,0;0,0;-8,0;-9,0;34,8
29/03/2026 07:56;450,0;447,0;12,0;2,8;-8,0;-8,0;35,1
29/03/2026 07:57;450,0;444,6;16,9;5,5;-8,0;-8,0;35,1
29/03/2026 07:58;450,0;445,2;20,9;5,5;-8,0;-7,0;35,7
29/03/2026 07:59;450,0;450,8;20,1;0,5;-8,0;-8,0;35,5
29/03/2026 08:00;450,0;457,5;13,4;0,0;-8,0;-8,0;35,5
29/03/2026 08:01;450,0;460,5;10,0;0,0;-8,0;-8,0;35,2
29/03/2026 08:02;450,0;456,6;10,0;0,0;-8,0;-9,0;34,9
29/03/2026 08:03;450,0;453,4;10,0;0,0;-8,0;-8,0;35,5
29/03/2026 08:04;450,0;449,0;10,3;0,9;-8,0;-9,0;34,9
29/03/2026 08:05;450,0;445,8;13,4;4,0;-8,0;-8,0;35,3
29/03/2026 08:06;450,0;444,0;18,8;6,2;-8,0;-8,0;35,3
29/03/2026 08:07;450,0;447,9;21,0;3,0;-8,0;-7,0;35,9
29/03/2026 08:08;450,0;454,9;17,5;0,0;-8,0;-8,0;35,6
29/03/2026 08:09;450,0;460,2;10,0;0,0;-8,0;-9,0;35,2
29/03/2026 08:10;450,0;460,2;10,0;0,0;-8,0;-9,0;35,0
29/03/2026 08:11;450,0;458,1;10,0;0,0;-8,0;-8,0;35,1
29/03/2026 08:12;450,0;455,8;10,0;0,0;-8,0;-8,0;35,4
29/03/2026 08:13;450,0;452,5;10,0;0,0;-8,0;-8,0;35,2
29/03/2026 08:14;450,0;450,5;10,0;0,0;-8,0;-8,0;35,2
29/03/2026 08:15;450,0;447,6;12,1;2,3;-8,0;-8,0;35,1
29/03/2026 08:16;450,0;445,8;15,8;4,3;-8,0;-8,0;35,3
29/03/2026 08:17;450,0;446,4;18,9;4,1;-8,0;-7,0;35,5
29/03/2026 08:18;450,0;450,8;19,0;0,4;-8,0;-7,0;35,7
29/03/2026 08:19;450,0;459,3;11,2;0,0;-8,0;-8,0;35,5
29/03/2026 08:20;450,0;462,2;10,0;0,0;-8,0;-8,0;35,4
29/03/2026 08:21;450,0;460,5;10,0;0,0;-8,0;-8,0;35,6
29/03/2026 08:22;450,0;456,4;10,0;0,0;-8,0;-9,0;34,9
29/03/2026 08:23;450,0;452,8;10,0;0,0;-8,0;-8,0;35,1
29/03/2026 08:24;450,0;448,4;10,5;1,4;-8,0;-9,0;34,8
29/03/2026 08:25;450,0;445,2;15,1;4,8;-8,0;-8,0;35,1
29/03/2026 08:26;450,0;443,5;20,6;6,8;-8,0;-7,0;35,6
29/03/2026 08:27;450,0;446,4;24,0;4,8;-8,0;-7,0;35,9
29/03/2026 08:28;450,0;455,8;20,0;0,0;-8,0;-7,0;36,1
29/03/2026 08:29;450,0;463,1;10,0;0,0;-8,0;-9,0;35,5
29/03/2026 08:30;450,0;464,6;10,0;0,0;-8,0;-8,0;36,0
29/03/2026 08:31;450,0;461,6;10,0;0,0;-8,0;-8,0;35,8
29/03/2026 08:32;450,0;459,3;10,0;0,0;-8,0;-8,0;35,4
29/03/2026 08:33;450,0;455,8;10,0;0,0;-8,0;-8,0;35,3
29/03/2026 08:34;450,0;452,5;10,0;0,0;-8,0;-8,0;35,2
29/03/2026 08:35;450,0;449,6;10,0;0,1;-8,0;-8,0;35,3
29/03/2026 08:36;450,0;447,9;12,3;2,0;-8,0;-8,0;35,2
29/03/2026 08:37;450,0;445,8;15,7;4,2;-8,0;-8,0;35,2
29/03/2026 08:38;450,0;447,3;18,1;3,2;-8,0;-8,0;35,4
29/03/2026 08:39;450,0;450,8;17,2;0,1;-8,0;-7,0;36,3
29/03/2026 08:40;450,0;455,8;12,1;0,0;-8,0;-8,0;35,6
29/03/2026 08:41;450,0;458,4;10,0;0,0;-8,0;-8,0;35,4
29/03/2026 08:42;450,0;455,5;10,0;0,0;-8,0;-9,0;34,9
29/03/2026 08:43;450,0;452,2;10,0;0,0;-8,0;-8,0;35,3
29/03/2026 08:44;450,0;448,1;10,9;1,7;-8,0;-8,0;35,2
29/03/2026 08:45;450,0;445,8;14,9;4,2;-8,0;-8,0;35,2
29/03/2026 08:46;450,0;445,8;19,1;4,7;-8,0;-8,0;35,3
29/03/2026 08:47;450,0;450,8;19,4;0,5;-8,0;-7,0;36,0
29/03/2026 08:48;450,0;459,0;11,0;0,0;-8,0;-8,0;35,9
29/03/2026 08:49;450,0;461,3;10,0;0,0;-8,0;-9,0;35,3
29/03/2026 08:50;450,0;459,6;10,0;0,0;-8,0;-9,0;35,4
29/03/2026 08:51;450,0;456,4;10,0;0,0;-8,0;-8,0;35,4
29/03/2026 08:52;450,0;454,0;10,0;0,0;-8,0;-8,0;35,4
29/03/2026 08:53;450,0;451,4;10,0;0,0;-8,0;-9,0;35,1
29/03/2026 08:54;450,0;448,1;11,2;1,7;-8,0;-8,0;35,2
29/03/2026 08:55;450,0;445,8;14,9;4,2;-8,0;-8,0;35,2
29/03/2026 08:56;450,0;446,1;18,2;4,3;-8,0;-8,0;35,4
29/03/2026 08:57;450,0;451,1;17,2;0,0;-8,0;-7,0;36,2
29/03/2026 08:58;450,0;455,5;11,7;0,0;-8,0;-8,0;35,7
29/03/2026 08:59;450,0;456,9;10,0;0,0;-8,0;-9,0;35,0
29/03/2026 09:00;450,0;454,0;10,0;0,0;-8,0;-9,0;35,0
29/03/2026 09:01;450,0;450,8;10,0;0,0;-8,0;-8,0;35,3
29/03/2026 09:02;450,0;445,8;13,2;3,9;-8,0;-8,0;35,2
29/03/2026 09:03;450,0;443,2;19,2;7,0;-8,0;-8,0;35,2
29/03/2026 09:04;450,0;444,3;24,9;6,7;-8,0;-6,0;36,5
29/03/2026 09:05;450,0;452,2;22,9;0,0;-8,0;-7,0;36,3
29/03/2026 09:06;450,0;462,5;10,9;0,0;-8,0;-8,0;36,4
29/03/2026 09:07;450,0;466,9;10,0;0,0;-8,0;-9,0;35,8
29/03/2026 09:08;450,0;468,1;10,0;0,0;-8,0;-8,0;35,9
29/03/2026 09:09;450,0;466,9;10,0;0,0;-8,0;-8,0;35,8
29/03/2026 09:10;450,0;463,4;10,0;0,0;-8,0;-8,0;35,9
29/03/2026 09:11;450,0;459,0;10,0;0,0;-8,0;-8,0;35,5
29/03/2026 09:12;450,0;455,2;10,0;0,0;-8,0;-8,0;35,5
29/03/2026 09:13;450,0;451,1;10,0;0,0;-8,0;-8,0;35,4
29/03/2026 09:14;450,0;446,4;12,6;3,3;-8,0;-8,0;35,4
29/03/2026 09:15;450,0;443,2;18,7;6,9;-8,0;-7,0;36,1
29/03/2026 09:16;450,0;444,6;23,7;6,3;-8,0;-7,0;36,3
29/03/2026 09:17;450,0;451,7;22,4;0,0;-8,0;-7,0;36,6
29/03/2026 09:18;450,0;459,6;14,1;0,0;-8,0;-8,0;36,3
29/03/2026 09:19;450,0;463,4;10,0;0,0;-8,0;-8,0;36,1
29/03/2026 09:20;450,0;462,5;10,0;0,0;-8,0;-9,0;35,6
29/03/2026 09:21;450,0;460,2;10,0;0,0;-8,0;-9,0;35,2
29/03/2026 09:22;450,0;457,2;10,0;0,0;-8,0;-8,0;35,5
29/03/2026 09:23;450,0;452,5;10,0;0,0;-8,0;-9,0;35,1
29/03/2026 09:24;450,0;449,3;10,0;0,4;-8,0;-8,0;35,6
29/03/2026 09:25;450,0;446,4;13,3;3,5;-8,0;-8,0;35,4
29/03/2026 09:26;450,0;446,1;17,0;4,2;-8,0;-8,0;35,5
29/03/2026 09:27;450,0;447,3;19,5;3,5;-8,0;-7,0;36,0
29/03/2026 09:28;450,0;454,9;15,4;0,0;-8,0;-8,0;35,8
29/03/2026 09:29;450,0;461,3;10,0;0,0;-8,0;-8,0;35,7
29/03/2026 09:30;450,0;459,9;10,0;0,0;-8,0;-8,0;35,7
29/03/2026 09:31;450,0;456,9;10,0;0,0;-8,0;-8,0;35,6
29/03/2026 09:32;450,0;453,4;10,0;0,0;-8,0;-8,0;35,5
29/03/2026 09:33;450,0;449,3;10,1;0,5;-8,0;-8,0;35,8
29/03/2026 09:34;450,0;444,6;14,7;5,1;-8,0;-8,0;35,6
29/03/2026 09:35;450,0;442,3;21,3;8,1;-8,0;-8,0;35,6
29/03/2026 09:36;450,0;444,0;26,8;7,2;-8,0;-6,0;36,8
29/03/2026 09:37;450,0;453,4;24,4;0,0;-8,0;-7,0;36,9
29/03/2026 09:38;450,0;462,5;13,2;0,0;-8,0;-9,0;36,0
29/03/2026 09:39;450,0;464,6;10,0;0,0;-8,0;-9,0;35,7
29/03/2026 09:40;450,0;461,9;10,0;0,0;-8,0;-9,0;35,5
29/03/2026 09:41;450,0;457,8;10,0;0,0;-8,0;-8,0;35,6
29/03/2026 09:42;450,0;453,7;10,0;0,0;-8,0;-8,0;35,9
29/03/2026 09:43;450,0;450,2;10,0;0,0;-8,0;-8,0;35,6
29/03/2026 09:44;450,0;447,0;12,0;2,7;-8,0;-8,0;35,5
29/03/2026 09:45;450,0;445,2;16,2;4,9;-8,0;-8,0;35,6
29/03/2026 09:46;450,0;445,2;20,1;5,4;-8,0;-8,0;35,7
29/03/2026 09:47;450,0;449,9;20,3;1,1;-8,0;-7,0;36,2
29/03/2026 09:48;450,0;456,1;15,3;0,0;-8,0;-8,0;36,0
29/03/2026 09:49;450,0;457,8;10,0;0,0;-8,0;-9,0;35,5
29/03/2026 09:50;450,0;457,5;10,0;0,0;-8,0;-8,0;35,4
29/03/2026 09:51;450,0;454,9;10,0;0,0;-8,0;-8,0;35,8
29/03/2026 09:52;450,0;450,8;10,0;0,0;-8,0;-9,0;35,1
29/03/2026 09:53;450,0;445,8;13,1;3,9;-8,0;-9,0;35,1
29/03/2026 09:54;450,0;444,3;18,3;5,9;-8,0;-8,0;35,4
29/03/2026 09:55;450,0;444,6;22,8;6,1;-8,0;-8,0;35,6
29/03/2026 09:56;450,0;451,1;22,1;0,5;-8,0;-7,0;36,3
29/03/2026 09:57;450,0;458,4;14,4;0,0;-8,0;-8,0;35,9
29/03/2026 09:58;450,0;461,6;10,0;0,0;-8,0;-8,0;35,7
29/03/2026 09:59;450,0;461,0;10,0;0,0;-8,0;-9,0;35,2
29/03/2026 10:00;450,0;458,7;10,0;0,0;-8,0;-8,0;35,8
29/03/2026 10:01;450,0;455,8;10,0;0,0;-8,0;-8,0;35,4
29/03/2026 10:02;450,0;452,8;10,0;0,0;-8,0;-9,0;35,0
29/03/2026 10:03;450,0;448,1;10,8;1,6;-8,0;-9,0;34,9
29/03/2026 10:04;450,0;445,2;14,7;4,7;-8,0;-8,0;35,2
29/03/2026 10:05;450,0;442,3;21,8;8,1;-8,0;-8,0;35,2
29/03/2026 10:06;450,0;444,9;26,3;6,3;-8,0;-7,0;36,1
29/03/2026 10:07;450,0;454,0;23,3;0,0;-8,0;-7,0;36,4
29/03/2026 10:08;450,0;462,2;12,8;0,0;-8,0;-9,0;35,7
29/03/2026 10:09;450,0;463,7;10,0;0,0;-8,0;-8,0;36,0
29/03/2026 10:10;450,0;460,7;10,0;0,0;-8,0;-9,0;35,4
29/03/2026 10:11;450,0;456,1;10,0;0,0;-8,0;-9,0;35,2
29/03/2026 10:12;450,0;450,8;10,0;0,0;-8,0;-9,0;35,0
29/03/2026 10:13;450,0;445,8;13,1;4,0;-8,0;-8,0;35,3
29/03/2026 10:14;450,0;444,6;17,7;5,5;-8,0;-8,0;35,2
29/03/2026 10:15;450,0;445,8;21,3;4,9;-8,0;-7,0;35,7
29/03/2026 10:16;450,0;451,1;20,7;0,3;-8,0;-7,0;35,8
29/03/2026 10:17;450,0;459,9;11,8;0,0;-8,0;-9,0;35,2
29/03/2026 10:18;450,0;462,5;10,0;0,0;-8,0;-8,0;35,8
29/03/2026 10:19;450,0;459,9;10,0;0,0;-8,0;-9,0;35,2
29/03/2026 10:20;450,0;456,4;10,0;0,0;-8,0;-9,0;34,9
29/03/2026 10:21;450,0;452,2;10,0;0,0;-8,0;-9,0;34,9
29/03/2026 10:22;450,0;448,7;10,4;1,1;-8,0;-8,0;35,1
29/03/2026 10:23;450,0;445,2;15,1;4,8;-8,0;-8,0;35,0
29/03/2026 10:24;450,0;445,2;19,7;5,3;-8,0;-7,0;35,4
29/03/2026 10:25;450,0;449,0;21,0;2,1;-8,0;-7,0;35,7
29/03/2026 10:26;450,0;455,8;15,9;0,0;-8,0;-8,0;35,3
29/03/2026 10:27;450,0;460,5;10,0;0,0;-8,0;-8,0;35,5
29/03/2026 10:28;450,0;461,0;10,0;0,0;-8,0;-9,0;35,0
29/03/2026 10:29;450,0;459,6;10,0;0,0;-8,0;-9,0;34,9
29/03/2026 10:30;450,0;455,8;10,0;0,0;-8,0;-8,0;35,0
29/03/2026 10:31;450,0;452,2;10,0;0,0;-8,0;-8,0;35,1
29/03/2026 10:32;450,0;449,6;10,2;0,3;-8,0;-9,0;34,7
29/03/2026 10:33;450,0;446,1;13,8;3,8;-8,0;-8,0;35,0
29/03/2026 10:34;450,0;445,2;17,9;5,1;-8,0;-8,0;35,0
29/03/2026 10:35;450,0;446,4;21,3;4,4;-8,0;-7,0;35,6
29/03/2026 10:36;450,0;452,2;19,7;0,0;-8,0;-7,0;36,1
29/03/2026 10:37;450,0;456,6;13,9;0,0;-8,0;-8,0;35,8
29/03/2026 10:38;450,0;456,1;10,0;0,0;-8,0;-8,0;35,8
29/03/2026 10:39;450,0;452,5;10,0;0,0;-8,0;-9,0;35,2
29/03/2026 10:40;450,0;448,4;10,9;1,5;-8,0;-9,0;35,1
29/03/2026 10:41;450,0;444,6;16,2;5,4;-8,0;-8,0;35,4
29/03/2026 10:42;450,0;443,5;22,3;7,0;-8,0;-7,0;35,8
29/03/2026 10:43;450,0;448,4;23,7;3,0;-8,0;-7,0;36,1
29/03/2026 10:44;450,0;456,6;17,4;0,0;-8,0;-8,0;36,0
29/03/2026 10:45;450,0;463,1;10,0;0,0;-8,0;-7,0;36,6
29/03/2026 10:46;450,0;463,1;10,0;0,0;-8,0;-8,0;35,9
29/03/2026 10:47;450,0;461,3;10,0;0,0;-8,0;-8,0;35,8
29/03/2026 10:48;450,0;458,4;10,0;0,0;-8,0;-9,0;35,4
29/03/2026 10:49;450,0;456,4;10,0;0,0;-8,0;-9,0;35,2
29/03/2026 10:50;450,0;452,8;10,0;0,0;-8,0;-8,0;35,4
29/03/2026 10:51;450,0;449,3;10,1;0,5;-8,0;-9,0;34,9
29/03/2026 10:52;450,0;446,4;13,1;3,4;-8,0;-8,0;35,1
29/03/2026 10:53;450,0;443,2;18,9;6,9;-8,0;-8,0;35,1
29/03/2026 10:54;450,0;444,6;23,3;6,2;-8,0;-6,0;36,4
29/03/2026 10:55;450,0;450,2;23,6;1,6;-8,0;-7,0;36,3
29/03/2026 10:56;450,0;457,2;17,5;0,0;-8,0;-8,0;36,0
29/03/2026 10:57;450,0;460,5;10,0;0,0;-8,0;-9,0;35,5
29/03/2026 10:58;450,0;459,9;10,0;0,0;-8,0;-8,0;35,6
29/03/2026 10:59;450,0;456,9;10,0;0,0;-8,0;-8,0;35,6
29/03/2026 11:00;450,0;453,4;10,0;0,0;-8,0;-8,0;35,3
29/03/2026 11:01;450,0;449,0;10,3;0,9;-8,0;-8,0;35,1
29/03/2026 11:02;450,0;444,9;14,4;4,9;-8,0;-8,0;35,2
29/03/2026 11:03;450,0;443,2;20,2;7,1;-8,0;-7,0;36,0
29/03/2026 11:04;450,0;445,2;24,9;5,9;-8,0;-7,0;36,3
29/03/2026 11:05;450,0;453,4;22,6;0,0;-8,0;-7,0;36,4
29/03/2026 11:06;450,0;461,9;12,3;0,0;-8,0;-9,0;35,8
29/03/2026 11:07;450,0;462,5;10,0;0,0;-8,0;-9,0;35,5
29/03/2026 11:08;450,0;461,0;10,0;0,0;-8,0;-8,0;35,7
29/03/2026 11:09;450,0;457,8;10,0;0,0;-8,0;-9,0;35,1
29/03/2026 11:10;450,0;453,7;10,0;0,0;-8,0;-9,0;35,0
29/03/2026 11:11;450,0;451,4;10,0;0,0;-8,0;-8,0;35,2
29/03/2026 11:12;450,0;447,3;12,0;2,6;-8,0;-7,0;35,8
29/03/2026 11:13;450,0;444,9;16,6;5,2;-8,0;-8,0;35,4
29/03/2026 11:14;450,0;445,2;20,7;5,4;-8,0;-7,0;35,8
29/03/2026 11:15;450,0;452,8;18,8;0,0;-8,0;-8,0;35,8
29/03/2026 11:16;450,0;461,3;10,0;0,0;-8,0;-8,0;35,7
29/03/2026 11:17;450,0;462,8;10,0;0,0;-8,0;-8,0;35,5
29/03/2026 11:18;450,0;460,7;10,0;0,0;-8,0;-8,0;35,3
29/03/2026 11:19;450,0;456,1;10,0;0,0;-8,0;-8,0;35,3
29/03/2026 11:20;450,0;454,0;10,0;0,0;-8,0;-9,0;34,6
29/03/2026 11:21;450,0;449,6;10,0;0,3;-8,0;-8,0;35,2
29/03/2026 11:22;450,0;446,1;13,0;3,6;-8,0;-8,0;35,1
29/03/2026 11:23;450,0;445,5;16,9;4,7;-8,0;-8,0;35,2
29/03/2026 11:24;450,0;447,9;19,0;2,8;-8,0;-8,0;35,3
29/03/2026 11:25;450,0;453,4;17,0;0,0;-8,0;-8,0;35,3
29/03/2026 11:26;450,0;461,3;10,0;0,0;-8,0;-9,0;34,8
29/03/2026 11:27;450,0;463,1;10,0;0,0;-8,0;-9,0;34,7
29/03/2026 11:28;450,0;461,3;10,0;0,0;-8,0;-8,0;34,8
29/03/2026 11:29;450,0;456,4;10,0;0,0;-8,0;-8,0;34,6
29/03/2026 11:30;450,0;450,5;10,0;0,0;-8,0;-8,0;35,0
29/03/2026 11:31;450,0;445,5;14,0;4,4;-8,0;-8,0;34,9
29/03/2026 11:32;450,0;445,2;18,2;5,1;-8,0;-8,0;34,9
29/03/2026 11:33;450,0;450,8;17,6;0,2;-8,0;-8,0;34,9
29/03/2026 11:34;450,0;457,2;10,8;0,0;-8,0;-8,0;34,8
29/03/2026 11:35;450,0;459,9;10,0;0,0;-8,0;-9,0;34,3
29/03/2026 11:36;450,0;456,9;10,0;0,0;-8,0;-8,0;34,4
29/03/2026 11:37;450,0;454,0;10,0;0,0;-8,0;-8,0;34,3
29/03/2026 11:38;450,0;448,4;10,3;1,3;-8,0;-9,0;33,8
29/03/2026 11:39;450,0;445,5;14,5;4,4;-8,0;-7,0;34,8
29/03/2026 11:40;450,0;444,6;19,2;5,7;-8,0;-8,0;34,4
29/03/2026 11:41;450,0;447,0;22,3;4,1;-8,0;-7,0;34,9
29/03/2026 11:42;450,0;452,0;20,7;0,0;-8,0;-8,0;34,9
29/03/2026 11:43;450,0;458,7;12,7;0,0;-8,0;-8,0;34,8
29/03/2026 11:44;450,0;460,2;10,0;0,0;-8,0;-9,0;34,1
29/03/2026 11:45;450,0;458,4;10,0;0,0;-8,0;-9,0;33,9
29/03/2026 11:46;450,0;454,3;10,0;0,0;-8,0;-8,0;34,2
29/03/2026 11:47;450,0;449,0;10,1;0,8;-8,0;-8,0;34,0
29/03/2026 11:48;450,0;445,2;14,6;4,7;-8,0;-7,0;34,7
29/03/2026 11:49;450,0;443,2;20,3;7,1;-8,0;-8,0;34,3
29/03/2026 11:50;450,0;447,6;23,1;3,6;-8,0;-7,0;35,0
29/03/2026 11:51;450,0;457,8;17,0;0,0;-8,0;-8,0;34,8
29/03/2026 11:52;450,0;463,1;10,0;0,0;-8,0;-8,0;34,7
29/03/2026 11:53;450,0;464,3;10,0;0,0;-8,0;-9,0;34,1
29/03/2026 11:54;450,0;461,9;10,0;0,0;-8,0;-9,0;34,0
29/03/2026 11:55;450,0;457,5;10,0;0,0;-8,0;-8,0;34,1
29/03/2026 11:56;450,0;455,2;10,0;0,0;-8,0;-8,0;34,1
29/03/2026 11:57;450,0;452,0;10,0;0,0;-8,0;-8,0;34,2
29/03/2026 11:58;450,0;449,0;10,2;0,8;-8,0;-8,0;33,8
29/03/2026 11:59;450,0;447,3;13,0;2,7;-8,0;-8,0;34,1
29/03/2026 12:00;450,0;445,8;16,6;4,4;-8,0;-8,0;34,1
29/03/2026 12:01;450,0;446,1;20,0;4,5;-8,0;-8,0;34,1
29/03/2026 12:02;450,0;449,3;20,3;1,7;-8,0;-7,0;34,6
29/03/2026 12:03;450,0;456,4;15,0;0,0;-8,0;-8,0;34,4
29/03/2026 12:04;450,0;460,2;10,0;0,0;-8,0;-8,0;34,2
29/03/2026 12:05;450,0;460,7;10,0;0,0;-8,0;-8,0;34,3
29/03/2026 12:06;450,0;458,4;10,0;0,0;-8,0;-7,0;34,9
29/03/2026 12:07;450,0;454,3;10,0;0,0;-8,0;-8,0;34,4
29/03/2026 12:08;450,0;451,4;10,0;0,0;-8,0;-8,0;34,4
29/03/2026 12:09;450,0;447,3;11,9;2,5;-8,0;-8,0;34,3
29/03/2026 12:10;450,0;444,9;16,1;5,1;-8,0;-8,0;34,3
29/03/2026 12:11;450,0;444,9;20,4;5,6;-8,0;-7,0;34,7
29/03/2026 12:12;450,0;448,1;22,5;3,1;-8,0;-7,0;35,1
29/03/2026 12:13;450,0;454,3;18,9;0,0;-8,0;-8,0;34,8
29/03/2026 12:14;450,0;460,7;10,0;0,0;-8,0;-8,0;34,9
29/03/2026 12:15;450,0;460,7;10,0;0,0;-8,0;-8,0;35,0
29/03/2026 12:16;450,0;458,1;10,0;0,0;-8,0;-9,0;34,5
29/03/2026 12:17;450,0;456,6;10,0;0,0;-8,0;-8,0;34,6
29/03/2026 12:18;450,0;453,4;10,0;0,0;-8,0;-9,0;34,2
29/03/2026 12:19;450,0;449,3;10,1;0,5;-8,0;-8,0;34,4
29/03/2026 12:20;450,0;448,1;12,1;1,8;-8,0;-9,0;33,8
29/03/2026 12:21;450,0;448,4;14,2;1,9;-8,0;-8,0;34,3
29/03/2026 12:22;450,0;449,9;14,6;0,5;-8,0;-8,0;34,3
29/03/2026 12:23;450,0;453,7;12,3;0,0;-8,0;-9,0;33,9
29/03/2026 12:24;450,0;456,4;10,0;0,0;-8,0;-7,0;34,8
29/03/2026 12:25;450,0;454,6;10,0;0,0;-8,0;-8,0;34,4
29/03/2026 12:26;450,0;451,7;10,0;0,0;-8,0;-8,0;34,3
29/03/2026 12:27;450,0;448,1;11,5;1,7;-8,0;-8,0;34,2
29/03/2026 12:28;450,0;444,9;16,2;5,1;-8,0;-8,0;34,2
29/03/2026 12:29;450,0;444,9;21,3;5,8;-8,0;-8,0;34,4
29/03/2026 12:30;450,0;451,7;20,2;0,0;-8,0;-8,0;34,6
29/03/2026 12:31;450,0;459,3;11,6;0,0;-8,0;-8,0;34,5
29/03/2026 12:32;450,0;461,9;10,0;0,0;-8,0;-8,0;34,3
29/03/2026 12:33;450,0;460,5;10,0;0,0;-8,0;-7,0;35,0
29/03/2026 12:34;450,0;457,2;10,0;0,0;-8,0;-9,0;33,9
29/03/2026 12:35;450,0;453,7;10,0;0,0;-8,0;-8,0;34,3
29/03/2026 12:36;450,0;450,5;10,0;0,0;-8,0;-8,0;34,1
29/03/2026 12:37;450,0;445,8;13,5;4,1;-8,0;-8,0;34,2
29/03/2026 12:38;450,0;445,2;17,6;5,1;-8,0;-7,0;34,6
29/03/2026 12:39;450,0;445,5;21,4;5,2;-8,0;-8,0;34,3
29/03/2026 12:40;450,0;451,4;20,4;0,0;-8,0;-7,0;35,0
29/03/2026 12:41;450,0;458,1;13,6;0,0;-8,0;-8,0;34,7
29/03/2026 12:42;450,0;460,7;10,0;0,0;-8,0;-7,0;35,3
29/03/2026 12:43;450,0;460,7;10,0;0,0;-8,0;-8,0;34,9
29/03/2026 12:44;450,0;457,5;10,0;0,0;-8,0;-9,0;34,3
29/03/2026 12:45;450,0;454,6;10,0;0,0;-8,0;-8,0;34,4
29/03/2026 12:46;450,0;451,1;10,0;0,0;-8,0;-8,0;34,4
29/03/2026 12:47;450,0;448,4;11,4;1,5;-8,0;-8,0;34,3
29/03/2026 12:48;450,0;447,6;13,4;2,4;-8,0;-8,0;34,4
29/03/2026 12:49;450,0;446,7;16,8;3,6;-8,0;-8,0;34,4
29/03/2026 12:50;450,0;447,9;18,4;2,7;-8,0;-7,0;34,7
29/03/2026 12:51;450,0;452,5;16,3;0,0;-8,0;-7,0;35,1
29/03/2026 12:52;450,0;458,7;10,0;0,0;-8,0;-9,0;34,3
29/03/2026 12:53;450,0;460,2;10,0;0,0;-8,0;-8,0;34,4
29/03/2026 12:54;450,0;458,4;10,0;0,0;-8,0;-9,0;34,2
29/03/2026 12:55;450,0;455,5;10,0;0,0;-8,0;-9,0;34,1
29/03/2026 12:56;450,0;451,4;10,0;0,0;-8,0;-8,0;34,4
29/03/2026 12:57;450,0;447,9;11,4;1,9;-8,0;-8,0;34,1
29/03/2026 12:58;450,0;444,6;16,4;5,4;-8,0;-8,0;34,1
29/03/2026 12:59;450,0;443,2;22,5;7,3;-8,0;-8,0;34,3
29/03/2026 13:00;450,0;451,4;21,3;0,1;-8,0;-6,0;35,6
29/03/2026 13:01;450,0;460,7;12,3;0,0;-8,0;-8,0;34,8
29/03/2026 13:02;450,0;465,7;10,0;0,0;-8,0;-8,0;34,6
29/03/2026 13:03;450,0;465,1;10,0;0,0;-8,0;-8,0;34,6
29/03/2026 13:04;450,0;464,3;10,0;0,0;-8,0;-8,0;34,5
29/03/2026 13:05;450,0;460,7;10,0;0,0;-8,0;-8,0;34,4
29/03/2026 13:06;450,0;457,2;10,0;0,0;-8,0;-8,0;34,4
29/03/2026 13:07;450,0;454,6;10,0;0,0;-8,0;-9,0;33,9
29/03/2026 13:08;450,0;451,4;10,0;0,0;-8,0;-8,0;33,9
29/03/2026 13:09;450,0;447,6;11,4;2,2;-8,0;-7,0;34,8
29/03/2026 13:10;450,0;445,8;14,6;4,1;-8,0;-8,0;34,5
29/03/2026 13:11;450,0;447,0;17,5;3,4;-8,0;-8,0;34,5
29/03/2026 13:12;450,0;451,4;17,2;0,0;-8,0;-8,0;34,5
29/03/2026 13:13;450,0;456,9;11,3;0,0;-8,0;-8,0;34,6
29/03/2026 13:14;450,0;459,0;10,0;0,0;-8,0;-8,0;34,5
29/03/2026 13:15;450,0;457,2;10,0;0,0;-8,0;-8,0;34,3
29/03/2026 13:16;450,0;452,8;10,0;0,0;-8,0;-9,0;33,9
29/03/2026 13:17;450,0;448,7;10,3;1,1;-8,0;-8,0;34,2
29/03/2026 13:18;450,0;444,9;15,5;5,0;-8,0;-7,0;34,7
29/03/2026 13:19;450,0;443,5;21,5;6,9;-8,0;-7,0;34,9
29/03/2026 13:20;450,0;448,7;22,8;2,6;-8,0;-7,0;35,2
29/03/2026 13:21;450,0;457,8;16,0;0,0;-8,0;-8,0;34,9
29/03/2026 13:22;450,0;464,6;10,0;0,0;-8,0;-9,0;34,4
29/03/2026 13:23;450,0;466,0;10,0;0,0;-8,0;-8,0;34,6
29/03/2026 13:24;450,0;464,8;10,0;0,0;-8,0;-8,0;34,6
29/03/2026 13:25;450,0;461,9;10,0;0,0;-8,0;-9,0;34,1
29/03/2026 13:26;450,0;459,0;10,0;0,0;-8,0;-8,0;34,4
29/03/2026 13:27;450,0;456,6;10,0;0,0;-8,0;-7,0;34,9
29/03/2026 13:28;450,0;453,4;10,0;0,0;-8,0;-8,0;34,3
29/03/2026 13:29;450,0;450,5;10,0;0,0;-8,0;-8,0;34,1
29/03/2026 13:30;450,0;446,7;12,4;3,0;-8,0;-8,0;34,1
29/03/2026 13:31;450,0;444,9;17,0;5,2;-8,0;-8,0;34,1
29/03/2026 13:32;450,0;446,7;20,4;4,0;-8,0;-8,0;34,1
29/03/2026 13:33;450,0;452,8;18,3;0,0;-8,0;-8,0;34,4
29/03/2026 13:34;450,0;459,3;10,2;0,0;-8,0;-8,0;34,4
29/03/2026 13:35;450,0;460,5;10,0;0,0;-8,0;-8,0;34,4
29/03/2026 13:36;450,0;460,5;10,0;0,0;-8,0;-7,0;34,9
29/03/2026 13:37;450,0;456,9;10,0;0,0;-8,0;-8,0;34,3
29/03/2026 13:38;450,0;453,4;10,0;0,0;-8,0;-9,0;34,3
29/03/2026 13:39;450,0;450,5;10,0;0,0;-8,0;-8,0;34,2
29/03/2026 13:40;450,0;447,3;12,2;2,6;-8,0;-8,0;34,2
29/03/2026 13:41;450,0;444,0;17,7;6,1;-8,0;-8,0;34,2
29/03/2026 13:42;450,0;445,8;21,0;4,9;-8,0;-7,0;34,5
29/03/2026 13:43;450,0;452,2;19,1;0,0;-8,0;-7,0;34,7
29/03/2026 13:44;450,0;459,6;10,2;0,0;-8,0;-8,0;34,4
29/03/2026 13:45;450,0;459,9;10,0;0,0;-8,0;-7,0;35,0
29/03/2026 13:46;450,0;458,4;10,0;0,0;-8,0;-8,0;34,4
29/03/2026 13:47;450,0;456,6;10,0;0,0;-8,0;-8,0;34,3
29/03/2026 13:48;450,0;453,4;10,0;0,0;-8,0;-8,0;34,3
29/03/2026 13:49;450,0;450,8;10,0;0,0;-8,0;-8,0;34,0
29/03/2026 13:50;450,0;448,7;10,8;1,2;-8,0;-8,0;34,0
29/03/2026 13:51;450,0;445,5;15,0;4,5;-8,0;-8,0;33,9
29/03/2026 13:52;450,0;444,6;19,9;5,8;-8,0;-7,0;34,4
29/03/2026 13:53;450,0;447,6;22,4;3,6;-8,0;-7,0;34,6
29/03/2026 13:54;450,0;452,2;20,3;0,0;-8,0;-6,0;35,5
29/03/2026 13:55;450,0;456,6;14,1;0,0;-8,0;-8,0;34,8
29/03/2026 13:56;450,0;458,1;10,0;0,0;-8,0;-8,0;34,7
29/03/2026 13:57;450,0;457,2;10,0;0,0;-8,0;-9,0;34,1
29/03/2026 13:58;450,0;454,0;10,0;0,0;-8,0;-8,0;34,3
29/03/2026 13:59;450,0;452,0;10,0;0,0;-8,0;-8,0;34,4
29/03/2026 14:00;450,0;450,5;10,0;0,0;-8,0;-8,0;34,3
29/03/2026 14:01;450,0;447,6;11,8;2,2;-8,0;-8,0;34,2
29/03/2026 14:02;450,0;447,3;14,0;2,8;-8,0;-8,0;34,2
29/03/2026 14:03;450,0;447,6;16,2;2,7;-8,0;-6,0;35,4
29/03/2026 14:04;450,0;450,2;16,8;0,8;-8,0;-8,0;34,7
29/03/2026 14:05;450,0;455,2;12,4;0,0;-8,0;-8,0;34,7
29/03/2026 14:06;450,0;458,1;10,0;0,0;-8,0;-8,0;34,6
29/03/2026 14:07;450,0;456,6;10,0;0,0;-8,0;-8,0;34,5
29/03/2026 14:08;450,0;454,9;10,0;0,0;-8,0;-8,0;34,5
29/03/2026 14:09;450,0;452,2;10,0;0,0;-8,0;-8,0;34,4
29/03/2026 14:10;450,0;449,9;10,0;0,0;-8,0;-8,0;34,4
29/03/2026 14:11;450,0;445,8;13,6;4,0;-8,0;-8,0;34,4
29/03/2026 14:12;450,0;445,8;17,2;4,5;-8,0;-7,0;35,2
29/03/2026 14:13;450,0;448,7;18,8;2,2;-8,0;-8,0;34,8
29/03/2026 14:14;450,0;454,0;14,7;0,0;-8,0;-8,0;34,9
29/03/2026 14:15;450,0;458,1;10,0;0,0;-8,0;-8,0;34,7
29/03/2026 14:16;450,0;456,6;10,0;0,0;-8,0;-8,0;34,8
29/03/2026 14:17;450,0;455,2;10,0;0,0;-8,0;-8,0;34,6
29/03/2026 14:18;450,0;453,7;10,0;0,0;-8,0;-8,0;34,5
29/03/2026 14:19;450,0;450,5;10,0;0,0;-8,0;-8,0;34,5
29/03/2026 14:20;450,0;447,3;11,5;2,4;-8,0;-8,0;34,5
29/03/2026 14:21;450,0;444,0;16,5;5,9;-8,0;-7,0;35,1
29/03/2026 14:22;450,0;443,2;22,0;7,3;-8,0;-7,0;35,3
29/03/2026 14:23;450,0;447,6;24,6;3,8;-8,0;-7,0;35,6
29/03/2026 14:24;450,0;457,2;18,9;0,0;-8,0;-8,0;35,5
29/03/2026 14:25;450,0;462,8;10,0;0,0;-8,0;-8,0;35,3
29/03/2026 14:26;450,0;464,3;10,0;0,0;-8,0;-8,0;35,1
29/03/2026 14:27;450,0;462,8;10,0;0,0;-8,0;-9,0;34,5
29/03/2026 14:28;450,0;460,2;10,0;0,0;-8,0;-9,0;34,2
29/03/2026 14:29;450,0;458,1;10,0;0,0;-8,0;-9,0;34,1
29/03/2026 14:30;450,0;455,5;10,0;0,0;-8,0;-7,0;35,0
29/03/2026 14:31;450,0;452,0;10,0;0,0;-8,0;-9,0;34,2
29/03/2026 14:32;450,0;448,4;10,8;1,4;-8,0;-8,0;34,5
29/03/2026 14:33;450,0;445,2;14,8;4,8;-8,0;-8,0;34,5
29/03/2026 14:34;450,0;444,0;20,3;6,4;-8,0;-8,0;34,5
29/03/2026 14:35;450,0;447,3;23,2;3,8;-8,0;-7,0;35,1
29/03/2026 14:36;450,0;454,0;20,6;0,0;-8,0;-7,0;35,4
29/03/2026 14:37;450,0;460,5;10,3;0,0;-8,0;-8,0;35,0
29/03/2026 14:38;450,0;460,7;10,0;0,0;-8,0;-8,0;34,8
29/03/2026 14:39;450,0;460,2;10,0;0,0;-8,0;-7,0;35,4
29/03/2026 14:40;450,0;456,9;10,0;0,0;-8,0;-9,0;34,7
29/03/2026 14:41;450,0;453,1;10,0;0,0;-8,0;-9,0;34,4
29/03/2026 14:42;450,0;451,1;10,0;0,0;-8,0;-9,0;34,1
29/03/2026 14:43;450,0;448,1;11,3;1,7;-8,0;-8,0;34,5
29/03/2026 14:44;450,0;445,2;15,8;4,9;-8,0;-8,0;34,5
29/03/2026 14:45;450,0;445,2;19,9;5,3;-8,0;-7,0;35,0
29/03/2026 14:46;450,0;450,8;19,7;0,5;-8,0;-7,0;35,2
29/03/2026 14:47;450,0;459,0;11,7;0,0;-8,0;-8,0;34,8
29/03/2026 14:48;450,0;460,7;10,0;0,0;-8,0;-7,0;35,3
29/03/2026 14:49;450,0;458,7;10,0;0,0;-8,0;-8,0;34,7
29/03/2026 14:50;450,0;455,8;10,0;0,0;-8,0;-8,0;34,6
29/03/2026 14:51;450,0;453,4;10,0;0,0;-8,0;-9,0;34,1
29/03/2026 14:52;450,0;450,2;10,0;0,0;-8,0;-9,0;34,0
29/03/2026 14:53;450,0;447,0;11,9;2,8;-8,0;-8,0;34,3
29/03/2026 14:54;450,0;443,5;17,5;6,4;-8,0;-8,0;34,3
29/03/2026 14:55;450,0;446,1;21,4;4,7;-8,0;-7,0;34,9
29/03/2026 14:56;450,0;450,8;21,0;0,6;-8,0;-7,0;34,9
29/03/2026 14:57;450,0;457,8;13,4;0,0;-8,0;-7,0;35,2
29/03/2026 14:58;450,0;461,0;10,0;0,0;-8,0;-8,0;34,8
29/03/2026 14:59;450,0;459,9;10,0;0,0;-8,0;-9,0;34,1
29/03/2026 15:00;450,0;456,9;10,0;0,0;-8,0;-9,0;34,0
29/03/2026 15:01;450,0;454,0;10,0;0,0;-8,0;-9,0;33,8
29/03/2026 15:02;450,0;451,1;10,0;0,0;-8,0;-8,0;34,2
29/03/2026 15:03;450,0;449,0;10,9;0,9;-8,0;-8,0;34,1
29/03/2026 15:04;450,0;447,6;12,9;2,4;-8,0;-8,0;34,1
29/03/2026 15:05;450,0;446,4;15,5;3,4;-8,0;-8,0;34,1
29/03/2026 15:06;450,0;447,6;17,5;2,9;-8,0;-7,0;34,8
29/03/2026 15:07;450,0;449,0;18,6;1,8;-8,0;-8,0;34,6
29/03/2026 15:08;450,0;453,7;15,0;0,0;-8,0;-8,0;34,6
29/03/2026 15:09;450,0;457,2;10,0;0,0;-8,0;-8,0;34,5
29/03/2026 15:10;450,0;456,9;10,0;0,0;-8,0;-8,0;34,4
29/03/2026 15:11;450,0;455,2;10,0;0,0;-8,0;-8,0;34,2
29/03/2026 15:12;450,0;452,5;10,0;0,0;-8,0;-8,0;34,2
29/03/2026 15:13;450,0;450,2;10,0;0,0;-8,0;-8,0;34,0
29/03/2026 15:14;450,0;446,7;12,6;3,1;-8,0;-8,0;34,0
29/03/2026 15:15;450,0;444,6;17,1;5,5;-8,0;-6,0;35,2
29/03/2026 15:16;450,0;446,1;21,0;4,7;-8,0;-8,0;34,6
29/03/2026 15:17;450,0;451,4;19,7;0,0;-8,0;-8,0;34,6
29/03/2026 15:18;450,0;458,4;12,8;0,0;-8,0;-8,0;34,7
29/03/2026 15:19;450,0;460,2;10,0;0,0;-8,0;-8,0;34,7
29/03/2026 15:20;450,0;459,9;10,0;0,0;-8,0;-8,0;34,5
29/03/2026 15:21;450,0;458,4;10,0;0,0;-8,0;-8,0;34,5
29/03/2026 15:22;450,0;455,5;10,0;0,0;-8,0;-8,0;34,3
29/03/2026 15:23;450,0;454,0;10,0;0,0;-8,0;-8,0;34,3
29/03/2026 15:24;450,0;451,7;10,0;0,0;-8,0;-7,0;34,8
29/03/2026 15:25;450,0;449,3;10,3;0,6;-8,0;-8,0;34,4
29/03/2026 15:26;450,0;446,1;13,2;3,7;-8,0;-8,0;34,4
29/03/2026 15:27;450,0;444,3;18,0;5,9;-8,0;-8,0;34,4
29/03/2026 15:28;450,0;446,1;22,6;4,9;-8,0;-7,0;35,0
29/03/2026 15:29;450,0;450,8;21,7;0,7;-8,0;-8,0;34,9
29/03/2026 15:30;450,0;457,5;15,0;0,0;-8,0;-8,0;34,9
29/03/2026 15:31;450,0;461,0;10,0;0,0;-8,0;-9,0;34,5
29/03/2026 15:32;450,0;460,2;10,0;0,0;-8,0;-8,0;34,4
29/03/2026 15:33;450,0;457,8;10,0;0,0;-8,0;-7,0;35,1
29/03/2026 15:34;450,0;455,8;10,0;0,0;-8,0;-8,0;34,5
29/03/2026 15:35;450,0;453,1;10,0;0,0;-8,0;-9,0;34,2
29/03/2026 15:36;450,0;450,5;10,0;0,0;-8,0;-8,0;34,4
29/03/2026 15:37;450,0;447,6;11,7;2,2;-8,0;-9,0;34,0
29/03/2026 15:38;450,0;445,8;15,6;4,3;-8,0;-8,0;34,3
29/03/2026 15:39;450,0;447,9;17,8;2,6;-8,0;-7,0;34,7
29/03/2026 15:40;450,0;453,1;15,4;0,0;-8,0;-8,0;34,4
29/03/2026 15:41;450,0;456,6;10,0;0,0;-8,0;-9,0;34,0
29/03/2026 15:42;450,0;457,8;10,0;0,0;-8,0;-7,0;34,8
29/03/2026 15:43;450,0;455,5;10,0;0,0;-8,0;-9,0;33,9
29/03/2026 15:44;450,0;452,5;10,0;0,0;-8,0;-8,0;34,3
29/03/2026 15:45;450,0;448,7;10,4;1,1;-8,0;-8,0;34,2
29/03/2026 15:46;450,0;445,5;14,7;4,5;-8,0;-8,0;34,2
29/03/2026 15:47;450,0;444,3;19,8;6,1;-8,0;-8,0;34,4
29/03/2026 15:48;450,0;447,0;22,9;4,1;-8,0;-7,0;34,9
29/03/2026 15:49;450,0;454,9;19,5;0,0;-8,0;-8,0;34,6
29/03/2026 15:50;450,0;461,0;10,0;0,0;-8,0;-8,0;34,7
29/03/2026 15:51;450,0;461,9;10,0;0,0;-8,0;-7,0;35,2
29/03/2026 15:52;450,0;459,6;10,0;0,0;-8,0;-9,0;34,4
29/03/2026 15:53;450,0;455,8;10,0;0,0;-8,0;-8,0;34,6
29/03/2026 15:54;450,0;452,0;10,0;0,0;-8,0;-8,0;34,5
29/03/2026 15:55;450,0;448,7;10,9;1,2;-8,0;-8,0;34,5
29/03/2026 15:56;450,0;447,0;13,7;3,0;-8,0;-8,0;34,4
29/03/2026 15:57;450,0;445,8;17,6;4,5;-8,0;-7,0;34,7
29/03/2026 15:58;450,0;445,8;21,3;4,9;-8,0;-7,0;34,8
29/03/2026 15:59;450,0;450,2;20,7;1,1;-8,0;-7,0;35,2
29/03/2026 16:00;450,0;456,9;15,0;0,0;-8,0;-7,0;35,5
29/03/2026 16:01;450,0;460,5;10,0;0,0;-8,0;-9,0;34,9
29/03/2026 16:02;450,0;459,6;10,0;0,0;-8,0;-8,0;34,9
29/03/2026 16:03;450,0;458,4;10,0;0,0;-8,0;-8,0;34,6
29/03/2026 16:04;450,0;454,6;10,0;0,0;-8,0;-8,0;34,6
29/03/2026 16:05;450,0;452,0;10,0;0,0;-8,0;-8,0;34,5
29/03/2026 16:06;450,0;448,1;10,7;1,6;-8,0;-8,0;34,4
29/03/2026 16:07;450,0;444,9;15,0;4,9;-8,0;-8,0;34,3
29/03/2026 16:08;450,0;445,8;18,7;4,6;-8,0;-8,0;34,2
29/03/2026 16:09;450,0;448,4;20,6;2,6;-8,0;-6,0;35,5
29/03/2026 16:10;450,0;453,4;18,4;0,0;-8,0;-8,0;35,0
29/03/2026 16:11;450,0;459,9;10,0;0,0;-8,0;-8,0;34,9
29/03/2026 16:12;450,0;461,0;10,0;0,0;-8,0;-8,0;34,7
29/03/2026 16:13;450,0;459,6;10,0;0,0;-8,0;-8,0;34,6
29/03/2026 16:14;450,0;457,8;10,0;0,0;-8,0;-9,0;34,1
29/03/2026 16:15;450,0;456,1;10,0;0,0;-8,0;-8,0;34,4
29/03/2026 16:16;450,0;453,7;10,0;0,0;-8,0;-8,0;34,5
29/03/2026 16:17;450,0;451,4;10,0;0,0;-8,0;-9,0;34,0
29/03/2026 16:18;450,0;449,0;10,4;0,9;-8,0;-7,0;34,8
29/03/2026 16:19;450,0;446,1;14,4;3,9;-8,0;-8,0;34,5
29/03/2026 16:20;450,0;444,6;19,0;5,7;-8,0;-8,0;34,5
29/03/2026 16:21;450,0;446,7;21,8;4,1;-8,0;-7,0;35,0
29/03/2026 16:22;450,0;453,4;18,7;0,0;-8,0;-8,0;35,0
29/03/2026 16:23;450,0;461,0;10,0;0,0;-8,0;-9,0;34,4
29/03/2026 16:24;450,0;461,6;10,0;0,0;-8,0;-9,0;34,3
29/03/2026 16:25;450,0;459,9;10,0;0,0;-8,0;-9,0;34,2
29/03/2026 16:26;450,0;455,8;10,0;0,0;-8,0;-9,0;34,1
29/03/2026 16:27;450,0;452,2;10,0;0,0;-8,0;-7,0;34,9
29/03/2026 16:28;450,0;448,1;11,0;1,7;-8,0;-8,0;34,5
29/03/2026 16:29;450,0;446,1;14,5;3,9;-8,0;-8,0;34,5
29/03/2026 16:30;450,0;446,1;17,6;4,2;-8,0;-8,0;34,5
29/03/2026 16:31;450,0;449,9;17,6;0,8;-8,0;-8,0;34,5
29/03/2026 16:32;450,0;456,1;12,7;0,0;-8,0;-8,0;34,6
29/03/2026 16:33;450,0;461,3;10,0;0,0;-8,0;-8,0;34,4
29/03/2026 16:34;450,0;461,6;10,0;0,0;-8,0;-8,0;34,4
29/03/2026 16:35;450,0;460,2;10,0;0,0;-8,0;-8,0;34,3
29/03/2026 16:36;450,0;458,4;10,0;0,0;-8,0;-7,0;34,9
29/03/2026 16:37;450,0;456,6;10,0;0,0;-8,0;-8,0;34,4
29/03/2026 16:38;450,0;454,6;10,0;0,0;-8,0;-8,0;34,5
29/03/2026 16:39;450,0;452,2;10,0;0,0;-8,0;-9,0;33,9
29/03/2026 16:40;450,0;449,0;10,3;0,9;-8,0;-8,0;34,2
29/03/2026 16:41;450,0;445,5;13,8;4,3;-8,0;-8,0;34,2
29/03/2026 16:42;450,0;444,3;19,5;6,1;-8,0;-7,0;34,6
29/03/2026 16:43;450,0;447,3;21,7;3,7;-8,0;-7,0;34,9
29/03/2026 16:44;450,0;455,2;17,0;0,0;-8,0;-8,0;34,6
29/03/2026 16:45;450,0;461,6;10,0;0,0;-8,0;-7,0;35,2
29/03/2026 16:46;450,0;461,6;10,0;0,0;-8,0;-8,0;34,8
29/03/2026 16:47;450,0;459,0;10,0;0,0;-8,0;-8,0;34,6
29/03/2026 16:48;450,0;455,8;10,0;0,0;-8,0;-9,0;34,1
29/03/2026 16:49;450,0;453,4;10,0;0,0;-8,0;-9,0;33,9
29/03/2026 16:50;450,0;451,1;10,0;0,0;-8,0;-9,0;34,0
29/03/2026 16:51;450,0;447,9;11,4;1,9;-8,0;-8,0;34,3
29/03/2026 16:52;450,0;446,1;14,8;3,9;-8,0;-8,0;34,3
29/03/2026 16:53;450,0;445,2;19,4;5,3;-8,0;-8,0;34,3
29/03/2026 16:54;450,0;448,7;20,7;2,3;-8,0;-6,0;35,5
29/03/2026 16:55;450,0;456,9;15,3;0,0;-8,0;-8,0;34,9
29/03/2026 16:56;450,0;463,4;10,0;0,0;-8,0;-8,0;34,8
29/03/2026 16:57;450,0;463,7;10,0;0,0;-8,0;-8,0;34,7
29/03/2026 16:58;450,0;461,9;10,0;0,0;-8,0;-9,0;34,0
29/03/2026 16:59;450,0;460,2;10,0;0,0;-8,0;-8,0;34,4
29/03/2026 17:00;450,0;456,6;10,0;0,0;-8,0;-9,0;34,0
29/03/2026 17:01;450,0;453,4;10,0;0,0;-8,0;-8,0;34,2
29/03/2026 17:02;450,0;451,4;10,0;0,0;-8,0;-8,0;34,2
29/03/2026 17:03;450,0;448,4;11,0;1,5;-8,0;-7,0;34,6
29/03/2026 17:04;450,0;445,5;14,7;4,4;-8,0;-8,0;34,3
29/03/2026 17:05;450,0;445,5;18,6;4,9;-8,0;-7,0;34,7
29/03/2026 17:06;450,0;450,2;18,7;0,9;-8,0;-7,0;34,8
29/03/2026 17:07;450,0;456,4;13,6;0,0;-8,0;-8,0;34,5
29/03/2026 17:08;450,0;459,9;10,0;0,0;-8,0;-9,0;34,1
29/03/2026 17:09;450,0;459,6;10,0;0,0;-8,0;-8,0;34,4
29/03/2026 17:10;450,0;456,9;10,0;0,0;-8,0;-8,0;34,3
29/03/2026 17:11;450,0;454,0;10,0;0,0;-8,0;-8,0;34,4
29/03/2026 17:12;450,0;452,0;10,0;0,0;-8,0;-7,0;34,7
29/03/2026 17:13;450,0;448,7;10,8;1,2;-8,0;-9,0;34,0
29/03/2026 17:14;450,0;446,4;14,1;3,5;-8,0;-8,0;34,4
29/03/2026 17:15;450,0;445,5;18,5;4,9;-8,0;-8,0;34,4
29/03/2026 17:16;450,0;449,6;19,3;1,4;-8,0;-8,0;34,6
29/03/2026 17:17;450,0;459,9;10,7;0,0;-8,0;-8,0;34,5
29/03/2026 17:18;450,0;466,0;10,0;0,0;-8,0;-9,0;34,1
29/03/2026 17:19;450,0;467,2;10,0;0,0;-8,0;-9,0;33,9
29/03/2026 17:20;450,0;464,6;10,0;0,0;-8,0;-8,0;34,3
29/03/2026 17:21;450,0;461,0;10,0;0,0;-8,0;-7,0;34,7
29/03/2026 17:22;450,0;457,2;10,0;0,0;-8,0;-8,0;34,2
29/03/2026 17:23;450,0;452,0;10,0;0,0;-8,0;-8,0;34,2
29/03/2026 17:24;450,0;448,7;10,9;1,2;-8,0;-8,0;34,2
29/03/2026 17:25;450,0;443,2;16,3;6,5;-8,0;-8,0;34,1
29/03/2026 17:26;450,0;443,8;21,7;6,8;-8,0;-7,0;34,6
29/03/2026 17:27;450,0;448,4;23,4;3,2;-8,0;-7,0;34,8
29/03/2026 17:28;450,0;457,5;17,2;0,0;-8,0;-8,0;34,6
29/03/2026 17:29;450,0;463,4;10,0;0,0;-8,0;-8,0;34,6
29/03/2026 17:30;450,0;463,7;10,0;0,0;-8,0;-7,0;35,1
29/03/2026 17:31;450,0;463,4;10,0;0,0;-8,0;-8,0;34,8
29/03/2026 17:32;450,0;459,9;10,0;0,0;-8,0;-8,0;34,6
29/03/2026 17:33;450,0;457,2;10,0;0,0;-8,0;-9,0;34,1
29/03/2026 17:34;450,0;454,3;10,0;0,0;-8,0;-9,0;34,0
29/03/2026 17:35;450,0;451,4;10,0;0,0;-8,0;-8,0;34,1
29/03/2026 17:36;450,0;448,1;10,9;1,6;-8,0;-8,0;34,2
29/03/2026 17:37;450,0;446,7;14,0;3,2;-8,0;-8,0;34,2
29/03/2026 17:38;450,0;446,4;17,4;3,9;-8,0;-8,0;34,2
29/03/2026 17:39;450,0;449,0;18,6;1,8;-8,0;-6,0;35,5
29/03/2026 17:40;450,0;455,2;14,2;0,0;-8,0;-8,0;34,8
29/03/2026 17:41;450,0;459,6;10,0;0,0;-8,0;-9,0;34,2
29/03/2026 17:42;450,0;460,7;10,0;0,0;-8,0;-9,0;34,3
29/03/2026 17:43;450,0;460,7;10,0;0,0;-8,0;-8,0;34,6
29/03/2026 17:44;450,0;456,9;10,0;0,0;-8,0;-8,0;34,5
29/03/2026 17:45;450,0;454,3;10,0;0,0;-8,0;-8,0;34,3
29/03/2026 17:46;450,0;451,4;10,0;0,0;-8,0;-9,0;34,0
29/03/2026 17:47;450,0;446,7;12,1;3,0;-8,0;-8,0;34,2
29/03/2026 17:48;450,0;445,2;16,6;5,0;-8,0;-7,0;34,7
29/03/2026 17:49;450,0;446,4;20,1;4,2;-8,0;-8,0;34,5
29/03/2026 17:50;450,0;453,1;17,9;0,0;-8,0;-8,0;34,9
29/03/2026 17:51;450,0;460,5;10,0;0,0;-8,0;-8,0;34,8
29/03/2026 17:52;450,0;463,4;10,0;0,0;-8,0;-8,0;34,6
29/03/2026 17:53;450,0;460,5;10,0;0,0;-8,0;-8,0;34,6
29/03/2026 17:54;450,0;456,9;10,0;0,0;-8,0;-8,0;34,5
29/03/2026 17:55;450,0;454,0;10,0;0,0;-8,0;-8,0;34,3
29/03/2026 17:56;450,0;452,2;10,0;0,0;-8,0;-8,0;34,2
29/03/2026 17:57;450,0;450,2;10,0;0,0;-8,0;-7,0;34,6
29/03/2026 17:58;450,0;446,1;13,2;3,7;-8,0;-8,0;34,4
29/03/2026 17:59;450,0;444,3;18,0;5,9;-8,0;-8,0;34,4
29/03/2026 18:00;450,0;445,8;21,7;5,0;-8,0;-7,0;34,8
29/03/2026 18:01;450,0;453,1;19,9;0,0;-8,0;-7,0;35,3
29/03/2026 18:02;450,0;461,0;10,3;0,0;-8,0;-8,0;34,8
29/03/2026 18:03;450,0;464,3;10,0;0,0;-8,0;-8,0;34,7
29/03/2026 18:04;450,0;464,3;10,0;0,0;-8,0;-9,0;34,2
29/03/2026 18:05;450,0;462,5;10,0;0,0;-8,0;-8,0;34,4
29/03/2026 18:06;450,0;459,6;10,0;0,0;-8,0;-7,0;34,9
29/03/2026 18:07;450,0;456,1;10,0;0,0;-8,0;-8,0;34,5
29/03/2026 18:08;450,0;453,4;10,0;0,0;-8,0;-8,0;34,5
29/03/2026 18:09;450,0;450,8;10,0;0,0;-8,0;-8,0;34,4
29/03/2026 18:10;450,0;447,6;12,1;2,3;-8,0;-8,0;34,4
29/03/2026 18:11;450,0;445,5;16,1;4,5;-8,0;-8,0;34,4
29/03/2026 18:12;450,0;444,9;20,7;5,6;-8,0;-7,0;35,0
29/03/2026 18:13;450,0;449,3;21,1;1,9;-8,0;-8,0;34,7
29/03/2026 18:14;450,0;455,5;16,3;0,0;-8,0;-8,0;34,9
29/03/2026 18:15;450,0;458,4;10,0;0,0;-8,0;-7,0;35,3
29/03/2026 18:16;450,0;457,2;10,0;0,0;-8,0;-8,0;34,8
29/03/2026 18:17;450,0;454,6;10,0;0,0;-8,0;-8,0;34,7
29/03/2026 18:18;450,0;452,0;10,0;0,0;-8,0;-9,0;34,2
29/03/2026 18:19;450,0;448,7;10,9;1,2;-8,0;-8,0;34,6
29/03/2026 18:20;450,0;445,8;14,3;4,1;-8,0;-8,0;34,5
29/03/2026 18:21;450,0;447,0;17,4;3,5;-8,0;-7,0;34,9
29/03/2026 18:22;450,0;451,7;16,7;0,0;-8,0;-8,0;34,8
29/03/2026 18:23;450,0;457,8;10,0;0,0;-8,0;-9,0;34,4
29/03/2026 18:24;450,0;458,4;10,0;0,0;-8,0;-7,0;35,1
29/03/2026 18:25;450,0;456,1;10,0;0,0;-8,0;-9,0;34,4
29/03/2026 18:26;450,0;452,8;10,0;0,0;-8,0;-8,0;34,8
29/03/2026 18:27;450,0;450,2;10,0;0,0;-8,0;-8,0;34,6
29/03/2026 18:28;450,0;448,1;11,6;1,7;-8,0;-8,0;34,6
29/03/2026 18:29;450,0;447,0;14,2;3,1;-8,0;-8,0;34,6
29/03/2026 18:30;450,0;448,1;15,8;2,2;-8,0;-8,0;34,6
29/03/2026 18:31;450,0;449,6;16,6;1,0;-8,0;-8,0;34,6
29/03/2026 18:32;450,0;454,0;13,6;0,0;-8,0;-8,0;34,6
29/03/2026 18:33;450,0;459,6;10,0;0,0;-8,0;-7,0;35,2
29/03/2026 18:34;450,0;459,6;10,0;0,0;-8,0;-8,0;34,8
29/03/2026 18:35;450,0;456,9;10,0;0,0;-8,0;-8,0;34,5
29/03/2026 18:36;450,0;454,3;10,0;0,0;-8,0;-8,0;34,5
29/03/2026 18:37;450,0;451,1;10,0;0,0;-8,0;-8,0;34,4
29/03/2026 18:38;450,0;447,9;11,3;1,9;-8,0;-8,0;34,3
29/03/2026 18:39;450,0;446,7;14,0;3,3;-8,0;-8,0;34,4
29/03/2026 18:40;450,0;446,4;17,3;3,9;-8,0;-8,0;34,4
29/03/2026 18:41;450,0;448,4;19,0;2,4;-8,0;-7,0;34,8
29/03/2026 18:42;450,0;454,3;15,0;0,0;-8,0;-7,0;35,2
29/03/2026 18:44;450,0;456,9;10,0;0,0;-8,0;-8,0;34,9
29/03/2026 18:45;450,0;456,1;10,0;0,0;-8,0;-8,0;34,8
29/03/2026 18:46;450,0;452,2;10,0;0,0;-8,0;-8,0;34,9
29/03/2026 18:47;450,0;448,1;10,8;1,6;-8,0;-8,0;34,6
29/03/2026 18:48;450,0;444,3;15,9;5,6;-8,0;-8,0;34,6
29/03/2026 18:49;450,0;443,5;21,6;6,9;-8,0;-7,0;35,2
29/03/2026 18:50;450,0;449,6;22,1;1,7;-8,0;-8,0;35,1
29/03/2026 18:51;450,0;458,1;15,2;0,0;-8,0;-6,0;36,1
29/03/2026 18:52;450,0;460,5;10,0;0,0;-8,0;-8,0;35,2
29/03/2026 18:53;450,0;460,2;10,0;0,0;-8,0;-8,0;35,1
29/03/2026 18:54;450,0;458,4;10,0;0,0;-8,0;-8,0;35,0
29/03/2026 18:55;450,0;455,8;10,0;0,0;-8,0;-9,0;34,5
29/03/2026 18:56;450,0;452,2;10,0;0,0;-8,0;-8,0;34,7
29/03/2026 18:57;450,0;449,0;10,2;0,8;-8,0;-9,0;34,3
29/03/2026 18:58;450,0;445,8;13,7;4,0;-8,0;-8,0;34,6
29/03/2026 18:59;450,0;444,0;19,3;6,3;-8,0;-7,0;35,0
29/03/2026 19:00;450,0;446,1;23,1;4,9;-8,0;-6,0;35,8
29/03/2026 19:01;450,0;451,7;21,6;0,0;-8,0;-8,0;35,5
29/03/2026 19:02;450,0;456,9;15,8;0,0;-8,0;-8,0;35,5
29/03/2026 19:03;450,0;461,0;10,0;0,0;-8,0;-9,0;35,2
29/03/2026 19:04;450,0;461,3;10,0;0,0;-8,0;-8,0;35,2
29/03/2026 19:05;450,0;458,1;10,0;0,0;-8,0;-8,0;35,2
29/03/2026 19:06;450,0;454,9;10,0;0,0;-8,0;-9,0;34,8
29/03/2026 19:07;450,0;451,7;10,0;0,0;-8,0;-8,0;35,0
29/03/2026 19:08;450,0;449,3;10,4;0,6;-8,0;-8,0;34,9
29/03/2026 19:09;450,0;447,9;12,4;2,0;-8,0;-6,0;35,9
29/03/2026 19:10;450,0;446,4;15,2;3,7;-8,0;-8,0;35,2
29/03/2026 19:11;450,0;446,4;18,3;4,0;-8,0;-7,0;35,7
29/03/2026 19:12;450,0;452,2;16,7;0,0;-8,0;-8,0;35,3
29/03/2026 19:13;450,0;459,9;10,0;0,0;-8,0;-8,0;35,0
29/03/2026 19:14;450,0;461,3;10,0;0,0;-8,0;-9,0;34,8
29/03/2026 19:15;450,0;459,9;10,0;0,0;-8,0;-9,0;34,8
29/03/2026 19:16;450,0;457,5;10,0;0,0;-8,0;-8,0;34,9
29/03/2026 19:17;450,0;453,7;10,0;0,0;-8,0;-9,0;34,5
29/03/2026 19:18;450,0;450,2;10,0;0,0;-8,0;-7,0;35,3
29/03/2026 19:19;450,0;447,3;12,3;2,6;-8,0;-8,0;35,0
29/03/2026 19:20;450,0;444,6;16,6;5,3;-8,0;-8,0;35,0
29/03/2026 19:21;450,0;444,3;21,4;6,3;-8,0;-7,0;35,5
29/03/2026 19:22;450,0;450,2;22,0;1,3;-8,0;-7,0;35,8
29/03/2026 19:23;450,0;458,7;14,9;0,0;-8,0;-8,0;35,4
29/03/2026 19:24;450,0;463,7;10,0;0,0;-8,0;-8,0;35,3
29/03/2026 19:25;450,0;463,7;10,0;0,0;-8,0;-8,0;35,2
29/03/2026 19:26;450,0;462,2;10,0;0,0;-8,0;-8,0;34,9
29/03/2026 19:27;450,0;458,4;10,0;0,0;-8,0;-7,0;35,5
29/03/2026 19:28;450,0;454,0;10,0;0,0;-8,0;-8,0;35,2
29/03/2026 19:29;450,0;449,6;10,1;0,3;-8,0;-8,0;35,1
29/03/2026 19:30;450,0;445,5;14,2;4,3;-8,0;-8,0;35,0
29/03/2026 19:31;450,0;443,8;20,0;6,6;-8,0;-8,0;35,2
29/03/2026 19:32;450,0;447,0;23,0;4,2;-8,0;-7,0;35,7
29/03/2026 19:33;450,0;456,9;16,7;0,0;-8,0;-8,0;35,7
29/03/2026 19:34;450,0;464,3;10,0;0,0;-8,0;-8,0;35,5
29/03/2026 19:35;450,0;465,4;10,0;0,0;-8,0;-8,0;35,4
29/03/2026 19:36;450,0;463,1;10,0;0,0;-8,0;-7,0;35,6
29/03/2026 19:37;450,0;459,3;10,0;0,0;-8,0;-9,0;35,0
29/03/2026 19:38;450,0;455,2;10,0;0,0;-8,0;-8,0;35,3
29/03/2026 19:39;450,0;450,8;10,0;0,0;-8,0;-8,0;35,2
29/03/2026 19:40;450,0;446,4;12,6;3,4;-8,0;-8,0;35,1
29/03/2026 19:41;450,0;445,2;16,9;5,0;-8,0;-7,0;35,5
29/03/2026 19:42;450,0;448,1;18,6;2,5;-8,0;-8,0;35,3
29/03/2026 19:43;450,0;455,2;14,7;0,0;-8,0;-8,0;35,2
29/03/2026 19:44;450,0;460,5;10,0;0,0;-8,0;-9,0;34,9
29/03/2026 19:45;450,0;462,2;10,0;0,0;-8,0;-7,0;35,5
29/03/2026 19:46;450,0;461,3;10,0;0,0;-8,0;-8,0;35,4
29/03/2026 19:47;450,0;459,6;10,0;0,0;-8,0;-8,0;35,1
29/03/2026 19:48;450,0;457,2;10,0;0,0;-8,0;-9,0;34,8
29/03/2026 19:49;450,0;452,5;10,0;0,0;-8,0;-9,0;34,7
29/03/2026 19:50;450,0;448,1;10,9;1,7;-8,0;-8,0;34,9
29/03/2026 19:51;450,0;444,6;15,4;4,9;-8,0;-8,0;34,8
29/03/2026 19:52;450,0;442,3;23,6;8,3;-8,0;-7,0;35,4
29/03/2026 19:53;450,0;447,6;25,5;3,9;-8,0;-7,0;35,7
29/03/2026 19:54;450,0;456,1;20,0;0,0;-8,0;-6,0;36,6
29/03/2026 19:55;450,0;464,3;10,0;0,0;-8,0;-8,0;35,7
29/03/2026 19:56;450,0;465,7;10,0;0,0;-8,0;-9,0;35,1
29/03/2026 19:57;450,0;463,1;10,0;0,0;-8,0;-8,0;35,2
29/03/2026 19:58;450,0;459,9;10,0;0,0;-8,0;-8,0;35,0
29/03/2026 19:59;450,0;456,6;10,0;0,0;-8,0;-8,0;34,9
29/03/2026 20:00;450,0;453,4;10,0;0,0;-8,0;-8,0;34,8
29/03/2026 20:01;450,0;448,7;10,3;1,0;-8,0;-8,0;34,8
29/03/2026 20:02;450,0;445,2;14,8;4,8;-8,0;-8,0;34,8
29/03/2026 20:03;450,0;445,2;18,9;5,2;-8,0;-6,0;35,7
29/03/2026 20:04;450,0;449,6;19,7;1,4;-8,0;-8,0;35,7
29/03/2026 20:05;450,0;456,1;14,9;0,0;-8,0;-8,0;35,4
29/03/2026 20:06;450,0;459,6;10,0;0,0;-8,0;-8,0;35,2
29/03/2026 20:07;450,0;459,0;10,0;0,0;-8,0;-9,0;35,2
29/03/2026 20:08;450,0;456,4;10,0;0,0;-8,0;-8,0;34,9
29/03/2026 20:09;450,0;452,2;10,0;0,0;-8,0;-8,0;34,9
29/03/2026 20:10;450,0;448,1;11,0;1,7;-8,0;-8,0;34,9
29/03/2026 20:11;450,0;444,9;15,6;5,0;-8,0;-8,0;34,9
29/03/2026 20:12;450,0;444,9;20,6;5,6;-8,0;-6,0;35,9
29/03/2026 20:13;450,0;450,8;20,6;0,6;-8,0;-8,0;35,5
29/03/2026 20:14;450,0;459,0;13,0;0,0;-8,0;-8,0;35,5
29/03/2026 20:15;450,0;463,7;10,0;0,0;-8,0;-8,0;35,5
29/03/2026 20:16;450,0;462,2;10,0;0,0;-8,0;-9,0;34,9
29/03/2026 20:17;450,0;460,7;10,0;0,0;-8,0;-8,0;35,2
29/03/2026 20:18;450,0;457,5;10,0;0,0;-8,0;-9,0;34,8
29/03/2026 20:19;450,0;454,6;10,0;0,0;-8,0;-8,0;35,0
29/03/2026 20:20;450,0;451,4;10,0;0,0;-8,0;-9,0;34,6
29/03/2026 20:21;450,0;448,7;10,8;1,2;-8,0;-7,0;35,3
29/03/2026 20:22;450,0;445,5;14,8;4,5;-8,0;-8,0;35,0
29/03/2026 20:23;450,0;444,0;19,9;6,4;-8,0;-7,0;35,5
29/03/2026 20:24;450,0;445,5;24,0;5,6;-8,0;-7,0;35,7
29/03/2026 20:25;450,0;451,1;22,5;0,5;-8,0;-7,0;35,9
29/03/2026 20:26;450,0;458,1;15,1;0,0;-8,0;-8,0;35,7
29/03/2026 20:27;450,0;460,5;10,0;0,0;-8,0;-8,0;35,6
29/03/2026 20:28;450,0;459,3;10,0;0,0;-8,0;-8,0;35,4
29/03/2026 20:29;450,0;457,5;10,0;0,0;-8,0;-8,0;35,1
29/03/2026 20:30;450,0;455,8;10,0;0,0;-8,0;-7,0;35,5
29/03/2026 20:31;450,0;454,9;10,0;0,0;-8,0;-9,0;34,8
29/03/2026 20:32;450,0;452,0;10,0;0,0;-8,0;-8,0;34,9
29/03/2026 20:33;450,0;448,7;10,6;1,2;-8,0;-8,0;34,8
29/03/2026 20:34;450,0;446,1;13,9;3,8;-8,0;-8,0;34,9
29/03/2026 20:35;450,0;445,8;17,5;4,5;-8,0;-7,0;35,4
29/03/2026 20:36;450,0;448,4;19,7;2,5;-8,0;-7,0;35,5
29/03/2026 20:37;450,0;455,2;15,8;0,0;-8,0;-8,0;35,3
29/03/2026 20:38;450,0;460,7;10,0;0,0;-8,0;-8,0;35,3
29/03/2026 20:39;450,0;461,6;10,0;0,0;-8,0;-7,0;35,5
29/03/2026 20:40;450,0;459,6;10,0;0,0;-8,0;-8,0;35,4
29/03/2026 20:41;450,0;456,6;10,0;0,0;-8,0;-8,0;35,2
29/03/2026 20:42;450,0;453,4;10,0;0,0;-8,0;-8,0;35,2
29/03/2026 20:43;450,0;449,9;10,0;0,0;-8,0;-9,0;34,7
29/03/2026 20:44;450,0;447,0;12,6;2,9;-8,0;-8,0;35,0
29/03/2026 20:45;450,0;445,5;17,1;4,7;-8,0;-8,0;35,0
29/03/2026 20:46;450,0;445,5;20,6;5,1;-8,0;-7,0;35,5
29/03/2026 20:47;450,0;450,2;20,7;1,1;-8,0;-7,0;35,8
29/03/2026 20:48;450,0;458,1;13,4;0,0;-8,0;-7,0;36,1
29/03/2026 20:49;450,0;461,0;10,0;0,0;-8,0;-8,0;35,8
29/03/2026 20:50;450,0;459,9;10,0;0,0;-8,0;-8,0;35,4
29/03/2026 20:51;450,0;456,9;10,0;0,0;-8,0;-9,0;34,8
29/03/2026 20:52;450,0;455,5;10,0;0,0;-8,0;-9,0;34,9
29/03/2026 20:53;450,0;451,7;10,0;0,0;-8,0;-8,0;35,2
29/03/2026 20:54;450,0;447,9;11,4;1,9;-8,0;-8,0;35,0
29/03/2026 20:55;450,0;444,9;15,9;5,1;-8,0;-8,0;35,0
29/03/2026 20:56;450,0;446,1;19,7;4,4;-8,0;-7,0;35,4
29/03/2026 20:57;450,0;452,5;17,9;0,0;-8,0;-6,0;36,1
29/03/2026 20:58;450,0;457,5;10,6;0,0;-8,0;-8,0;35,5
29/03/2026 20:59;450,0;458,7;10,0;0,0;-8,0;-9,0;35,0
29/03/2026 21:00;450,0;455,8;10,0;0,0;-8,0;-8,0;35,2
29/03/2026 21:01;450,0;453,1;10,0;0,0;-8,0;-8,0;35,0
29/03/2026 21:02;450,0;450,2;10,0;0,0;-8,0;-8,0;35,0
29/03/2026 21:03;450,0;446,4;12,7;3,3;-8,0;-8,0;35,0
29/03/2026 21:04;450,0;446,7;15,7;3,4;-8,0;-8,0;35,0
29/03/2026 21:05;450,0;446,7;18,4;3,7;-8,0;-7,0;35,4
29/03/2026 21:06;450,0;448,1;20,4;2,8;-8,0;-6,0;36,1
29/03/2026 21:07;450,0;452,8;17,9;0,0;-8,0;-8,0;35,8
29/03/2026 21:08;450,0;456,6;12,1;0,0;-8,0;-8,0;35,8
29/03/2026 21:09;450,0;457,8;10,0;0,0;-8,0;-8,0;35,7
29/03/2026 21:10;450,0;456,4;10,0;0,0;-8,0;-8,0;35,3
29/03/2026 21:11;450,0;453,4;10,0;0,0;-8,0;-8,0;35,3
29/03/2026 21:12;450,0;450,2;10,0;0,0;-8,0;-8,0;35,3
29/03/2026 21:13;450,0;447,3;11,8;2,5;-8,0;-8,0;35,2
29/03/2026 21:14;450,0;445,8;15,1;4,1;-8,0;-8,0;35,1
29/03/2026 21:15;450,0;446,7;19,2;3,9;-8,0;-6,0;36,0
29/03/2026 21:16;450,0;452,0;17,9;0,0;-8,0;-8,0;35,6
29/03/2026 21:17;450,0;459,6;10,0;0,0;-8,0;-9,0;35,0
29/03/2026 21:18;450,0;462,8;10,0;0,0;-8,0;-9,0;35,1
29/03/2026 21:19;450,0;461,0;10,0;0,0;-8,0;-8,0;35,3
29/03/2026 21:20;450,0;457,5;10,0;0,0;-8,0;-9,0;34,9
29/03/2026 21:21;450,0;455,2;10,0;0,0;-8,0;-8,0;35,1
29/03/2026 21:22;450,0;453,4;10,0;0,0;-8,0;-8,0;35,0
29/03/2026 21:23;450,0;450,5;10,0;0,0;-8,0;-8,0;34,9
29/03/2026 21:24;450,0;447,3;12,3;2,6;-8,0;-7,0;35,2
29/03/2026 21:25;450,0;445,8;16,0;4,3;-8,0;-8,0;35,0
29/03/2026 21:26;450,0;446,1;19,3;4,4;-8,0;-7,0;35,4
29/03/2026 21:27;450,0;450,2;19,6;0,9;-8,0;-7,0;35,6
29/03/2026 21:28;450,0;456,4;14,4;0,0;-8,0;-8,0;35,3
29/03/2026 21:29;450,0;461,3;10,0;0,0;-8,0;-9,0;34,8
29/03/2026 21:30;450,0;462,8;10,0;0,0;-8,0;-8,0;35,2
29/03/2026 21:31;450,0;461,3;10,0;0,0;-8,0;-9,0;34,7
29/03/2026 21:32;450,0;459,6;10,0;0,0;-8,0;-8,0;34,9
29/03/2026 21:33;450,0;455,8;10,0;0,0;-8,0;-7,0;35,4
29/03/2026 21:34;450,0;451,7;10,0;0,0;-8,0;-8,0;35,2
29/03/2026 21:35;450,0;447,0;11,8;2,8;-8,0;-8,0;35,2
29/03/2026 21:36;450,0;445,2;15,7;4,9;-8,0;-8,0;35,2
29/03/2026 21:37;450,0;444,3;20,4;6,2;-8,0;-8,0;35,3
29/03/2026 21:38;450,0;450,2;21,2;1,1;-8,0;-7,0;35,9
29/03/2026 21:39;450,0;458,1;14,0;0,0;-8,0;-8,0;35,7
29/03/2026 21:40;450,0;462,8;10,0;0,0;-8,0;-9,0;35,1
29/03/2026 21:41;450,0;464,0;10,0;0,0;-8,0;-9,0;34,9
29/03/2026 21:42;450,0;463,1;10,0;0,0;-8,0;-7,0;35,6
29/03/2026 21:43;450,0;461,3;10,0;0,0;-8,0;-8,0;35,4
29/03/2026 21:44;450,0;459,0;10,0;0,0;-8,0;-8,0;35,2
29/03/2026 21:45;450,0;456,6;10,0;0,0;-8,0;-8,0;35,2
29/03/2026 21:46;450,0;452,5;10,0;0,0;-8,0;-9,0;34,8
29/03/2026 21:47;450,0;449,0;10,3;0,9;-8,0;-8,0;35,1
29/03/2026 21:48;450,0;446,4;14,0;3,5;-8,0;-8,0;35,0
29/03/2026 21:49;450,0;444,9;18,6;5,4;-8,0;-8,0;35,0
29/03/2026 21:50;450,0;448,4;20,2;2,6;-8,0;-7,0;35,6
29/03/2026 21:51;450,0;454,9;16,2;0,0;-8,0;-6,0;36,2
29/03/2026 21:52;450,0;458,7;10,0;0,0;-8,0;-8,0;35,5
29/03/2026 21:53;450,0;460,2;10,0;0,0;-8,0;-8,0;35,2
29/03/2026 21:54;450,0;459,0;10,0;0,0;-8,0;-8,0;35,3
29/03/2026 21:55;450,0;457,2;10,0;0,0;-8,0;-8,0;35,1
29/03/2026 21:56;450,0;454,3;10,0;0,0;-8,0;-8,0;35,1
29/03/2026 21:57;450,0;450,2;10,0;0,0;-8,0;-8,0;35,0
29/03/2026 21:58;450,0;446,7;12,5;3,0;-8,0;-8,0;35,0
29/03/2026 21:59;450,0;444,9;17,2;5,2;-8,0;-7,0;35,5
29/03/2026 22:00;450,0;447,6;19,8;3,2;-8,0;-6,0;36,0
29/03/2026 22:01;450,0;453,7;17,2;0,0;-8,0;-8,0;35,8
29/03/2026 22:02;450,0;458,7;10,0;0,0;-8,0;-8,0;35,8
29/03/2026 22:03;450,0;458,7;10,0;0,0;-8,0;-9,0;35,1
29/03/2026 22:04;450,0;455,5;10,0;0,0;-8,0;-9,0;34,8
29/03/2026 22:05;450,0;452,8;10,0;0,0;-8,0;-8,0;35,2
29/03/2026 22:06;450,0;449,3;10,3;0,6;-8,0;-9,0;34,6
29/03/2026 22:07;450,0;446,7;13,4;3,2;-8,0;-8,0;35,0
29/03/2026 22:08;450,0;445,2;18,4;5,2;-8,0;-8,0;35,0
29/03/2026 22:09;450,0;449,0;19,0;1,8;-8,0;-6,0;36,1
29/03/2026 22:10;450,0;452,5;17,0;0,0;-8,0;-8,0;35,6
29/03/2026 22:11;450,0;456,6;10,8;0,0;-8,0;-9,0;35,3
29/03/2026 22:12;450,0;456,4;10,0;0,0;-8,0;-8,0;35,4
29/03/2026 22:13;450,0;453,7;10,0;0,0;-8,0;-9,0;35,0
29/03/2026 22:14;450,0;450,8;10,0;0,0;-8,0;-8,0;35,2
29/03/2026 22:15;450,0;445,8;13,1;3,8;-8,0;-8,0;35,1
29/03/2026 22:16;450,0;443,8;18,7;6,4;-8,0;-8,0;35,3
29/03/2026 22:17;450,0;444,9;23,4;5,9;-8,0;-7,0;35,8
29/03/2026 22:18;450,0;451,1;22,8;0,6;-8,0;-6,0;36,6
29/03/2026 22:19;450,0;458,1;15,7;0,0;-8,0;-8,0;36,0
29/03/2026 22:20;450,0;462,8;10,0;0,0;-8,0;-9,0;35,5
29/03/2026 22:21;450,0;463,1;10,0;0,0;-8,0;-9,0;35,3
29/03/2026 22:22;450,0;461,0;10,0;0,0;-8,0;-8,0;35,5
29/03/2026 22:23;450,0;459,6;10,0;0,0;-8,0;-8,0;35,5
29/03/2026 22:24;450,0;456,4;10,0;0,0;-8,0;-9,0;35,0
29/03/2026 22:25;450,0;454,6;10,0;0,0;-8,0;-8,0;35,1
29/03/2026 22:26;450,0;450,2;10,0;0,0;-8,0;-9,0;34,8
29/03/2026 22:27;450,0;447,0;12,2;2,8;-8,0;-7,0;35,6
29/03/2026 22:28;450,0;445,5;15,9;4,6;-8,0;-8,0;35,4
29/03/2026 22:29;450,0;445,2;20,6;5,4;-8,0;-8,0;35,4
29/03/2026 22:30;450,0;449,3;21,0;1,9;-8,0;-7,0;36,1
29/03/2026 22:31;450,0;454,3;17,1;0,0;-8,0;-8,0;35,8
29/03/2026 22:32;450,0;457,8;10,0;0,0;-8,0;-8,0;35,8
29/03/2026 22:33;450,0;458,4;10,0;0,0;-8,0;-9,0;35,4
29/03/2026 22:34;450,0;456,4;10,0;0,0;-8,0;-8,0;35,4
29/03/2026 22:35;450,0;452,5;10,0;0,0;-8,0;-9,0;35,1
29/03/2026 22:36;450,0;448,7;10,7;1,2;-8,0;-7,0;35,6
29/03/2026 22:37;450,0;445,2;15,1;4,8;-8,0;-8,0;35,4
29/03/2026 22:38;450,0;444,3;20,4;6,1;-8,0;-7,0;35,8
29/03/2026 22:39;450,0;447,6;23,1;3,6;-8,0;-7,0;36,2
29/03/2026 22:40;450,0;455,8;17,9;0,0;-8,0;-8,0;36,0
29/03/2026 22:41;450,0;461,0;10,0;0,0;-8,0;-9,0;35,5
29/03/2026 22:42;450,0;459,6;10,0;0,0;-8,0;-8,0;35,9
29/03/2026 22:43;450,0;456,6;10,0;0,0;-8,0;-9,0;35,4
29/03/2026 22:44;450,0;454,0;10,0;0,0;-8,0;-9,0;35,0
29/03/2026 22:45;450,0;450,5;10,0;0,0;-8,0;-7,0;35,7
29/03/2026 22:46;450,0;446,7;12,4;3,1;-8,0;-8,0;35,4
29/03/2026 22:47;450,0;444,6;17,4;5,5;-8,0;-8,0;35,5
29/03/2026 22:48;450,0;445,8;20,9;4,9;-8,0;-8,0;35,8
29/03/2026 22:49;450,0;452,0;19,9;0,0;-8,0;-7,0;36,2
29/03/2026 22:50;450,0;456,9;14,2;0,0;-8,0;-8,0;35,8
29/03/2026 22:51;450,0;458,7;10,0;0,0;-8,0;-9,0;35,2
29/03/2026 22:52;450,0;456,1;10,0;0,0;-8,0;-8,0;35,5
29/03/2026 22:53;450,0;454,3;10,0;0,0;-8,0;-8,0;35,5
29/03/2026 22:54;450,0;451,4;10,0;0,0;-8,0;-7,0;35,9
29/03/2026 22:55;450,0;448,7;10,7;1,2;-8,0;-9,0;35,1
29/03/2026 22:56;450,0;446,7;13,5;3,2;-8,0;-8,0;35,5
29/03/2026 22:57;450,0;447,0;16,2;3,3;-8,0;-8,0;35,5
29/03/2026 22:58;450,0;449,6;16,7;1,0;-8,0;-8,0;35,6
29/03/2026 22:59;450,0;454,3;13,0;0,0;-8,0;-8,0;35,6
29/03/2026 23:00;450,0;455,8;10,0;0,0;-8,0;-8,0;35,4
29/03/2026 23:01;450,0;454,6;10,0;0,0;-8,0;-8,0;35,4
29/03/2026 23:02;450,0;451,7;10,0;0,0;-8,0;-9,0;34,9
29/03/2026 23:03;450,0;447,9;11,5;1,9;-8,0;-7,0;35,4
29/03/2026 23:04;450,0;445,8;15,6;4,3;-8,0;-8,0;35,3
29/03/2026 23:05;450,0;445,5;19,7;5,0;-8,0;-7,0;35,9
29/03/2026 23:06;450,0;451,4;18,4;0,0;-8,0;-8,0;35,6
29/03/2026 23:07;450,0;457,2;12,1;0,0;-8,0;-8,0;35,6
29/03/2026 23:08;450,0;459,6;10,0;0,0;-8,0;-9,0;35,2
29/03/2026 23:09;450,0;457,8;10,0;0,0;-8,0;-9,0;34,9
29/03/2026 23:10;450,0;454,3;10,0;0,0;-8,0;-8,0;35,2
29/03/2026 23:11;450,0;450,2;10,0;0,0;-8,0;-9,0;34,9
29/03/2026 23:12;450,0;447,0;12,7;2,9;-8,0;-7,0;35,5
29/03/2026 23:13;450,0;445,2;17,2;5,0;-8,0;-8,0;35,4
29/03/2026 23:14;450,0;447,0;20,1;3,8;-8,0;-8,0;35,6
29/03/2026 23:15;450,0;453,7;17,3;0,0;-8,0;-8,0;35,7
29/03/2026 23:16;450,0;459,9;10,0;0,0;-8,0;-8,0;35,7
29/03/2026 23:17;450,0;461,3;10,0;0,0;-8,0;-8,0;35,5
29/03/2026 23:18;450,0;459,0;10,0;0,0;-8,0;-8,0;35,6
29/03/2026 23:19;450,0;456,9;10,0;0,0;-8,0;-8,0;35,5
29/03/2026 23:20;450,0;454,0;10,0;0,0;-8,0;-9,0;35,0
29/03/2026 23:21;450,0;450,8;10,0;0,0;-8,0;-7,0;35,7
29/03/2026 23:22;450,0;447,6;12,0;2,3;-8,0;-8,0;35,3
29/03/2026 23:23;450,0;444,3;17,2;5,8;-8,0;-8,0;35,4
29/03/2026 23:24;450,0;444,3;21,8;6,3;-8,0;-8,0;35,5
29/03/2026 23:25;450,0;449,3;22,4;2,0;-8,0;-7,0;36,0
29/03/2026 23:26;450,0;456,6;16,3;0,0;-8,0;-7,0;36,2
29/03/2026 23:27;450,0;461,3;10,0;0,0;-8,0;-8,0;35,8
29/03/2026 23:28;450,0;461,3;10,0;0,0;-8,0;-8,0;35,4
29/03/2026 23:29;450,0;458,4;10,0;0,0;-8,0;-8,0;35,3
29/03/2026 23:30;450,0;454,0;10,0;0,0;-8,0;-7,0;35,7
29/03/2026 23:31;450,0;451,1;10,0;0,0;-8,0;-8,0;35,4
29/03/2026 23:32;450,0;447,3;11,7;2,5;-8,0;-8,0;35,4
29/03/2026 23:33;450,0;445,8;15,4;4,3;-8,0;-8,0;35,4
29/03/2026 23:34;450,0;447,0;17,9;3,5;-8,0;-7,0;35,9
29/03/2026 23:35;450,0;450,5;17,6;0,4;-8,0;-8,0;35,6
29/03/2026 23:36;450,0;454,6;13,5;0,0;-8,0;-8,0;35,6
29/03/2026 23:37;450,0;455,2;10,0;0,0;-8,0;-8,0;35,6
29/03/2026 23:38;450,0;454,0;10,0;0,0;-8,0;-9,0;35,0
29/03/2026 23:39;450,0;451,7;10,0;0,0;-8,0;-7,0;35,7
29/03/2026 23:40;450,0;448,4;11,1;1,5;-8,0;-9,0;35,5
29/03/2026 23:41;450,0;445,2;15,4;4,8;-8,0;-7,0;35,8
29/03/2026 23:42;450,0;445,2;19,5;5,3;-8,0;-7,0;35,9
29/03/2026 23:43;450,0;448,7;21,2;2,4;-8,0;-7,0;36,2
29/03/2026 23:44;450,0;455,5;16,8;0,0;-8,0;-8,0;36,0
29/03/2026 23:45;450,0;459,6;10,0;0,0;-8,0;-8,0;36,0
29/03/2026 23:46;450,0;460,2;10,0;0,0;-8,0;-8,0;35,9
29/03/2026 23:47;450,0;460,2;10,0;0,0;-8,0;-8,0;35,7
29/03/2026 23:48;450,0;457,5;10,0;0,0;-8,0;-7,0;35,8
29/03/2026 23:49;450,0;454,9;10,0;0,0;-8,0;-9,0;35,4
29/03/2026 23:50;450,0;451,4;10,0;0,0;-8,0;-8,0;35,5
29/03/2026 23:51;450,0;447,0;12,7;2,9;-8,0;-8,0;35,5
29/03/2026 23:52;450,0;444,6;17,6;5,5;-8,0;-8,0;35,5
29/03/2026 23:53;450,0;448,1;19,3;2,7;-8,0;-8,0;35,7
29/03/2026 23:54;450,0;454,6;15,1;0,0;-8,0;-8,0;35,8
29/03/2026 23:55;450,0;459,9;10,0;0,0;-8,0;-9,0;35,4
29/03/2026 23:56;450,0;460,2;10,0;0,0;-8,0;-9,0;35,4
29/03/2026 23:57;450,0;458,1;10,0;0,0;-8,0;-7,0;35,8
29/03/2026 23:58;450,0;454,3;10,0;0,0;-8,0;-8,0;35,6
29/03/2026 23:59;450,0;451,1;10,0;0,0;-8,0;-8,0;35,6
30/03/2026 00:00;450,0;447,9;11,6;1,9;-8,0;-8,0;35,5
30/03/2026 00:01;450,0;444,9;16,4;5,1;-8,0;-8,0;35,5
30/03/2026 00:02;450,0;444,9;21,3;5,7;-8,0;-7,0;36,1
30/03/2026 00:03;450,0;449,9;22,0;1,4;-8,0;-7,0;36,2
30/03/2026 00:04;450,0;460,2;13,2;0,0;-8,0;-8,0;36,0
30/03/2026 00:05;450,0;464,0;10,0;0,0;-8,0;-9,0;35,5
30/03/2026 00:06;450,0;463,7;10,0;0,0;-8,0;-7,0;36,3
30/03/2026 00:07;450,0;461,6;10,0;0,0;-8,0;-9,0;35,5
30/03/2026 00:08;450,0;456,9;10,0;0,0;-8,0;-8,0;35,8
30/03/2026 00:09;450,0;452,2;10,0;0,0;-8,0;-9,0;35,2
30/03/2026 00:10;450,0;449,0;10,1;0,7;-8,0;-8,0;35,3
30/03/2026 00:11;450,0;445,5;14,2;4,4;-8,0;-7,0;35,8
30/03/2026 00:12;450,0;443,5;19,8;6,7;-8,0;-7,0;35,9
30/03/2026 00:13;450,0;447,3;22,9;4,0;-8,0;-7,0;36,2
30/03/2026 00:14;450,0;454,9;19,1;0,0;-8,0;-8,0;36,0
30/03/2026 00:15;450,0;460,7;10,0;0,0;-8,0;-7,0;36,4
30/03/2026 00:16;450,0;462,8;10,0;0,0;-8,0;-9,0;35,8
30/03/2026 00:17;450,0;461,3;10,0;0,0;-8,0;-9,0;35,5
30/03/2026 00:18;450,0;460,2;10,0;0,0;-8,0;-9,0;35,5
30/03/2026 00:19;450,0;458,4;10,0;0,0;-8,0;-8,0;35,6
30/03/2026 00:20;450,0;456,6;10,0;0,0;-8,0;-8,0;35,5
30/03/2026 00:21;450,0;454,0;10,0;0,0;-8,0;-8,0;35,5
30/03/2026 00:22;450,0;450,8;10,0;0,0;-8,0;-9,0;35,0
30/03/2026 00:23;450,0;447,6;11,5;2,1;-8,0;-8,0;35,3
30/03/2026 00:24;450,0;444,9;15,7;5,0;-8,0;-7,0;35,7
30/03/2026 00:25;450,0;444,6;20,6;5,9;-8,0;-8,0;35,8
30/03/2026 00:26;450,0;449,9;20,9;1,3;-8,0;-7,0;36,5
30/03/2026 00:27;450,0;458,1;13,5;0,0;-8,0;-8,0;36,1
30/03/2026 00:28;450,0;461,3;10,0;0,0;-8,0;-8,0;36,1
30/03/2026 00:29;450,0;459,9;10,0;0,0;-8,0;-9,0;35,5
30/03/2026 00:30;450,0;456,9;10,0;0,0;-8,0;-9,0;35,2
30/03/2026 00:31;450,0;454,3;10,0;0,0;-8,0;-8,0;35,4
30/03/2026 00:32;450,0;450,8;10,0;0,0;-8,0;-8,0;35,5
30/03/2026 00:33;450,0;447,9;11,3;1,9;-8,0;-7,0;35,8
30/03/2026 00:34;450,0;446,1;14,7;3,9;-8,0;-8,0;35,6
30/03/2026 00:35;450,0;447,3;16,6;3,1;-8,0;-8,0;35,6
30/03/2026 00:36;450,0;451,4;15,9;0,0;-8,0;-8,0;35,6
30/03/2026 00:37;450,0;456,9;10,4;0,0;-8,0;-8,0;35,6
30/03/2026 00:38;450,0;459,6;10,0;0,0;-8,0;-8,0;35,6
30/03/2026 00:39;450,0;456,9;10,0;0,0;-8,0;-8,0;35,4
30/03/2026 00:40;450,0;452,2;10,0;0,0;-8,0;-8,0;35,3
30/03/2026 00:41;450,0;447,9;11,3;1,9;-8,0;-8,0;35,3
30/03/2026 00:42;450,0;444,6;16,3;5,4;-8,0;-6,0;36,1
30/03/2026 00:43;450,0;443,2;22,4;7,3;-8,0;-7,0;36,2
30/03/2026 00:44;450,0;449,6;22,6;1,8;-8,0;-7,0;36,5
30/03/2026 00:45;450,0;460,5;13,2;0,0;-8,0;-8,0;36,2
30/03/2026 00:46;450,0;465,7;10,0;0,0;-8,0;-9,0;35,7
30/03/2026 00:47;450,0;466,0;10,0;0,0;-8,0;-8,0;36,0
30/03/2026 00:48;450,0;463,4;10,0;0,0;-8,0;-8,0;35,8
30/03/2026 00:49;450,0;461,3;10,0;0,0;-8,0;-9,0;35,3
30/03/2026 00:50;450,0;458,1;10,0;0,0;-8,0;-8,0;35,6
30/03/2026 00:51;450,0;454,6;10,0;0,0;-8,0;-8,0;35,7
30/03/2026 00:52;450,0;451,4;10,0;0,0;-8,0;-8,0;35,9
30/03/2026 00:53;450,0;447,9;11,5;1,9;-8,0;-8,0;35,7
30/03/2026 00:54;450,0;444,9;16,0;5,1;-8,0;-8,0;35,7
30/03/2026 00:55;450,0;444,0;21,3;6,5;-8,0;-7,0;36,0
30/03/2026 00:56;450,0;449,0;22,8;2,3;-8,0;-7,0;36,4
30/03/2026 00:57;450,0;458,4;15,4;0,0;-8,0;-8,0;36,2
30/03/2026 00:58;450,0;464,3;10,0;0,0;-8,0;-9,0;35,8
30/03/2026 00:59;450,0;466,3;10,0;0,0;-8,0;-9,0;35,7
30/03/2026 01:00;450,0;465,7;10,0;0,0;-8,0;-8,0;35,8
30/03/2026 01:01;450,0;462,8;10,0;0,0;-8,0;-8,0;36,1
30/03/2026 01:02;450,0;459,3;10,0;0,0;-8,0;-8,0;35,8
30/03/2026 01:03;450,0;453,4;10,0;0,0;-8,0;-9,0;35,3
30/03/2026 01:04;450,0;447,6;11,4;2,2;-8,0;-8,0;35,4
30/03/2026 01:05;450,0;443,5;16,7;6,4;-8,0;-8,0;35,5
30/03/2026 01:06;450,0;442,9;22,7;7,6;-8,0;-7,0;36,1
30/03/2026 01:07;450,0;449,3;24,3;2,3;-8,0;-7,0;36,3
30/03/2026 01:08;450,0;458,7;17,5;0,0;-8,0;-8,0;36,2
30/03/2026 01:09;450,0;462,8;10,0;0,0;-8,0;-8,0;36,0
30/03/2026 01:10;450,0;461,3;10,0;0,0;-8,0;-9,0;35,7
30/03/2026 01:11;450,0;458,1;10,0;0,0;-8,0;-9,0;35,4
30/03/2026 01:12;450,0;453,1;10,0;0,0;-8,0;-8,0;35,6
30/03/2026 01:13;450,0;450,5;10,0;0,0;-8,0;-8,0;35,5
30/03/2026 01:14;450,0;446,7;12,7;3,1;-8,0;-8,0;35,5
30/03/2026 01:15;450,0;443,8;18,4;6,4;-8,0;-8,0;35,5
30/03/2026 01:16;450,0;444,0;23,4;6,8;-8,0;-7,0;36,2
30/03/2026 01:17;450,0;451,4;22,6;0,3;-8,0;-7,0;36,5
30/03/2026 01:18;450,0;460,7;12,7;0,0;-8,0;-8,0;36,2
30/03/2026 01:19;450,0;462,8;10,0;0,0;-8,0;-8,0;36,2
30/03/2026 01:20;450,0;461,0;10,0;0,0;-8,0;-9,0;35,5
30/03/2026 01:21;450,0;457,2;10,0;0,0;-8,0;-8,0;35,8
30/03/2026 01:22;450,0;452,5;10,0;0,0;-8,0;-9,0;35,1
30/03/2026 01:23;450,0;449,0;10,3;0,9;-8,0;-8,0;35,3
30/03/2026 01:24;450,0;446,4;13,6;3,5;-8,0;-8,0;35,4
30/03/2026 01:25;450,0;444,9;18,0;5,3;-8,0;-8,0;35,3
30/03/2026 01:26;450,0;446,4;21,6;4,5;-8,0;-7,0;35,8
30/03/2026 01:27;450,0;453,4;19,1;0,0;-8,0;-7,0;36,1
30/03/2026 01:28;450,0;460,5;10,0;0,0;-8,0;-8,0;36,1
30/03/2026 01:29;450,0;463,1;10,0;0,0;-8,0;-9,0;35,6
30/03/2026 01:30;450,0;463,1;10,0;0,0;-8,0;-9,0;35,4
30/03/2026 01:31;450,0;461,6;10,0;0,0;-8,0;-8,0;35,5
30/03/2026 01:32;450,0;458,4;10,0;0,0;-8,0;-8,0;35,4
30/03/2026 01:33;450,0;453,4;10,0;0,0;-8,0;-9,0;35,0
30/03/2026 01:34;450,0;448,7;10,6;1,2;-8,0;-8,0;35,3
30/03/2026 01:35;450,0;444,9;15,0;4,9;-8,0;-8,0;35,3
30/03/2026 01:36;450,0;443,5;21,0;6,9;-8,0;-6,0;36,1
30/03/2026 01:37;450,0;446,4;24,4;4,9;-8,0;-7,0;36,2
30/03/2026 01:38;450,0;452,2;21,9;0,0;-8,0;-7,0;36,4
30/03/2026 01:39;450,0;456,9;15,9;0,0;-8,0;-8,0;36,2
30/03/2026 01:40;450,0;458,4;10,0;0,0;-8,0;-9,0;35,7
30/03/2026 01:41;450,0;456,9;10,0;0,0;-8,0;-9,0;35,5
30/03/2026 01:42;450,0;454,0;10,0;0,0;-8,0;-8,0;35,5
30/03/2026 01:43;450,0;451,1;10,0;0,0;-8,0;-8,0;35,5
30/03/2026 01:44;450,0;446,7;12,6;3,1;-8,0;-8,0;35,4
30/03/2026 01:45;450,0;444,6;17,2;5,5;-8,0;-7,0;35,8
30/03/2026 01:46;450,0;445,2;21,3;5,5;-8,0;-7,0;36,3
30/03/2026 01:47;450,0;447,6;23,5;3,6;-8,0;-7,0;36,5
30/03/2026 01:48;450,0;452,0;21,8;0,0;-8,0;-8,0;36,2
30/03/2026 01:49;450,0;456,9;15,7;0,0;-8,0;-8,0;36,5
30/03/2026 01:50;450,0;457,8;10,0;0,0;-8,0;-9,0;36,1
30/03/2026 01:51;450,0;455,8;10,0;0,0;-8,0;-9,0;35,7
30/03/2026 01:52;450,0;452,2;10,0;0,0;-8,0;-8,0;35,8
30/03/2026 01:53;450,0;447,6;11,2;2,2;-8,0;-8,0;35,7
30/03/2026 01:54;450,0;443,5;16,7;6,4;-8,0;-7,0;36,0
30/03/2026 01:55;450,0;444,6;21,5;6,1;-8,0;-7,0;36,5
30/03/2026 01:56;450,0;447,6;23,6;3,6;-8,0;-7,0;36,7
30/03/2026 01:57;450,0;454,0;21,5;0,0;-8,0;-8,0;36,4
30/03/2026 01:58;450,0;459,0;13,2;0,0;-8,0;-9,0;36,1
30/03/2026 01:59;450,0;459,0;10,0;0,0;-8,0;-9,0;35,8
30/03/2026 02:00;450,0;454,9;10,0;0,0;-8,0;-9,0;35,4
30/03/2026 02:01;450,0;450,8;10,0;0,0;-8,0;-9,0;35,4
30/03/2026 02:02;450,0;445,8;13,0;3,9;-8,0;-8,0;35,7
30/03/2026 02:03;450,0;442,9;19,0;7,1;-8,0;-7,0;36,0
30/03/2026 02:04;450,0;443,8;24,6;7,1;-8,0;-8,0;36,2
30/03/2026 02:05;450,0;449,9;24,8;1,7;-8,0;-7,0;36,9
30/03/2026 02:06;450,0;458,7;17,0;0,0;-8,0;-8,0;36,6
30/03/2026 02:07;450,0;464,3;10,0;0,0;-8,0;-9,0;36,0
30/03/2026 02:08;450,0;464,8;10,0;0,0;-8,0;-9,0;35,8
30/03/2026 02:09;450,0;462,8;10,0;0,0;-8,0;-9,0;35,6
30/03/2026 02:10;450,0;458,4;10,0;0,0;-8,0;-8,0;35,7
30/03/2026 02:11;450,0;453,7;10,0;0,0;-8,0;-8,0;35,7
30/03/2026 02:12;450,0;448,4;10,4;1,1;-8,0;-8,0;35,5
30/03/2026 02:13;450,0;444,3;15,4;5,5;-8,0;-8,0;35,8
30/03/2026 02:14;450,0;444,6;20,1;5,8;-8,0;-8,0;35,8
30/03/2026 02:15;450,0;448,4;21,9;2,8;-8,0;-7,0;36,4
30/03/2026 02:16;450,0;454,0;18,7;0,0;-8,0;-8,0;36,1
30/03/2026 02:17;450,0;459,6;10,3;0,0;-8,0;-8,0;36,1
30/03/2026 02:18;450,0;459,6;10,0;0,0;-8,0;-8,0;35,9
30/03/2026 02:19;450,0;457,2;10,0;0,0;-8,0;-8,0;35,7
30/03/2026 02:20;450,0;454,9;10,0;0,0;-8,0;-8,0;35,4
30/03/2026 02:21;450,0;452,2;10,0;0,0;-8,0;-8,0;35,4
30/03/2026 02:22;450,0;450,2;10,0;0,0;-8,0;-9,0;35,1
30/03/2026 02:23;450,0;447,3;12,5;2,6;-8,0;-8,0;35,4
30/03/2026 02:24;450,0;445,2;16,7;5,0;-8,0;-7,0;35,8
30/03/2026 02:25;450,0;445,2;21,3;5,6;-8,0;-7,0;36,1
30/03/2026 02:26;450,0;449,9;21,2;1,3;-8,0;-7,0;36,3
30/03/2026 02:27;450,0;456,1;16,2;0,0;-8,0;-8,0;36,0
30/03/2026 02:28;450,0;461,3;10,0;0,0;-8,0;-9,0;35,5
30/03/2026 02:29;450,0;461,0;10,0;0,0;-8,0;-8,0;35,8
30/03/2026 02:30;450,0;458,4;10,0;0,0;-8,0;-8,0;35,7
30/03/2026 02:31;450,0;455,5;10,0;0,0;-8,0;-8,0;35,8
30/03/2026 02:32;450,0;452,2;10,0;0,0;-8,0;-8,0;35,7
30/03/2026 02:33;450,0;447,9;11,0;1,8;-8,0;-8,0;35,5
30/03/2026 02:34;450,0;443,8;17,0;6,2;-8,0;-8,0;35,5
30/03/2026 02:35;450,0;445,2;21,1;5,5;-8,0;-7,0;36,2
30/03/2026 02:36;450,0;451,4;20,2;0,0;-8,0;-8,0;36,1
30/03/2026 02:37;450,0;459,3;12,4;0,0;-8,0;-8,0;36,0
30/03/2026 02:38;450,0;461,6;10,0;0,0;-8,0;-8,0;36,0
30/03/2026 02:39;450,0;459,6;10,0;0,0;-8,0;-8,0;35,8
30/03/2026 02:40;450,0;456,1;10,0;0,0;-8,0;-8,0;36,0
30/03/2026 02:41;450,0;451,7;10,0;0,0;-8,0;-9,0;35,4
30/03/2026 02:42;450,0;448,4;10,5;1,4;-8,0;-8,0;35,7
30/03/2026 02:43;450,0;445,2;14,9;4,8;-8,0;-8,0;35,6
30/03/2026 02:44;450,0;444,3;20,0;6,1;-8,0;-7,0;36,1
30/03/2026 02:45;450,0;449,3;21,5;2,0;-8,0;-7,0;36,3
30/03/2026 02:46;450,0;458,4;14,4;0,0;-8,0;-8,0;36,0
30/03/2026 02:47;450,0;463,7;10,0;0,0;-8,0;-8,0;36,0
30/03/2026 02:48;450,0;464,0;10,0;0,0;-8,0;-8,0;35,8
30/03/2026 02:49;450,0;462,5;10,0;0,0;-8,0;-9,0;35,9
30/03/2026 02:50;450,0;459,3;10,0;0,0;-8,0;-9,0;35,6
30/03/2026 02:51;450,0;454,6;10,0;0,0;-8,0;-9,0;35,3
30/03/2026 02:52;450,0;451,4;10,0;0,0;-8,0;-8,0;35,6
30/03/2026 02:53;450,0;446,7;12,4;3,0;-8,0;-8,0;35,5
30/03/2026 02:54;450,0;444,3;17,4;5,8;-8,0;-7,0;35,9
30/03/2026 02:55;450,0;443,8;22,9;6,9;-8,0;-7,0;36,1
30/03/2026 02:56;450,0;449,6;23,5;1,9;-8,0;-7,0;36,4
30/03/2026 02:57;450,0;459,0;16,0;0,0;-8,0;-7,0;36,7
30/03/2026 02:58;450,0;464,8;10,0;0,0;-8,0;-8,0;36,4
30/03/2026 02:59;450,0;466,3;10,0;0,0;-8,0;-9,0;35,9
30/03/2026 03:00;450,0;463,4;10,0;0,0;-8,0;-8,0;36,1
30/03/2026 03:01;450,0;460,2;10,0;0,0;-8,0;-9,0;35,7
30/03/2026 03:02;450,0;456,1;10,0;0,0;-8,0;-8,0;36,1
30/03/2026 03:03;450,0;451,7;10,0;0,0;-8,0;-8,0;36,0
30/03/2026 03:04;450,0;446,7;11,8;2,9;-8,0;-8,0;35,9
30/03/2026 03:05;450,0;443,8;17,5;6,3;-8,0;-7,0;36,3
30/03/2026 03:06;450,0;444,9;22,3;5,8;-8,0;-8,0;36,2
30/03/2026 03:07;450,0;453,7;19,9;0,0;-8,0;-8,0;36,8
30/03/2026 03:08;450,0;461,0;10,4;0,0;-8,0;-9,0;36,4
30/03/2026 03:09;450,0;462,2;10,0;0,0;-8,0;-9,0;35,9
30/03/2026 03:10;450,0;459,6;10,0;0,0;-8,0;-8,0;36,2
30/03/2026 03:11;450,0;456,1;10,0;0,0;-8,0;-8,0;36,0
30/03/2026 03:12;450,0;451,4;10,0;0,0;-8,0;-8,0;35,9
30/03/2026 03:13;450,0;447,9;11,5;1,9;-8,0;-8,0;35,8
30/03/2026 03:14;450,0;445,2;15,8;4,9;-8,0;-8,0;35,8
30/03/2026 03:15;450,0;445,5;19,6;5,0;-8,0;-7,0;36,4
30/03/2026 03:16;450,0;450,5;18,9;0,6;-8,0;-8,0;36,3
30/03/2026 03:17;450,0;456,6;12,9;0,0;-8,0;-8,0;36,3
30/03/2026 03:18;450,0;459,3;10,0;0,0;-8,0;-9,0;35,8
30/03/2026 03:19;450,0;457,8;10,0;0,0;-8,0;-8,0;36,1
30/03/2026 03:20;450,0;454,6;10,0;0,0;-8,0;-8,0;36,0
30/03/2026 03:21;450,0;451,4;10,0;0,0;-8,0;-9,0;35,3
30/03/2026 03:22;450,0;448,7;10,6;1,2;-8,0;-8,0;35,6
30/03/2026 03:23;450,0;445,5;14,3;4,4;-8,0;-8,0;35,7
30/03/2026 03:24;450,0;443,8;19,7;6,5;-8,0;-7,0;36,1
30/03/2026 03:25;450,0;445,2;24,2;5,9;-8,0;-7,0;36,6
30/03/2026 03:26;450,0;452,5;22,1;0,0;-8,0;-7,0;36,9
30/03/2026 03:27;450,0;460,5;12,4;0,0;-8,0;-8,0;36,6
30/03/2026 03:28;450,0;463,7;10,0;0,0;-8,0;-9,0;36,0
30/03/2026 03:29;450,0;461,6;10,0;0,0;-8,0;-9,0;35,8
30/03/2026 03:30;450,0;458,1;10,0;0,0;-8,0;-9,0;35,6
30/03/2026 03:31;450,0;454,3;10,0;0,0;-8,0;-8,0;35,9
30/03/2026 03:32;450,0;449,9;10,0;0,0;-8,0;-8,0;35,9
30/03/2026 03:33;450,0;445,8;13,4;4,0;-8,0;-8,0;35,8
30/03/2026 03:34;450,0;443,8;18,8;6,4;-8,0;-8,0;36,2
30/03/2026 03:35;450,0;446,7;21,9;4,1;-8,0;-8,0;36,3
30/03/2026 03:36;450,0;452,2;20,5;0,0;-8,0;-7,0;36,9
30/03/2026 03:37;450,0;457,8;14,0;0,0;-8,0;-8,0;36,7
30/03/2026 03:38;450,0;459,3;10,0;0,0;-8,0;-8,0;36,7
30/03/2026 03:39;450,0;457,8;10,0;0,0;-8,0;-9,0;36,0
30/03/2026 03:40;450,0;453,4;10,0;0,0;-8,0;-8,0;36,3
30/03/2026 03:41;450,0;450,8;10,0;0,0;-8,0;-9,0;35,7
30/03/2026 03:42;450,0;446,7;12,3;3,0;-8,0;-8,0;36,0
30/03/2026 03:43;450,0;445,2;16,9;5,0;-8,0;-8,0;36,2
30/03/2026 03:44;450,0;445,2;20,9;5,5;-8,0;-8,0;36,2
30/03/2026 03:45;450,0;449,9;21,1;1,3;-8,0;-8,0;36,3
30/03/2026 03:46;450,0;454,6;17,0;0,0;-8,0;-8,0;36,5
30/03/2026 03:47;450,0;458,1;10,0;0,0;-8,0;-9,0;36,1
30/03/2026 03:48;450,0;457,8;10,0;0,0;-8,0;-9,0;35,9
30/03/2026 03:49;450,0;454,3;10,0;0,0;-8,0;-9,0;35,8
30/03/2026 03:50;450,0;450,2;10,0;0,0;-8,0;-8,0;35,8
30/03/2026 03:51;450,0;447,3;12,3;2,6;-8,0;-8,0;35,7
30/03/2026 03:52;450,0;445,5;16,5;4,7;-8,0;-8,0;36,1
30/03/2026 03:53;450,0;445,5;20,1;5,1;-8,0;-7,0;36,4
30/03/2026 03:54;450,0;447,3;22,7;3,8;-8,0;-7,0;36,6
30/03/2026 03:55;450,0;452,8;20,8;0,0;-8,0;-7,0;36,9
30/03/2026 03:56;450,0;460,7;11,5;0,0;-8,0;-8,0;36,6
30/03/2026 03:57;450,0;462,8;10,0;0,0;-8,0;-8,0;36,4
30/03/2026 03:58;450,0;459,9;10,0;0,0;-8,0;-8,0;36,2
30/03/2026 03:59;450,0;455,8;10,0;0,0;-8,0;-9,0;35,5
30/03/2026 04:00;450,0;451,1;10,0;0,0;-8,0;-8,0;35,8
30/03/2026 04:01;450,0;444,9;13,7;4,8;-8,0;-8,0;36,0
30/03/2026 04:02;450,0;441,7;20,8;8,5;-8,0;-8,0;35,9
30/03/2026 04:03;450,0;441,7;27,9;9,3;-8,0;-7,0;36,6
30/03/2026 04:04;450,0;446,7;31,7;5,3;-8,0;-6,0;37,6
30/03/2026 04:05;450,0;456,9;26,3;0,0;-8,0;-7,0;37,7
30/03/2026 04:06;450,0;463,4;14,9;0,0;-8,0;-8,0;37,3
30/03/2026 04:07;450,0;463,1;10,0;0,0;-8,0;-9,0;36,6
30/03/2026 04:08;450,0;458,7;10,0;0,0;-8,0;-9,0;36,3
30/03/2026 04:09;450,0;454,6;10,0;0,0;-8,0;-9,0;36,0
30/03/2026 04:10;450,0;450,5;10,0;0,0;-8,0;-9,0;36,1
30/03/2026 04:11;450,0;445,8;14,0;4,1;-8,0;-8,0;36,1
30/03/2026 04:12;450,0;442,9;20,3;7,4;-8,0;-8,0;36,2
30/03/2026 04:13;450,0;443,2;25,9;7,7;-8,0;-7,0;36,8
30/03/2026 04:14;450,0;448,7;27,1;3,1;-8,0;-7,0;37,1
30/03/2026 04:15;450,0;456,4;21,4;0,0;-8,0;-7,0;37,3
30/03/2026 04:16;450,0;460,5;12,0;0,0;-8,0;-9,0;36,5
30/03/2026 04:17;450,0;458,4;10,0;0,0;-8,0;-9,0;36,1
30/03/2026 04:18;450,0;454,3;10,0;0,0;-8,0;-9,0;35,8
30/03/2026 04:19;450,0;449,9;10,0;0,0;-8,0;-9,0;36,0
30/03/2026 04:20;450,0;444,0;15,2;5,7;-8,0;-8,0;36,3
30/03/2026 04:21;450,0;442,9;21,6;7,5;-8,0;-8,0;36,3
30/03/2026 04:22;450,0;444,3;26,6;6,9;-8,0;-7,0;36,9
30/03/2026 04:23;450,0;450,2;27,2;1,9;-8,0;-6,0;37,8
30/03/2026 04:24;450,0;458,7;20,0;0,0;-8,0;-8,0;37,2
30/03/2026 04:25;450,0;461,6;10,0;0,0;-8,0;-9,0;36,7
30/03/2026 04:26;450,0;459,6;10,0;0,0;-8,0;-9,0;36,3
30/03/2026 04:27;450,0;454,9;10,0;0,0;-8,0;-9,0;36,1
30/03/2026 04:28;450,0;449,3;10,2;0,6;-8,0;-9,0;36,2
30/03/2026 04:29;450,0;446,7;13,1;3,1;-8,0;-8,0;36,4
30/03/2026 04:30;450,0;445,2;17,3;5,0;-8,0;-8,0;36,3
30/03/2026 04:31;450,0;445,8;20,6;4,9;-8,0;-8,0;36,4
30/03/2026 04:32;450,0;449,6;20,7;1,5;-8,0;-7,0;36,7
30/03/2026 04:33;450,0;454,3;17,2;0,0;-8,0;-8,0;36,6
30/03/2026 04:34;450,0;456,4;10,8;0,0;-8,0;-9,0;36,1
30/03/2026 04:35;450,0;454,0;10,0;0,0;-8,0;-9,0;35,8
30/03/2026 04:36;450,0;449,3;10,0;0,4;-8,0;-9,0;35,5
30/03/2026 04:37;450,0;446,4;13,5;3,5;-8,0;-8,0;36,1
30/03/2026 04:38;450,0;444,6;18,4;5,6;-8,0;-8,0;36,1
30/03/2026 04:39;450,0;445,8;22,0;5,0;-8,0;-8,0;36,1
30/03/2026 04:40;450,0;452,0;20,5;0,0;-8,0;-8,0;36,2
30/03/2026 04:41;450,0;458,1;12,5;0,0;-8,0;-8,0;36,3
30/03/2026 04:42;450,0;459,3;10,0;0,0;-8,0;-9,0;35,8
30/03/2026 04:43;450,0;456,1;10,0;0,0;-8,0;-9,0;35,5
30/03/2026 04:44;450,0;451,7;10,0;0,0;-8,0;-8,0;35,6
30/03/2026 04:45;450,0;446,7;12,2;3,1;-8,0;-8,0;35,4
30/03/2026 04:46;450,0;442,9;18,3;7,1;-8,0;-8,0;35,6
30/03/2026 04:47;450,0;441,1;26,1;9,6;-8,0;-7,0;36,2
30/03/2026 04:48;450,0;445,2;30,9;6,7;-8,0;-7,0;36,5
30/03/2026 04:49;450,0;456,1;25,8;0,0;-8,0;-7,0;36,9
30/03/2026 04:50;450,0;464,0;13,2;0,0;-8,0;-8,0;36,7
30/03/2026 04:51;450,0;464,0;10,0;0,0;-8,0;-9,0;36,0
30/03/2026 04:52;450,0;460,2;10,0;0,0;-8,0;-9,0;35,8
30/03/2026 04:53;450,0;456,1;10,0;0,0;-8,0;-8,0;35,9
30/03/2026 04:54;450,0;450,5;10,0;0,0;-8,0;-9,0;35,3
30/03/2026 04:55;450,0;445,5;13,4;4,3;-8,0;-9,0;35,6
30/03/2026 04:56;450,0;443,8;18,7;6,4;-8,0;-8,0;35,9
30/03/2026 04:57;450,0;445,2;23,1;5,7;-8,0;-7,0;36,2
30/03/2026 04:58;450,0;450,2;23,8;1,5;-8,0;-7,0;36,6
30/03/2026 04:59;450,0;456,6;18,4;0,0;-8,0;-8,0;36,4
30/03/2026 05:00;450,0;459,9;10,0;0,0;-8,0;-9,0;35,9
30/03/2026 05:01;450,0;457,2;10,0;0,0;-8,0;-9,0;35,6
30/03/2026 05:02;450,0;454,0;10,0;0,0;-8,0;-9,0;35,4
30/03/2026 05:03;450,0;449,0;10,3;0,8;-8,0;-9,0;35,1
30/03/2026 05:04;450,0;445,2;14,7;4,8;-8,0;-8,0;35,7
30/03/2026 05:05;450,0;443,5;20,3;6,8;-8,0;-7,0;36,0
30/03/2026 05:06;450,0;446,1;23,7;4,9;-8,0;-7,0;36,3
30/03/2026 05:07;450,0;452,5;21,6;0,0;-8,0;-8,0;36,2
30/03/2026 05:08;450,0;457,5;14,2;0,0;-8,0;-9,0;35,8
30/03/2026 05:09;450,0;457,8;10,0;0,0;-8,0;-9,0;35,5
30/03/2026 05:10;450,0;454,3;10,0;0,0;-8,0;-9,0;35,3
30/03/2026 05:11;450,0;449,3;10,0;0,5;-8,0;-8,0;35,4
30/03/2026 05:12;450,0;444,9;14,7;4,9;-8,0;-8,0;35,4
30/03/2026 05:13;450,0;443,5;20,7;6,8;-8,0;-7,0;36,2
30/03/2026 05:14;450,0;448,4;22,5;2,9;-8,0;-7,0;36,4
30/03/2026 05:15;450,0;454,9;18,3;0,0;-8,0;-8,0;36,0
30/03/2026 05:16;450,0;458,7;10,8;0,0;-8,0;-8,0;35,9
30/03/2026 05:17;450,0;458,1;10,0;0,0;-8,0;-9,0;35,3
30/03/2026 05:18;450,0;455,8;10,0;0,0;-8,0;-8,0;35,4
30/03/2026 05:19;450,0;452,0;10,0;0,0;-8,0;-8,0;35,3
30/03/2026 05:20;450,0;448,4;10,8;1,5;-8,0;-8,0;35,5
30/03/2026 05:21;450,0;446,4;13,8;3,5;-8,0;-8,0;35,3
30/03/2026 05:22;450,0;446,4;16,8;3,8;-8,0;-8,0;35,6
30/03/2026 05:23;450,0;446,4;19,8;4,2;-8,0;-8,0;35,7
30/03/2026 05:24;450,0;449,6;20,1;1,4;-8,0;-8,0;35,8
30/03/2026 05:25;450,0;453,7;16,7;0,0;-8,0;-8,0;35,9
30/03/2026 05:26;450,0;455,8;11,4;0,0;-8,0;-8,0;35,9
30/03/2026 05:27;450,0;452,5;10,0;0,0;-8,0;-9,0;35,2
30/03/2026 05:28;450,0;448,1;11,0;1,7;-8,0;-8,0;35,4
30/03/2026 05:29;450,0;445,2;15,2;4,7;-8,0;-8,0;35,4
30/03/2026 05:30;450,0;446,1;18,2;4,3;-8,0;-8,0;35,4
30/03/2026 05:31;450,0;450,2;18,1;0,8;-8,0;-8,0;35,9
30/03/2026 05:32;450,0;457,5;11,3;0,0;-8,0;-9,0;35,9
30/03/2026 05:33;450,0;460,2;10,0;0,0;-8,0;-9,0;35,3
30/03/2026 05:34;450,0;459,9;10,0;0,0;-8,0;-9,0;34,9
30/03/2026 05:35;450,0;456,9;10,0;0,0;-8,0;-8,0;35,3
30/03/2026 05:36;450,0;452,8;10,0;0,0;-8,0;-8,0;35,3
30/03/2026 05:37;450,0;448,7;10,7;1,2;-8,0;-8,0;35,1
30/03/2026 05:38;450,0;444,6;15,2;5,2;-8,0;-8,0;35,1
30/03/2026 05:39;450,0;443,2;21,3;7,2;-8,0;-7,0;35,6
30/03/2026 05:40;450,0;450,5;21,4;1,0;-8,0;-7,0;36,3
30/03/2026 05:41;450,0;459,6;13,3;0,0;-8,0;-8,0;35,9
30/03/2026 05:42;450,0;464,0;10,0;0,0;-8,0;-9,0;35,3
30/03/2026 05:43;450,0;463,7;10,0;0,0;-8,0;-8,0;35,6
30/03/2026 05:44;450,0;463,4;10,0;0,0;-8,0;-9,0;35,2
30/03/2026 05:45;450,0;461,3;10,0;0,0;-8,0;-8,0;35,6
30/03/2026 05:46;450,0;460,5;10,0;0,0;-8,0;-8,0;35,5
30/03/2026 05:47;450,0;457,2;10,0;0,0;-8,0;-8,0;35,4
30/03/2026 05:48;450,0;452,0;10,0;0,0;-8,0;-8,0;35,4
30/03/2026 05:49;450,0;447,6;11,3;2,1;-8,0;-8,0;35,6
30/03/2026 05:50;450,0;444,6;16,1;5,4;-8,0;-8,0;35,5
30/03/2026 05:51;450,0;446,4;19,8;4,2;-8,0;-8,0;35,7
30/03/2026 05:52;450,0;452,8;18,2;0,0;-8,0;-7,0;36,2
30/03/2026 05:53;450,0;459,6;10,0;0,0;-8,0;-8,0;35,8
30/03/2026 05:54;450,0;461,6;10,0;0,0;-8,0;-9,0;35,2
30/03/2026 05:55;450,0;460,7;10,0;0,0;-8,0;-8,0;35,5
30/03/2026 05:56;450,0;459,0;10,0;0,0;-8,0;-8,0;35,5
30/03/2026 05:57;450,0;454,9;10,0;0,0;-8,0;-9,0;34,9
30/03/2026 05:58;450,0;450,8;10,0;0,0;-8,0;-9,0;35,2
30/03/2026 05:59;450,0;447,3;12,0;2,6;-8,0;-8,0;35,4
30/03/2026 06:00;450,0;444,6;17,0;5,5;-8,0;-8,0;35,4
30/03/2026 06:01;450,0;444,6;22,2;6,1;-8,0;-7,0;36,0
30/03/2026 06:02;450,0;451,7;21,1;0,0;-8,0;-8,0;35,9
30/03/2026 06:03;450,0;461,0;11,1;0,0;-8,0;-8,0;36,0
30/03/2026 06:04;450,0;464,0;10,0;0,0;-8,0;-9,0;35,3
30/03/2026 06:05;450,0;462,8;10,0;0,0;-8,0;-8,0;35,7
30/03/2026 06:06;450,0;461,0;10,0;0,0;-8,0;-8,0;35,4
30/03/2026 06:07;450,0;457,8;10,0;0,0;-8,0;-9,0;35,5
30/03/2026 06:08;450,0;454,0;10,0;0,0;-8,0;-9,0;35,0
30/03/2026 06:09;450,0;450,5;10,0;0,0;-8,0;-8,0;35,3
30/03/2026 06:10;450,0;447,3;11,9;2,5;-8,0;-8,0;35,3
30/03/2026 06:11;450,0;445,8;15,9;4,3;-8,0;-8,0;35,3
30/03/2026 06:12;450,0;447,3;18,7;3,3;-8,0;-7,0;35,6
30/03/2026 06:13;450,0;452,8;17,2;0,0;-8,0;-8,0;35,5
30/03/2026 06:14;450,0;458,1;10,1;0,0;-8,0;-8,0;35,4
30/03/2026 06:15;450,0;459,9;10,0;0,0;-8,0;-8,0;35,4
30/03/2026 06:16;450,0;459,6;10,0;0,0;-8,0;-9,0;35,2
30/03/2026 06:17;450,0;456,6;10,0;0,0;-8,0;-9,0;35,0
30/03/2026 06:18;450,0;453,1;10,0;0,0;-8,0;-8,0;35,2
30/03/2026 06:19;450,0;449,9;10,0;0,0;-8,0;-8,0;35,0
30/03/2026 06:20;450,0;447,3;12,8;2,6;-8,0;-8,0;35,0
30/03/2026 06:21;450,0;447,0;16,3;3,4;-8,0;-7,0;35,4
30/03/2026 06:22;450,0;450,5;15,9;0,3;-8,0;-8,0;35,1
30/03/2026 06:23;450,0;455,2;10,6;0,0;-8,0;-8,0;35,1
30/03/2026 06:24;450,0;456,6;10,0;0,0;-8,0;-8,0;35,0
30/03/2026 06:25;450,0;455,2;10,0;0,0;-8,0;-8,0;35,4
30/03/2026 06:26;450,0;451,7;10,0;0,0;-8,0;-8,0;35,0
30/03/2026 06:27;450,0;447,9;11,3;1,9;-8,0;-8,0;35,1
30/03/2026 06:28;450,0;445,8;15,2;4,2;-8,0;-8,0;35,1
30/03/2026 06:29;450,0;445,8;19,6;4,8;-8,0;-7,0;35,5
30/03/2026 06:30;450,0;450,2;19,8;1,0;-8,0;-7,0;35,8
30/03/2026 06:31;450,0;456,4;14,3;0,0;-8,0;-8,0;35,5
30/03/2026 06:32;450,0;459,0;10,0;0,0;-8,0;-8,0;35,5
30/03/2026 06:33;450,0;458,1;10,0;0,0;-8,0;-8,0;35,5
30/03/2026 06:34;450,0;455,2;10,0;0,0;-8,0;-8,0;35,6
30/03/2026 06:35;450,0;452,5;10,0;0,0;-8,0;-8,0;35,3
30/03/2026 06:36;450,0;450,2;10,0;0,0;-8,0;-8,0;35,4
30/03/2026 06:37;450,0;447,0;12,2;2,8;-8,0;-8,0;35,2
30/03/2026 06:38;450,0;446,7;15,0;3,4;-8,0;-8,0;35,2
30/03/2026 06:39;450,0;447,6;17,0;2,8;-8,0;-8,0;35,2
30/03/2026 06:40;450,0;452,8;15,4;0,0;-8,0;-8,0;35,4
30/03/2026 06:41;450,0;459,6;10,0;0,0;-8,0;-8,0;35,3
30/03/2026 06:42;450,0;461,3;10,0;0,0;-8,0;-8,0;35,3
30/03/2026 06:43;450,0;461,0;10,0;0,0;-8,0;-8,0;35,5
30/03/2026 06:44;450,0;457,5;10,0;0,0;-8,0;-9,0;35,0
30/03/2026 06:45;450,0;453,7;10,0;0,0;-8,0;-9,0;34,9
30/03/2026 06:46;450,0;450,5;10,0;0,0;-8,0;-8,0;35,3
30/03/2026 06:47;450,0;448,7;11,0;1,2;-8,0;-8,0;35,2
30/03/2026 06:48;450,0;447,0;13,8;3,0;-8,0;-8,0;35,2
30/03/2026 06:49;450,0;447,0;16,3;3,3;-8,0;-8,0;35,2
30/03/2026 06:50;450,0;448,7;17,3;1,9;-8,0;-8,0;35,3
30/03/2026 06:51;450,0;453,1;14,3;0,0;-8,0;-8,0;35,3
30/03/2026 06:52;450,0;456,9;10,0;0,0;-8,0;-9,0;35,2
30/03/2026 06:53;450,0;457,8;10,0;0,0;-8,0;-8,0;35,3
30/03/2026 06:54;450,0;456,1;10,0;0,0;-8,0;-9,0;34,9
30/03/2026 06:55;450,0;453,1;10,0;0,0;-8,0;-9,0;34,7
30/03/2026 06:56;450,0;449,3;10,2;0,6;-8,0;-9,0;34,6
30/03/2026 06:57;450,0;445,5;13,9;4,3;-8,0;-8,0;34,9
30/03/2026 06:58;450,0;444,6;18,9;5,7;-8,0;-8,0;34,8
30/03/2026 06:59;450,0;447,9;20,6;3,0;-8,0;-7,0;35,5
30/03/2026 07:00;450,0;454,6;16,9;0,0;-8,0;-7,0;35,7
30/03/2026 07:01;450,0;461,0;10,0;0,0;-8,0;-9,0;35,3
30/03/2026 07:02;450,0;461,0;10,0;0,0;-8,0;-9,0;35,0
30/03/2026 07:03;450,0;459,9;10,0;0,0;-8,0;-9,0;34,7
30/03/2026 07:04;450,0;457,5;10,0;0,0;-8,0;-8,0;35,0
30/03/2026 07:05;450,0;454,6;10,0;0,0;-8,0;-8,0;35,0
30/03/2026 07:06;450,0;450,8;10,0;0,0;-8,0;-9,0;34,6
30/03/2026 07:07;450,0;447,3;11,8;2,5;-8,0;-8,0;35,0
30/03/2026 07:08;450,0;445,2;16,2;4,9;-8,0;-8,0;35,0
30/03/2026 07:09;450,0;447,0;19,0;3,7;-8,0;-8,0;35,0
30/03/2026 07:10;450,0;452,2;17,0;0,0;-8,0;-7,0;35,8
30/03/2026 07:11;450,0;459,3;10,0;0,0;-8,0;-9,0;34,9
30/03/2026 07:12;450,0;462,2;10,0;0,0;-8,0;-8,0;35,1
30/03/2026 07:13;450,0;461,0;10,0;0,0;-8,0;-9,0;34,6
30/03/2026 07:14;450,0;458,7;10,0;0,0;-8,0;-8,0;34,8
30/03/2026 07:15;450,0;454,9;10,0;0,0;-8,0;-9,0;34,3
30/03/2026 07:16;450,0;450,5;10,0;0,0;-8,0;-9,0;34,2
30/03/2026 07:17;450,0;447,0;12,7;2,9;-8,0;-8,0;34,4
30/03/2026 07:18;450,0;445,2;17,4;5,0;-8,0;-8,0;34,4
30/03/2026 07:19;450,0;449,0;18,5;1,9;-8,0;-8,0;34,7
30/03/2026 07:20;450,0;456,4;13,1;0,0;-8,0;-8,0;34,6
30/03/2026 07:21;450,0;461,3;10,0;0,0;-8,0;-9,0;34,1
30/03/2026 07:22;450,0;460,2;10,0;0,0;-8,0;-8,0;34,5
30/03/2026 07:23;450,0;456,6;10,0;0,0;-8,0;-8,0;34,4
30/03/2026 07:24;450,0;454,3;10,0;0,0;-8,0;-9,0;33,9
30/03/2026 07:25;450,0;450,5;10,0;0,0;-8,0;-8,0;34,2
30/03/2026 07:26;450,0;446,4;12,3;3,3;-8,0;-8,0;34,2
30/03/2026 07:27;450,0;444,6;17,2;5,5;-8,0;-7,0;34,6
30/03/2026 07:28;450,0;444,6;22,2;6,1;-8,0;-7,0;34,8
30/03/2026 07:29;450,0;453,4;19,9;0,0;-8,0;-7,0;35,2
30/03/2026 07:30;450,0;461,9;10,0;0,0;-8,0;-8,0;34,9
30/03/2026 07:31;450,0;463,7;10,0;0,0;-8,0;-8,0;34,7
30/03/2026 07:32;450,0;462,2;10,0;0,0;-8,0;-8,0;34,5
30/03/2026 07:33;450,0;459,3;10,0;0,0;-8,0;-8,0;34,6
30/03/2026 07:34;450,0;455,5;10,0;0,0;-8,0;-9,0;34,2
30/03/2026 07:35;450,0;452,0;10,0;0,0;-8,0;-8,0;34,5
30/03/2026 07:36;450,0;447,3;12,1;2,6;-8,0;-8,0;34,3
30/03/2026 07:37;450,0;444,0;17,7;6,1;-8,0;-7,0;34,8
30/03/2026 07:38;450,0;445,5;21,9;5,4;-8,0;-7,0;35,0
30/03/2026 07:39;450,0;452,2;20,0;0,0;-8,0;-8,0;35,0
30/03/2026 07:40;450,0;462,2;10,0;0,0;-8,0;-8,0;35,1
30/03/2026 07:41;450,0;465,7;10,0;0,0;-8,0;-9,0;34,6
30/03/2026 07:42;450,0;463,1;10,0;0,0;-8,0;-8,0;35,0
30/03/2026 07:43;450,0;456,1;10,0;0,0;-8,0;-9,0;34,6
30/03/2026 07:44;450,0;449,6;10,0;0,2;-8,0;-8,0;35,0
30/03/2026 07:45;450,0;444,6;15,0;5,3;-8,0;-7,0;35,4
30/03/2026 07:46;450,0;443,2;21,1;7,2;-8,0;-7,0;35,6
30/03/2026 07:47;450,0;449,9;21,8;1,4;-8,0;-8,0;35,5
30/03/2026 07:48;450,0;458,7;14,3;0,0;-8,0;-8,0;35,7
30/03/2026 07:49;450,0;462,8;10,0;0,0;-8,0;-9,0;35,0
30/03/2026 07:50;450,0;461,3;10,0;0,0;-8,0;-8,0;35,2
30/03/2026 07:51;450,0;458,7;10,0;0,0;-8,0;-8,0;35,3
30/03/2026 07:52;450,0;456,1;10,0;0,0;-8,0;-8,0;34,9
30/03/2026 07:53;450,0;451,7;10,0;0,0;-8,0;-9,0;34,5
30/03/2026 07:54;450,0;448,1;10,9;1,6;-8,0;-8,0;34,8
30/03/2026 07:55;450,0;445,2;14,9;4,7;-8,0;-8,0;34,7
30/03/2026 07:56;450,0;445,5;19,2;5,0;-8,0;-7,0;35,1
30/03/2026 07:57;450,0;449,9;19,5;1,0;-8,0;-7,0;35,2
30/03/2026 07:58;450,0;456,6;14,0;0,0;-8,0;-8,0;35,0
30/03/2026 07:59;450,0;460,2;10,0;0,0;-8,0;-9,0;34,7
30/03/2026 08:00;450,0;459,9;10,0;0,0;-8,0;-8,0;34,8
30/03/2026 08:01;450,0;457,8;10,0;0,0;-8,0;-8,0;34,8
30/03/2026 08:02;450,0;455,5;10,0;0,0;-8,0;-8,0;34,8
30/03/2026 08:03;450,0;452,0;10,0;0,0;-8,0;-8,0;34,6
30/03/2026 08:04;450,0;449,0;10,6;0,9;-8,0;-8,0;34,7
30/03/2026 08:05;450,0;447,0;13,2;3,0;-8,0;-8,0;34,6
30/03/2026 08:06;450,0;446,1;16,8;4,1;-8,0;-7,0;35,0
30/03/2026 08:07;450,0;450,2;16,9;0,6;-8,0;-8,0;34,9
30/03/2026 08:08;450,0;455,2;12,5;0,0;-8,0;-8,0;34,8
30/03/2026 08:09;450,0;458,7;10,0;0,0;-8,0;-8,0;34,8
30/03/2026 08:10;450,0;458,4;10,0;0,0;-8,0;-9,0;34,4
30/03/2026 08:11;450,0;455,5;10,0;0,0;-8,0;-8,0;34,6
30/03/2026 08:12;450,0;452,5;10,0;0,0;-8,0;-9,0;34,2
30/03/2026 08:13;450,0;449,3;10,1;0,5;-8,0;-8,0;34,6
30/03/2026 08:14;450,0;446,4;13,5;3,5;-8,0;-8,0;34,6
30/03/2026 08:15;450,0;444,6;18,5;5,6;-8,0;-8,0;34,8
30/03/2026 08:16;450,0;450,2;18,8;0,9;-8,0;-8,0;34,8
30/03/2026 08:17;450,0;456,9;13,0;0,0;-8,0;-8,0;34,9
30/03/2026 08:18;450,0;460,2;10,0;0,0;-8,0;-8,0;34,9
30/03/2026 08:19;450,0;460,5;10,0;0,0;-8,0;-8,0;34,9
30/03/2026 08:20;450,0;458,4;10,0;0,0;-8,0;-9,0;34,4
30/03/2026 08:21;450,0;455,5;10,0;0,0;-8,0;-8,0;34,5
30/03/2026 08:22;450,0;452,2;10,0;0,0;-8,0;-8,0;34,5
30/03/2026 08:23;450,0;449,3;10,0;0,5;-8,0;-8,0;34,5
30/03/2026 08:24;450,0;446,4;12,9;3,3;-8,0;-8,0;34,5
30/03/2026 08:25;450,0;444,9;17,6;5,3;-8,0;-8,0;34,5
30/03/2026 08:26;450,0;447,9;20,0;3,1;-8,0;-8,0;34,7
30/03/2026 08:27;450,0;455,2;15,5;0,0;-8,0;-8,0;34,9
30/03/2026 08:28;450,0;464,0;10,0;0,0;-8,0;-8,0;34,7
30/03/2026 08:29;450,0;466,6;10,0;0,0;-8,0;-8,0;34,7
30/03/2026 08:30;450,0;463,4;10,0;0,0;-8,0;-8,0;34,5
30/03/2026 08:31;450,0;459,0;10,0;0,0;-8,0;-8,0;34,5
30/03/2026 08:32;450,0;454,6;10,0;0,0;-8,0;-8,0;34,5
30/03/2026 08:33;450,0;450,2;10,0;0,0;-8,0;-8,0;34,4
30/03/2026 08:34;450,0;446,4;13,0;3,4;-8,0;-8,0;34,4
30/03/2026 08:35;450,0;444,3;18,0;5,9;-8,0;-8,0;34,4
30/03/2026 08:36;450,0;445,8;21,9;5,0;-8,0;-8,0;34,8
30/03/2026 08:37;450,0;454,6;18,6;0,0;-8,0;-7,0;35,3
30/03/2026 08:38;450,0;462,2;10,0;0,0;-8,0;-8,0;35,0
30/03/2026 08:39;450,0;464,8;10,0;0,0;-8,0;-8,0;34,8
30/03/2026 08:40;450,0;463,4;10,0;0,0;-8,0;-8,0;34,7
30/03/2026 08:41;450,0;460,7;10,0;0,0;-8,0;-9,0;34,1
30/03/2026 08:42;450,0;457,5;10,0;0,0;-8,0;-9,0;34,0
30/03/2026 08:43;450,0;454,3;10,0;0,0;-8,0;-8,0;34,5
30/03/2026 08:44;450,0;451,4;10,0;0,0;-8,0;-8,0;34,5
30/03/2026 08:45;450,0;449,0;10,5;0,9;-8,0;-8,0;34,4
30/03/2026 08:46;450,0;446,7;14,0;3,2;-8,0;-8,0;34,5
30/03/2026 08:47;450,0;445,8;17,9;4,5;-8,0;-8,0;34,4
30/03/2026 08:48;450,0;447,9;19,6;2,9;-8,0;-8,0;34,5
30/03/2026 08:49;450,0;453,1;17,2;0,0;-8,0;-8,0;35,0
30/03/2026 08:50;450,0;457,8;10,0;0,0;-8,0;-8,0;34,9
30/03/2026 08:51;450,0;459,3;10,0;0,0;-8,0;-9,0;34,2
30/03/2026 08:52;450,0;458,4;10,0;0,0;-8,0;-9,0;34,1
30/03/2026 08:53;450,0;456,4;10,0;0,0;-8,0;-8,0;34,4
30/03/2026 08:54;450,0;452,2;10,0;0,0;-8,0;-8,0;34,4
30/03/2026 08:55;450,0;448,4;10,9;1,5;-8,0;-8,0;34,4
30/03/2026 08:56;450,0;445,2;15,0;4,8;-8,0;-8,0;34,4
30/03/2026 08:57;450,0;446,1;18,4;4,3;-8,0;-8,0;34,3
30/03/2026 08:58;450,0;450,5;18,3;0,6;-8,0;-8,0;34,7
30/03/2026 08:59;450,0;456,1;12,3;0,0;-8,0;-8,0;34,6
30/03/2026 09:00;450,0;457,8;10,0;0,0;-8,0;-8,0;34,4
30/03/2026 09:01;450,0;456,4;10,0;0,0;-8,0;-9,0;34,0
30/03/2026 09:02;450,0;453,1;10,0;0,0;-8,0;-8,0;34,3
30/03/2026 09:03;450,0;450,2;10,0;0,0;-8,0;-8,0;34,3
30/03/2026 09:04;450,0;447,0;12,3;2,8;-8,0;-8,0;34,3
30/03/2026 09:05;450,0;445,5;16,5;4,7;-8,0;-7,0;34,7
30/03/2026 09:06;450,0;448,7;17,9;2,0;-8,0;-7,0;34,7
30/03/2026 09:07;450,0;455,8;13,5;0,0;-8,0;-8,0;34,6
30/03/2026 09:08;450,0;459,9;10,0;0,0;-8,0;-9,0;33,9
30/03/2026 09:09;450,0;459,0;10,0;0,0;-8,0;-9,0;33,9
30/03/2026 09:10;450,0;456,4;10,0;0,0;-8,0;-9,0;33,8
30/03/2026 09:11;450,0;453,4;10,0;0,0;-8,0;-9,0;33,8
30/03/2026 09:12;450,0;451,7;10,0;0,0;-8,0;-8,0;34,1
30/03/2026 09:13;450,0;448,7;10,6;1,1;-8,0;-8,0;34,0
30/03/2026 09:14;450,0;447,0;13,5;3,0;-8,0;-8,0;34,1
30/03/2026 09:15;450,0;447,0;16,1;3,3;-8,0;-7,0;34,5
30/03/2026 09:16;450,0;451,7;15,1;0,0;-8,0;-8,0;34,2
30/03/2026 09:17;450,0;456,4;10,0;0,0;-8,0;-8,0;34,2
30/03/2026 09:18;450,0;455,8;10,0;0,0;-8,0;-9,0;33,7
30/03/2026 09:19;450,0;454,0;10,0;0,0;-8,0;-8,0;33,9
30/03/2026 09:20;450,0;450,5;10,0;0,0;-8,0;-8,0;34,0
30/03/2026 09:21;450,0;447,6;12,0;2,3;-8,0;-8,0;34,0
30/03/2026 09:22;450,0;447,3;14,3;2,8;-8,0;-8,0;34,0
30/03/2026 09:23;450,0;447,6;16,2;2,7;-8,0;-8,0;34,0
30/03/2026 09:24;450,0;452,2;14,9;0,0;-8,0;-8,0;33,9
30/03/2026 09:25;450,0;456,1;10,0;0,0;-8,0;-8,0;34,0
30/03/2026 09:26;450,0;456,4;10,0;0,0;-8,0;-8,0;34,0
30/03/2026 09:27;450,0;454,9;10,0;0,0;-8,0;-8,0;34,0
30/03/2026 09:28;450,0;452,5;10,0;0,0;-8,0;-8,0;34,0
30/03/2026 09:29;450,0;449,3;10,0;0,4;-8,0;-8,0;34,0
30/03/2026 09:30;450,0;447,3;12,4;2,6;-8,0;-8,0;34,0
30/03/2026 09:31;450,0;445,8;16,2;4,3;-8,0;-8,0;34,2
30/03/2026 09:32;450,0;447,3;18,8;3,3;-8,0;-7,0;34,6
30/03/2026 09:33;450,0;452,2;17,5;0,0;-8,0;-8,0;34,3
30/03/2026 09:34;450,0;458,4;10,5;0,0;-8,0;-8,0;34,5
30/03/2026 09:35;450,0;460,2;10,0;0,0;-8,0;-8,0;34,2
30/03/2026 09:36;450,0;459,3;10,0;0,0;-8,0;-8,0;34,3
30/03/2026 09:37;450,0;455,2;10,0;0,0;-8,0;-8,0;34,2
30/03/2026 09:38;450,0;450,2;10,0;0,0;-8,0;-8,0;34,2
30/03/2026 09:39;450,0;447,9;12,0;2,0;-8,0;-8,0;34,2
30/03/2026 09:40;450,0;447,9;13,8;2,2;-8,0;-8,0;34,2
30/03/2026 09:41;450,0;447,6;16,2;2,7;-8,0;-8,0;34,2
30/03/2026 09:42;450,0;449,0;16,8;1,6;-8,0;-8,0;34,3
30/03/2026 09:43;450,0;453,4;14,0;0,0;-8,0;-8,0;34,3
30/03/2026 09:44;450,0;456,4;10,0;0,0;-8,0;-8,0;34,2
30/03/2026 09:45;450,0;456,4;10,0;0,0;-8,0;-8,0;34,2
30/03/2026 09:46;450,0;455,2;10,0;0,0;-8,0;-8,0;34,2
30/03/2026 09:47;450,0;453,1;10,0;0,0;-8,0;-8,0;34,1
30/03/2026 09:48;450,0;450,5;10,0;0,0;-8,0;-9,0;33,5
30/03/2026 09:49;450,0;447,9;11,5;1,9;-8,0;-8,0;34,0
30/03/2026 09:50;450,0;445,2;15,9;4,9;-8,0;-8,0;34,0
30/03/2026 09:51;450,0;445,5;20,1;5,1;-8,0;-7,0;34,4
30/03/2026 09:52;450,0;452,2;18,2;0,0;-8,0;-7,0;34,5
30/03/2026 09:53;450,0;457,2;12,3;0,0;-8,0;-8,0;34,2
30/03/2026 09:54;450,0;459,0;10,0;0,0;-8,0;-8,0;34,2
30/03/2026 09:55;450,0;457,5;10,0;0,0;-8,0;-8,0;34,1
30/03/2026 09:56;450,0;454,6;10,0;0,0;-8,0;-8,0;34,0
30/03/2026 09:57;450,0;452,0;10,0;0,0;-8,0;-8,0;34,1
30/03/2026 09:58;450,0;448,4;10,4;1,4;-8,0;-9,0;33,7
30/03/2026 09:59;450,0;444,9;14,7;4,9;-8,0;-8,0;34,1
30/03/2026 10:00;450,0;444,3;19,6;6,1;-8,0;-7,0;34,4
30/03/2026 10:01;450,0;448,7;21,6;2,5;-8,0;-7,0;34,7
30/03/2026 10:02;450,0;455,8;16,5;0,0;-8,0;-8,0;34,5
30/03/2026 10:03;450,0;460,2;10,0;0,0;-8,0;-8,0;34,5
30/03/2026 10:04;450,0;460,5;10,0;0,0;-8,0;-8,0;34,5
30/03/2026 10:05;450,0;460,2;10,0;0,0;-8,0;-8,0;34,5
30/03/2026 10:06;450,0;458,4;10,0;0,0;-8,0;-8,0;34,3
30/03/2026 10:07;450,0;455,2;10,0;0,0;-8,0;-9,0;34,0
30/03/2026 10:08;450,0;452,5;10,0;0,0;-8,0;-8,0;34,2
30/03/2026 10:09;450,0;449,6;10,0;0,2;-8,0;-8,0;34,1
30/03/2026 10:10;450,0;447,6;12,0;2,3;-8,0;-8,0;34,1
30/03/2026 10:11;450,0;446,7;14,2;3,2;-8,0;-8,0;34,1
30/03/2026 10:12;450,0;447,9;16,6;2,6;-8,0;-8,0;34,3
30/03/2026 10:13;450,0;451,4;15,7;0,0;-8,0;-8,0;34,3
30/03/2026 10:14;450,0;457,8;10,0;0,0;-8,0;-8,0;34,2
30/03/2026 10:15;450,0;460,5;10,0;0,0;-8,0;-8,0;34,2
30/03/2026 10:16;450,0;459,0;10,0;0,0;-8,0;-8,0;34,2
30/03/2026 10:17;450,0;456,6;10,0;0,0;-8,0;-8,0;34,2
30/03/2026 10:18;450,0;452,2;10,0;0,0;-8,0;-8,0;34,2
30/03/2026 10:19;450,0;447,6;11,5;2,2;-8,0;-8,0;34,1
30/03/2026 10:20;450,0;444,3;16,7;5,7;-8,0;-8,0;34,0
30/03/2026 10:21;450,0;446,4;20,0;4,2;-8,0;-8,0;34,3
30/03/2026 10:22;450,0;452,0;18,5;0,0;-8,0;-7,0;34,9
30/03/2026 10:23;450,0;457,5;12,6;0,0;-8,0;-8,0;34,5
30/03/2026 10:24;450,0;460,5;10,0;0,0;-8,0;-8,0;34,3
30/03/2026 10:25;450,0;460,7;10,0;0,0;-8,0;-8,0;34,3
30/03/2026 10:26;450,0;459,6;10,0;0,0;-8,0;-8,0;34,4
30/03/2026 10:27;450,0;457,5;10,0;0,0;-8,0;-8,0;34,4
30/03/2026 10:28;450,0;455,2;10,0;0,0;-8,0;-8,0;34,3
30/03/2026 10:29;450,0;452,2;10,0;0,0;-8,0;-8,0;34,2
30/03/2026 10:30;450,0;449,3;10,2;0,6;-8,0;-8,0;34,2
30/03/2026 10:31;450,0;447,0;13,4;3,0;-8,0;-8,0;34,2
30/03/2026 10:32;450,0;445,5;17,6;4,8;-8,0;-8,0;34,2
30/03/2026 10:33;450,0;450,2;17,3;0,7;-8,0;-8,0;34,4
30/03/2026 10:34;450,0;456,9;11,2;0,0;-8,0;-8,0;34,3
30/03/2026 10:35;450,0;458,4;10,0;0,0;-8,0;-8,0;34,3
30/03/2026 10:36;450,0;457,2;10,0;0,0;-8,0;-8,0;34,3
30/03/2026 10:37;450,0;453,7;10,0;0,0;-8,0;-8,0;34,3
30/03/2026 10:38;450,0;450,5;10,0;0,0;-8,0;-9,0;33,9
30/03/2026 10:39;450,0;447,3;12,0;2,6;-8,0;-8,0;34,1
30/03/2026 10:40;450,0;444,3;17,2;5,8;-8,0;-8,0;34,1
30/03/2026 10:41;450,0;444,6;21,7;6,0;-8,0;-8,0;34,5
30/03/2026 10:42;450,0;452,0;20,5;0,0;-8,0;-8,0;34,5
30/03/2026 10:43;450,0;458,7;12,6;0,0;-8,0;-8,0;34,5
30/03/2026 10:44;450,0;461,0;10,0;0,0;-8,0;-8,0;34,3
30/03/2026 10:45;450,0;461,0;10,0;0,0;-8,0;-8,0;34,4
30/03/2026 10:46;450,0;458,7;10,0;0,0;-8,0;-8,0;34,1
30/03/2026 10:47;450,0;456,1;10,0;0,0;-8,0;-9,0;33,7
30/03/2026 10:48;450,0;454,0;10,0;0,0;-8,0;-8,0;34,1
30/03/2026 10:49;450,0;451,4;10,0;0,0;-8,0;-8,0;34,1
30/03/2026 10:50;450,0;448,1;10,7;1,6;-8,0;-8,0;34,0
30/03/2026 10:51;450,0;445,5;14,7;4,4;-8,0;-8,0;34,0
30/03/2026 10:52;450,0;446,4;18,1;4,0;-8,0;-8,0;34,0
30/03/2026 10:53;450,0;448,1;20,0;2,7;-8,0;-7,0;34,5
30/03/2026 10:54;450,0;453,7;17,2;0,0;-8,0;-8,0;34,2
30/03/2026 10:55;450,0;457,2;10,0;0,0;-8,0;-8,0;34,2
30/03/2026 10:56;450,0;456,4;10,0;0,0;-8,0;-9,0;33,6
30/03/2026 10:57;450,0;454,6;10,0;0,0;-8,0;-9,0;33,7
30/03/2026 10:58;450,0;453,1;10,0;0,0;-8,0;-8,0;33,9
30/03/2026 10:59;450,0;451,1;10,0;0,0;-8,0;-9,0;33,5
30/03/2026 11:00;450,0;448,1;11,4;1,7;-8,0;-8,0;33,8
30/03/2026 11:01;450,0;446,7;14,6;3,3;-8,0;-8,0;33,7
30/03/2026 11:02;450,0;445,8;18,1;4,6;-8,0;-8,0;33,8
30/03/2026 11:03;450,0;448,1;19,8;2,8;-8,0;-7,0;34,4
30/03/2026 11:04;450,0;451,7;18,2;0,0;-8,0;-8,0;34,2
30/03/2026 11:05;450,0;456,9;12,1;0,0;-8,0;-8,0;34,2
30/03/2026 11:06;450,0;456,9;10,0;0,0;-8,0;-8,0;34,2
30/03/2026 11:07;450,0;454,3;10,0;0,0;-8,0;-8,0;34,2
30/03/2026 11:08;450,0;450,8;10,0;0,0;-8,0;-8,0;34,1
30/03/2026 11:09;450,0;447,0;12,2;2,9;-8,0;-8,0;34,0
30/03/2026 11:10;450,0;444,0;17,7;6,1;-8,0;-7,0;34,4
30/03/2026 11:11;450,0;445,5;21,9;5,4;-8,0;-7,0;34,7
30/03/2026 11:12;450,0;452,8;19,6;0,0;-8,0;-8,0;34,6
30/03/2026 11:13;450,0;461,0;10,3;0,0;-8,0;-8,0;34,6
30/03/2026 11:14;450,0;463,1;10,0;0,0;-8,0;-8,0;34,4
30/03/2026 11:15;450,0;461,3;10,0;0,0;-8,0;-8,0;34,3
30/03/2026 11:16;450,0;459,0;10,0;0,0;-8,0;-8,0;34,5
30/03/2026 11:17;450,0;455,2;10,0;0,0;-8,0;-8,0;34,3
30/03/2026 11:18;450,0;451,4;10,0;0,0;-8,0;-8,0;34,3
30/03/2026 11:19;450,0;447,0;11,7;2,7;-8,0;-8,0;34,3
30/03/2026 11:20;450,0;443,5;17,2;6,4;-8,0;-8,0;34,5
30/03/2026 11:21;450,0;443,5;23,2;7,1;-8,0;-7,0;34,9
30/03/2026 11:22;450,0;449,9;23,7;1,6;-8,0;-7,0;35,3
30/03/2026 11:23;450,0;457,5;17,3;0,0;-8,0;-8,0;35,1
30/03/2026 11:24;450,0;462,2;10,0;0,0;-8,0;-8,0;35,0
30/03/2026 11:25;450,0;463,4;10,0;0,0;-8,0;-9,0;34,4
30/03/2026 11:26;450,0;461,6;10,0;0,0;-8,0;-8,0;34,6
30/03/2026 11:27;450,0;459,0;10,0;0,0;-8,0;-8,0;34,4
30/03/2026 11:28;450,0;455,5;10,0;0,0;-8,0;-8,0;34,5
30/03/2026 11:29;450,0;452,2;10,0;0,0;-8,0;-8,0;34,3
30/03/2026 11:30;450,0;447,6;11,3;2,1;-8,0;-8,0;34,2
30/03/2026 11:31;450,0;444,0;16,6;6,0;-8,0;-8,0;34,2
30/03/2026 11:32;450,0;444,3;21,2;6,2;-8,0;-7,0;34,7
30/03/2026 11:33;450,0;448,7;22,7;2,6;-8,0;-7,0;35,0
30/03/2026 11:34;450,0;456,1;17,2;0,0;-8,0;-8,0;35,0
30/03/2026 11:35;450,0;459,6;10,0;0,0;-8,0;-8,0;34,9
30/03/2026 11:36;450,0;457,8;10,0;0,0;-8,0;-8,0;34,5
30/03/2026 11:37;450,0;454,6;10,0;0,0;-8,0;-8,0;34,6
30/03/2026 11:38;450,0;451,4;10,0;0,0;-8,0;-9,0;33,9
30/03/2026 11:39;450,0;447,0;11,9;2,8;-8,0;-8,0;34,3
30/03/2026 11:40;450,0;445,2;16,7;5,0;-8,0;-8,0;34,3
30/03/2026 11:41;450,0;447,0;19,6;3,7;-8,0;-7,0;34,7
30/03/2026 11:42;450,0;454,6;16,3;0,0;-8,0;-8,0;34,5
30/03/2026 11:43;450,0;459,6;10,0;0,0;-8,0;-9,0;34,0
30/03/2026 11:44;450,0;459,9;10,0;0,0;-8,0;-8,0;34,2
30/03/2026 11:45;450,0;457,2;10,0;0,0;-8,0;-8,0;34,2
30/03/2026 11:46;450,0;454,0;10,0;0,0;-8,0;-8,0;34,2
30/03/2026 11:47;450,0;449,3;10,3;0,6;-8,0;-8,0;34,0
30/03/2026 11:48;450,0;445,8;14,2;4,1;-8,0;-8,0;34,0
30/03/2026 11:49;450,0;444,3;19,2;6,0;-8,0;-7,0;34,5
30/03/2026 11:50;450,0;446,4;22,3;4,5;-8,0;-7,0;34,8
30/03/2026 11:51;450,0;453,4;19,4;0,0;-8,0;-8,0;34,5
30/03/2026 11:52;450,0;461,0;10,0;0,0;-8,0;-8,0;34,7
30/03/2026 11:53;450,0;461,6;10,0;0,0;-8,0;-8,0;34,5
30/03/2026 11:54;450,0;459,0;10,0;0,0;-8,0;-8,0;34,4
30/03/2026 11:55;450,0;456,1;10,0;0,0;-8,0;-8,0;34,5
30/03/2026 11:56;450,0;452,8;10,0;0,0;-8,0;-8,0;34,4
30/03/2026 11:57;450,0;448,4;10,4;1,3;-8,0;-8,0;34,3
30/03/2026 11:58;450,0;444,9;14,8;4,9;-8,0;-8,0;34,3
30/03/2026 11:59;450,0;443,8;20,2;6,6;-8,0;-7,0;34,7
30/03/2026 12:00;450,0;446,7;23,0;4,3;-8,0;-7,0;35,1
30/03/2026 12:01;450,0;455,5;19,2;0,0;-8,0;-7,0;35,4
30/03/2026 12:02;450,0;462,5;10,0;0,0;-8,0;-8,0;35,1
30/03/2026 12:03;450,0;463,4;10,0;0,0;-8,0;-9,0;34,3
30/03/2026 12:04;450,0;461,3;10,0;0,0;-8,0;-8,0;34,5
30/03/2026 12:05;450,0;457,2;10,0;0,0;-8,0;-8,0;34,6
30/03/2026 12:06;450,0;454,0;10,0;0,0;-8,0;-8,0;34,4
30/03/2026 12:07;450,0;451,4;10,0;0,0;-8,0;-8,0;34,3
30/03/2026 12:08;450,0;447,9;11,0;1,8;-8,0;-8,0;34,2
30/03/2026 12:09;450,0;444,3;15,8;5,5;-8,0;-8,0;34,3
30/03/2026 12:10;450,0;441,7;23,1;8,7;-8,0;-7,0;34,7
30/03/2026 12:11;450,0;443,5;29,3;7,9;-8,0;-7,0;35,3
30/03/2026 12:12;450,0;454,6;26,6;0,0;-8,0;-7,0;35,8
30/03/2026 12:13;450,0;465,7;11,0;0,0;-8,0;-8,0;35,6
30/03/2026 12:14;450,0;469,8;10,0;0,0;-8,0;-9,0;34,9
30/03/2026 12:15;450,0;466,9;10,0;0,0;-8,0;-9,0;34,8
30/03/2026 12:16;450,0;463,7;10,0;0,0;-8,0;-9,0;34,5
30/03/2026 12:17;450,0;459,9;10,0;0,0;-8,0;-9,0;34,2
30/03/2026 12:18;450,0;454,3;10,0;0,0;-8,0;-8,0;34,5
30/03/2026 12:19;450,0;449,3;10,3;0,6;-8,0;-8,0;34,3
30/03/2026 12:20;450,0;444,9;14,5;4,8;-8,0;-8,0;34,2
30/03/2026 12:21;450,0;442,9;21,0;7,4;-8,0;-8,0;34,2
30/03/2026 12:22;450,0;443,2;26,8;7,8;-8,0;-7,0;34,9
30/03/2026 12:23;450,0;450,2;27,4;2,0;-8,0;-7,0;35,2
30/03/2026 12:24;450,0;461,6;16,4;0,0;-8,0;-8,0;35,1
30/03/2026 12:25;450,0;464,6;10,0;0,0;-8,0;-9,0;34,6
30/03/2026 12:26;450,0;463,1;10,0;0,0;-8,0;-9,0;34,5
30/03/2026 12:27;450,0;459,9;10,0;0,0;-8,0;-8,0;34,6
30/03/2026 12:28;450,0;455,2;10,0;0,0;-8,0;-9,0;34,0
30/03/2026 12:29;450,0;449,6;10,0;0,3;-8,0;-8,0;34,2
30/03/2026 12:30;450,0;444,6;14,8;5,2;-8,0;-8,0;34,2
30/03/2026 12:31;450,0;442,3;21,1;7,9;-8,0;-7,0;34,7
30/03/2026 12:32;450,0;445,5;25,2;5,7;-8,0;-7,0;35,0
30/03/2026 12:33;450,0;451,1;24,7;0,8;-8,0;-7,0;35,4
30/03/2026 12:34;450,0;456,9;18,7;0,0;-8,0;-8,0;35,3
30/03/2026 12:35;450,0;457,8;11,9;0,0;-8,0;-8,0;35,2
30/03/2026 12:36;450,0;456,4;10,0;0,0;-8,0;-9,0;34,7
30/03/2026 12:37;450,0;453,1;10,0;0,0;-8,0;-9,0;34,2
30/03/2026 12:38;450,0;450,5;10,0;0,0;-8,0;-8,0;34,5
30/03/2026 12:39;450,0;448,1;10,8;1,6;-8,0;-8,0;34,3
30/03/2026 12:40;450,0;445,2;15,6;4,9;-8,0;-8,0;34,4
30/03/2026 12:41;450,0;445,2;19,7;5,3;-8,0;-8,0;34,5
30/03/2026 12:42;450,0;447,6;22,2;3,5;-8,0;-7,0;35,2
30/03/2026 12:43;450,0;455,5;17,4;0,0;-8,0;-8,0;34,9
30/03/2026 12:44;450,0;460,5;10,0;0,0;-8,0;-9,0;34,6
30/03/2026 12:45;450,0;460,5;10,0;0,0;-8,0;-9,0;34,2
30/03/2026 12:46;450,0;457,2;10,0;0,0;-8,0;-8,0;34,6
30/03/2026 12:47;450,0;453,7;10,0;0,0;-8,0;-8,0;34,5
30/03/2026 12:48;450,0;449,6;10,0;0,2;-8,0;-8,0;34,4
30/03/2026 12:49;450,0;446,1;13,7;3,8;-8,0;-8,0;34,4
30/03/2026 12:50;450,0;443,8;19,4;6,5;-8,0;-8,0;34,4
30/03/2026 12:51;450,0;446,4;22,4;4,6;-8,0;-7,0;35,0
30/03/2026 12:52;450,0;453,7;19,9;0,0;-8,0;-7,0;35,3
30/03/2026 12:53;450,0;460,5;10,5;0,0;-8,0;-9,0;34,6
30/03/2026 12:54;450,0;461,6;10,0;0,0;-8,0;-9,0;34,4
30/03/2026 12:55;450,0;459,6;10,0;0,0;-8,0;-9,0;34,2
30/03/2026 12:56;450,0;456,4;10,0;0,0;-8,0;-9,0;34,2
30/03/2026 12:57;450,0;452,8;10,0;0,0;-8,0;-9,0;33,9
30/03/2026 12:58;450,0;448,4;10,7;1,5;-8,0;-8,0;34,3
30/03/2026 12:59;450,0;444,6;15,5;5,3;-8,0;-8,0;34,2
30/03/2026 13:00;450,0;443,5;21,1;6,9;-8,0;-7,0;34,5
30/03/2026 13:01;450,0;446,4;24,3;4,7;-8,0;-7,0;34,9
30/03/2026 13:02;450,0;453,1;22,2;0,0;-8,0;-7,0;35,3
30/03/2026 13:03;450,0;460,2;12,5;0,0;-8,0;-8,0;35,0
30/03/2026 13:04;450,0;461,6;10,0;0,0;-8,0;-8,0;34,9
30/03/2026 13:05;450,0;459,3;10,0;0,0;-8,0;-9,0;34,3
30/03/2026 13:06;450,0;455,2;10,0;0,0;-8,0;-8,0;34,6
30/03/2026 13:07;450,0;451,4;10,0;0,0;-8,0;-8,0;34,6
30/03/2026 13:08;450,0;447,0;12,0;2,8;-8,0;-8,0;34,4
30/03/2026 13:09;450,0;444,3;17,2;5,8;-8,0;-8,0;34,4
30/03/2026 13:10;450,0;446,1;20,8;4,7;-8,0;-7,0;34,9
30/03/2026 13:11;450,0;449,9;20,7;1,3;-8,0;-7,0;35,2
30/03/2026 13:12;450,0;456,1;15,5;0,0;-8,0;-8,0;35,0
30/03/2026 13:13;450,0;459,9;10,0;0,0;-8,0;-8,0;35,0
30/03/2026 13:14;450,0;458,4;10,0;0,0;-8,0;-9,0;34,4
30/03/2026 13:15;450,0;456,6;10,0;0,0;-8,0;-8,0;34,4
30/03/2026 13:16;450,0;454,6;10,0;0,0;-8,0;-8,0;34,5
30/03/2026 13:17;450,0;452,0;10,0;0,0;-8,0;-9,0;34,1
30/03/2026 13:18;450,0;447,6;11,5;2,2;-8,0;-8,0;34,4
30/03/2026 13:19;450,0;446,7;14,2;3,3;-8,0;-8,0;34,3
30/03/2026 13:20;450,0;446,1;17,8;4,2;-8,0;-7,0;34,7
30/03/2026 13:21;450,0;447,3;20,2;3,5;-8,0;-7,0;35,0
30/03/2026 13:22;450,0;452,0;18,9;0,0;-8,0;-8,0;34,9
30/03/2026 13:23;450,0;457,5;12,3;0,0;-8,0;-8,0;34,8
30/03/2026 13:24;450,0;457,8;10,0;0,0;-8,0;-8,0;34,8
30/03/2026 13:25;450,0;454,6;10,0;0,0;-8,0;-8,0;34,6
30/03/2026 13:26;450,0;451,7;10,0;0,0;-8,0;-8,0;34,5
30/03/2026 13:27;450,0;449,3;10,4;0,6;-8,0;-9,0;34,1
30/03/2026 13:28;450,0;446,1;13,3;3,7;-8,0;-8,0;34,5
30/03/2026 13:29;450,0;444,9;17,9;5,3;-8,0;-8,0;34,4
30/03/2026 13:30;450,0;447,3;20,9;3,6;-8,0;-7,0;35,0
30/03/2026 13:31;450,0;454,3;17,7;0,0;-8,0;-8,0;34,9
30/03/2026 13:32;450,0;459,9;10,0;0,0;-8,0;-8,0;34,9
30/03/2026 13:33;450,0;459,9;10,0;0,0;-8,0;-8,0;34,9
30/03/2026 13:34;450,0;455,5;10,0;0,0;-8,0;-8,0;34,6
30/03/2026 13:35;450,0;450,8;10,0;0,0;-8,0;-9,0;34,2
30/03/2026 13:36;450,0;446,7;12,7;3,0;-8,0;-8,0;34,5
30/03/2026 13:37;450,0;443,8;18,4;6,4;-8,0;-7,0;34,9
30/03/2026 13:38;450,0;443,8;23,6;7,0;-8,0;-6,0;35,7
30/03/2026 13:39;450,0;449,9;24,3;1,7;-8,0;-7,0;35,7
30/03/2026 13:40;450,0;460,7;14,6;0,0;-8,0;-8,0;35,3
30/03/2026 13:41;450,0;464,8;10,0;0,0;-8,0;-8,0;35,3
30/03/2026 13:42;450,0;463,4;10,0;0,0;-8,0;-8,0;35,1
30/03/2026 13:43;450,0;460,2;10,0;0,0;-8,0;-8,0;35,0
30/03/2026 13:44;450,0;455,5;10,0;0,0;-8,0;-9,0;34,7
30/03/2026 13:45;450,0;452,0;10,0;0,0;-8,0;-8,0;35,0
30/03/2026 13:46;450,0;447,6;11,2;2,1;-8,0;-9,0;34,4
30/03/2026 13:47;450,0;444,3;16,5;5,7;-8,0;-8,0;34,7
30/03/2026 13:48;450,0;444,9;21,4;5,7;-8,0;-7,0;35,3
30/03/2026 13:49;450,0;449,9;21,9;1,3;-8,0;-7,0;35,6
30/03/2026 13:50;450,0;455,5;17,2;0,0;-8,0;-8,0;35,4
30/03/2026 13:51;450,0;459,3;10,0;0,0;-8,0;-9,0;34,9
30/03/2026 13:52;450,0;459,0;10,0;0,0;-8,0;-9,0;34,6
30/03/2026 13:53;450,0;455,5;10,0;0,0;-8,0;-9,0;34,5
30/03/2026 13:54;450,0;451,7;10,0;0,0;-8,0;-8,0;34,8
30/03/2026 13:55;450,0;447,9;11,1;1,9;-8,0;-8,0;34,9
30/03/2026 13:56;450,0;444,6;15,8;5,3;-8,0;-8,0;34,9
30/03/2026 13:57;450,0;444,9;21,1;5,7;-8,0;-8,0;35,5
30/03/2026 13:58;450,0;451,7;19,6;0,0;-8,0;-7,0;35,7
30/03/2026 13:59;450,0;458,7;12,0;0,0;-8,0;-8,0;35,3
30/03/2026 14:00;450,0;458,7;10,0;0,0;-8,0;-8,0;35,1
30/03/2026 14:01;450,0;456,9;10,0;0,0;-8,0;-8,0;35,0
30/03/2026 14:02;450,0;453,4;10,0;0,0;-8,0;-9,0;34,8
30/03/2026 14:03;450,0;449,6;10,0;0,3;-8,0;-8,0;35,0
30/03/2026 14:04;450,0;446,7;12,9;3,1;-8,0;-8,0;35,0
30/03/2026 14:05;450,0;445,2;17,2;5,0;-8,0;-8,0;35,0
30/03/2026 14:06;450,0;447,0;19,8;3,7;-8,0;-8,0;35,0
30/03/2026 14:07;450,0;454,3;16,4;0,0;-8,0;-8,0;35,3
30/03/2026 14:08;450,0;461,0;10,0;0,0;-8,0;-8,0;35,1
30/03/2026 14:09;450,0;462,2;10,0;0,0;-8,0;-8,0;35,0
30/03/2026 14:10;450,0;459,0;10,0;0,0;-8,0;-8,0;35,0
30/03/2026 14:11;450,0;454,6;10,0;0,0;-8,0;-9,0;34,6
30/03/2026 14:12;450,0;450,5;10,0;0,0;-8,0;-8,0;35,0
30/03/2026 14:13;450,0;447,0;12,2;2,8;-8,0;-8,0;34,9
30/03/2026 14:14;450,0;445,2;16,5;5,0;-8,0;-8,0;34,9
30/03/2026 14:15;450,0;446,1;20,0;4,5;-8,0;-7,0;35,2
30/03/2026 14:16;450,0;450,5;19,9;0,8;-8,0;-7,0;35,4
30/03/2026 14:17;450,0;459,0;12,5;0,0;-8,0;-8,0;35,2
30/03/2026 14:18;450,0;462,5;10,0;0,0;-8,0;-9,0;34,7
30/03/2026 14:19;450,0;461,9;10,0;0,0;-8,0;-8,0;35,0
30/03/2026 14:20;450,0;458,1;10,0;0,0;-8,0;-8,0;34,7
30/03/2026 14:21;450,0;454,6;10,0;0,0;-8,0;-8,0;34,7
30/03/2026 14:22;450,0;450,2;10,0;0,0;-8,0;-8,0;34,7
30/03/2026 14:23;450,0;445,2;13,8;4,6;-8,0;-8,0;34,5
30/03/2026 14:24;450,0;442,9;20,0;7,3;-8,0;-7,0;34,9
30/03/2026 14:25;450,0;447,0;22,8;4,1;-8,0;-7,0;35,3
30/03/2026 14:26;450,0;455,2;19,1;0,0;-8,0;-8,0;35,1
30/03/2026 14:27;450,0;460,5;10,0;0,0;-8,0;-9,0;34,7
30/03/2026 14:28;450,0;461,0;10,0;0,0;-8,0;-9,0;34,6
30/03/2026 14:29;450,0;458,4;10,0;0,0;-8,0;-8,0;34,9
30/03/2026 14:30;450,0;453,4;10,0;0,0;-8,0;-9,0;34,5
30/03/2026 14:31;450,0;448,7;10,3;1,1;-8,0;-9,0;34,3
30/03/2026 14:32;450,0;445,8;14,1;4,1;-8,0;-8,0;34,7
30/03/2026 14:33;450,0;445,8;17,7;4,5;-8,0;-8,0;34,8
30/03/2026 14:34;450,0;450,2;18,2;0,9;-8,0;-8,0;35,0
30/03/2026 14:35;450,0;456,4;12,5;0,0;-8,0;-8,0;35,1
30/03/2026 14:36;450,0;458,4;10,0;0,0;-8,0;-8,0;35,0
30/03/2026 14:37;450,0;457,2;10,0;0,0;-8,0;-8,0;34,9
30/03/2026 14:38;450,0;454,3;10,0;0,0;-8,0;-8,0;34,8
30/03/2026 14:39;450,0;451,1;10,0;0,0;-8,0;-8,0;34,8
30/03/2026 14:40;450,0;447,3;12,1;2,6;-8,0;-8,0;34,8
30/03/2026 14:41;450,0;445,2;16,3;4,9;-8,0;-8,0;34,8
30/03/2026 14:42;450,0;446,1;19,9;4,5;-8,0;-7,0;35,3
30/03/2026 14:43;450,0;452,5;18,3;0,0;-8,0;-7,0;35,4
30/03/2026 14:44;450,0;458,1;11,2;0,0;-8,0;-8,0;35,1
30/03/2026 14:45;450,0;459,6;10,0;0,0;-8,0;-8,0;35,0
30/03/2026 14:46;450,0;457,8;10,0;0,0;-8,0;-8,0;35,0
30/03/2026 14:47;450,0;453,7;10,0;0,0;-8,0;-8,0;34,9
30/03/2026 14:48;450,0;451,1;10,0;0,0;-8,0;-8,0;34,9
30/03/2026 14:49;450,0;448,7;10,9;1,2;-8,0;-8,0;34,8
30/03/2026 14:50;450,0;446,4;14,3;3,6;-8,0;-8,0;34,8
30/03/2026 14:51;450,0;446,1;17,6;4,2;-8,0;-8,0;35,0
30/03/2026 14:52;450,0;446,7;21,2;4,1;-8,0;-8,0;35,1
30/03/2026 14:53;450,0;452,5;19,1;0,0;-8,0;-7,0;35,6
30/03/2026 14:54;450,0;459,3;10,4;0,0;-8,0;-8,0;35,3